copy_index,weapon,role,type,damage_type,is_tiered,is_adept,is_craftable,is_obtainable,col2_perks,col3_perks,combos_solved,sample_combos,hash
1,Keraunios,preferred,Trace Rifle,Arc,1,0,0,1,"Fourth Time's the Charm, Overflow, Rapid Hit","Butterfly, Chain Reaction, Detonator Beam",9,Butterfly+Fourth Time's the Charm | Butterfly+Overflow | Butterfly+Rapid Hit | Chain Reaction+Fourth Time's the Charm | Chain Reaction+Overflow | Chain Reaction+Rapid Hit | Detonator Beam+Fourth Time's the Charm | Detonator Beam+Overflow | Detonator Beam+Rapid Hit,2386208942
2,A Good Shout,preferred,Combat Bow,Void,1,0,0,1,"Bolt Scavenger, Built to Blast, Envious Arsenal","Box Breathing, Butterfly, Demoralize",9,Bolt Scavenger+Box Breathing | Bolt Scavenger+Butterfly | Bolt Scavenger+Demoralize | Box Breathing+Built to Blast | Box Breathing+Envious Arsenal | Built to Blast+Butterfly | Built to Blast+Demoralize | Butterfly+Envious Arsenal | Demoralize+Envious Arsenal,3615748501
3,Smite of Merain (Harrowed),preferred,Pulse Rifle,Kinetic,0,1,1,0,"Ancillary Ordinance, Bewildering Burst, Demolitionist","Adhesive Ordnance, Adrenaline Junkie, All-Star",9,Adhesive Ordnance+Ancillary Ordinance | Adhesive Ordnance+Bewildering Burst | Adhesive Ordnance+Demolitionist | Adrenaline Junkie+Ancillary Ordinance | Adrenaline Junkie+Bewildering Burst | Adrenaline Junkie+Demolitionist | All-Star+Ancillary Ordinance | All-Star+Bewildering Burst | All-Star+Demolitionist,3407395594
4,Reghusk's Pledge,preferred,Auto Rifle,Void,1,0,0,1,"Built to Blast, Demoralize, Destabilizing Rounds","Attrition Orbs, Golden Tricorn, Golden Tricorn Enhanced",9,Attrition Orbs+Built to Blast | Attrition Orbs+Demoralize | Attrition Orbs+Destabilizing Rounds | Built to Blast+Golden Tricorn | Built to Blast+Golden Tricorn Enhanced | Demoralize+Golden Tricorn | Demoralize+Golden Tricorn Enhanced | Destabilizing Rounds+Golden Tricorn | Destabilizing Rounds+Golden Tricorn Enhanced,2370525224
5,Finite Impactor,preferred,Hand Cannon,Solar,1,0,0,1,"Elemental Capacitor, Enlightened Action, Fragile Focus","Burning Ambition, Heating Up, Iron Reach",9,Burning Ambition+Elemental Capacitor | Burning Ambition+Enlightened Action | Burning Ambition+Fragile Focus | Elemental Capacitor+Heating Up | Elemental Capacitor+Iron Reach | Enlightened Action+Heating Up | Enlightened Action+Iron Reach | Fragile Focus+Heating Up | Fragile Focus+Iron Reach,1917334929
6,Duty Bound,preferred,Auto Rifle,Kinetic,1,0,0,1,"Compulsive Reloader, Perpetual Motion, Stats for All","Dynamic Sway Reduction, Fourth Time's the Charm, Frenzy",9,Compulsive Reloader+Dynamic Sway Reduction | Compulsive Reloader+Fourth Time's the Charm | Compulsive Reloader+Frenzy | Dynamic Sway Reduction+Perpetual Motion | Dynamic Sway Reduction+Stats for All | Fourth Time's the Charm+Perpetual Motion | Fourth Time's the Charm+Stats for All | Frenzy+Perpetual Motion | Frenzy+Stats for All,435216110
7,Tinasha's Mastery,preferred,Sidearm,Stasis,1,0,0,1,"Air Trigger, Deconstruct, Enlightened Action","Adagio, Bait and Switch, Chill Clip",9,Adagio+Air Trigger | Adagio+Deconstruct | Adagio+Enlightened Action | Air Trigger+Bait and Switch | Air Trigger+Chill Clip | Bait and Switch+Deconstruct | Bait and Switch+Enlightened Action | Chill Clip+Deconstruct | Chill Clip+Enlightened Action,480368036
8,Swordbreaker (Adept),preferred,Shotgun,Strand,0,1,1,0,"Demolitionist, Elemental Capacitor, Fragile Focus","Aggregate Charge, Barrel Constrictor, Chaos Reshaped",9,Aggregate Charge+Demolitionist | Aggregate Charge+Elemental Capacitor | Aggregate Charge+Fragile Focus | Barrel Constrictor+Demolitionist | Barrel Constrictor+Elemental Capacitor | Barrel Constrictor+Fragile Focus | Chaos Reshaped+Demolitionist | Chaos Reshaped+Elemental Capacitor | Chaos Reshaped+Fragile Focus,1239700299
9,Submission (Adept),preferred,Submachine Gun,Kinetic,0,1,1,0,"Closing Time, Encore, Kinetic Tremors","Bait and Switch, Chaos Reshaped, Demolitionist",9,Bait and Switch+Closing Time | Bait and Switch+Encore | Bait and Switch+Kinetic Tremors | Chaos Reshaped+Closing Time | Chaos Reshaped+Encore | Chaos Reshaped+Kinetic Tremors | Closing Time+Demolitionist | Demolitionist+Encore | Demolitionist+Kinetic Tremors,1941816543
10,Stryker's Sure-Hand,preferred,Sword,Void,1,0,0,1,"Assassin's Blade, Duelist's Trance, Rampage","Binary Orbit, Destabilizing Rounds, Flash Counter",9,Assassin's Blade+Binary Orbit | Assassin's Blade+Destabilizing Rounds | Assassin's Blade+Flash Counter | Binary Orbit+Duelist's Trance | Binary Orbit+Rampage | Destabilizing Rounds+Duelist's Trance | Destabilizing Rounds+Rampage | Duelist's Trance+Flash Counter | Flash Counter+Rampage,2490460292
11,Song of Ir Yût (Adept),preferred,Machine Gun,Arc,0,1,1,0,"Demolitionist, Feeding Frenzy, Jolting Feedback","Bait and Switch, Cascade Point, Elemental Capacitor",9,Bait and Switch+Demolitionist | Bait and Switch+Feeding Frenzy | Bait and Switch+Jolting Feedback | Cascade Point+Demolitionist | Cascade Point+Feeding Frenzy | Cascade Point+Jolting Feedback | Demolitionist+Elemental Capacitor | Elemental Capacitor+Feeding Frenzy | Elemental Capacitor+Jolting Feedback,407511664
12,Deliverance (Adept),preferred,Fusion Rifle,Stasis,0,1,1,0,"Compulsive Reloader, Cornered, Crystalline Corpsebloom","Chain Reaction, Chill Clip, Controlled Burst",9,Chain Reaction+Compulsive Reloader | Chain Reaction+Cornered | Chain Reaction+Crystalline Corpsebloom | Chill Clip+Compulsive Reloader | Chill Clip+Cornered | Chill Clip+Crystalline Corpsebloom | Compulsive Reloader+Controlled Burst | Controlled Burst+Cornered | Controlled Burst+Crystalline Corpsebloom,2943293195
13,VS Chill Inhibitor,preferred,Grenade Launcher,Stasis,1,0,0,1,"Attrition Orbs, Cascade Point, Chill Clip","Chain Reaction, Elemental Honing, Explosive Light",9,Attrition Orbs+Chain Reaction | Attrition Orbs+Elemental Honing | Attrition Orbs+Explosive Light | Cascade Point+Chain Reaction | Cascade Point+Elemental Honing | Cascade Point+Explosive Light | Chain Reaction+Chill Clip | Chill Clip+Elemental Honing | Chill Clip+Explosive Light,2452936817
14,Multimach CCX,preferred,Submachine Gun,Kinetic,1,0,0,1,"Attrition Orbs, Dynamic Sway Reduction, Iron Gaze","Frenzy, Iron Reach, Kill Clip",9,Attrition Orbs+Frenzy | Attrition Orbs+Iron Reach | Attrition Orbs+Kill Clip | Dynamic Sway Reduction+Frenzy | Dynamic Sway Reduction+Iron Reach | Dynamic Sway Reduction+Kill Clip | Frenzy+Iron Gaze | Iron Gaze+Iron Reach | Iron Gaze+Kill Clip,3211624072
15,Midha's Reckoning (Harrowed),preferred,Fusion Rifle,Arc,0,1,1,0,"Backup Plan, Cornered, Field Prep","Closing Time, Gear Shift, Golden Tricorn",9,Backup Plan+Closing Time | Backup Plan+Gear Shift | Backup Plan+Golden Tricorn | Closing Time+Cornered | Closing Time+Field Prep | Cornered+Gear Shift | Cornered+Golden Tricorn | Field Prep+Gear Shift | Field Prep+Golden Tricorn,3904516037
16,Tempered Dynamo,preferred,Fusion Rifle,Arc,1,0,0,1,"Impromptu Ammunition, Kickstart, Opening Shot","Discord, Jolting Feedback, Kill Clip",9,Discord+Impromptu Ammunition | Discord+Kickstart | Discord+Opening Shot | Impromptu Ammunition+Jolting Feedback | Impromptu Ammunition+Kill Clip | Jolting Feedback+Kickstart | Jolting Feedback+Opening Shot | Kickstart+Kill Clip | Kill Clip+Opening Shot,2925315757
17,Chain of Command,preferred,Machine Gun,Stasis,1,0,0,1,"Headstone, Osmosis, Overflow","Adaptive Munitions, Desperate Measures, Focused Fury",9,Adaptive Munitions+Headstone | Adaptive Munitions+Osmosis | Adaptive Munitions+Overflow | Desperate Measures+Headstone | Desperate Measures+Osmosis | Desperate Measures+Overflow | Focused Fury+Headstone | Focused Fury+Osmosis | Focused Fury+Overflow,1716620044
18,Bite of the Fox,preferred,Sniper Rifle,Kinetic,1,0,0,1,"Firmly Planted, Hip-Fire Grip, Rapid Hit","Ambitious Assassin, Explosive Payload, Field Prep",9,Ambitious Assassin+Firmly Planted | Ambitious Assassin+Hip-Fire Grip | Ambitious Assassin+Rapid Hit | Explosive Payload+Firmly Planted | Explosive Payload+Hip-Fire Grip | Explosive Payload+Rapid Hit | Field Prep+Firmly Planted | Field Prep+Hip-Fire Grip | Field Prep+Rapid Hit,3169616514
19,Auric Disabler,preferred,Auto Rifle,Strand,1,0,0,1,"Dragonfly, Gutshot Straight, Hatchling","Desperate Measures, Onslaught, Sword Logic",9,Desperate Measures+Dragonfly | Desperate Measures+Gutshot Straight | Desperate Measures+Hatchling | Dragonfly+Onslaught | Dragonfly+Sword Logic | Gutshot Straight+Onslaught | Gutshot Straight+Sword Logic | Hatchling+Onslaught | Hatchling+Sword Logic,702001725
20,Action Item,preferred,Trace Rifle,Stasis,1,0,0,1,"Deconstruct, Demolitionist, Dynamic Sway Reduction","Binary Orbit, Crystalline Corpsebloom, Detonator Beam",9,Binary Orbit+Deconstruct | Binary Orbit+Demolitionist | Binary Orbit+Dynamic Sway Reduction | Crystalline Corpsebloom+Deconstruct | Crystalline Corpsebloom+Demolitionist | Crystalline Corpsebloom+Dynamic Sway Reduction | Deconstruct+Detonator Beam | Demolitionist+Detonator Beam | Detonator Beam+Dynamic Sway Reduction,527989828
21,Whatchamacallit,preferred,Submachine Gun,Arc,1,0,0,1,"Collective Pugilism, Enlightened Action, Headseeker","Dragonfly, Gear Shift, Jolting Feedback",9,Collective Pugilism+Dragonfly | Collective Pugilism+Gear Shift | Collective Pugilism+Jolting Feedback | Dragonfly+Enlightened Action | Dragonfly+Headseeker | Enlightened Action+Gear Shift | Enlightened Action+Jolting Feedback | Gear Shift+Headseeker | Headseeker+Jolting Feedback,357669417
22,Wastelander M5,preferred,Shotgun,Kinetic,1,0,1,1,"Air Assault, Dual Loader, Ensemble","Adagio, Fragile Focus, Harmony",9,Adagio+Air Assault | Adagio+Dual Loader | Adagio+Ensemble | Air Assault+Fragile Focus | Air Assault+Harmony | Dual Loader+Fragile Focus | Dual Loader+Harmony | Ensemble+Fragile Focus | Ensemble+Harmony,1679868061
23,Vision of Confluence (Timelost),preferred,Scout Rifle,Solar,0,1,1,0,"Butterfly, Demolitionist, Heal Clip","Burning Ambition, Desperate Measures, Elemental Honing",9,Burning Ambition+Butterfly | Burning Ambition+Demolitionist | Burning Ambition+Heal Clip | Butterfly+Desperate Measures | Butterfly+Elemental Honing | Demolitionist+Desperate Measures | Demolitionist+Elemental Honing | Desperate Measures+Heal Clip | Elemental Honing+Heal Clip,337578911
24,Drang,preferred,Sidearm,Solar,1,0,1,1,"Collective Pugilism, Discord, Disruption Break","Aggregate Charge, Binary Orbit, Eye of the Storm",9,Aggregate Charge+Collective Pugilism | Aggregate Charge+Discord | Aggregate Charge+Disruption Break | Binary Orbit+Collective Pugilism | Binary Orbit+Discord | Binary Orbit+Disruption Break | Collective Pugilism+Eye of the Storm | Discord+Eye of the Storm | Disruption Break+Eye of the Storm,358190158
25,Found Verdict (Timelost),preferred,Shotgun,Arc,0,1,1,0,"Aggregate Charge, Barrel Constrictor, Pugilist","Desperate Measures, Elemental Honing, Gear Shift",9,Aggregate Charge+Desperate Measures | Aggregate Charge+Elemental Honing | Aggregate Charge+Gear Shift | Barrel Constrictor+Desperate Measures | Barrel Constrictor+Elemental Honing | Barrel Constrictor+Gear Shift | Desperate Measures+Pugilist | Elemental Honing+Pugilist | Gear Shift+Pugilist,851296754
26,Ulterior Observation,preferred,Machine Gun,Stasis,1,0,0,1,"Built to Blast, Envious Arsenal, Feeding Frenzy","Adagio, Dragonfly, Dynamic Sway Reduction",9,Adagio+Built to Blast | Adagio+Envious Arsenal | Adagio+Feeding Frenzy | Built to Blast+Dragonfly | Built to Blast+Dynamic Sway Reduction | Dragonfly+Envious Arsenal | Dragonfly+Feeding Frenzy | Dynamic Sway Reduction+Envious Arsenal | Dynamic Sway Reduction+Feeding Frenzy,1079872540
27,Prolonged Engagement,preferred,Submachine Gun,Stasis,1,0,0,1,"Eye of the Storm, Fourth Time's the Charm, Grave Robber","Encore, Gutshot Straight, Headstone",9,Encore+Eye of the Storm | Encore+Fourth Time's the Charm | Encore+Grave Robber | Eye of the Storm+Gutshot Straight | Eye of the Storm+Headstone | Fourth Time's the Charm+Gutshot Straight | Fourth Time's the Charm+Headstone | Grave Robber+Gutshot Straight | Grave Robber+Headstone,2349907931
28,The Time-Worn Spire,preferred,Pulse Rifle,Kinetic,1,0,0,1,"Feeding Frenzy, Moving Target, Quickdraw","Iron Gaze, Iron Grip, Iron Reach",9,Feeding Frenzy+Iron Gaze | Feeding Frenzy+Iron Grip | Feeding Frenzy+Iron Reach | Iron Gaze+Moving Target | Iron Gaze+Quickdraw | Iron Grip+Moving Target | Iron Grip+Quickdraw | Iron Reach+Moving Target | Iron Reach+Quickdraw,3593598010
29,The Scholar,preferred,Scout Rifle,Kinetic,1,0,0,1,"Full Auto Trigger System, Opening Shot, Pulse Monitor","Celerity, Elemental Capacitor, No Distractions",9,Celerity+Full Auto Trigger System | Celerity+Opening Shot | Celerity+Pulse Monitor | Elemental Capacitor+Full Auto Trigger System | Elemental Capacitor+Opening Shot | Elemental Capacitor+Pulse Monitor | Full Auto Trigger System+No Distractions | No Distractions+Opening Shot | No Distractions+Pulse Monitor,2478792241
30,Embraced Identity,preferred,Sniper Rifle,Void,1,0,1,1,"Destabilizing Rounds, Empty Traits Socket, Permeability","Box Breathing, Empty Traits Socket, Fourth Time's the Charm",9,Box Breathing+Destabilizing Rounds | Box Breathing+Empty Traits Socket | Box Breathing+Permeability | Destabilizing Rounds+Empty Traits Socket | Destabilizing Rounds+Fourth Time's the Charm | Empty Traits Socket | Empty Traits Socket+Fourth Time's the Charm | Empty Traits Socket+Permeability | Fourth Time's the Charm+Permeability,2821677368
31,The Martlet,preferred,Pulse Rifle,Void,1,0,0,1,"Firefly, Headseeker, Keep Away","Desperado, Desperate Measures, Destabilizing Rounds",9,Desperado+Firefly | Desperado+Headseeker | Desperado+Keep Away | Desperate Measures+Firefly | Desperate Measures+Headseeker | Desperate Measures+Keep Away | Destabilizing Rounds+Firefly | Destabilizing Rounds+Headseeker | Destabilizing Rounds+Keep Away,877384
32,Strident Whistle,preferred,Combat Bow,Solar,1,0,0,1,"Archer's Tempo, Killing Wind, Moving Target","Adrenaline Junkie, Cornered, Dragonfly",9,Adrenaline Junkie+Archer's Tempo | Adrenaline Junkie+Killing Wind | Adrenaline Junkie+Moving Target | Archer's Tempo+Cornered | Archer's Tempo+Dragonfly | Cornered+Killing Wind | Cornered+Moving Target | Dragonfly+Killing Wind | Dragonfly+Moving Target,2591241074
33,Steelfeather Repeater,preferred,Auto Rifle,Kinetic,1,0,0,1,"Firmly Planted, Grave Robber, Proximity Power","Ancillary Ordinance, Multikill Clip, Surrounded",9,Ancillary Ordinance+Firmly Planted | Ancillary Ordinance+Grave Robber | Ancillary Ordinance+Proximity Power | Firmly Planted+Multikill Clip | Firmly Planted+Surrounded | Grave Robber+Multikill Clip | Grave Robber+Surrounded | Multikill Clip+Proximity Power | Proximity Power+Surrounded,771811870
34,Lubrae's Ruin (Adept),preferred,Glaive,Solar,0,1,1,0,"Close to Melee, Frenzy, Immovable Object","Bait and Switch, Chaos Reshaped, Incandescent",9,Bait and Switch+Close to Melee | Bait and Switch+Frenzy | Bait and Switch+Immovable Object | Chaos Reshaped+Close to Melee | Chaos Reshaped+Frenzy | Chaos Reshaped+Immovable Object | Close to Melee+Incandescent | Frenzy+Incandescent | Immovable Object+Incandescent,1466006054
35,Semiotician,preferred,Rocket Launcher,Strand,1,0,1,1,"Field Prep, Impulse Amplifier, Keep Away","Bipod, Danger Zone, Explosive Light",9,Bipod+Field Prep | Bipod+Impulse Amplifier | Bipod+Keep Away | Danger Zone+Field Prep | Danger Zone+Impulse Amplifier | Danger Zone+Keep Away | Explosive Light+Field Prep | Explosive Light+Impulse Amplifier | Explosive Light+Keep Away,2922749929
36,Royal Entry,preferred,Rocket Launcher,Void,1,0,0,1,"Auto-Loading Holster, Field Prep, Genesis","Ambitious Assassin, Chain Reaction, Clown Cartridge",9,Ambitious Assassin+Auto-Loading Holster | Ambitious Assassin+Field Prep | Ambitious Assassin+Genesis | Auto-Loading Holster+Chain Reaction | Auto-Loading Holster+Clown Cartridge | Chain Reaction+Field Prep | Chain Reaction+Genesis | Clown Cartridge+Field Prep | Clown Cartridge+Genesis,2448907086
37,Forbearance (Adept),preferred,Grenade Launcher,Arc,0,1,1,0,"Ambitious Assassin, Rolling Storm, Sleight of Hand","Gear Shift, Golden Tricorn, Golden Tricorn Enhanced",9,Ambitious Assassin+Gear Shift | Ambitious Assassin+Golden Tricorn | Ambitious Assassin+Golden Tricorn Enhanced | Gear Shift+Rolling Storm | Gear Shift+Sleight of Hand | Golden Tricorn+Rolling Storm | Golden Tricorn+Sleight of Hand | Golden Tricorn Enhanced+Rolling Storm | Golden Tricorn Enhanced+Sleight of Hand,4038592169
38,Crowning Duologue,preferred,Rocket Launcher,Strand,1,0,0,1,"Grave Robber, Hatchling, Reconstruction","Cluster Bomb, Deconstruct, Envious Assassin",9,Cluster Bomb+Grave Robber | Cluster Bomb+Hatchling | Cluster Bomb+Reconstruction | Deconstruct+Grave Robber | Deconstruct+Hatchling | Deconstruct+Reconstruction | Envious Assassin+Grave Robber | Envious Assassin+Hatchling | Envious Assassin+Reconstruction,4106757302
39,Blowout,preferred,Rocket Launcher,Arc,1,0,0,1,"Danger Zone, Sympathetic Arsenal, Thresh","Cluster Bomb, Disruption Break, Lasting Impression",9,Cluster Bomb+Danger Zone | Cluster Bomb+Sympathetic Arsenal | Cluster Bomb+Thresh | Danger Zone+Disruption Break | Danger Zone+Lasting Impression | Disruption Break+Sympathetic Arsenal | Disruption Break+Thresh | Lasting Impression+Sympathetic Arsenal | Lasting Impression+Thresh,1903182562
40,Bellowing Giant,preferred,Rocket Launcher,Void,1,0,0,1,"Air Trigger, Impromptu Ammunition, Lasting Impression","Aggregate Charge, Bipod, Clown Cartridge",9,Aggregate Charge+Air Trigger | Aggregate Charge+Impromptu Ammunition | Aggregate Charge+Lasting Impression | Air Trigger+Bipod | Air Trigger+Clown Cartridge | Bipod+Impromptu Ammunition | Bipod+Lasting Impression | Clown Cartridge+Impromptu Ammunition | Clown Cartridge+Lasting Impression,1889005379
41,Albedo Wing,preferred,Glaive,Arc,1,0,0,1,"Beacon Rounds, Clown Cartridge, Immovable Object","Attrition Orbs, Close to Melee, Demolitionist",9,Attrition Orbs+Beacon Rounds | Attrition Orbs+Clown Cartridge | Attrition Orbs+Immovable Object | Beacon Rounds+Close to Melee | Beacon Rounds+Demolitionist | Close to Melee+Clown Cartridge | Close to Melee+Immovable Object | Clown Cartridge+Demolitionist | Demolitionist+Immovable Object,2680976411
42,Forthcoming Deviance (Adept),preferred,Glaive,Void,0,1,1,0,"Dimensional Shift, Disruption Break, Grave Robber","Chain Reaction, Collective Action, Collective Demolition",9,Chain Reaction+Dimensional Shift | Chain Reaction+Disruption Break | Chain Reaction+Grave Robber | Collective Action+Dimensional Shift | Collective Action+Disruption Break | Collective Action+Grave Robber | Collective Demolition+Dimensional Shift | Collective Demolition+Disruption Break | Collective Demolition+Grave Robber,3123651616
43,Indebted Kindness,preferred,Sidearm,Arc,1,0,0,1,"Air Trigger, Danger Zone, Deconstruct","Chain Reaction, Gear Shift, Rolling Storm",9,Air Trigger+Chain Reaction | Air Trigger+Gear Shift | Air Trigger+Rolling Storm | Chain Reaction+Danger Zone | Chain Reaction+Deconstruct | Danger Zone+Gear Shift | Danger Zone+Rolling Storm | Deconstruct+Gear Shift | Deconstruct+Rolling Storm,2554513694
44,Folded Root,preferred,Rocket Launcher,Void,1,0,0,1,"Ambitious Assassin, Cluster Bomb, Lead From Light","Destabilizing Rounds, Frenzy, Multikill Clip",9,Ambitious Assassin+Destabilizing Rounds | Ambitious Assassin+Frenzy | Ambitious Assassin+Multikill Clip | Cluster Bomb+Destabilizing Rounds | Cluster Bomb+Frenzy | Cluster Bomb+Multikill Clip | Destabilizing Rounds+Lead From Light | Frenzy+Lead From Light | Lead From Light+Multikill Clip,3184457500
45,Positive Outlook,preferred,Auto Rifle,Void,1,0,0,1,"Invisible Hand, Perfect Float, Perpetual Motion","Adaptive Munitions, Cascade Point, Dragonfly",9,Adaptive Munitions+Invisible Hand | Adaptive Munitions+Perfect Float | Adaptive Munitions+Perpetual Motion | Cascade Point+Invisible Hand | Cascade Point+Perfect Float | Cascade Point+Perpetual Motion | Dragonfly+Invisible Hand | Dragonfly+Perfect Float | Dragonfly+Perpetual Motion,491078457
46,Nox Sidereal IV,preferred,Fusion Rifle,Stasis,1,0,0,1,"Clown Cartridge, Proximity Power, Shot Swap","Discord, Master of Arms, Reservoir Burst",9,Clown Cartridge+Discord | Clown Cartridge+Master of Arms | Clown Cartridge+Reservoir Burst | Discord+Proximity Power | Discord+Shot Swap | Master of Arms+Proximity Power | Master of Arms+Shot Swap | Proximity Power+Reservoir Burst | Reservoir Burst+Shot Swap,2875763009
47,Bad Omens,preferred,Rocket Launcher,Void,1,0,0,1,"Auto-Loading Holster, Bipod, Light Touch","Bait and Switch, Elemental Honing, Explosive Light",9,Auto-Loading Holster+Bait and Switch | Auto-Loading Holster+Elemental Honing | Auto-Loading Holster+Explosive Light | Bait and Switch+Bipod | Bait and Switch+Light Touch | Bipod+Elemental Honing | Bipod+Explosive Light | Elemental Honing+Light Touch | Explosive Light+Light Touch,1996201272
48,Volta Bracket,preferred,Sniper Rifle,Strand,1,0,1,1,"Ambitious Assassin, Keep Away, Lucky Shot","Eye of the Storm, Firing Line, Mega Kill Clip",9,Ambitious Assassin+Eye of the Storm | Ambitious Assassin+Firing Line | Ambitious Assassin+Mega Kill Clip | Eye of the Storm+Keep Away | Eye of the Storm+Lucky Shot | Firing Line+Keep Away | Firing Line+Lucky Shot | Keep Away+Mega Kill Clip | Lucky Shot+Mega Kill Clip,3920310144
49,Sightline Survey,preferred,Hand Cannon,Arc,1,0,1,1,"Air Trigger, Enlightened Action, Fragile Focus","Encore, Kill Clip, Opening Shot",9,Air Trigger+Encore | Air Trigger+Kill Clip | Air Trigger+Opening Shot | Encore+Enlightened Action | Encore+Fragile Focus | Enlightened Action+Kill Clip | Enlightened Action+Opening Shot | Fragile Focus+Kill Clip | Fragile Focus+Opening Shot,2350330520
50,Ribbontail,preferred,Trace Rifle,Strand,1,0,0,1,"Envious Arsenal, Subsistence, Threat Detector","Binary Orbit, Detonator Beam, Killing Tally",9,Binary Orbit+Envious Arsenal | Binary Orbit+Subsistence | Binary Orbit+Threat Detector | Detonator Beam+Envious Arsenal | Detonator Beam+Subsistence | Detonator Beam+Threat Detector | Envious Arsenal+Killing Tally | Killing Tally+Subsistence | Killing Tally+Threat Detector,407150808
51,Micromort,preferred,Rocket Launcher,Arc,1,0,0,1,"Clown Cartridge, Cluster Bomb, Lead From Light","Bait and Switch, Paracausal Affinity, Rolling Storm",9,Bait and Switch+Clown Cartridge | Bait and Switch+Cluster Bomb | Bait and Switch+Lead From Light | Clown Cartridge+Paracausal Affinity | Clown Cartridge+Rolling Storm | Cluster Bomb+Paracausal Affinity | Cluster Bomb+Rolling Storm | Lead From Light+Paracausal Affinity | Lead From Light+Rolling Storm,602331467
52,Retrofuturist,preferred,Shotgun,Void,1,0,0,1,"Auto-Loading Holster, Dual Loader, Feeding Frenzy","Barrel Constrictor, Deconstruct, Destabilizing Rounds",9,Auto-Loading Holster+Barrel Constrictor | Auto-Loading Holster+Deconstruct | Auto-Loading Holster+Destabilizing Rounds | Barrel Constrictor+Dual Loader | Barrel Constrictor+Feeding Frenzy | Deconstruct+Dual Loader | Deconstruct+Feeding Frenzy | Destabilizing Rounds+Dual Loader | Destabilizing Rounds+Feeding Frenzy,1612781792
53,Qua Vinctus IV,preferred,Machine Gun,Strand,1,0,0,1,"Built to Blast, Demolitionist, Hatchling","Killing Tally, Lone Wolf, Meganeura",9,Built to Blast+Killing Tally | Built to Blast+Lone Wolf | Built to Blast+Meganeura | Demolitionist+Killing Tally | Demolitionist+Lone Wolf | Demolitionist+Meganeura | Hatchling+Killing Tally | Hatchling+Lone Wolf | Hatchling+Meganeura,4176551594
54,Python,preferred,Shotgun,Void,1,0,0,1,"Dimensional Shift, Loose Change, Overflow","Destabilizing Rounds, Harmony, One-Two Punch",9,Destabilizing Rounds+Dimensional Shift | Destabilizing Rounds+Loose Change | Destabilizing Rounds+Overflow | Dimensional Shift+Harmony | Dimensional Shift+One-Two Punch | Harmony+Loose Change | Harmony+Overflow | Loose Change+One-Two Punch | One-Two Punch+Overflow,4276696962
55,The Heron,preferred,Glaive,Void,1,0,0,1,"Envious Assassin, Lead from Gold, Proximity Power","Close to Melee, Redirection, Sword Logic",9,Close to Melee+Envious Assassin | Close to Melee+Lead from Gold | Close to Melee+Proximity Power | Envious Assassin+Redirection | Envious Assassin+Sword Logic | Lead from Gold+Redirection | Lead from Gold+Sword Logic | Proximity Power+Redirection | Proximity Power+Sword Logic,2246386812
56,Pointed Inquiry,preferred,Scout Rifle,Void,1,0,1,1,"Compulsive Reloader, Firmly Planted, Genesis","Adaptive Munitions, Demolitionist, Demoralize",9,Adaptive Munitions+Compulsive Reloader | Adaptive Munitions+Firmly Planted | Adaptive Munitions+Genesis | Compulsive Reloader+Demolitionist | Compulsive Reloader+Demoralize | Demolitionist+Firmly Planted | Demolitionist+Genesis | Demoralize+Firmly Planted | Demoralize+Genesis,297296830
57,Cataclysmic (Adept),preferred,Linear Fusion Rifle,Solar,0,1,1,0,"Burning Ambition, Dragonfly, Fourth Time's the Charm","Aggregate Charge, Bait and Switch, Box Breathing",9,Aggregate Charge+Burning Ambition | Aggregate Charge+Dragonfly | Aggregate Charge+Fourth Time's the Charm | Bait and Switch+Burning Ambition | Bait and Switch+Dragonfly | Bait and Switch+Fourth Time's the Charm | Box Breathing+Burning Ambition | Box Breathing+Dragonfly | Box Breathing+Fourth Time's the Charm,2886339027
58,Patron of Lost Causes,preferred,Scout Rifle,Kinetic,1,0,0,1,"Field Prep, Grave Robber, Mulligan","Opening Shot, Osmosis, Under Pressure",9,Field Prep+Opening Shot | Field Prep+Osmosis | Field Prep+Under Pressure | Grave Robber+Opening Shot | Grave Robber+Osmosis | Grave Robber+Under Pressure | Mulligan+Opening Shot | Mulligan+Osmosis | Mulligan+Under Pressure,2723241847
59,No Hesitation,preferred,Auto Rifle,Solar,1,0,1,1,"Burning Ambition, Ensemble, Physic","Attrition Orbs, Circle of Life, Disruption Break",9,Attrition Orbs+Burning Ambition | Attrition Orbs+Ensemble | Attrition Orbs+Physic | Burning Ambition+Circle of Life | Burning Ambition+Disruption Break | Circle of Life+Ensemble | Circle of Life+Physic | Disruption Break+Ensemble | Disruption Break+Physic,1801007332
60,Live Fire,preferred,Scout Rifle,Stasis,1,0,0,1,"Air Trigger, Heating Up, Perfect Float","Headstone, No Distractions, Offhand Strike",9,Air Trigger+Headstone | Air Trigger+No Distractions | Air Trigger+Offhand Strike | Headstone+Heating Up | Headstone+Perfect Float | Heating Up+No Distractions | Heating Up+Offhand Strike | No Distractions+Perfect Float | Offhand Strike+Perfect Float,3612142623
61,Last Rite,preferred,Scout Rifle,Kinetic,1,0,0,1,"Dual Loader, Keep Away, Reconstruction","Firefly, Focused Fury, Offhand Strike",9,Dual Loader+Firefly | Dual Loader+Focused Fury | Dual Loader+Offhand Strike | Firefly+Keep Away | Firefly+Reconstruction | Focused Fury+Keep Away | Focused Fury+Reconstruction | Keep Away+Offhand Strike | Offhand Strike+Reconstruction,3708636616
62,Koraxis's Distress (Adept),preferred,Grenade Launcher,Strand,0,1,1,0,"Blast Distributor, Chain Reaction, Danger Zone","Frenzy, Full Court, Harmony",9,Blast Distributor+Frenzy | Blast Distributor+Full Court | Blast Distributor+Harmony | Chain Reaction+Frenzy | Chain Reaction+Full Court | Chain Reaction+Harmony | Danger Zone+Frenzy | Danger Zone+Full Court | Danger Zone+Harmony,495442100
63,Cry Mutiny,preferred,Grenade Launcher,Solar,1,0,0,1,"Impulse Amplifier, Incandescent, Reverberation","Mega Kill Clip, Swashbuckler, Vorpal Weapon",9,Impulse Amplifier+Mega Kill Clip | Impulse Amplifier+Swashbuckler | Impulse Amplifier+Vorpal Weapon | Incandescent+Mega Kill Clip | Incandescent+Swashbuckler | Incandescent+Vorpal Weapon | Mega Kill Clip+Reverberation | Reverberation+Swashbuckler | Reverberation+Vorpal Weapon,768696858
64,Rake Angle,preferred,Glaive,Stasis,1,0,0,1,"Overflow, Pugilist, Replenishing Aegis","Chill Clip, Surrounded, Unstoppable Force",9,Chill Clip+Overflow | Chill Clip+Pugilist | Chill Clip+Replenishing Aegis | Overflow+Surrounded | Overflow+Unstoppable Force | Pugilist+Surrounded | Pugilist+Unstoppable Force | Replenishing Aegis+Surrounded | Replenishing Aegis+Unstoppable Force,2298039571
65,Pre Astyanax IV,preferred,Combat Bow,Solar,1,0,0,1,"Firefly, Rapid Hit, Successful Warm-Up","Binary Orbit, Burning Ambition, Elemental Honing",9,Binary Orbit+Firefly | Binary Orbit+Rapid Hit | Binary Orbit+Successful Warm-Up | Burning Ambition+Firefly | Burning Ambition+Rapid Hit | Burning Ambition+Successful Warm-Up | Elemental Honing+Firefly | Elemental Honing+Rapid Hit | Elemental Honing+Successful Warm-Up,471764396
66,Trachinus,preferred,Shotgun,Stasis,1,0,0,1,"Killing Wind, Lead from Gold, Proximity Power","Chill Clip, Encore, Headstone",9,Chill Clip+Killing Wind | Chill Clip+Lead from Gold | Chill Clip+Proximity Power | Encore+Killing Wind | Encore+Lead from Gold | Encore+Proximity Power | Headstone+Killing Wind | Headstone+Lead from Gold | Headstone+Proximity Power,2888021254
67,King Orfeo,preferred,Combat Bow,Arc,1,0,0,1,"Explosive Head, Pugilist, Shoot to Loot","Jolting Feedback, Meganeura, Precision Instrument",9,Explosive Head+Jolting Feedback | Explosive Head+Meganeura | Explosive Head+Precision Instrument | Jolting Feedback+Pugilist | Jolting Feedback+Shoot to Loot | Meganeura+Pugilist | Meganeura+Shoot to Loot | Precision Instrument+Pugilist | Precision Instrument+Shoot to Loot,3481382332
68,Exile's Curse,preferred,Fusion Rifle,Arc,1,0,0,1,"Field Prep, Hip-Fire Grip, Killing Wind","Backup Plan, Disruption Break, Feeding Frenzy",9,Backup Plan+Field Prep | Backup Plan+Hip-Fire Grip | Backup Plan+Killing Wind | Disruption Break+Field Prep | Disruption Break+Hip-Fire Grip | Disruption Break+Killing Wind | Feeding Frenzy+Field Prep | Feeding Frenzy+Hip-Fire Grip | Feeding Frenzy+Killing Wind,679281855
69,Ded Gramarye IV,preferred,Shotgun,Arc,1,0,0,1,"Discord, Eddy Current, Slickdraw","Chain Reaction, Disruption Break, Golden Tricorn",9,Chain Reaction+Discord | Chain Reaction+Eddy Current | Chain Reaction+Slickdraw | Discord+Disruption Break | Discord+Golden Tricorn | Disruption Break+Eddy Current | Disruption Break+Slickdraw | Eddy Current+Golden Tricorn | Golden Tricorn+Slickdraw,870893339
70,Critical Anomaly (Adept),preferred,Sniper Rifle,Stasis,0,1,1,0,"Built to Blast, Crystalline Corpsebloom, Opening Shot","Bait and Switch, Chaos Reshaped, Explosive Payload",9,Bait and Switch+Built to Blast | Bait and Switch+Crystalline Corpsebloom | Bait and Switch+Opening Shot | Built to Blast+Chaos Reshaped | Built to Blast+Explosive Payload | Chaos Reshaped+Crystalline Corpsebloom | Chaos Reshaped+Opening Shot | Crystalline Corpsebloom+Explosive Payload | Explosive Payload+Opening Shot,172461430
71,Corrective Measure (Timelost),preferred,Machine Gun,Void,0,1,1,0,"Collective Demolition, Destabilizing Rounds, Dimensional Shift","Butterfly, Demoralize, High-Impact Reserves",9,Butterfly+Collective Demolition | Butterfly+Destabilizing Rounds | Butterfly+Dimensional Shift | Collective Demolition+Demoralize | Collective Demolition+High-Impact Reserves | Demoralize+Destabilizing Rounds | Demoralize+Dimensional Shift | Destabilizing Rounds+High-Impact Reserves | Dimensional Shift+High-Impact Reserves,2334480463
72,Boomslang-4fr,preferred,Linear Fusion Rifle,Arc,1,0,0,1,"Field Prep, Heating Up, Rolling Storm","Jolting Feedback, Precision Instrument, Reservoir Burst",9,Field Prep+Jolting Feedback | Field Prep+Precision Instrument | Field Prep+Reservoir Burst | Heating Up+Jolting Feedback | Heating Up+Precision Instrument | Heating Up+Reservoir Burst | Jolting Feedback+Rolling Storm | Precision Instrument+Rolling Storm | Reservoir Burst+Rolling Storm,3926153598
73,Bold Endings,preferred,Hand Cannon,Stasis,1,0,1,1,"Air Trigger, Loose Change, Opening Shot","Collective Action, Crystalline Corpsebloom, Demolitionist",9,Air Trigger+Collective Action | Air Trigger+Crystalline Corpsebloom | Air Trigger+Demolitionist | Collective Action+Loose Change | Collective Action+Opening Shot | Crystalline Corpsebloom+Loose Change | Crystalline Corpsebloom+Opening Shot | Demolitionist+Loose Change | Demolitionist+Opening Shot,496728945
74,Ascendancy,preferred,Rocket Launcher,Solar,1,0,0,1,"Ambitious Assassin, Lead From Light, Slideways","Incandescent, Lasting Impression, Reaper's Tithe",9,Ambitious Assassin+Incandescent | Ambitious Assassin+Lasting Impression | Ambitious Assassin+Reaper's Tithe | Incandescent+Lead From Light | Incandescent+Slideways | Lasting Impression+Lead From Light | Lasting Impression+Slideways | Lead From Light+Reaper's Tithe | Reaper's Tithe+Slideways,1713388226
75,Afterlight (Adept),preferred,Fusion Rifle,Void,0,1,0,1,"Discord, Grave Robber, Lead from Gold","Adagio, Cornered, Reservoir Burst",9,Adagio+Discord | Adagio+Grave Robber | Adagio+Lead from Gold | Cornered+Discord | Cornered+Grave Robber | Cornered+Lead from Gold | Discord+Reservoir Burst | Grave Robber+Reservoir Burst | Lead from Gold+Reservoir Burst,3953163559
76,Zephyr,preferred,Sword,Stasis,1,0,0,1,"Duelist's Trance, Osmosis, Relentless Strikes","Assassin's Blade, Chain Reaction, Cold Steel",9,Assassin's Blade+Duelist's Trance | Assassin's Blade+Osmosis | Assassin's Blade+Relentless Strikes | Chain Reaction+Duelist's Trance | Chain Reaction+Osmosis | Chain Reaction+Relentless Strikes | Cold Steel+Duelist's Trance | Cold Steel+Osmosis | Cold Steel+Relentless Strikes,396910433
77,Double-Edged Answer,preferred,Sword,Void,1,0,0,1,"En Garde, Energy Transfer, Repulsor Brace","Attrition Orbs, Collective Action, Counterattack",9,Attrition Orbs+En Garde | Attrition Orbs+Energy Transfer | Attrition Orbs+Repulsor Brace | Collective Action+En Garde | Collective Action+Energy Transfer | Collective Action+Repulsor Brace | Counterattack+En Garde | Counterattack+Energy Transfer | Counterattack+Repulsor Brace,105164264
78,Chivalric Fire,preferred,Sword,Void,1,0,0,1,"Collective Demolition, Relentless Strikes, Sharp Harvest","Eager Edge, Energy Transfer, Flash Counter",9,Collective Demolition+Eager Edge | Collective Demolition+Energy Transfer | Collective Demolition+Flash Counter | Eager Edge+Relentless Strikes | Eager Edge+Sharp Harvest | Energy Transfer+Relentless Strikes | Energy Transfer+Sharp Harvest | Flash Counter+Relentless Strikes | Flash Counter+Sharp Harvest,938936806
79,Throne-Cleaver,preferred,Sword,Void,1,0,0,1,"Relentless Strikes, Shattering Blade, Tireless Blade","Counterattack, En Garde, Whirlwind Blade",9,Counterattack+Relentless Strikes | Counterattack+Shattering Blade | Counterattack+Tireless Blade | En Garde+Relentless Strikes | En Garde+Shattering Blade | En Garde+Tireless Blade | Relentless Strikes+Whirlwind Blade | Shattering Blade+Whirlwind Blade | Tireless Blade+Whirlwind Blade,569799273
80,Summum Bonum (Adept),preferred,Sword,Arc,0,1,1,0,"Sharp Harvest, Strategist, Unrelenting","Chaos Reshaped, Jolting Feedback, One for All",9,Chaos Reshaped+Sharp Harvest | Chaos Reshaped+Strategist | Chaos Reshaped+Unrelenting | Jolting Feedback+Sharp Harvest | Jolting Feedback+Strategist | Jolting Feedback+Unrelenting | One for All+Sharp Harvest | One for All+Strategist | One for All+Unrelenting,2001697739
81,Wild Style,preferred,Grenade Launcher,Solar,1,0,0,1,"Danger Zone, Envious Assassin, Keep Away","Attrition Orbs, Incandescent, Permeability",9,Attrition Orbs+Danger Zone | Attrition Orbs+Envious Assassin | Attrition Orbs+Keep Away | Danger Zone+Incandescent | Danger Zone+Permeability | Envious Assassin+Incandescent | Envious Assassin+Permeability | Incandescent+Keep Away | Keep Away+Permeability,1332123064
82,Nasreddin,preferred,Sword,Arc,1,0,0,1,"Duelist's Trance, Energy Transfer, Flash Counter","Jolting Feedback, Rolling Storm, Surrounded",9,Duelist's Trance+Jolting Feedback | Duelist's Trance+Rolling Storm | Duelist's Trance+Surrounded | Energy Transfer+Jolting Feedback | Energy Transfer+Rolling Storm | Energy Transfer+Surrounded | Flash Counter+Jolting Feedback | Flash Counter+Rolling Storm | Flash Counter+Surrounded,1979417829
83,Theodolite,preferred,Grenade Launcher,Arc,1,0,0,1,"Eddy Current, Reconstruction, Reverberation","Binary Orbit, Elemental Honing, Reaper's Tithe",9,Binary Orbit+Eddy Current | Binary Orbit+Reconstruction | Binary Orbit+Reverberation | Eddy Current+Elemental Honing | Eddy Current+Reaper's Tithe | Elemental Honing+Reconstruction | Elemental Honing+Reverberation | Reaper's Tithe+Reconstruction | Reaper's Tithe+Reverberation,4146673635
84,Watchful Eye,preferred,Machine Gun,Arc,1,0,0,1,"Dynamic Sway Reduction, Hip-Fire Grip, Mulligan","Killing Tally, Rolling Storm, Sword Logic",9,Dynamic Sway Reduction+Killing Tally | Dynamic Sway Reduction+Rolling Storm | Dynamic Sway Reduction+Sword Logic | Hip-Fire Grip+Killing Tally | Hip-Fire Grip+Rolling Storm | Hip-Fire Grip+Sword Logic | Killing Tally+Mulligan | Mulligan+Rolling Storm | Mulligan+Sword Logic,3058845782
85,Trendsetter,preferred,Auto Rifle,Arc,1,0,0,1,"Light Touch, Outlaw, Supercharged Magazine","Jolting Feedback, Rampage, Tap the Trigger",9,Jolting Feedback+Light Touch | Jolting Feedback+Outlaw | Jolting Feedback+Supercharged Magazine | Light Touch+Rampage | Light Touch+Tap the Trigger | Outlaw+Rampage | Outlaw+Tap the Trigger | Rampage+Supercharged Magazine | Supercharged Magazine+Tap the Trigger,2863808104
86,Rapid Growth,preferred,Sniper Rifle,Arc,1,0,0,1,"Keep Away, Lucky Shot, Snapshot Sights","Binary Orbit, Closing Time, Gear Shift",9,Binary Orbit+Keep Away | Binary Orbit+Lucky Shot | Binary Orbit+Snapshot Sights | Closing Time+Keep Away | Closing Time+Lucky Shot | Closing Time+Snapshot Sights | Gear Shift+Keep Away | Gear Shift+Lucky Shot | Gear Shift+Snapshot Sights,3856342856
87,The Summoner,preferred,Auto Rifle,Solar,1,0,0,1,"Elemental Capacitor, Heal Clip, Overflow","Golden Tricorn, Golden Tricorn Enhanced, Incandescent",9,Elemental Capacitor+Golden Tricorn | Elemental Capacitor+Golden Tricorn Enhanced | Elemental Capacitor+Incandescent | Golden Tricorn+Heal Clip | Golden Tricorn+Overflow | Golden Tricorn Enhanced+Heal Clip | Golden Tricorn Enhanced+Overflow | Heal Clip+Incandescent | Incandescent+Overflow,1820994983
88,Motif-41,preferred,Grenade Launcher,Solar,1,0,0,1,"Auto-Loading Holster, Stats for All, Wellspring","Attrition Orbs, Master of Arms, Reverberation",9,Attrition Orbs+Auto-Loading Holster | Attrition Orbs+Stats for All | Attrition Orbs+Wellspring | Auto-Loading Holster+Master of Arms | Auto-Loading Holster+Reverberation | Master of Arms+Stats for All | Master of Arms+Wellspring | Reverberation+Stats for All | Reverberation+Wellspring,1685533876
89,Felwinter's Lie,preferred,Shotgun,Solar,1,0,0,1,"Cascade Point, Dual Loader, Lone Wolf","Bait and Switch, Closing Time, Iron Reach",9,Bait and Switch+Cascade Point | Bait and Switch+Dual Loader | Bait and Switch+Lone Wolf | Cascade Point+Closing Time | Cascade Point+Iron Reach | Closing Time+Dual Loader | Closing Time+Lone Wolf | Dual Loader+Iron Reach | Iron Reach+Lone Wolf,218787950
90,Pure Recollection,preferred,Shotgun,Void,1,0,0,1,"Envious Arsenal, Threat Detector, Under Pressure","Headseeker, Tap the Trigger, Withering Gaze",9,Envious Arsenal+Headseeker | Envious Arsenal+Tap the Trigger | Envious Arsenal+Withering Gaze | Headseeker+Threat Detector | Headseeker+Under Pressure | Tap the Trigger+Threat Detector | Tap the Trigger+Under Pressure | Threat Detector+Withering Gaze | Under Pressure+Withering Gaze,1956186483
91,Deadlock,preferred,Shotgun,Stasis,1,0,0,1,"Offhand Strike, Perpetual Motion, Quickdraw","Fragile Focus, Master of Arms, One-Two Punch",9,Fragile Focus+Offhand Strike | Fragile Focus+Perpetual Motion | Fragile Focus+Quickdraw | Master of Arms+Offhand Strike | Master of Arms+Perpetual Motion | Master of Arms+Quickdraw | Offhand Strike+One-Two Punch | One-Two Punch+Perpetual Motion | One-Two Punch+Quickdraw,3926987546
92,Willful Hamartia,preferred,Linear Fusion Rifle,Arc,1,0,0,1,"Envious Assassin, High-Impact Reserves, Rapid Hit","Headseeker, Jolting Feedback, Kickstart",9,Envious Assassin+Headseeker | Envious Assassin+Jolting Feedback | Envious Assassin+Kickstart | Headseeker+High-Impact Reserves | Headseeker+Rapid Hit | High-Impact Reserves+Jolting Feedback | High-Impact Reserves+Kickstart | Jolting Feedback+Rapid Hit | Kickstart+Rapid Hit,1952295804
93,The Beacon,preferred,Fusion Rifle,Solar,1,0,0,1,"Collective Pugilism, Envious Arsenal, Overflow","Controlled Burst, Deconstruct, Successful Warm-Up",9,Collective Pugilism+Controlled Burst | Collective Pugilism+Deconstruct | Collective Pugilism+Successful Warm-Up | Controlled Burst+Envious Arsenal | Controlled Burst+Overflow | Deconstruct+Envious Arsenal | Deconstruct+Overflow | Envious Arsenal+Successful Warm-Up | Overflow+Successful Warm-Up,2161618499
94,Fimbulwinter Stitch,preferred,Sidearm,Arc,1,0,0,1,"Lone Wolf, Rangefinder, Trickle Charge","Kill Clip, Precision Instrument, Redirection",9,Kill Clip+Lone Wolf | Kill Clip+Rangefinder | Kill Clip+Trickle Charge | Lone Wolf+Precision Instrument | Lone Wolf+Redirection | Precision Instrument+Rangefinder | Precision Instrument+Trickle Charge | Rangefinder+Redirection | Redirection+Trickle Charge,3685829362
95,Punching Out,preferred,Sidearm,Solar,1,0,0,1,"Heal Clip, Light Touch, Recycled Energy","Adrenaline Junkie, Feeding Frenzy, Swashbuckler",9,Adrenaline Junkie+Heal Clip | Adrenaline Junkie+Light Touch | Adrenaline Junkie+Recycled Energy | Feeding Frenzy+Heal Clip | Feeding Frenzy+Light Touch | Feeding Frenzy+Recycled Energy | Heal Clip+Swashbuckler | Light Touch+Swashbuckler | Recycled Energy+Swashbuckler,1469372193
96,Taraxippos,preferred,Scout Rifle,Strand,1,0,0,1,"Closing Time, Fourth Time's the Charm, Perfect Float","Explosive Payload, High Ground, Tear",9,Closing Time+Explosive Payload | Closing Time+High Ground | Closing Time+Tear | Explosive Payload+Fourth Time's the Charm | Explosive Payload+Perfect Float | Fourth Time's the Charm+High Ground | Fourth Time's the Charm+Tear | High Ground+Perfect Float | Perfect Float+Tear,4148460558
97,Mos Athanor IV,preferred,Hand Cannon,Void,1,0,0,1,"Destabilizing Rounds, Moving Target, Slideways","Adagio, Opening Shot, Sword Logic",9,Adagio+Destabilizing Rounds | Adagio+Moving Target | Adagio+Slideways | Destabilizing Rounds+Opening Shot | Destabilizing Rounds+Sword Logic | Moving Target+Opening Shot | Moving Target+Sword Logic | Opening Shot+Slideways | Slideways+Sword Logic,4118334987
98,Solemn Remembrance,preferred,Hand Cannon,Stasis,1,0,0,1,"Built to Blast, Impromptu Ammunition, Slideshot","Firefly, Keep Away, Magnificent Howl",9,Built to Blast+Firefly | Built to Blast+Keep Away | Built to Blast+Magnificent Howl | Firefly+Impromptu Ammunition | Firefly+Slideshot | Impromptu Ammunition+Keep Away | Impromptu Ammunition+Magnificent Howl | Keep Away+Slideshot | Magnificent Howl+Slideshot,4116518582
99,The Spiteful Fang,preferred,Combat Bow,Stasis,1,0,0,1,"Archer's Tempo, Headstone, Impulse Amplifier","Archer's Gambit, Crystalline Corpsebloom, Explosive Head",9,Archer's Gambit+Archer's Tempo | Archer's Gambit+Headstone | Archer's Gambit+Impulse Amplifier | Archer's Tempo+Crystalline Corpsebloom | Archer's Tempo+Explosive Head | Crystalline Corpsebloom+Headstone | Crystalline Corpsebloom+Impulse Amplifier | Explosive Head+Headstone | Explosive Head+Impulse Amplifier,1704597062
100,Peculiar Charm,preferred,Submachine Gun,Kinetic,1,0,0,1,"Attrition Orbs, Lone Wolf, Rangefinder","All-Star, Bewildering Burst, Desperado",9,All-Star+Attrition Orbs | All-Star+Lone Wolf | All-Star+Rangefinder | Attrition Orbs+Bewildering Burst | Attrition Orbs+Desperado | Bewildering Burst+Lone Wolf | Bewildering Burst+Rangefinder | Desperado+Lone Wolf | Desperado+Rangefinder,3620277039
101,Gunburn,preferred,Submachine Gun,Kinetic,1,0,0,1,"Lead From Light, Lone Wolf, Pugilist","Ancillary Ordinance, Kinetic Tremors, One for All",9,Ancillary Ordinance+Lead From Light | Ancillary Ordinance+Lone Wolf | Ancillary Ordinance+Pugilist | Kinetic Tremors+Lead From Light | Kinetic Tremors+Lone Wolf | Kinetic Tremors+Pugilist | Lead From Light+One for All | Lone Wolf+One for All | One for All+Pugilist,3431536253
102,Forced Memorializer,preferred,Scout Rifle,Kinetic,1,0,0,1,"Bewildering Burst, Explosive Payload, Shoot to Loot","Multikill Clip, Outlaw, To the Pain",9,Bewildering Burst+Multikill Clip | Bewildering Burst+Outlaw | Bewildering Burst+To the Pain | Explosive Payload+Multikill Clip | Explosive Payload+Outlaw | Explosive Payload+To the Pain | Multikill Clip+Shoot to Loot | Outlaw+Shoot to Loot | Shoot to Loot+To the Pain,1197073834
103,Last Man Standing,preferred,Shotgun,Solar,1,0,0,1,"Compulsive Reloader, Hip-Fire Grip, Subsistence","One-Two Punch, Rampage, Shot Swap",9,Compulsive Reloader+One-Two Punch | Compulsive Reloader+Rampage | Compulsive Reloader+Shot Swap | Hip-Fire Grip+One-Two Punch | Hip-Fire Grip+Rampage | Hip-Fire Grip+Shot Swap | One-Two Punch+Subsistence | Rampage+Subsistence | Shot Swap+Subsistence,4287947559
104,Fair Judgment,preferred,Auto Rifle,Stasis,1,0,0,1,"Deconstruct, Rimestealer, Slideshot","Headstone, Onslaught, Rangefinder",9,Deconstruct+Headstone | Deconstruct+Onslaught | Deconstruct+Rangefinder | Headstone+Rimestealer | Headstone+Slideshot | Onslaught+Rimestealer | Onslaught+Slideshot | Rangefinder+Rimestealer | Rangefinder+Slideshot,4113452819
105,Claws of the Wolf,preferred,Pulse Rifle,Void,1,0,0,1,"Field Prep, Snapshot Sights, Threat Detector","Full Auto Trigger System, Grave Robber, Kill Clip",9,Field Prep+Full Auto Trigger System | Field Prep+Grave Robber | Field Prep+Kill Clip | Full Auto Trigger System+Snapshot Sights | Full Auto Trigger System+Threat Detector | Grave Robber+Snapshot Sights | Grave Robber+Threat Detector | Kill Clip+Snapshot Sights | Kill Clip+Threat Detector,1280933460
106,Burden of Guilt,preferred,Fusion Rifle,Stasis,1,0,0,1,"Ambitious Assassin, Eye of the Storm, Perpetual Motion","Aggregate Charge, Chill Clip, Crystalline Corpsebloom",9,Aggregate Charge+Ambitious Assassin | Aggregate Charge+Eye of the Storm | Aggregate Charge+Perpetual Motion | Ambitious Assassin+Chill Clip | Ambitious Assassin+Crystalline Corpsebloom | Chill Clip+Eye of the Storm | Chill Clip+Perpetual Motion | Crystalline Corpsebloom+Eye of the Storm | Crystalline Corpsebloom+Perpetual Motion,976459525
107,Yesteryear,preferred,Pulse Rifle,Void,1,0,0,1,"Ensemble, Heating Up, Slideways","Desperado, Focused Fury, Gutshot Straight",9,Desperado+Ensemble | Desperado+Heating Up | Desperado+Slideways | Ensemble+Focused Fury | Ensemble+Gutshot Straight | Focused Fury+Heating Up | Focused Fury+Slideways | Gutshot Straight+Heating Up | Gutshot Straight+Slideways,4028000428
108,Taipan-4fr,preferred,Linear Fusion Rifle,Void,1,0,1,1,"Clown Cartridge, Genesis, Triple Tap","Firing Line, Repulsor Brace, Snapshot Sights",9,Clown Cartridge+Firing Line | Clown Cartridge+Repulsor Brace | Clown Cartridge+Snapshot Sights | Firing Line+Genesis | Firing Line+Triple Tap | Genesis+Repulsor Brace | Genesis+Snapshot Sights | Repulsor Brace+Triple Tap | Snapshot Sights+Triple Tap,1911060537
109,Albruna-D,preferred,Sniper Rifle,Arc,1,0,0,1,"Air Assault, Surplus, Wellspring","Eye of the Storm, High-Impact Reserves, Slickdraw",9,Air Assault+Eye of the Storm | Air Assault+High-Impact Reserves | Air Assault+Slickdraw | Eye of the Storm+Surplus | Eye of the Storm+Wellspring | High-Impact Reserves+Surplus | High-Impact Reserves+Wellspring | Slickdraw+Surplus | Slickdraw+Wellspring,676270382
110,Zaouli's Bane (Harrowed),preferred,Hand Cannon,Solar,0,1,1,0,"Explosive Payload, Hip-Fire Grip, Redirection","Chaos Reshaped, Demolitionist, Firefly",9,Chaos Reshaped+Explosive Payload | Chaos Reshaped+Hip-Fire Grip | Chaos Reshaped+Redirection | Demolitionist+Explosive Payload | Demolitionist+Hip-Fire Grip | Demolitionist+Redirection | Explosive Payload+Firefly | Firefly+Hip-Fire Grip | Firefly+Redirection,291092617
111,Sublimation,preferred,Scout Rifle,Arc,1,0,0,1,"Eddy Current, Impromptu Ammunition, Sympathetic Arsenal","No Distractions, Rolling Storm, Voltshot",9,Eddy Current+No Distractions | Eddy Current+Rolling Storm | Eddy Current+Voltshot | Impromptu Ammunition+No Distractions | Impromptu Ammunition+Rolling Storm | Impromptu Ammunition+Voltshot | No Distractions+Sympathetic Arsenal | Rolling Storm+Sympathetic Arsenal | Sympathetic Arsenal+Voltshot,1674692344
112,The Last Dance,preferred,Sidearm,Arc,1,0,0,1,"Full Auto Trigger System, Outlaw, Quickdraw","Dragonfly, Rangefinder, Zen Moment",9,Dragonfly+Full Auto Trigger System | Dragonfly+Outlaw | Dragonfly+Quickdraw | Full Auto Trigger System+Rangefinder | Full Auto Trigger System+Zen Moment | Outlaw+Rangefinder | Outlaw+Zen Moment | Quickdraw+Rangefinder | Quickdraw+Zen Moment,4045298483
113,Submersion,preferred,Combat Bow,Stasis,1,0,0,1,"Auto-Loading Holster, Bolt Scavenger, Ensemble","Aggregate Charge, Chill Clip, Collective Action",9,Aggregate Charge+Auto-Loading Holster | Aggregate Charge+Bolt Scavenger | Aggregate Charge+Ensemble | Auto-Loading Holster+Chill Clip | Auto-Loading Holster+Collective Action | Bolt Scavenger+Chill Clip | Bolt Scavenger+Collective Action | Chill Clip+Ensemble | Collective Action+Ensemble,3524386983
114,Haliaetus,preferred,Rocket Launcher,Strand,1,0,0,1,"Blast Distributor, Grave Robber, Quickdraw","Binary Orbit, Collective Pugilism, Reaper's Tithe",9,Binary Orbit+Blast Distributor | Binary Orbit+Grave Robber | Binary Orbit+Quickdraw | Blast Distributor+Collective Pugilism | Blast Distributor+Reaper's Tithe | Collective Pugilism+Grave Robber | Collective Pugilism+Quickdraw | Grave Robber+Reaper's Tithe | Quickdraw+Reaper's Tithe,2155534128
115,Solemn Lie,preferred,Hand Cannon,Arc,1,0,0,1,"Killing Wind, Quickdraw, Rangefinder","Elemental Capacitor, Lone Wolf, Rapid Hit",9,Elemental Capacitor+Killing Wind | Elemental Capacitor+Quickdraw | Elemental Capacitor+Rangefinder | Killing Wind+Lone Wolf | Killing Wind+Rapid Hit | Lone Wolf+Quickdraw | Lone Wolf+Rangefinder | Quickdraw+Rapid Hit | Rangefinder+Rapid Hit,1041028435
116,Sixth Sense,preferred,Hand Cannon,Strand,1,0,0,1,"Explosive Payload, Rapid Hit, Triple Tap","Dragonfly, Hatchling, Tear",9,Dragonfly+Explosive Payload | Dragonfly+Rapid Hit | Dragonfly+Triple Tap | Explosive Payload+Hatchling | Explosive Payload+Tear | Hatchling+Rapid Hit | Hatchling+Triple Tap | Rapid Hit+Tear | Tear+Triple Tap,4032097591
117,Doom of Chelchis (Harrowed),preferred,Scout Rifle,Void,0,1,1,0,"Adaptive Munitions, Demoralize, Destabilizing Rounds","Eye of the Storm, Focused Fury, Meganeura",9,Adaptive Munitions+Eye of the Storm | Adaptive Munitions+Focused Fury | Adaptive Munitions+Meganeura | Demoralize+Eye of the Storm | Demoralize+Focused Fury | Demoralize+Meganeura | Destabilizing Rounds+Eye of the Storm | Destabilizing Rounds+Focused Fury | Destabilizing Rounds+Meganeura,1184692845
118,Frontier's Cry,preferred,Hand Cannon,Solar,1,0,0,1,"Compulsive Reloader, Rapid Hit, Stats for All","Adagio, Iron Grip, Iron Reach",9,Adagio+Compulsive Reloader | Adagio+Rapid Hit | Adagio+Stats for All | Compulsive Reloader+Iron Grip | Compulsive Reloader+Iron Reach | Iron Grip+Rapid Hit | Iron Grip+Stats for All | Iron Reach+Rapid Hit | Iron Reach+Stats for All,3203303472
119,Aisha's Embrace,preferred,Scout Rifle,Void,1,0,0,1,"Demoralize, Encore, Vorpal Weapon","Kill Clip, Sword Logic, Withering Gaze",9,Demoralize+Kill Clip | Demoralize+Sword Logic | Demoralize+Withering Gaze | Encore+Kill Clip | Encore+Sword Logic | Encore+Withering Gaze | Kill Clip+Vorpal Weapon | Sword Logic+Vorpal Weapon | Vorpal Weapon+Withering Gaze,3709368142
120,Trust,preferred,Hand Cannon,Solar,1,0,0,1,"Genesis, Snapshot Sights, Triple Tap","Hip-Fire Grip, Rampage, Rapid Hit",9,Genesis+Hip-Fire Grip | Genesis+Rampage | Genesis+Rapid Hit | Hip-Fire Grip+Snapshot Sights | Hip-Fire Grip+Triple Tap | Rampage+Snapshot Sights | Rampage+Triple Tap | Rapid Hit+Snapshot Sights | Rapid Hit+Triple Tap,4077196130
121,Shayura's Wrath,preferred,Submachine Gun,Void,1,0,0,1,"Dynamic Sway Reduction, Perpetual Motion, Tunnel Vision","Celerity, Golden Tricorn, Harmony",9,Celerity+Dynamic Sway Reduction | Celerity+Perpetual Motion | Celerity+Tunnel Vision | Dynamic Sway Reduction+Golden Tricorn | Dynamic Sway Reduction+Harmony | Golden Tricorn+Perpetual Motion | Golden Tricorn+Tunnel Vision | Harmony+Perpetual Motion | Harmony+Tunnel Vision,3682803680
122,Liturgy,preferred,Grenade Launcher,Stasis,1,0,0,1,"Envious Arsenal, Quickdraw, Rimestealer","Chain Reaction, Desperate Measures, Lead from Gold",9,Chain Reaction+Envious Arsenal | Chain Reaction+Quickdraw | Chain Reaction+Rimestealer | Desperate Measures+Envious Arsenal | Desperate Measures+Quickdraw | Desperate Measures+Rimestealer | Envious Arsenal+Lead from Gold | Lead from Gold+Quickdraw | Lead from Gold+Rimestealer,3377522331
123,Doomsday,preferred,Grenade Launcher,Arc,1,0,0,1,"Ambitious Assassin, Eddy Current, Snapshot Sights","Bait and Switch, Full Court, Quickdraw",9,Ambitious Assassin+Bait and Switch | Ambitious Assassin+Full Court | Ambitious Assassin+Quickdraw | Bait and Switch+Eddy Current | Bait and Switch+Snapshot Sights | Eddy Current+Full Court | Eddy Current+Quickdraw | Full Court+Snapshot Sights | Quickdraw+Snapshot Sights,713132408
124,Shadow Price,preferred,Auto Rifle,Arc,1,0,0,1,"Bottomless Grief, Fourth Time's the Charm, Overflow","One for All, Swashbuckler, Thresh",9,Bottomless Grief+One for All | Bottomless Grief+Swashbuckler | Bottomless Grief+Thresh | Fourth Time's the Charm+One for All | Fourth Time's the Charm+Swashbuckler | Fourth Time's the Charm+Thresh | One for All+Overflow | Overflow+Swashbuckler | Overflow+Thresh,2633186522
125,The Forward Path,preferred,Auto Rifle,Kinetic,1,0,0,1,"Dynamic Sway Reduction, Hip-Fire Grip, Pulse Monitor","Eye of the Storm, Iron Gaze, Tap the Trigger",9,Dynamic Sway Reduction+Eye of the Storm | Dynamic Sway Reduction+Iron Gaze | Dynamic Sway Reduction+Tap the Trigger | Eye of the Storm+Hip-Fire Grip | Eye of the Storm+Pulse Monitor | Hip-Fire Grip+Iron Gaze | Hip-Fire Grip+Tap the Trigger | Iron Gaze+Pulse Monitor | Pulse Monitor+Tap the Trigger,1690783811
126,Qullim's Terminus (Harrowed),preferred,Machine Gun,Stasis,0,1,1,0,"Enlightened Action, Firmly Planted, Stats for All","Firefly, Firing Line, Mega Kill Clip",9,Enlightened Action+Firefly | Enlightened Action+Firing Line | Enlightened Action+Mega Kill Clip | Firefly+Firmly Planted | Firefly+Stats for All | Firing Line+Firmly Planted | Firing Line+Stats for All | Firmly Planted+Mega Kill Clip | Mega Kill Clip+Stats for All,3248429089
127,Death Adder,preferred,Submachine Gun,Solar,1,0,0,1,"Auto-Loading Holster, Mulligan, Subsistence","Moving Target, Quickdraw, Rangefinder",9,Auto-Loading Holster+Moving Target | Auto-Loading Holster+Quickdraw | Auto-Loading Holster+Rangefinder | Moving Target+Mulligan | Moving Target+Subsistence | Mulligan+Quickdraw | Mulligan+Rangefinder | Quickdraw+Subsistence | Rangefinder+Subsistence,2742490609
128,Breakneck,preferred,Auto Rifle,Kinetic,1,0,0,1,"Encore, Eye of the Storm, Shoot to Loot","Onslaught, Osmosis, Target Lock",9,Encore+Onslaught | Encore+Osmosis | Encore+Target Lock | Eye of the Storm+Onslaught | Eye of the Storm+Osmosis | Eye of the Storm+Target Lock | Onslaught+Shoot to Loot | Osmosis+Shoot to Loot | Shoot to Loot+Target Lock,2026755633
129,Arcane Embrace,preferred,Shotgun,Arc,1,0,0,1,"Air Trigger, Dual Loader, Slideshot","Desperado, Precision Instrument, Voltshot",9,Air Trigger+Desperado | Air Trigger+Precision Instrument | Air Trigger+Voltshot | Desperado+Dual Loader | Desperado+Slideshot | Dual Loader+Precision Instrument | Dual Loader+Voltshot | Precision Instrument+Slideshot | Slideshot+Voltshot,3649985571
130,Returned Memory,preferred,Sidearm,Solar,1,0,0,1,"Beacon Rounds, Blast Distributor, Impromptu Ammunition","Adagio, Burning Ambition, One for All",9,Adagio+Beacon Rounds | Adagio+Blast Distributor | Adagio+Impromptu Ammunition | Beacon Rounds+Burning Ambition | Beacon Rounds+One for All | Blast Distributor+Burning Ambition | Blast Distributor+One for All | Burning Ambition+Impromptu Ammunition | Impromptu Ammunition+One for All,4049127142
131,Unfall,preferred,Sidearm,Arc,1,0,0,1,"Impulse Amplifier, Lead from Gold, Sleight of Hand","Deconstruct, Jolting Feedback, Master of Arms",9,Deconstruct+Impulse Amplifier | Deconstruct+Lead from Gold | Deconstruct+Sleight of Hand | Impulse Amplifier+Jolting Feedback | Impulse Amplifier+Master of Arms | Jolting Feedback+Lead from Gold | Jolting Feedback+Sleight of Hand | Lead from Gold+Master of Arms | Master of Arms+Sleight of Hand,738446555
132,Phyllotactic Spiral,preferred,Pulse Rifle,Arc,1,0,1,1,"Perfect Float, Shot Swap, Under-Over","Elemental Capacitor, Gutshot Straight, Voltshot",9,Elemental Capacitor+Perfect Float | Elemental Capacitor+Shot Swap | Elemental Capacitor+Under-Over | Gutshot Straight+Perfect Float | Gutshot Straight+Shot Swap | Gutshot Straight+Under-Over | Perfect Float+Voltshot | Shot Swap+Voltshot | Under-Over+Voltshot,3635821806
133,Qua Xaphan V,preferred,Machine Gun,Void,1,0,0,1,"Field Prep, Offhand Strike, Slideways","Cascade Point, Destabilizing Rounds, High Ground",9,Cascade Point+Field Prep | Cascade Point+Offhand Strike | Cascade Point+Slideways | Destabilizing Rounds+Field Prep | Destabilizing Rounds+Offhand Strike | Destabilizing Rounds+Slideways | Field Prep+High Ground | High Ground+Offhand Strike | High Ground+Slideways,1975125963
134,Perfect Pitch,preferred,Submachine Gun,Solar,1,0,0,1,"Discord, Enlightened Action, To the Pain","Focused Fury, Onslaught, Target Lock",9,Discord+Focused Fury | Discord+Onslaught | Discord+Target Lock | Enlightened Action+Focused Fury | Enlightened Action+Onslaught | Enlightened Action+Target Lock | Focused Fury+To the Pain | Onslaught+To the Pain | Target Lock+To the Pain,2191451996
135,No Feelings,preferred,Scout Rifle,Arc,1,0,0,1,"Collective Demolition, Impromptu Ammunition, Voltshot","Adrenaline Junkie, Box Breathing, Meganeura",9,Adrenaline Junkie+Collective Demolition | Adrenaline Junkie+Impromptu Ammunition | Adrenaline Junkie+Voltshot | Box Breathing+Collective Demolition | Box Breathing+Impromptu Ammunition | Box Breathing+Voltshot | Collective Demolition+Meganeura | Impromptu Ammunition+Meganeura | Meganeura+Voltshot,2979764077
136,Permafrost,preferred,Grenade Launcher,Stasis,1,0,0,1,"Attrition Orbs, Lead from Gold, Rimestealer","Crystalline Corpsebloom, Pugilist, Reaper's Tithe",9,Attrition Orbs+Crystalline Corpsebloom | Attrition Orbs+Pugilist | Attrition Orbs+Reaper's Tithe | Crystalline Corpsebloom+Lead from Gold | Crystalline Corpsebloom+Rimestealer | Lead from Gold+Pugilist | Lead from Gold+Reaper's Tithe | Pugilist+Rimestealer | Reaper's Tithe+Rimestealer,2922964484
137,Nightshade,preferred,Pulse Rifle,Strand,1,0,0,1,"Lead From Light, Moving Target, Outlaw","Feeding Frenzy, Hatchling, Kill Clip",9,Feeding Frenzy+Lead From Light | Feeding Frenzy+Moving Target | Feeding Frenzy+Outlaw | Hatchling+Lead From Light | Hatchling+Moving Target | Hatchling+Outlaw | Kill Clip+Lead From Light | Kill Clip+Moving Target | Kill Clip+Outlaw,1559068369
138,Hushed Whisper,preferred,Combat Bow,Strand,1,0,0,1,"Slice, Snapshot Sights, Tear","Aggregate Charge, Archer's Gambit, Collective Action",9,Aggregate Charge+Slice | Aggregate Charge+Snapshot Sights | Aggregate Charge+Tear | Archer's Gambit+Slice | Archer's Gambit+Snapshot Sights | Archer's Gambit+Tear | Collective Action+Slice | Collective Action+Snapshot Sights | Collective Action+Tear,3574168117
139,Last Thursday,preferred,Pulse Rifle,Strand,1,0,0,1,"Built to Blast, Strategist, Transcendent Moment","Frenzy, Headseeker, Slice",9,Built to Blast+Frenzy | Built to Blast+Headseeker | Built to Blast+Slice | Frenzy+Strategist | Frenzy+Transcendent Moment | Headseeker+Strategist | Headseeker+Transcendent Moment | Slice+Strategist | Slice+Transcendent Moment,3813721211
140,Nessa's Oblation (Adept),preferred,Shotgun,Void,0,1,1,0,"Dragonfly, Envious Assassin, Proximity Power","Harmony, Paracausal Affinity, Vorpal Weapon",9,Dragonfly+Harmony | Dragonfly+Paracausal Affinity | Dragonfly+Vorpal Weapon | Envious Assassin+Harmony | Envious Assassin+Paracausal Affinity | Envious Assassin+Vorpal Weapon | Harmony+Proximity Power | Paracausal Affinity+Proximity Power | Proximity Power+Vorpal Weapon,522366885
141,Mykel's Reverence (Adept),preferred,Sidearm,Strand,0,1,1,0,"Collective Demolition, Elemental Capacitor, Pugilist","Binary Orbit, Hatchling, Paracausal Affinity",9,Binary Orbit+Collective Demolition | Binary Orbit+Elemental Capacitor | Binary Orbit+Pugilist | Collective Demolition+Hatchling | Collective Demolition+Paracausal Affinity | Elemental Capacitor+Hatchling | Elemental Capacitor+Paracausal Affinity | Hatchling+Pugilist | Paracausal Affinity+Pugilist,1986287028
142,Monody-44,preferred,Fusion Rifle,Void,1,0,0,1,"Discord, Enlightened Action, Repulsor Brace","Successful Warm-Up, Surrounded, Withering Gaze",9,Discord+Successful Warm-Up | Discord+Surrounded | Discord+Withering Gaze | Enlightened Action+Successful Warm-Up | Enlightened Action+Surrounded | Enlightened Action+Withering Gaze | Repulsor Brace+Successful Warm-Up | Repulsor Brace+Surrounded | Repulsor Brace+Withering Gaze,3201200906
143,Mirror Imago (Adept),preferred,Submachine Gun,Strand,0,1,0,1,"Grave Robber, Overflow, Subsistence","Offhand Strike, Permeability, Unrelenting",9,Grave Robber+Offhand Strike | Grave Robber+Permeability | Grave Robber+Unrelenting | Offhand Strike+Overflow | Offhand Strike+Subsistence | Overflow+Permeability | Overflow+Unrelenting | Permeability+Subsistence | Subsistence+Unrelenting,4116546788
144,Mint Retrograde,preferred,Pulse Rifle,Strand,1,0,0,1,"Beacon Rounds, Hatchling, Rewind Rounds","Bait and Switch, Elemental Honing, Frenzy",9,Bait and Switch+Beacon Rounds | Bait and Switch+Hatchling | Bait and Switch+Rewind Rounds | Beacon Rounds+Elemental Honing | Beacon Rounds+Frenzy | Elemental Honing+Hatchling | Elemental Honing+Rewind Rounds | Frenzy+Hatchling | Frenzy+Rewind Rounds,3285784871
145,Fatebringer (Timelost),preferred,Hand Cannon,Kinetic,0,1,1,0,"Kinetic Tremors, Opening Shot, Stopping Power","All-Star, Binary Orbit, Precision Instrument",9,All-Star+Kinetic Tremors | All-Star+Opening Shot | All-Star+Stopping Power | Binary Orbit+Kinetic Tremors | Binary Orbit+Opening Shot | Binary Orbit+Stopping Power | Kinetic Tremors+Precision Instrument | Opening Shot+Precision Instrument | Precision Instrument+Stopping Power,4219826183
146,Praedyth's Revenge (Timelost),preferred,Sniper Rifle,Kinetic,0,1,1,0,"Bewildering Burst, Envious Arsenal, Osmosis","Closing Time, Firefly, High-Impact Reserves",9,Bewildering Burst+Closing Time | Bewildering Burst+Firefly | Bewildering Burst+High-Impact Reserves | Closing Time+Envious Arsenal | Closing Time+Osmosis | Envious Arsenal+Firefly | Envious Arsenal+High-Impact Reserves | Firefly+Osmosis | High-Impact Reserves+Osmosis,2362652544
147,Rufus's Fury (Adept),preferred,Auto Rifle,Strand,0,1,1,0,"Keep Away, Reconstruction, Thresh","Chaos Reshaped, Tap the Trigger, Target Lock",9,Chaos Reshaped+Keep Away | Chaos Reshaped+Reconstruction | Chaos Reshaped+Thresh | Keep Away+Tap the Trigger | Keep Away+Target Lock | Reconstruction+Tap the Trigger | Reconstruction+Target Lock | Tap the Trigger+Thresh | Target Lock+Thresh,342514437
148,Null Composure,preferred,Fusion Rifle,Void,1,0,0,1,"Feeding Frenzy, Heating Up, Overflow","Closing Time, High-Impact Reserves, Master of Arms",9,Closing Time+Feeding Frenzy | Closing Time+Heating Up | Closing Time+Overflow | Feeding Frenzy+High-Impact Reserves | Feeding Frenzy+Master of Arms | Heating Up+High-Impact Reserves | Heating Up+Master of Arms | High-Impact Reserves+Overflow | Master of Arms+Overflow,3613444087
149,Mindbender's Ambition,preferred,Shotgun,Solar,1,0,0,1,"Auto-Loading Holster, Lead from Gold, Pugilist","Fragile Focus, One-Two Punch, Steady Hands",9,Auto-Loading Holster+Fragile Focus | Auto-Loading Holster+One-Two Punch | Auto-Loading Holster+Steady Hands | Fragile Focus+Lead from Gold | Fragile Focus+Pugilist | Lead from Gold+One-Two Punch | Lead from Gold+Steady Hands | One-Two Punch+Pugilist | Pugilist+Steady Hands,1094005544
150,MIDA Mini-Tool,preferred,Submachine Gun,Solar,1,0,0,1,"Discord, Hip-Fire Grip, Loose Change","Collective Pugilism, Master of Arms, Offhand Strike",9,Collective Pugilism+Discord | Collective Pugilism+Hip-Fire Grip | Collective Pugilism+Loose Change | Discord+Master of Arms | Discord+Offhand Strike | Hip-Fire Grip+Master of Arms | Hip-Fire Grip+Offhand Strike | Loose Change+Master of Arms | Loose Change+Offhand Strike,3946054154
151,Last Perdition,preferred,Pulse Rifle,Void,1,0,0,1,"Firmly Planted, Grave Robber, Moving Target","Full Auto Trigger System, Headseeker, High-Impact Reserves",9,Firmly Planted+Full Auto Trigger System | Firmly Planted+Headseeker | Firmly Planted+High-Impact Reserves | Full Auto Trigger System+Grave Robber | Full Auto Trigger System+Moving Target | Grave Robber+Headseeker | Grave Robber+High-Impact Reserves | Headseeker+Moving Target | High-Impact Reserves+Moving Target,188882152
152,The Third Axiom,preferred,Pulse Rifle,Arc,1,0,0,1,"Slideshot, Surplus, Zen Moment","Multikill Clip, One for All, Sympathetic Arsenal",9,Multikill Clip+Slideshot | Multikill Clip+Surplus | Multikill Clip+Zen Moment | One for All+Slideshot | One for All+Surplus | One for All+Zen Moment | Slideshot+Sympathetic Arsenal | Surplus+Sympathetic Arsenal | Sympathetic Arsenal+Zen Moment,3744058588
153,Keen Thistle,preferred,Sniper Rifle,Solar,1,0,0,1,"Lead from Gold, Triple Tap, Under Pressure","Elemental Honing, Fourth Time's the Charm, Moving Target",9,Elemental Honing+Lead from Gold | Elemental Honing+Triple Tap | Elemental Honing+Under Pressure | Fourth Time's the Charm+Lead from Gold | Fourth Time's the Charm+Triple Tap | Fourth Time's the Charm+Under Pressure | Lead from Gold+Moving Target | Moving Target+Triple Tap | Moving Target+Under Pressure,2499834164
154,Jorum's Claw,preferred,Pulse Rifle,Solar,1,0,0,1,"Gutshot Straight, Iron Grip, Offhand Strike","Frenzy, Golden Tricorn, Incandescent",9,Frenzy+Gutshot Straight | Frenzy+Iron Grip | Frenzy+Offhand Strike | Golden Tricorn+Gutshot Straight | Golden Tricorn+Iron Grip | Golden Tricorn+Offhand Strike | Gutshot Straight+Incandescent | Incandescent+Iron Grip | Incandescent+Offhand Strike,62937067
155,Infinite Paths 8,preferred,Pulse Rifle,Arc,1,0,0,1,"Auto-Loading Holster, Genesis, Threat Detector","Eye of the Storm, Shield Disorient, Swashbuckler",9,Auto-Loading Holster+Eye of the Storm | Auto-Loading Holster+Shield Disorient | Auto-Loading Holster+Swashbuckler | Eye of the Storm+Genesis | Eye of the Storm+Threat Detector | Genesis+Shield Disorient | Genesis+Swashbuckler | Shield Disorient+Threat Detector | Swashbuckler+Threat Detector,3233390913
156,Precipial,preferred,Shotgun,Void,1,0,0,1,"Lone Wolf, One-Two Punch, Repulsor Brace","Destabilizing Rounds, Discord, Slideshot",9,Destabilizing Rounds+Lone Wolf | Destabilizing Rounds+One-Two Punch | Destabilizing Rounds+Repulsor Brace | Discord+Lone Wolf | Discord+One-Two Punch | Discord+Repulsor Brace | Lone Wolf+Slideshot | One-Two Punch+Slideshot | Repulsor Brace+Slideshot,367772693
157,Anamnesis (Adept),preferred,Combat Bow,Void,0,1,0,1,"Perfect Float, Successful Warm-Up, To the Pain","Adagio, Demoralize, Impulse Amplifier",9,Adagio+Perfect Float | Adagio+Successful Warm-Up | Adagio+To the Pain | Demoralize+Perfect Float | Demoralize+Successful Warm-Up | Demoralize+To the Pain | Impulse Amplifier+Perfect Float | Impulse Amplifier+Successful Warm-Up | Impulse Amplifier+To the Pain,3949253499
158,The Title,preferred,Submachine Gun,Void,1,0,0,1,"Closing Time, Perpetual Motion, Recycled Energy","Demoralize, Elemental Honing, Rangefinder",9,Closing Time+Demoralize | Closing Time+Elemental Honing | Closing Time+Rangefinder | Demoralize+Perpetual Motion | Demoralize+Recycled Energy | Elemental Honing+Perpetual Motion | Elemental Honing+Recycled Energy | Perpetual Motion+Rangefinder | Rangefinder+Recycled Energy,4106258882
159,Maahes HC4,preferred,Hand Cannon,Void,1,0,0,1,"Enlightened Action, Pulse Monitor, Unrelenting","Disruption Break, Golden Tricorn Enhanced, Swashbuckler",9,Disruption Break+Enlightened Action | Disruption Break+Pulse Monitor | Disruption Break+Unrelenting | Enlightened Action+Golden Tricorn Enhanced | Enlightened Action+Swashbuckler | Golden Tricorn Enhanced+Pulse Monitor | Golden Tricorn Enhanced+Unrelenting | Pulse Monitor+Swashbuckler | Swashbuckler+Unrelenting,1246793994
160,Thin Precipice,preferred,Sword,Strand,1,0,1,1,"Flash Counter, Steady Hands, Valiant Charge","Adrenaline Junkie, Collective Action, Golden Tricorn",9,Adrenaline Junkie+Flash Counter | Adrenaline Junkie+Steady Hands | Adrenaline Junkie+Valiant Charge | Collective Action+Flash Counter | Collective Action+Steady Hands | Collective Action+Valiant Charge | Flash Counter+Golden Tricorn | Golden Tricorn+Steady Hands | Golden Tricorn+Valiant Charge,4066778670
161,Inbound Surveillance,preferred,Scout Rifle,Kinetic,1,0,0,1,"Bewildering Burst, Keep Away, Lucky Shot","Frenzy, Kinetic Tremors, Redirection",9,Bewildering Burst+Frenzy | Bewildering Burst+Kinetic Tremors | Bewildering Burst+Redirection | Frenzy+Keep Away | Frenzy+Lucky Shot | Keep Away+Kinetic Tremors | Keep Away+Redirection | Kinetic Tremors+Lucky Shot | Lucky Shot+Redirection,2776506837
162,Something Something,preferred,Sniper Rifle,Kinetic,1,0,0,1,"Discord, No Distractions, Snapshot Sights","Adhesive Ordnance, Box Breathing, Elemental Honing",9,Adhesive Ordnance+Discord | Adhesive Ordnance+No Distractions | Adhesive Ordnance+Snapshot Sights | Box Breathing+Discord | Box Breathing+No Distractions | Box Breathing+Snapshot Sights | Discord+Elemental Honing | Elemental Honing+No Distractions | Elemental Honing+Snapshot Sights,3421075982
163,The Helmsman,preferred,Sniper Rifle,Arc,1,0,0,1,"Explosive Payload, Light Touch, Lone Wolf","Box Breathing, Gear Shift, Vorpal Weapon",9,Box Breathing+Explosive Payload | Box Breathing+Light Touch | Box Breathing+Lone Wolf | Explosive Payload+Gear Shift | Explosive Payload+Vorpal Weapon | Gear Shift+Light Touch | Gear Shift+Lone Wolf | Light Touch+Vorpal Weapon | Lone Wolf+Vorpal Weapon,3215649176
164,Imminence (Adept),preferred,Submachine Gun,Strand,0,1,1,0,"Ambitious Assassin, Perpetual Motion, Tear","Firefly, Hatchling, Paracausal Affinity",9,Ambitious Assassin+Firefly | Ambitious Assassin+Hatchling | Ambitious Assassin+Paracausal Affinity | Firefly+Perpetual Motion | Firefly+Tear | Hatchling+Perpetual Motion | Hatchling+Tear | Paracausal Affinity+Perpetual Motion | Paracausal Affinity+Tear,3951511045
165,Hezen Vengeance (Timelost),preferred,Rocket Launcher,Solar,0,1,1,0,"Blast Distributor, Cluster Bomb, Overflow","Bipod, Collective Action, Lasting Impression",9,Bipod+Blast Distributor | Bipod+Cluster Bomb | Bipod+Overflow | Blast Distributor+Collective Action | Blast Distributor+Lasting Impression | Cluster Bomb+Collective Action | Cluster Bomb+Lasting Impression | Collective Action+Overflow | Lasting Impression+Overflow,3623686757
166,Gunnora's Axe,preferred,Shotgun,Arc,1,0,0,1,"Field Prep, Outlaw, Pulse Monitor","Demolitionist, Slideshot, Triple Tap",9,Demolitionist+Field Prep | Demolitionist+Outlaw | Demolitionist+Pulse Monitor | Field Prep+Slideshot | Field Prep+Triple Tap | Outlaw+Slideshot | Outlaw+Triple Tap | Pulse Monitor+Slideshot | Pulse Monitor+Triple Tap,2326716489
167,Hawthorne's Field-Forged Shotgun,preferred,Shotgun,Kinetic,1,0,0,1,"Firmly Planted, Full Auto Trigger System, Grave Robber","Eye of the Storm, Hip-Fire Grip, One-Two Punch",9,Eye of the Storm+Firmly Planted | Eye of the Storm+Full Auto Trigger System | Eye of the Storm+Grave Robber | Firmly Planted+Hip-Fire Grip | Firmly Planted+One-Two Punch | Full Auto Trigger System+Hip-Fire Grip | Full Auto Trigger System+One-Two Punch | Grave Robber+Hip-Fire Grip | Grave Robber+One-Two Punch,1807343361
168,Wicked Sister,preferred,Grenade Launcher,Strand,1,0,0,1,"Quickdraw, Slice, Strategist","Full Court, High Ground, Reverberation",9,Full Court+Quickdraw | Full Court+Slice | Full Court+Strategist | High Ground+Quickdraw | High Ground+Slice | High Ground+Strategist | Quickdraw+Reverberation | Reverberation+Slice | Reverberation+Strategist,2039776723
169,Cataphract GL3,preferred,Grenade Launcher,Strand,1,0,0,1,"Blast Distributor, Envious Arsenal, Envious Assassin","Bait and Switch, Demolitionist, Impromptu Ammunition",9,Bait and Switch+Blast Distributor | Bait and Switch+Envious Arsenal | Bait and Switch+Envious Assassin | Blast Distributor+Demolitionist | Blast Distributor+Impromptu Ammunition | Demolitionist+Envious Arsenal | Demolitionist+Envious Assassin | Envious Arsenal+Impromptu Ammunition | Envious Assassin+Impromptu Ammunition,3805679279
170,Unwavering Duty,preferred,Machine Gun,Solar,1,0,0,1,"Auto-Loading Holster, Incandescent, Rampage","Burning Ambition, Cascade Point, Onslaught",9,Auto-Loading Holster+Burning Ambition | Auto-Loading Holster+Cascade Point | Auto-Loading Holster+Onslaught | Burning Ambition+Incandescent | Burning Ambition+Rampage | Cascade Point+Incandescent | Cascade Point+Rampage | Incandescent+Onslaught | Onslaught+Rampage,3489054606
171,Tusk of the Boar,preferred,Grenade Launcher,Strand,1,0,0,1,"Pulse Monitor, Slice, Slideways","Chain Reaction, Deconstruct, Hatchling",9,Chain Reaction+Pulse Monitor | Chain Reaction+Slice | Chain Reaction+Slideways | Deconstruct+Pulse Monitor | Deconstruct+Slice | Deconstruct+Slideways | Hatchling+Pulse Monitor | Hatchling+Slice | Hatchling+Slideways,1218113510
172,Adamantite (Adept),preferred,Auto Rifle,Strand,0,1,0,1,"Reciprocity, Subsistence, Unrelenting","Frenzy, Kill Clip, Tear",9,Frenzy+Reciprocity | Frenzy+Subsistence | Frenzy+Unrelenting | Kill Clip+Reciprocity | Kill Clip+Subsistence | Kill Clip+Unrelenting | Reciprocity+Tear | Subsistence+Tear | Tear+Unrelenting,3485029080
173,Abyssal Edge,preferred,Sword,Strand,1,0,0,1,"Duelist's Trance, Energy Transfer, Valiant Charge","Demolitionist, Elemental Honing, Redirection",9,Demolitionist+Duelist's Trance | Demolitionist+Energy Transfer | Demolitionist+Valiant Charge | Duelist's Trance+Elemental Honing | Duelist's Trance+Redirection | Elemental Honing+Energy Transfer | Elemental Honing+Valiant Charge | Energy Transfer+Redirection | Redirection+Valiant Charge,4221591387
174,Triple Laureate,preferred,Hand Cannon,Stasis,1,0,0,1,"Ambitious Assassin, Feeding Frenzy, Rangefinder","Chaos Reshaped, Pugilist, Trench Barrel",9,Ambitious Assassin+Chaos Reshaped | Ambitious Assassin+Pugilist | Ambitious Assassin+Trench Barrel | Chaos Reshaped+Feeding Frenzy | Chaos Reshaped+Rangefinder | Feeding Frenzy+Pugilist | Feeding Frenzy+Trench Barrel | Pugilist+Rangefinder | Rangefinder+Trench Barrel,2908653246
175,Defiance of Yasmin (Harrowed),preferred,Sniper Rifle,Kinetic,0,1,1,0,"Firefly, Rewind Rounds, Shoot to Loot","Demolitionist, Firing Line, Slickdraw",9,Demolitionist+Firefly | Demolitionist+Rewind Rounds | Demolitionist+Shoot to Loot | Firefly+Firing Line | Firefly+Slickdraw | Firing Line+Rewind Rounds | Firing Line+Shoot to Loot | Rewind Rounds+Slickdraw | Shoot to Loot+Slickdraw,3503019618
176,D.F.A.,preferred,Hand Cannon,Kinetic,1,0,0,1,"Perpetual Motion, Steady Hands, Tunnel Vision","Focused Fury, Timed Payload, Vorpal Weapon",9,Focused Fury+Perpetual Motion | Focused Fury+Steady Hands | Focused Fury+Tunnel Vision | Perpetual Motion+Timed Payload | Perpetual Motion+Vorpal Weapon | Steady Hands+Timed Payload | Steady Hands+Vorpal Weapon | Timed Payload+Tunnel Vision | Tunnel Vision+Vorpal Weapon,575830664
177,BxR-55 Battler,preferred,Pulse Rifle,Solar,1,0,1,1,"Perpetual Motion, Pugilist, Snapshot Sights","Blunt Execution Rounds, Eye of the Storm, Incandescent",9,Blunt Execution Rounds+Perpetual Motion | Blunt Execution Rounds+Pugilist | Blunt Execution Rounds+Snapshot Sights | Eye of the Storm+Perpetual Motion | Eye of the Storm+Pugilist | Eye of the Storm+Snapshot Sights | Incandescent+Perpetual Motion | Incandescent+Pugilist | Incandescent+Snapshot Sights,2708806099
178,Briar's Contempt (Adept),preferred,Linear Fusion Rifle,Solar,0,1,1,0,"Burning Ambition, Incandescent, Slideshot","Adagio, High-Impact Reserves, Surrounded",9,Adagio+Burning Ambition | Adagio+Incandescent | Adagio+Slideshot | Burning Ambition+High-Impact Reserves | Burning Ambition+Surrounded | High-Impact Reserves+Incandescent | High-Impact Reserves+Slideshot | Incandescent+Surrounded | Slideshot+Surrounded,2890082420
179,Aurora Dawn,preferred,Sword,Stasis,1,0,0,1,"Flash Counter, Proximity Power, Rimestealer","Binary Orbit, Cold Steel, Elemental Honing",9,Binary Orbit+Flash Counter | Binary Orbit+Proximity Power | Binary Orbit+Rimestealer | Cold Steel+Flash Counter | Cold Steel+Proximity Power | Cold Steel+Rimestealer | Elemental Honing+Flash Counter | Elemental Honing+Proximity Power | Elemental Honing+Rimestealer,2111625436
180,Jurisprudent,preferred,Scout Rifle,Stasis,1,0,0,1,"Built to Blast, Enlightened Action, Lone Wolf","Adrenaline Junkie, Harmony, No Distractions",9,Adrenaline Junkie+Built to Blast | Adrenaline Junkie+Enlightened Action | Adrenaline Junkie+Lone Wolf | Built to Blast+Harmony | Built to Blast+No Distractions | Enlightened Action+Harmony | Enlightened Action+No Distractions | Harmony+Lone Wolf | Lone Wolf+No Distractions,4090134063
181,Astral Horizon,preferred,Shotgun,Kinetic,1,0,0,1,"Dual Loader, Lead from Gold, Surplus","Celerity, Killing Wind, Trench Barrel",9,Celerity+Dual Loader | Celerity+Lead from Gold | Celerity+Surplus | Dual Loader+Killing Wind | Dual Loader+Trench Barrel | Killing Wind+Lead from Gold | Killing Wind+Surplus | Lead from Gold+Trench Barrel | Surplus+Trench Barrel,1697682876
182,Archon's Thunder,preferred,Machine Gun,Stasis,1,0,0,1,"Air Trigger, Envious Assassin, High-Impact Reserves","Desperate Measures, Killing Tally, Rewind Rounds",9,Air Trigger+Desperate Measures | Air Trigger+Killing Tally | Air Trigger+Rewind Rounds | Desperate Measures+Envious Assassin | Desperate Measures+High-Impact Reserves | Envious Assassin+Killing Tally | Envious Assassin+Rewind Rounds | High-Impact Reserves+Killing Tally | High-Impact Reserves+Rewind Rounds,2896109856
183,Anonymous Autumn,preferred,Sidearm,Arc,1,0,0,1,"Closing Time, Eddy Current, Offhand Strike","Desperate Measures, Multikill Clip, Rampage",9,Closing Time+Desperate Measures | Closing Time+Multikill Clip | Closing Time+Rampage | Desperate Measures+Eddy Current | Desperate Measures+Offhand Strike | Eddy Current+Multikill Clip | Eddy Current+Rampage | Multikill Clip+Offhand Strike | Offhand Strike+Rampage,1644501332
184,Ammit AR2,preferred,Auto Rifle,Solar,1,0,1,1,"Stats for All, Triple Tap, Turnabout","Adaptive Munitions, Adrenaline Junkie, Gutshot Straight",9,Adaptive Munitions+Stats for All | Adaptive Munitions+Triple Tap | Adaptive Munitions+Turnabout | Adrenaline Junkie+Stats for All | Adrenaline Junkie+Triple Tap | Adrenaline Junkie+Turnabout | Gutshot Straight+Stats for All | Gutshot Straight+Triple Tap | Gutshot Straight+Turnabout,2119346509
185,Acasia's Dejection (Adept),preferred,Trace Rifle,Solar,0,1,1,0,"Burning Ambition, Field Prep, Hip-Fire Grip","Detonator Beam, Harmony, Target Lock",9,Burning Ambition+Detonator Beam | Burning Ambition+Harmony | Burning Ambition+Target Lock | Detonator Beam+Field Prep | Detonator Beam+Hip-Fire Grip | Field Prep+Harmony | Field Prep+Target Lock | Harmony+Hip-Fire Grip | Hip-Fire Grip+Target Lock,3493494807
186,Word of Crota (Adept),preferred,Hand Cannon,Void,0,1,1,0,"Collective Demolition, Demolitionist, Rapid Hit","Destabilizing Rounds, Magnificent Howl, Master of Arms",9,Collective Demolition+Destabilizing Rounds | Collective Demolition+Magnificent Howl | Collective Demolition+Master of Arms | Demolitionist+Destabilizing Rounds | Demolitionist+Magnificent Howl | Demolitionist+Master of Arms | Destabilizing Rounds+Rapid Hit | Magnificent Howl+Rapid Hit | Master of Arms+Rapid Hit,3926103986
187,Veiled Threat,preferred,Auto Rifle,Stasis,1,0,1,1,"Attrition Orbs, Shoot to Loot, Strategist","Desperate Measures, Gutshot Straight, Headstone",9,Attrition Orbs+Desperate Measures | Attrition Orbs+Gutshot Straight | Attrition Orbs+Headstone | Desperate Measures+Shoot to Loot | Desperate Measures+Strategist | Gutshot Straight+Shoot to Loot | Gutshot Straight+Strategist | Headstone+Shoot to Loot | Headstone+Strategist,3685470415
188,Joxer's Longsword,preferred,Pulse Rifle,Void,1,0,0,1,"Gutshot Straight, Killing Wind, Rewind Rounds","Demoralize, Under Pressure, Zen Moment",9,Demoralize+Gutshot Straight | Demoralize+Killing Wind | Demoralize+Rewind Rounds | Gutshot Straight+Under Pressure | Gutshot Straight+Zen Moment | Killing Wind+Under Pressure | Killing Wind+Zen Moment | Rewind Rounds+Under Pressure | Rewind Rounds+Zen Moment,157601190
189,Unending Tempest,preferred,Submachine Gun,Stasis,1,0,0,1,"Gutshot Straight, Shot Swap, Under-Over","Collective Action, Headstone, Multikill Clip",9,Collective Action+Gutshot Straight | Collective Action+Shot Swap | Collective Action+Under-Over | Gutshot Straight+Headstone | Gutshot Straight+Multikill Clip | Headstone+Shot Swap | Headstone+Under-Over | Multikill Clip+Shot Swap | Multikill Clip+Under-Over,2510526114
190,The Ringing Nail,preferred,Auto Rifle,Solar,1,0,0,1,"Heal Clip, Rewind Rounds, Zen Moment","Disruption Break, Rampage, Sword Logic",9,Disruption Break+Heal Clip | Disruption Break+Rewind Rounds | Disruption Break+Zen Moment | Heal Clip+Rampage | Heal Clip+Sword Logic | Rampage+Rewind Rounds | Rampage+Zen Moment | Rewind Rounds+Sword Logic | Sword Logic+Zen Moment,4206550094
191,Blast Furnace,preferred,Pulse Rifle,Kinetic,1,0,0,1,"Headseeker, Kinetic Tremors, Shoot to Loot","Firefly, Kill Clip, One for All",9,Firefly+Headseeker | Firefly+Kinetic Tremors | Firefly+Shoot to Loot | Headseeker+Kill Clip | Headseeker+One for All | Kill Clip+Kinetic Tremors | Kill Clip+Shoot to Loot | Kinetic Tremors+One for All | One for All+Shoot to Loot,2533990645
192,Retraced Path,preferred,Trace Rifle,Solar,1,0,1,1,"Adaptive Munitions, Feeding Frenzy, Well-Rounded","Disruption Break, Golden Tricorn, Golden Tricorn Enhanced",9,Adaptive Munitions+Disruption Break | Adaptive Munitions+Golden Tricorn | Adaptive Munitions+Golden Tricorn Enhanced | Disruption Break+Feeding Frenzy | Disruption Break+Well-Rounded | Feeding Frenzy+Golden Tricorn | Feeding Frenzy+Golden Tricorn Enhanced | Golden Tricorn+Well-Rounded | Golden Tricorn Enhanced+Well-Rounded,548958835
193,Eleatic Principle,preferred,Machine Gun,Arc,1,0,1,1,"Eddy Current, Heating Up, Zen Moment","Adaptive Munitions, Rangefinder, Tap the Trigger",9,Adaptive Munitions+Eddy Current | Adaptive Munitions+Heating Up | Adaptive Munitions+Zen Moment | Eddy Current+Rangefinder | Eddy Current+Tap the Trigger | Heating Up+Rangefinder | Heating Up+Tap the Trigger | Rangefinder+Zen Moment | Tap the Trigger+Zen Moment,105306149
194,The Mountaintop,preferred,Grenade Launcher,Kinetic,1,0,0,1,"Auto-Loading Holster, Lead from Gold, Slickdraw","Adrenaline Junkie, Rampage, Recombination",9,Adrenaline Junkie+Auto-Loading Holster | Adrenaline Junkie+Lead from Gold | Adrenaline Junkie+Slickdraw | Auto-Loading Holster+Rampage | Auto-Loading Holster+Recombination | Lead from Gold+Rampage | Lead from Gold+Recombination | Rampage+Slickdraw | Recombination+Slickdraw,4043921923
195,The Messenger,preferred,Pulse Rifle,Kinetic,1,0,0,1,"Discord, Offhand Strike, Under-Over","Desperado, Encore, Kinetic Tremors",9,Desperado+Discord | Desperado+Offhand Strike | Desperado+Under-Over | Discord+Encore | Discord+Kinetic Tremors | Encore+Offhand Strike | Encore+Under-Over | Kinetic Tremors+Offhand Strike | Kinetic Tremors+Under-Over,3796795102
196,The Hothead,preferred,Rocket Launcher,Arc,1,0,0,1,"Envious Arsenal, Reconstruction, Tracking Module","Aggregate Charge, Bipod, Clown Cartridge",9,Aggregate Charge+Envious Arsenal | Aggregate Charge+Reconstruction | Aggregate Charge+Tracking Module | Bipod+Envious Arsenal | Bipod+Reconstruction | Bipod+Tracking Module | Clown Cartridge+Envious Arsenal | Clown Cartridge+Reconstruction | Clown Cartridge+Tracking Module,3960301269
197,Tomorrow's Answer,preferred,Rocket Launcher,Void,1,0,0,1,"Envious Assassin, Tracking Module, Withering Gaze","Cluster Bomb, Explosive Light, Frenzy",9,Cluster Bomb+Envious Assassin | Cluster Bomb+Tracking Module | Cluster Bomb+Withering Gaze | Envious Assassin+Explosive Light | Envious Assassin+Frenzy | Explosive Light+Tracking Module | Explosive Light+Withering Gaze | Frenzy+Tracking Module | Frenzy+Withering Gaze,3009199534
198,Tatara Gaze,preferred,Sniper Rifle,Arc,1,0,0,1,"Overflow, Quickdraw, Rewind Rounds","Mega Kill Clip, Redirection, Triple Tap",9,Mega Kill Clip+Overflow | Mega Kill Clip+Quickdraw | Mega Kill Clip+Rewind Rounds | Overflow+Redirection | Overflow+Triple Tap | Quickdraw+Redirection | Quickdraw+Triple Tap | Redirection+Rewind Rounds | Rewind Rounds+Triple Tap,3595694326
199,21% Delirium,preferred,Machine Gun,Arc,1,0,0,1,"Feeding Frenzy, Reconstruction, Trickle Charge","Frenzy, Gear Shift, Killing Tally",9,Feeding Frenzy+Frenzy | Feeding Frenzy+Gear Shift | Feeding Frenzy+Killing Tally | Frenzy+Reconstruction | Frenzy+Trickle Charge | Gear Shift+Reconstruction | Gear Shift+Trickle Charge | Killing Tally+Reconstruction | Killing Tally+Trickle Charge,3001598094
200,Survivor's Epitaph,preferred,Hand Cannon,Kinetic,1,0,0,1,"Eye of the Storm, Feeding Frenzy, High-Impact Reserves","Explosive Payload, Multikill Clip, Precision Instrument",9,Explosive Payload+Eye of the Storm | Explosive Payload+Feeding Frenzy | Explosive Payload+High-Impact Reserves | Eye of the Storm+Multikill Clip | Eye of the Storm+Precision Instrument | Feeding Frenzy+Multikill Clip | Feeding Frenzy+Precision Instrument | High-Impact Reserves+Multikill Clip | High-Impact Reserves+Precision Instrument,4059111040
201,Sorrow's Verse,preferred,Auto Rifle,Arc,1,0,0,1,"Dynamic Sway Reduction, Recycled Energy, Tap the Trigger","Demolitionist, Target Lock, Voltshot",9,Demolitionist+Dynamic Sway Reduction | Demolitionist+Recycled Energy | Demolitionist+Tap the Trigger | Dynamic Sway Reduction+Target Lock | Dynamic Sway Reduction+Voltshot | Recycled Energy+Target Lock | Recycled Energy+Voltshot | Tap the Trigger+Target Lock | Tap the Trigger+Voltshot,2557966895
202,Seraphine Haze,preferred,Submachine Gun,Stasis,1,0,0,1,"Dynamic Sway Reduction, Lead From Light, Subsistence","Adrenaline Junkie, Attrition Orbs, Collective Pugilism",9,Adrenaline Junkie+Dynamic Sway Reduction | Adrenaline Junkie+Lead From Light | Adrenaline Junkie+Subsistence | Attrition Orbs+Dynamic Sway Reduction | Attrition Orbs+Lead From Light | Attrition Orbs+Subsistence | Collective Pugilism+Dynamic Sway Reduction | Collective Pugilism+Lead From Light | Collective Pugilism+Subsistence,1524387902
203,Nullify (Adept),preferred,Pulse Rifle,Solar,0,1,1,0,"Firefly, Fourth Time's the Charm, Rapid Hit","Chaos Reshaped, Multikill Clip, Vorpal Weapon",9,Chaos Reshaped+Firefly | Chaos Reshaped+Fourth Time's the Charm | Chaos Reshaped+Rapid Hit | Firefly+Multikill Clip | Firefly+Vorpal Weapon | Fourth Time's the Charm+Multikill Clip | Fourth Time's the Charm+Vorpal Weapon | Multikill Clip+Rapid Hit | Rapid Hit+Vorpal Weapon,892183998
204,Scintillation,preferred,Linear Fusion Rifle,Strand,1,0,0,1,"Cornered, Rapid Hit, Slice","Firing Line, Reservoir Burst, Surrounded",9,Cornered+Firing Line | Cornered+Reservoir Burst | Cornered+Surrounded | Firing Line+Rapid Hit | Firing Line+Slice | Rapid Hit+Reservoir Burst | Rapid Hit+Surrounded | Reservoir Burst+Slice | Slice+Surrounded,2591257541
205,Resounding,preferred,Fusion Rifle,Strand,1,0,0,1,"Compulsive Reloader, Feeding Frenzy, Threat Detector","Aggregate Charge, One for All, Strategist",9,Aggregate Charge+Compulsive Reloader | Aggregate Charge+Feeding Frenzy | Aggregate Charge+Threat Detector | Compulsive Reloader+One for All | Compulsive Reloader+Strategist | Feeding Frenzy+One for All | Feeding Frenzy+Strategist | One for All+Threat Detector | Strategist+Threat Detector,3273807888
206,Romantic Death,preferred,Grenade Launcher,Void,1,0,0,1,"Proximity Power, Reverberation, Stats for All","Aggregate Charge, Chain Reaction, Impulse Amplifier",9,Aggregate Charge+Proximity Power | Aggregate Charge+Reverberation | Aggregate Charge+Stats for All | Chain Reaction+Proximity Power | Chain Reaction+Reverberation | Chain Reaction+Stats for All | Impulse Amplifier+Proximity Power | Impulse Amplifier+Reverberation | Impulse Amplifier+Stats for All,2979965246
207,Sarpedon-D,preferred,Hand Cannon,Arc,1,0,0,1,"Proximity Power, To the Pain, Trickle Charge","Collective Pugilism, One-Two Punch, Trench Barrel",9,Collective Pugilism+Proximity Power | Collective Pugilism+To the Pain | Collective Pugilism+Trickle Charge | One-Two Punch+Proximity Power | One-Two Punch+To the Pain | One-Two Punch+Trickle Charge | Proximity Power+Trench Barrel | To the Pain+Trench Barrel | Trench Barrel+Trickle Charge,3318545829
208,Riiswalker,preferred,Shotgun,Kinetic,1,0,0,1,"Killing Wind, Shot Swap, Slickdraw","Fragile Focus, Harmony, Iron Reach",9,Fragile Focus+Killing Wind | Fragile Focus+Shot Swap | Fragile Focus+Slickdraw | Harmony+Killing Wind | Harmony+Shot Swap | Harmony+Slickdraw | Iron Reach+Killing Wind | Iron Reach+Shot Swap | Iron Reach+Slickdraw,1764868900
209,Reed's Regret,preferred,Linear Fusion Rifle,Stasis,1,0,0,1,"Auto-Loading Holster, Clown Cartridge, Surplus","Adagio, Successful Warm-Up, Vorpal Weapon",9,Adagio+Auto-Loading Holster | Adagio+Clown Cartridge | Adagio+Surplus | Auto-Loading Holster+Successful Warm-Up | Auto-Loading Holster+Vorpal Weapon | Clown Cartridge+Successful Warm-Up | Clown Cartridge+Vorpal Weapon | Successful Warm-Up+Surplus | Surplus+Vorpal Weapon,3267997292
210,Laser Painter,preferred,Linear Fusion Rifle,Strand,1,0,0,1,"Fragile Focus, Invisible Hand, Stats for All","Golden Tricorn, Golden Tricorn Enhanced, Hip-Fire Grip",9,Fragile Focus+Golden Tricorn | Fragile Focus+Golden Tricorn Enhanced | Fragile Focus+Hip-Fire Grip | Golden Tricorn+Invisible Hand | Golden Tricorn+Stats for All | Golden Tricorn Enhanced+Invisible Hand | Golden Tricorn Enhanced+Stats for All | Hip-Fire Grip+Invisible Hand | Hip-Fire Grip+Stats for All,3221722018
211,Hullabaloo,preferred,Grenade Launcher,Arc,1,0,0,1,"Envious Arsenal, Envious Assassin, Impulse Amplifier","One for All, Rolling Storm, Strategist",9,Envious Arsenal+One for All | Envious Arsenal+Rolling Storm | Envious Arsenal+Strategist | Envious Assassin+One for All | Envious Assassin+Rolling Storm | Envious Assassin+Strategist | Impulse Amplifier+One for All | Impulse Amplifier+Rolling Storm | Impulse Amplifier+Strategist,2666273249
212,Pardon Our Dust,preferred,Grenade Launcher,Kinetic,1,0,1,1,"Ambitious Assassin, Ensemble, Killing Wind","Danger Zone, Turnabout, Wellspring",9,Ambitious Assassin+Danger Zone | Ambitious Assassin+Turnabout | Ambitious Assassin+Wellspring | Danger Zone+Ensemble | Danger Zone+Killing Wind | Ensemble+Turnabout | Ensemble+Wellspring | Killing Wind+Turnabout | Killing Wind+Wellspring,3849810018
213,Parabellum,preferred,Submachine Gun,Solar,1,0,0,1,"Collective Demolition, Killing Wind, Light Touch","Attrition Orbs, Collective Action, One for All",9,Attrition Orbs+Collective Demolition | Attrition Orbs+Killing Wind | Attrition Orbs+Light Touch | Collective Action+Collective Demolition | Collective Action+Killing Wind | Collective Action+Light Touch | Collective Demolition+One for All | Killing Wind+One for All | Light Touch+One for All,3769072067
214,Oversoul Edict (Adept),preferred,Pulse Rifle,Arc,0,1,1,0,"Demolitionist, Eye of the Storm, Perpetual Motion","Headseeker, High Ground, Moving Target",9,Demolitionist+Headseeker | Demolitionist+High Ground | Demolitionist+Moving Target | Eye of the Storm+Headseeker | Eye of the Storm+High Ground | Eye of the Storm+Moving Target | Headseeker+Perpetual Motion | High Ground+Perpetual Motion | Moving Target+Perpetual Motion,578105049
215,Origin Story,preferred,Auto Rifle,Kinetic,1,0,0,1,"Attrition Orbs, Feeding Frenzy, Fragile Focus","Onslaught, Snapshot Sights, Surrounded",9,Attrition Orbs+Onslaught | Attrition Orbs+Snapshot Sights | Attrition Orbs+Surrounded | Feeding Frenzy+Onslaught | Feeding Frenzy+Snapshot Sights | Feeding Frenzy+Surrounded | Fragile Focus+Onslaught | Fragile Focus+Snapshot Sights | Fragile Focus+Surrounded,2826850739
216,Occluded Finality,preferred,Sniper Rifle,Arc,1,0,0,1,"Mulligan, No Distractions, Under Pressure","Demolitionist, Elemental Capacitor, Firing Line",9,Demolitionist+Mulligan | Demolitionist+No Distractions | Demolitionist+Under Pressure | Elemental Capacitor+Mulligan | Elemental Capacitor+No Distractions | Elemental Capacitor+Under Pressure | Firing Line+Mulligan | Firing Line+No Distractions | Firing Line+Under Pressure,852551895
217,Adored,preferred,Sniper Rifle,Arc,1,0,0,1,"Fourth Time's the Charm, Jolting Feedback, Supercharged Magazine","Collective Action, Elemental Honing, Moving Target",9,Collective Action+Fourth Time's the Charm | Collective Action+Jolting Feedback | Collective Action+Supercharged Magazine | Elemental Honing+Fourth Time's the Charm | Elemental Honing+Jolting Feedback | Elemental Honing+Supercharged Magazine | Fourth Time's the Charm+Moving Target | Jolting Feedback+Moving Target | Moving Target+Supercharged Magazine,1405095983
218,Mechabre,preferred,Sniper Rifle,Arc,1,0,0,1,"Eddy Current, Keep Away, Snapshot Sights","Discord, High Ground, High-Impact Reserves",9,Discord+Eddy Current | Discord+Keep Away | Discord+Snapshot Sights | Eddy Current+High Ground | Eddy Current+High-Impact Reserves | High Ground+Keep Away | High Ground+Snapshot Sights | High-Impact Reserves+Keep Away | High-Impact Reserves+Snapshot Sights,3871226707
219,A Distant Pull,preferred,Sniper Rifle,Stasis,1,0,1,1,"Ambitious Assassin, Empty Traits Socket, Triple Tap","Explosive Payload, Headstone, Killing Wind",9,Ambitious Assassin+Explosive Payload | Ambitious Assassin+Headstone | Ambitious Assassin+Killing Wind | Empty Traits Socket+Explosive Payload | Empty Traits Socket+Headstone | Empty Traits Socket+Killing Wind | Explosive Payload+Triple Tap | Headstone+Triple Tap | Killing Wind+Triple Tap,1769847435
220,Malediction,preferred,Hand Cannon,Kinetic,1,0,0,1,"Discord, Shoot to Loot, Sleight of Hand","All-Star, Explosive Payload, Harmony",9,All-Star+Discord | All-Star+Shoot to Loot | All-Star+Sleight of Hand | Discord+Explosive Payload | Discord+Harmony | Explosive Payload+Shoot to Loot | Explosive Payload+Sleight of Hand | Harmony+Shoot to Loot | Harmony+Sleight of Hand,979721268
221,Main Ingredient,preferred,Fusion Rifle,Arc,1,0,0,1,"Firmly Planted, Rampage, Under Pressure","Backup Plan, Quickdraw, Rangefinder",9,Backup Plan+Firmly Planted | Backup Plan+Rampage | Backup Plan+Under Pressure | Firmly Planted+Quickdraw | Firmly Planted+Rangefinder | Quickdraw+Rampage | Quickdraw+Under Pressure | Rampage+Rangefinder | Rangefinder+Under Pressure,253196586
222,Luna's Howl,preferred,Hand Cannon,Solar,1,0,0,1,"Encore, Eye of the Storm, Subsistence","Desperate Measures, Incandescent, Magnificent Howl",9,Desperate Measures+Encore | Desperate Measures+Eye of the Storm | Desperate Measures+Subsistence | Encore+Incandescent | Encore+Magnificent Howl | Eye of the Storm+Incandescent | Eye of the Storm+Magnificent Howl | Incandescent+Subsistence | Magnificent Howl+Subsistence,3757612024
223,Lotus-Eater,preferred,Sidearm,Void,1,0,0,1,"Beacon Rounds, Reconstruction, Shoot to Loot","Adrenaline Junkie, High Ground, Reverberation",9,Adrenaline Junkie+Beacon Rounds | Adrenaline Junkie+Reconstruction | Adrenaline Junkie+Shoot to Loot | Beacon Rounds+High Ground | Beacon Rounds+Reverberation | High Ground+Reconstruction | High Ground+Shoot to Loot | Reconstruction+Reverberation | Reverberation+Shoot to Loot,3922217119
224,Shoreline Dissident,preferred,Sniper Rifle,Void,1,0,0,1,"Ambitious Assassin, Outlaw, Triple Tap","Adagio, Binary Orbit, Demoralize",9,Adagio+Ambitious Assassin | Adagio+Outlaw | Adagio+Triple Tap | Ambitious Assassin+Binary Orbit | Ambitious Assassin+Demoralize | Binary Orbit+Outlaw | Binary Orbit+Triple Tap | Demoralize+Outlaw | Demoralize+Triple Tap,1193318082
225,Abyss Defiant (Adept),preferred,Auto Rifle,Solar,0,1,1,0,"Burning Ambition, Stats for All, Zen Moment","Collective Action, Collective Pugilism, Eye of the Storm",9,Burning Ambition+Collective Action | Burning Ambition+Collective Pugilism | Burning Ambition+Eye of the Storm | Collective Action+Stats for All | Collective Action+Zen Moment | Collective Pugilism+Stats for All | Collective Pugilism+Zen Moment | Eye of the Storm+Stats for All | Eye of the Storm+Zen Moment,3782662983
226,The Hero's Burden,preferred,Submachine Gun,Void,1,0,0,1,"Air Assault, Tunnel Vision, Well-Rounded","Iron Grip, Kill Clip, Repulsor Brace",9,Air Assault+Iron Grip | Air Assault+Kill Clip | Air Assault+Repulsor Brace | Iron Grip+Tunnel Vision | Iron Grip+Well-Rounded | Kill Clip+Tunnel Vision | Kill Clip+Well-Rounded | Repulsor Brace+Tunnel Vision | Repulsor Brace+Well-Rounded,2488587246
227,Veles-X,preferred,Pulse Rifle,Void,1,0,0,1,"Rapid Hit, To the Pain, Wellspring","Desperado, Firefly, Golden Tricorn Enhanced",9,Desperado+Rapid Hit | Desperado+To the Pain | Desperado+Wellspring | Firefly+Rapid Hit | Firefly+To the Pain | Firefly+Wellspring | Golden Tricorn Enhanced+Rapid Hit | Golden Tricorn Enhanced+To the Pain | Golden Tricorn Enhanced+Wellspring,438540299
228,Psi Aeterna IV,preferred,Pulse Rifle,Arc,1,0,0,1,"Blast Distributor, Reverberation, Trickle Charge","Adrenaline Junkie, Jolting Feedback, Rolling Storm",9,Adrenaline Junkie+Blast Distributor | Adrenaline Junkie+Reverberation | Adrenaline Junkie+Trickle Charge | Blast Distributor+Jolting Feedback | Blast Distributor+Rolling Storm | Jolting Feedback+Reverberation | Jolting Feedback+Trickle Charge | Reverberation+Rolling Storm | Rolling Storm+Trickle Charge,3556730800
229,Salvager's Salvo,preferred,Grenade Launcher,Arc,1,0,0,1,"Chain Reaction, Demolitionist, Unrelenting","Collective Action, Reaper's Tithe, Voltshot",9,Chain Reaction+Collective Action | Chain Reaction+Reaper's Tithe | Chain Reaction+Voltshot | Collective Action+Demolitionist | Collective Action+Unrelenting | Demolitionist+Reaper's Tithe | Demolitionist+Voltshot | Reaper's Tithe+Unrelenting | Unrelenting+Voltshot,2461640837
230,The Slammer,preferred,Sword,Stasis,1,0,0,1,"Attrition Orbs, Eager Edge, Thresh","Bait and Switch, Demolitionist, Permeability",9,Attrition Orbs+Bait and Switch | Attrition Orbs+Demolitionist | Attrition Orbs+Permeability | Bait and Switch+Eager Edge | Bait and Switch+Thresh | Demolitionist+Eager Edge | Demolitionist+Thresh | Eager Edge+Permeability | Permeability+Thresh,2889501828
231,Horror's Least,preferred,Pulse Rifle,Arc,1,0,0,1,"Compulsive Reloader, Under Pressure, Zen Moment","High-Impact Reserves, Kill Clip, Turnabout",9,Compulsive Reloader+High-Impact Reserves | Compulsive Reloader+Kill Clip | Compulsive Reloader+Turnabout | High-Impact Reserves+Under Pressure | High-Impact Reserves+Zen Moment | Kill Clip+Under Pressure | Kill Clip+Zen Moment | Turnabout+Under Pressure | Turnabout+Zen Moment,216983039
232,The Riposte,preferred,Auto Rifle,Void,1,0,0,1,"Dimensional Shift, Light Touch, Rewind Rounds","Binary Orbit, Built to Blast, Desperate Measures",9,Binary Orbit+Dimensional Shift | Binary Orbit+Light Touch | Binary Orbit+Rewind Rounds | Built to Blast+Dimensional Shift | Built to Blast+Light Touch | Built to Blast+Rewind Rounds | Desperate Measures+Dimensional Shift | Desperate Measures+Light Touch | Desperate Measures+Rewind Rounds,866434750
233,Hardline Cut,preferred,Sword,Arc,1,0,0,1,"Assassin's Blade, Attrition Orbs, Tireless Blade","Eager Edge, One for All, Vorpal Weapon",9,Assassin's Blade+Eager Edge | Assassin's Blade+One for All | Assassin's Blade+Vorpal Weapon | Attrition Orbs+Eager Edge | Attrition Orbs+One for All | Attrition Orbs+Vorpal Weapon | Eager Edge+Tireless Blade | One for All+Tireless Blade | Tireless Blade+Vorpal Weapon,3461043766
234,Faustus Decline,preferred,Sidearm,Stasis,1,0,0,1,"Demolitionist, Killing Wind, Perpetual Motion","Offhand Strike, Snapshot Sights, Swashbuckler",9,Demolitionist+Offhand Strike | Demolitionist+Snapshot Sights | Demolitionist+Swashbuckler | Killing Wind+Offhand Strike | Killing Wind+Snapshot Sights | Killing Wind+Swashbuckler | Offhand Strike+Perpetual Motion | Perpetual Motion+Snapshot Sights | Perpetual Motion+Swashbuckler,1663482635
235,Ahab Char,preferred,Auto Rifle,Solar,1,0,0,1,"Proximity Power, Recycled Energy, Transcendent Moment","Adagio, Burning Ambition, High-Impact Reserves",9,Adagio+Proximity Power | Adagio+Recycled Energy | Adagio+Transcendent Moment | Burning Ambition+Proximity Power | Burning Ambition+Recycled Energy | Burning Ambition+Transcendent Moment | High-Impact Reserves+Proximity Power | High-Impact Reserves+Recycled Energy | High-Impact Reserves+Transcendent Moment,1411560894
236,Eye of Sol,preferred,Sniper Rifle,Kinetic,1,0,0,1,"Encore, Shot Swap, Slickdraw","Deconstruct, Keep Away, Precision Instrument",9,Deconstruct+Encore | Deconstruct+Shot Swap | Deconstruct+Slickdraw | Encore+Keep Away | Encore+Precision Instrument | Keep Away+Shot Swap | Keep Away+Slickdraw | Precision Instrument+Shot Swap | Precision Instrument+Slickdraw,1401300690
237,Everburning Glitz,preferred,Auto Rifle,Kinetic,1,0,0,1,"Subsistence, To the Pain, Transcendent Moment","Ancillary Ordinance, Elemental Honing, Zen Moment",9,Ancillary Ordinance+Subsistence | Ancillary Ordinance+To the Pain | Ancillary Ordinance+Transcendent Moment | Elemental Honing+Subsistence | Elemental Honing+To the Pain | Elemental Honing+Transcendent Moment | Subsistence+Zen Moment | To the Pain+Zen Moment | Transcendent Moment+Zen Moment,2857870254
238,The Keening,preferred,Sidearm,Arc,1,0,0,1,"Lone Wolf, Subsistence, Voltshot","High-Impact Reserves, Jolting Feedback, Multikill Clip",9,High-Impact Reserves+Lone Wolf | High-Impact Reserves+Subsistence | High-Impact Reserves+Voltshot | Jolting Feedback+Lone Wolf | Jolting Feedback+Subsistence | Jolting Feedback+Voltshot | Lone Wolf+Multikill Clip | Multikill Clip+Subsistence | Multikill Clip+Voltshot,3902351469
239,Gnawing Hunger,preferred,Auto Rifle,Void,1,0,0,1,"Enlightened Action, Repulsor Brace, Withering Gaze","Dynamic Sway Reduction, Multikill Clip, Rampage",9,Dynamic Sway Reduction+Enlightened Action | Dynamic Sway Reduction+Repulsor Brace | Dynamic Sway Reduction+Withering Gaze | Enlightened Action+Multikill Clip | Enlightened Action+Rampage | Multikill Clip+Repulsor Brace | Multikill Clip+Withering Gaze | Rampage+Repulsor Brace | Rampage+Withering Gaze,214545213
240,Giver's Blessing,preferred,Auto Rifle,Kinetic,1,0,0,1,"Moving Target, Rewind Rounds, Transcendent Moment","High Ground, Kinetic Tremors, Multikill Clip",9,High Ground+Moving Target | High Ground+Rewind Rounds | High Ground+Transcendent Moment | Kinetic Tremors+Moving Target | Kinetic Tremors+Rewind Rounds | Kinetic Tremors+Transcendent Moment | Moving Target+Multikill Clip | Multikill Clip+Rewind Rounds | Multikill Clip+Transcendent Moment,970034755
241,Ecliptic Distaff,preferred,Glaive,Void,1,0,0,1,"Disruption Break, Impulse Amplifier, Tilting at Windmills","Chaos Reshaped, Close to Melee, Desperate Measures",9,Chaos Reshaped+Disruption Break | Chaos Reshaped+Impulse Amplifier | Chaos Reshaped+Tilting at Windmills | Close to Melee+Disruption Break | Close to Melee+Impulse Amplifier | Close to Melee+Tilting at Windmills | Desperate Measures+Disruption Break | Desperate Measures+Impulse Amplifier | Desperate Measures+Tilting at Windmills,1942143745
242,Dimensional Hypotrochoid,preferred,Grenade Launcher,Stasis,1,0,1,1,"Empty Traits Socket, Genesis, Shot Swap","Crystalline Corpsebloom, Thresh, Turnabout",9,Crystalline Corpsebloom+Empty Traits Socket | Crystalline Corpsebloom+Genesis | Crystalline Corpsebloom+Shot Swap | Empty Traits Socket+Thresh | Empty Traits Socket+Turnabout | Genesis+Thresh | Genesis+Turnabout | Shot Swap+Thresh | Shot Swap+Turnabout,1311684613
243,Kept Confidence,preferred,Hand Cannon,Strand,1,0,1,1,"Air Assault, Invisible Hand, Quickdraw","Empty Traits Socket, Multikill Clip, Pugilist",9,Air Assault+Empty Traits Socket | Air Assault+Multikill Clip | Air Assault+Pugilist | Empty Traits Socket+Invisible Hand | Empty Traits Socket+Quickdraw | Invisible Hand+Multikill Clip | Invisible Hand+Pugilist | Multikill Clip+Quickdraw | Pugilist+Quickdraw,1875512595
244,Convened Recurve,preferred,Combat Bow,Void,1,0,0,1,"Moving Target, Repulsor Brace, Withering Gaze","Aggregate Charge, Butterfly, Snapshot Sights",9,Aggregate Charge+Moving Target | Aggregate Charge+Repulsor Brace | Aggregate Charge+Withering Gaze | Butterfly+Moving Target | Butterfly+Repulsor Brace | Butterfly+Withering Gaze | Moving Target+Snapshot Sights | Repulsor Brace+Snapshot Sights | Snapshot Sights+Withering Gaze,3667861447
245,Autumn Wind,preferred,Pulse Rifle,Kinetic,1,0,0,1,"Perfect Float, Pugilist, Slideways","Adrenaline Junkie, Moving Target, Multikill Clip",9,Adrenaline Junkie+Perfect Float | Adrenaline Junkie+Pugilist | Adrenaline Junkie+Slideways | Moving Target+Perfect Float | Moving Target+Pugilist | Moving Target+Slideways | Multikill Clip+Perfect Float | Multikill Clip+Pugilist | Multikill Clip+Slideways,3110377595
246,Xenoclast IV,preferred,Shotgun,Arc,1,0,0,1,"Dual Loader, Field Prep, Slideways","Surrounded, Thresh, Unrelenting",9,Dual Loader+Surrounded | Dual Loader+Thresh | Dual Loader+Unrelenting | Field Prep+Surrounded | Field Prep+Thresh | Field Prep+Unrelenting | Slideways+Surrounded | Slideways+Thresh | Slideways+Unrelenting,963732594
247,The Palindrome,preferred,Hand Cannon,Arc,1,0,0,1,"Light Touch, Lone Wolf, Outlaw","Rolling Storm, Snapshot Sights, Voltshot",9,Light Touch+Rolling Storm | Light Touch+Snapshot Sights | Light Touch+Voltshot | Lone Wolf+Rolling Storm | Lone Wolf+Snapshot Sights | Lone Wolf+Voltshot | Outlaw+Rolling Storm | Outlaw+Snapshot Sights | Outlaw+Voltshot,3303271523
248,The Other Half,preferred,Sword,Void,1,0,1,1,"Duelist's Trance, Eager Edge, Energy Transfer","Frenzy, Repulsor Brace, Vorpal Weapon",9,Duelist's Trance+Frenzy | Duelist's Trance+Repulsor Brace | Duelist's Trance+Vorpal Weapon | Eager Edge+Frenzy | Eager Edge+Repulsor Brace | Eager Edge+Vorpal Weapon | Energy Transfer+Frenzy | Energy Transfer+Repulsor Brace | Energy Transfer+Vorpal Weapon,3257091167
249,Something New,preferred,Hand Cannon,Stasis,1,0,0,1,"Pugilist, Rapid Hit, Triple Tap","Demolitionist, Encore, Harmony",9,Demolitionist+Pugilist | Demolitionist+Rapid Hit | Demolitionist+Triple Tap | Encore+Pugilist | Encore+Rapid Hit | Encore+Triple Tap | Harmony+Pugilist | Harmony+Rapid Hit | Harmony+Triple Tap,3240434620
250,Someday,preferred,Shotgun,Kinetic,1,0,1,1,"Empty Traits Socket, One-Two Punch, Threat Remover","Cascade Point, Closing Time, Vorpal Weapon",9,Cascade Point+Empty Traits Socket | Cascade Point+One-Two Punch | Cascade Point+Threat Remover | Closing Time+Empty Traits Socket | Closing Time+One-Two Punch | Closing Time+Threat Remover | Empty Traits Socket+Vorpal Weapon | One-Two Punch+Vorpal Weapon | Threat Remover+Vorpal Weapon,3232203524
251,Ill Omen,preferred,Sword,Stasis,1,0,1,1,"Strategist, Unrelenting, Valiant Charge","Assassin's Blade, Cold Steel, Empty Traits Socket",9,Assassin's Blade+Strategist | Assassin's Blade+Unrelenting | Assassin's Blade+Valiant Charge | Cold Steel+Strategist | Cold Steel+Unrelenting | Cold Steel+Valiant Charge | Empty Traits Socket+Strategist | Empty Traits Socket+Unrelenting | Empty Traits Socket+Valiant Charge,3794274730
252,Palmyra-B,preferred,Rocket Launcher,Stasis,1,0,1,1,"Empty Traits Socket, Ensemble, Surplus","Adrenaline Junkie, Chain Reaction, Lasting Impression",9,Adrenaline Junkie+Empty Traits Socket | Adrenaline Junkie+Ensemble | Adrenaline Junkie+Surplus | Chain Reaction+Empty Traits Socket | Chain Reaction+Ensemble | Chain Reaction+Surplus | Empty Traits Socket+Lasting Impression | Ensemble+Lasting Impression | Lasting Impression+Surplus,3489657138
253,Sole Survivor,preferred,Sniper Rifle,Arc,1,0,0,1,"Eddy Current, Field Prep, Lead from Gold","Eye of the Storm, Focused Fury, Frenzy",9,Eddy Current+Eye of the Storm | Eddy Current+Focused Fury | Eddy Current+Frenzy | Eye of the Storm+Field Prep | Eye of the Storm+Lead from Gold | Field Prep+Focused Fury | Field Prep+Frenzy | Focused Fury+Lead from Gold | Frenzy+Lead from Gold,1150492185
254,Riptide,preferred,Fusion Rifle,Stasis,1,0,0,1,"Heating Up, Steady Hands, Under Pressure","Cornered, Successful Warm-Up, Thresh",9,Cornered+Heating Up | Cornered+Steady Hands | Cornered+Under Pressure | Heating Up+Successful Warm-Up | Heating Up+Thresh | Steady Hands+Successful Warm-Up | Steady Hands+Thresh | Successful Warm-Up+Under Pressure | Thresh+Under Pressure,2715240478
255,Servant Leader,preferred,Scout Rifle,Kinetic,1,0,0,1,"Heating Up, No Distractions, Pulse Monitor","Frenzy, Osmosis, Unrelenting",9,Frenzy+Heating Up | Frenzy+No Distractions | Frenzy+Pulse Monitor | Heating Up+Osmosis | Heating Up+Unrelenting | No Distractions+Osmosis | No Distractions+Unrelenting | Osmosis+Pulse Monitor | Pulse Monitor+Unrelenting,1107446438
256,Reckless Endangerment,preferred,Shotgun,Kinetic,1,0,0,1,"Barrel Constrictor, Bewildering Burst, Steady Hands","Binary Orbit, Opening Shot, Swashbuckler",9,Barrel Constrictor+Binary Orbit | Barrel Constrictor+Opening Shot | Barrel Constrictor+Swashbuckler | Bewildering Burst+Binary Orbit | Bewildering Burst+Opening Shot | Bewildering Burst+Swashbuckler | Binary Orbit+Steady Hands | Opening Shot+Steady Hands | Steady Hands+Swashbuckler,3085559077
257,Aureus Neutralizer,preferred,Hand Cannon,Kinetic,1,0,0,1,"Lone Wolf, Threat Detector, Vorpal Weapon","Cascade Point, Desperate Measures, Trench Barrel",9,Cascade Point+Lone Wolf | Cascade Point+Threat Detector | Cascade Point+Vorpal Weapon | Desperate Measures+Lone Wolf | Desperate Measures+Threat Detector | Desperate Measures+Vorpal Weapon | Lone Wolf+Trench Barrel | Threat Detector+Trench Barrel | Trench Barrel+Vorpal Weapon,3981920134
258,PLUG ONE.1,preferred,Fusion Rifle,Arc,1,0,0,1,"Reconstruction, Slideways, Under Pressure","Controlled Burst, Kickstart, Reservoir Burst",9,Controlled Burst+Reconstruction | Controlled Burst+Slideways | Controlled Burst+Under Pressure | Kickstart+Reconstruction | Kickstart+Slideways | Kickstart+Under Pressure | Reconstruction+Reservoir Burst | Reservoir Burst+Slideways | Reservoir Burst+Under Pressure,3293524502
259,Outrageous Fortune,preferred,Grenade Launcher,Solar,1,0,0,1,"Impulse Amplifier, Incandescent, Stats for All","Bait and Switch, Binary Orbit, Full Court",9,Bait and Switch+Impulse Amplifier | Bait and Switch+Incandescent | Bait and Switch+Stats for All | Binary Orbit+Impulse Amplifier | Binary Orbit+Incandescent | Binary Orbit+Stats for All | Full Court+Impulse Amplifier | Full Court+Incandescent | Full Court+Stats for All,4146673634
260,Out of Bounds,preferred,Submachine Gun,Arc,1,0,0,1,"Demolitionist, Loose Change, Moving Target","Golden Tricorn, Golden Tricorn Enhanced, Rangefinder",9,Demolitionist+Golden Tricorn | Demolitionist+Golden Tricorn Enhanced | Demolitionist+Rangefinder | Golden Tricorn+Loose Change | Golden Tricorn+Moving Target | Golden Tricorn Enhanced+Loose Change | Golden Tricorn Enhanced+Moving Target | Loose Change+Rangefinder | Moving Target+Rangefinder,3021407779
261,Mistral Lift,preferred,Linear Fusion Rifle,Void,1,0,0,1,"Envious Arsenal, Reconstruction, Withering Gaze","Golden Tricorn, Golden Tricorn Enhanced, Precision Instrument",9,Envious Arsenal+Golden Tricorn | Envious Arsenal+Golden Tricorn Enhanced | Envious Arsenal+Precision Instrument | Golden Tricorn+Reconstruction | Golden Tricorn+Withering Gaze | Golden Tricorn Enhanced+Reconstruction | Golden Tricorn Enhanced+Withering Gaze | Precision Instrument+Reconstruction | Precision Instrument+Withering Gaze,3483485727
262,Nox Perennial V,preferred,Fusion Rifle,Strand,1,0,0,1,"Fragile Focus, Lead from Gold, Threat Detector","Collective Action, Controlled Burst, Wellspring",9,Collective Action+Fragile Focus | Collective Action+Lead from Gold | Collective Action+Threat Detector | Controlled Burst+Fragile Focus | Controlled Burst+Lead from Gold | Controlled Burst+Threat Detector | Fragile Focus+Wellspring | Lead from Gold+Wellspring | Threat Detector+Wellspring,2767393525
263,Mercury-A,preferred,Combat Bow,Kinetic,1,0,0,1,"Attrition Orbs, Built to Blast, Tunnel Vision","High Ground, Kinetic Tremors, Precision Instrument",9,Attrition Orbs+High Ground | Attrition Orbs+Kinetic Tremors | Attrition Orbs+Precision Instrument | Built to Blast+High Ground | Built to Blast+Kinetic Tremors | Built to Blast+Precision Instrument | High Ground+Tunnel Vision | Kinetic Tremors+Tunnel Vision | Precision Instrument+Tunnel Vision,2838279629
264,Mercurial Overreach,preferred,Sniper Rifle,Arc,1,0,0,1,"Discord, Fragile Focus, Keep Away","Elemental Capacitor, Moving Target, Vorpal Weapon",9,Discord+Elemental Capacitor | Discord+Moving Target | Discord+Vorpal Weapon | Elemental Capacitor+Fragile Focus | Elemental Capacitor+Keep Away | Fragile Focus+Moving Target | Fragile Focus+Vorpal Weapon | Keep Away+Moving Target | Keep Away+Vorpal Weapon,4257236930
265,Luna Regolith III,preferred,Sniper Rifle,Solar,1,0,0,1,"Heal Clip, Quickdraw, Surplus","Box Breathing, Cascade Point, Collective Action",9,Box Breathing+Heal Clip | Box Breathing+Quickdraw | Box Breathing+Surplus | Cascade Point+Heal Clip | Cascade Point+Quickdraw | Cascade Point+Surplus | Collective Action+Heal Clip | Collective Action+Quickdraw | Collective Action+Surplus,1948035256
266,Locus Locutus,preferred,Sniper Rifle,Stasis,1,0,1,1,"Ensemble, Overflow, Wellspring","Empty Traits Socket, Kill Clip, Under-Over",9,Empty Traits Socket+Ensemble | Empty Traits Socket+Overflow | Empty Traits Socket+Wellspring | Ensemble+Kill Clip | Ensemble+Under-Over | Kill Clip+Overflow | Kill Clip+Wellspring | Overflow+Under-Over | Under-Over+Wellspring,4132072834
267,Lionfish-4fr,preferred,Fusion Rifle,Stasis,1,0,0,1,"Rimestealer, Subsistence, Transcendent Moment","Chill Clip, Controlled Burst, Swashbuckler",9,Chill Clip+Rimestealer | Chill Clip+Subsistence | Chill Clip+Transcendent Moment | Controlled Burst+Rimestealer | Controlled Burst+Subsistence | Controlled Burst+Transcendent Moment | Rimestealer+Swashbuckler | Subsistence+Swashbuckler | Swashbuckler+Transcendent Moment,2423071981
268,Aurvandil FR6,preferred,Fusion Rifle,Stasis,1,0,0,1,"Firmly Planted, Hip-Fire Grip, Slideways","Chill Clip, Elemental Capacitor, One for All",9,Chill Clip+Firmly Planted | Chill Clip+Hip-Fire Grip | Chill Clip+Slideways | Elemental Capacitor+Firmly Planted | Elemental Capacitor+Hip-Fire Grip | Elemental Capacitor+Slideways | Firmly Planted+One for All | Hip-Fire Grip+One for All | One for All+Slideways,3786215462
269,Iterative Loop,preferred,Fusion Rifle,Arc,1,0,1,1,"Grave Robber, Supercharged Magazine, Well-Rounded","Closing Time, Kickstart, Voltshot",9,Closing Time+Grave Robber | Closing Time+Supercharged Magazine | Closing Time+Well-Rounded | Grave Robber+Kickstart | Grave Robber+Voltshot | Kickstart+Supercharged Magazine | Kickstart+Well-Rounded | Supercharged Magazine+Voltshot | Voltshot+Well-Rounded,1289796511
270,Insurmountable,preferred,Sidearm,Void,1,0,0,1,"Air Trigger, Threat Detector, To the Pain","Closing Time, Harmony, Rampage",9,Air Trigger+Closing Time | Air Trigger+Harmony | Air Trigger+Rampage | Closing Time+Threat Detector | Closing Time+To the Pain | Harmony+Threat Detector | Harmony+To the Pain | Rampage+Threat Detector | Rampage+To the Pain,2596736862
271,Horror Story,preferred,Auto Rifle,Stasis,1,0,0,1,"Discord, Elemental Capacitor, Enlightened Action","Cascade Point, Collective Action, Headstone",9,Cascade Point+Discord | Cascade Point+Elemental Capacitor | Cascade Point+Enlightened Action | Collective Action+Discord | Collective Action+Elemental Capacitor | Collective Action+Enlightened Action | Discord+Headstone | Elemental Capacitor+Headstone | Enlightened Action+Headstone,2884070594
272,Acosmic,preferred,Grenade Launcher,Void,1,0,0,1,"Air Trigger, Clown Cartridge, Reverberation","Cascade Point, Destabilizing Rounds, Frenzy",9,Air Trigger+Cascade Point | Air Trigger+Destabilizing Rounds | Air Trigger+Frenzy | Cascade Point+Clown Cartridge | Cascade Point+Reverberation | Clown Cartridge+Destabilizing Rounds | Clown Cartridge+Frenzy | Destabilizing Rounds+Reverberation | Frenzy+Reverberation,1106017703
273,Hammerhead,preferred,Machine Gun,Void,1,0,0,1,"Destabilizing Rounds, Fourth Time's the Charm, Under-Over","Surrounded, Tap the Trigger, Target Lock",9,Destabilizing Rounds+Surrounded | Destabilizing Rounds+Tap the Trigger | Destabilizing Rounds+Target Lock | Fourth Time's the Charm+Surrounded | Fourth Time's the Charm+Tap the Trigger | Fourth Time's the Charm+Target Lock | Surrounded+Under-Over | Tap the Trigger+Under-Over | Target Lock+Under-Over,1896309757
274,Rapacious Appetite,preferred,Submachine Gun,Stasis,1,0,1,1,"Encore, Invisible Hand, Well-Rounded","Focused Fury, Harmony, Headstone",9,Encore+Focused Fury | Encore+Harmony | Encore+Headstone | Focused Fury+Invisible Hand | Focused Fury+Well-Rounded | Harmony+Invisible Hand | Harmony+Well-Rounded | Headstone+Invisible Hand | Headstone+Well-Rounded,1081724548
275,Fortissimo-11,preferred,Shotgun,Kinetic,1,0,0,1,"Outlaw, Threat Detector, Unrelenting","Opening Shot, Osmosis, Turnabout",9,Opening Shot+Outlaw | Opening Shot+Threat Detector | Opening Shot+Unrelenting | Osmosis+Outlaw | Osmosis+Threat Detector | Osmosis+Unrelenting | Outlaw+Turnabout | Threat Detector+Turnabout | Turnabout+Unrelenting,963732595
276,Pure Poetry,preferred,Hand Cannon,Kinetic,1,0,0,1,"Fourth Time's the Charm, Tunnel Vision, Well-Rounded","Elemental Capacitor, Rampage, Under-Over",9,Elemental Capacitor+Fourth Time's the Charm | Elemental Capacitor+Tunnel Vision | Elemental Capacitor+Well-Rounded | Fourth Time's the Charm+Rampage | Fourth Time's the Charm+Under-Over | Rampage+Tunnel Vision | Rampage+Well-Rounded | Tunnel Vision+Under-Over | Under-Over+Well-Rounded,2671639706
277,Red Tape,preferred,Scout Rifle,Stasis,1,0,0,1,"Attrition Orbs, Closing Time, Rimestealer","Adrenaline Junkie, Focused Fury, High-Impact Reserves",9,Adrenaline Junkie+Attrition Orbs | Adrenaline Junkie+Closing Time | Adrenaline Junkie+Rimestealer | Attrition Orbs+Focused Fury | Attrition Orbs+High-Impact Reserves | Closing Time+Focused Fury | Closing Time+High-Impact Reserves | Focused Fury+Rimestealer | High-Impact Reserves+Rimestealer,3423493037
278,Frozen Orbit,preferred,Sniper Rifle,Void,1,0,0,1,"Killing Wind, Lead from Gold, No Distractions","Closing Time, High Ground, Keep Away",9,Closing Time+Killing Wind | Closing Time+Lead from Gold | Closing Time+No Distractions | High Ground+Killing Wind | High Ground+Lead from Gold | High Ground+No Distractions | Keep Away+Killing Wind | Keep Away+Lead from Gold | Keep Away+No Distractions,1516542120
279,Fortunate Star,preferred,Combat Bow,Void,1,0,0,1,"Dragonfly, Impromptu Ammunition, Transcendent Moment","Archer's Gambit, Eye of the Storm, Precision Instrument",9,Archer's Gambit+Dragonfly | Archer's Gambit+Impromptu Ammunition | Archer's Gambit+Transcendent Moment | Dragonfly+Eye of the Storm | Dragonfly+Precision Instrument | Eye of the Storm+Impromptu Ammunition | Eye of the Storm+Transcendent Moment | Impromptu Ammunition+Precision Instrument | Precision Instrument+Transcendent Moment,2631466936
280,Evening SI4,preferred,Sidearm,Solar,1,0,0,1,"Impromptu Ammunition, Lone Wolf, Offhand Strike","Collective Pugilism, Headseeker, Sword Logic",9,Collective Pugilism+Impromptu Ammunition | Collective Pugilism+Lone Wolf | Collective Pugilism+Offhand Strike | Headseeker+Impromptu Ammunition | Headseeker+Lone Wolf | Headseeker+Offhand Strike | Impromptu Ammunition+Sword Logic | Lone Wolf+Sword Logic | Offhand Strike+Sword Logic,3618823368
281,Dawn Far Off,preferred,Machine Gun,Solar,1,0,0,1,"Attrition Orbs, Light Touch, Triple Tap","Killing Tally, Redirection, Target Lock",9,Attrition Orbs+Killing Tally | Attrition Orbs+Redirection | Attrition Orbs+Target Lock | Killing Tally+Light Touch | Killing Tally+Triple Tap | Light Touch+Redirection | Light Touch+Target Lock | Redirection+Triple Tap | Target Lock+Triple Tap,2770617440
282,Compass Rose,preferred,Shotgun,Solar,1,0,0,1,"Slickdraw, Slideshot, Threat Remover","Barrel Constrictor, Incandescent, Snapshot Sights",9,Barrel Constrictor+Slickdraw | Barrel Constrictor+Slideshot | Barrel Constrictor+Threat Remover | Incandescent+Slickdraw | Incandescent+Slideshot | Incandescent+Threat Remover | Slickdraw+Snapshot Sights | Slideshot+Snapshot Sights | Snapshot Sights+Threat Remover,4169225313
283,Cold Denial,preferred,Pulse Rifle,Kinetic,1,0,0,1,"Ambitious Assassin, Steady Hands, Tunnel Vision","Desperado, Gutshot Straight, Headseeker",9,Ambitious Assassin+Desperado | Ambitious Assassin+Gutshot Straight | Ambitious Assassin+Headseeker | Desperado+Steady Hands | Desperado+Tunnel Vision | Gutshot Straight+Steady Hands | Gutshot Straight+Tunnel Vision | Headseeker+Steady Hands | Headseeker+Tunnel Vision,558794124
284,Axial Lacuna,preferred,Fusion Rifle,Solar,1,0,1,1,"Demolitionist, Firmly Planted, Slickdraw","Empty Traits Socket, Frenzy, Kickstart",9,Demolitionist+Empty Traits Socket | Demolitionist+Frenzy | Demolitionist+Kickstart | Empty Traits Socket+Firmly Planted | Empty Traits Socket+Slickdraw | Firmly Planted+Frenzy | Firmly Planted+Kickstart | Frenzy+Slickdraw | Kickstart+Slickdraw,3867373351
285,Cruel Mercy,preferred,Pulse Rifle,Arc,1,0,0,1,"Dragonfly, Eddy Current, Fourth Time's the Charm","Adrenaline Junkie, Desperado, Kill Clip",9,Adrenaline Junkie+Dragonfly | Adrenaline Junkie+Eddy Current | Adrenaline Junkie+Fourth Time's the Charm | Desperado+Dragonfly | Desperado+Eddy Current | Desperado+Fourth Time's the Charm | Dragonfly+Kill Clip | Eddy Current+Kill Clip | Fourth Time's the Charm+Kill Clip,4011513985
286,Belisarius-D,preferred,Pulse Rifle,Strand,1,0,0,1,"Elemental Capacitor, Slice, Tear","Elemental Honing, Eye of the Storm, Kill Clip",9,Elemental Capacitor+Elemental Honing | Elemental Capacitor+Eye of the Storm | Elemental Capacitor+Kill Clip | Elemental Honing+Slice | Elemental Honing+Tear | Eye of the Storm+Slice | Eye of the Storm+Tear | Kill Clip+Slice | Kill Clip+Tear,747743637
287,Wishbringer,preferred,Shotgun,Solar,1,0,0,1,"Field Prep, Pulse Monitor, Slideshot","Auto-Loading Holster, Moving Target, Rampage",9,Auto-Loading Holster+Field Prep | Auto-Loading Holster+Pulse Monitor | Auto-Loading Holster+Slideshot | Field Prep+Moving Target | Field Prep+Rampage | Moving Target+Pulse Monitor | Moving Target+Slideshot | Pulse Monitor+Rampage | Rampage+Slideshot,3356526253
288,Roar of the Bear,preferred,Rocket Launcher,Solar,1,0,0,1,"Demolitionist, Impulse Amplifier, Snapshot Sights","Chain Reaction, Cluster Bomb, Lasting Impression",9,Chain Reaction+Demolitionist | Chain Reaction+Impulse Amplifier | Chain Reaction+Snapshot Sights | Cluster Bomb+Demolitionist | Cluster Bomb+Impulse Amplifier | Cluster Bomb+Snapshot Sights | Demolitionist+Lasting Impression | Impulse Amplifier+Lasting Impression | Lasting Impression+Snapshot Sights,4009352833
289,Timeworn Wayfarer,preferred,Scout Rifle,Solar,1,0,1,1,"Dual Loader, Empty Traits Socket, To the Pain","Eye of the Storm, Opening Shot, Snapshot Sights",9,Dual Loader+Eye of the Storm | Dual Loader+Opening Shot | Dual Loader+Snapshot Sights | Empty Traits Socket+Eye of the Storm | Empty Traits Socket+Opening Shot | Empty Traits Socket+Snapshot Sights | Eye of the Storm+To the Pain | Opening Shot+To the Pain | Snapshot Sights+To the Pain,1058098236
290,Spoiler Alert,preferred,Sidearm,Kinetic,1,0,0,1,"Killing Wind, Surplus, Tunnel Vision","Demolitionist, Frenzy, Unrelenting",9,Demolitionist+Killing Wind | Demolitionist+Surplus | Demolitionist+Tunnel Vision | Frenzy+Killing Wind | Frenzy+Surplus | Frenzy+Tunnel Vision | Killing Wind+Unrelenting | Surplus+Unrelenting | Tunnel Vision+Unrelenting,2588048270
291,Spare Rations,preferred,Hand Cannon,Kinetic,1,0,0,1,"Offhand Strike, Rapid Hit, Slideshot","Focused Fury, Opening Shot, Swashbuckler",9,Focused Fury+Offhand Strike | Focused Fury+Rapid Hit | Focused Fury+Slideshot | Offhand Strike+Opening Shot | Offhand Strike+Swashbuckler | Opening Shot+Rapid Hit | Opening Shot+Slideshot | Rapid Hit+Swashbuckler | Slideshot+Swashbuckler,3236112986
292,Qua Nilus II,preferred,Submachine Gun,Strand,1,0,0,1,"Encore, Offhand Strike, Transcendent Moment","Binary Orbit, Dragonfly, Hatchling",9,Binary Orbit+Encore | Binary Orbit+Offhand Strike | Binary Orbit+Transcendent Moment | Dragonfly+Encore | Dragonfly+Offhand Strike | Dragonfly+Transcendent Moment | Encore+Hatchling | Hatchling+Offhand Strike | Hatchling+Transcendent Moment,190747610
293,The Immortal,preferred,Submachine Gun,Strand,1,0,0,1,"Dynamic Sway Reduction, Keep Away, Threat Detector","Lone Wolf, Master of Arms, Transcendent Moment",9,Dynamic Sway Reduction+Lone Wolf | Dynamic Sway Reduction+Master of Arms | Dynamic Sway Reduction+Transcendent Moment | Keep Away+Lone Wolf | Keep Away+Master of Arms | Keep Away+Transcendent Moment | Lone Wolf+Threat Detector | Master of Arms+Threat Detector | Threat Detector+Transcendent Moment,2872063099
294,Corundum Hammer,preferred,Hand Cannon,Strand,1,0,0,1,"Fragile Focus, Reconstruction, Slice","Explosive Payload, Sword Logic, Tear",9,Explosive Payload+Fragile Focus | Explosive Payload+Reconstruction | Explosive Payload+Slice | Fragile Focus+Sword Logic | Fragile Focus+Tear | Reconstruction+Sword Logic | Reconstruction+Tear | Slice+Sword Logic | Slice+Tear,2263462407
295,Fang of Ir Yût (Adept),preferred,Scout Rifle,Strand,0,1,1,0,"Keep Away, Killing Wind, Surplus","Golden Tricorn, Golden Tricorn Enhanced, Meganeura",9,Golden Tricorn+Keep Away | Golden Tricorn+Killing Wind | Golden Tricorn+Surplus | Golden Tricorn Enhanced+Keep Away | Golden Tricorn Enhanced+Killing Wind | Golden Tricorn Enhanced+Surplus | Keep Away+Meganeura | Killing Wind+Meganeura | Meganeura+Surplus,128782990
296,Trinary System,preferred,Fusion Rifle,Solar,1,0,0,1,"Ambitious Assassin, Auto-Loading Holster, Quickdraw","Kill Clip, Tap the Trigger, Thresh",9,Ambitious Assassin+Kill Clip | Ambitious Assassin+Tap the Trigger | Ambitious Assassin+Thresh | Auto-Loading Holster+Kill Clip | Auto-Loading Holster+Tap the Trigger | Auto-Loading Holster+Thresh | Kill Clip+Quickdraw | Quickdraw+Tap the Trigger | Quickdraw+Thresh,3258665412
297,Round Robin,preferred,Hand Cannon,Strand,1,0,1,1,"Empty Traits Socket, Envious Assassin, Subsistence","Adagio, Precision Instrument, Pugilist",9,Adagio+Empty Traits Socket | Adagio+Envious Assassin | Adagio+Subsistence | Empty Traits Socket+Precision Instrument | Empty Traits Socket+Pugilist | Envious Assassin+Precision Instrument | Envious Assassin+Pugilist | Precision Instrument+Subsistence | Pugilist+Subsistence,2034215657
298,No Reprieve,preferred,Shotgun,Stasis,1,0,1,1,"Outlaw, Stats for All, Surplus","Focused Fury, Swashbuckler, Wellspring",9,Focused Fury+Outlaw | Focused Fury+Stats for All | Focused Fury+Surplus | Outlaw+Swashbuckler | Outlaw+Wellspring | Stats for All+Swashbuckler | Stats for All+Wellspring | Surplus+Swashbuckler | Surplus+Wellspring,2531963421
299,Last Foray,preferred,Sniper Rifle,Solar,1,0,0,1,"Heal Clip, Keep Away, Moving Target","Bait and Switch, Explosive Payload, Precision Instrument",9,Bait and Switch+Heal Clip | Bait and Switch+Keep Away | Bait and Switch+Moving Target | Explosive Payload+Heal Clip | Explosive Payload+Keep Away | Explosive Payload+Moving Target | Heal Clip+Precision Instrument | Keep Away+Precision Instrument | Moving Target+Precision Instrument,4118936670
300,Insidious (Adept),preferred,Pulse Rifle,Arc,0,1,1,0,"Heating Up, Rolling Storm, Sleight of Hand","One for All, Rampage, Turnabout",9,Heating Up+One for All | Heating Up+Rampage | Heating Up+Turnabout | One for All+Rolling Storm | One for All+Sleight of Hand | Rampage+Rolling Storm | Rampage+Sleight of Hand | Rolling Storm+Turnabout | Sleight of Hand+Turnabout,786352912
301,Non-Denouement (Adept),preferred,Combat Bow,Arc,0,1,1,0,"Archer's Tempo, Hip-Fire Grip, Successful Warm-Up","Gear Shift, Meganeura, Voltshot",9,Archer's Tempo+Gear Shift | Archer's Tempo+Meganeura | Archer's Tempo+Voltshot | Gear Shift+Hip-Fire Grip | Gear Shift+Successful Warm-Up | Hip-Fire Grip+Meganeura | Hip-Fire Grip+Voltshot | Meganeura+Successful Warm-Up | Successful Warm-Up+Voltshot,1039915310
302,Herod-C,preferred,Auto Rifle,Stasis,1,0,0,1,"Ensemble, Stats for All, Steady Hands","Elemental Capacitor, Headstone, Unrelenting",9,Elemental Capacitor+Ensemble | Elemental Capacitor+Stats for All | Elemental Capacitor+Steady Hands | Ensemble+Headstone | Ensemble+Unrelenting | Headstone+Stats for All | Headstone+Steady Hands | Stats for All+Unrelenting | Steady Hands+Unrelenting,2065366342
303,Ragnhild-D,preferred,Shotgun,Kinetic,1,0,1,1,"Auto-Loading Holster, Dual Loader, Perpetual Motion","Demolitionist, Elemental Capacitor, Empty Traits Socket",9,Auto-Loading Holster+Demolitionist | Auto-Loading Holster+Elemental Capacitor | Auto-Loading Holster+Empty Traits Socket | Demolitionist+Dual Loader | Demolitionist+Perpetual Motion | Dual Loader+Elemental Capacitor | Dual Loader+Empty Traits Socket | Elemental Capacitor+Perpetual Motion | Empty Traits Socket+Perpetual Motion,4225322581
304,Glissando-47,preferred,Scout Rifle,Strand,1,0,0,1,"Keep Away, Perfect Float, Reconstruction","Box Breathing, Hatchling, One for All",9,Box Breathing+Keep Away | Box Breathing+Perfect Float | Box Breathing+Reconstruction | Hatchling+Keep Away | Hatchling+Perfect Float | Hatchling+Reconstruction | Keep Away+One for All | One for All+Perfect Float | One for All+Reconstruction,3156551028
305,Exalted Truth,preferred,Hand Cannon,Void,1,0,0,1,"Keep Away, Lone Wolf, Zen Moment","Demoralize, Magnificent Howl, Opening Shot",9,Demoralize+Keep Away | Demoralize+Lone Wolf | Demoralize+Zen Moment | Keep Away+Magnificent Howl | Keep Away+Opening Shot | Lone Wolf+Magnificent Howl | Lone Wolf+Opening Shot | Magnificent Howl+Zen Moment | Opening Shot+Zen Moment,3436626079
306,Kindled Orchid,preferred,Hand Cannon,Void,1,0,0,1,"Kill Clip, Rangefinder, Shoot to Loot","Destabilizing Rounds, Eye of the Storm, Master of Arms",9,Destabilizing Rounds+Kill Clip | Destabilizing Rounds+Rangefinder | Destabilizing Rounds+Shoot to Loot | Eye of the Storm+Kill Clip | Eye of the Storm+Rangefinder | Eye of the Storm+Shoot to Loot | Kill Clip+Master of Arms | Master of Arms+Rangefinder | Master of Arms+Shoot to Loot,3961462214
307,Allied Demand,preferred,Sidearm,Kinetic,1,0,0,1,"Auto-Loading Holster, Rangefinder, Well-Rounded","Frenzy, Gutshot Straight, Iron Reach",9,Auto-Loading Holster+Frenzy | Auto-Loading Holster+Gutshot Straight | Auto-Loading Holster+Iron Reach | Frenzy+Rangefinder | Frenzy+Well-Rounded | Gutshot Straight+Rangefinder | Gutshot Straight+Well-Rounded | Iron Reach+Rangefinder | Iron Reach+Well-Rounded,1532276803
308,Agape,preferred,Hand Cannon,Solar,1,0,0,1,"Moving Target, Outlaw, Rewind Rounds","Firefly, Master of Arms, Vorpal Weapon",9,Firefly+Moving Target | Firefly+Outlaw | Firefly+Rewind Rounds | Master of Arms+Moving Target | Master of Arms+Outlaw | Master of Arms+Rewind Rounds | Moving Target+Vorpal Weapon | Outlaw+Vorpal Weapon | Rewind Rounds+Vorpal Weapon,4124362340
309,The Call,preferred,Sidearm,Strand,1,0,1,1,"Beacon Rounds, Lead from Gold, Slice","Hatchling, Multikill Clip, Vorpal Weapon",8,Beacon Rounds+Hatchling | Beacon Rounds+Multikill Clip | Beacon Rounds+Vorpal Weapon | Hatchling+Lead from Gold | Lead from Gold+Multikill Clip | Lead from Gold+Vorpal Weapon | Multikill Clip+Slice | Slice+Vorpal Weapon,3947966653
310,Uzume RR4,preferred,Sniper Rifle,Solar,1,0,0,1,"Attrition Orbs, Clown Cartridge, Snapshot Sights","Deconstruct, Golden Tricorn, Golden Tricorn Enhanced",9,Attrition Orbs+Deconstruct | Attrition Orbs+Golden Tricorn | Attrition Orbs+Golden Tricorn Enhanced | Clown Cartridge+Deconstruct | Clown Cartridge+Golden Tricorn | Clown Cartridge+Golden Tricorn Enhanced | Deconstruct+Snapshot Sights | Golden Tricorn+Snapshot Sights | Golden Tricorn Enhanced+Snapshot Sights,2450917538
311,Synanceia,preferred,Sword,Solar,1,0,0,1,"Assassin's Blade, Sharp Harvest, Wellspring","Binary Orbit, Burning Ambition, Elemental Honing",8,Assassin's Blade+Burning Ambition | Assassin's Blade+Elemental Honing | Binary Orbit+Sharp Harvest | Binary Orbit+Wellspring | Burning Ambition+Sharp Harvest | Burning Ambition+Wellspring | Elemental Honing+Sharp Harvest | Elemental Honing+Wellspring,2765451289
312,Imperial Decree,preferred,Shotgun,Kinetic,1,0,1,1,"Feeding Frenzy, Full Auto Trigger System, Grave Robber","Auto-Loading Holster, Rampage, Trench Barrel",8,Auto-Loading Holster+Feeding Frenzy | Auto-Loading Holster+Full Auto Trigger System | Auto-Loading Holster+Grave Robber | Feeding Frenzy+Rampage | Full Auto Trigger System+Rampage | Full Auto Trigger System+Trench Barrel | Grave Robber+Rampage | Grave Robber+Trench Barrel,2919334548
313,Festival Flight,preferred,Grenade Launcher,Strand,1,0,0,1,"Ambitious Assassin, Envious Arsenal, Recycled Energy","Attrition Orbs, One for All, Vorpal Weapon",8,Ambitious Assassin+Attrition Orbs | Ambitious Assassin+One for All | Ambitious Assassin+Vorpal Weapon | Attrition Orbs+Envious Arsenal | Attrition Orbs+Recycled Energy | Envious Arsenal+Vorpal Weapon | One for All+Recycled Energy | Recycled Energy+Vorpal Weapon,4019651319
314,Warden's Law,preferred,Hand Cannon,Kinetic,1,0,0,1,"Discord, Enlightened Action, Moving Target","Frenzy, Shot Swap, Zen Moment",8,Discord+Frenzy | Discord+Zen Moment | Enlightened Action+Frenzy | Enlightened Action+Shot Swap | Enlightened Action+Zen Moment | Frenzy+Moving Target | Moving Target+Shot Swap | Moving Target+Zen Moment,1821529912
315,Phoneutria Fera,preferred,Hand Cannon,Solar,1,0,0,1,"Barrel Constrictor, Threat Detector, Threat Remover","Frenzy, Incandescent, One-Two Punch",8,Barrel Constrictor+Frenzy | Barrel Constrictor+Incandescent | Barrel Constrictor+One-Two Punch | Frenzy+Threat Detector | Frenzy+Threat Remover | Incandescent+Threat Detector | One-Two Punch+Threat Detector | One-Two Punch+Threat Remover,3804242795
316,Half-Truths,preferred,Sword,Arc,1,0,1,1,"Duelist's Trance, Thresh, Unrelenting","Chain Reaction, Eager Edge, Harmony",8,Chain Reaction+Thresh | Chain Reaction+Unrelenting | Duelist's Trance+Eager Edge | Duelist's Trance+Harmony | Eager Edge+Thresh | Eager Edge+Unrelenting | Harmony+Thresh | Harmony+Unrelenting,3257091166
317,Forgiveness,preferred,Sidearm,Arc,1,0,0,1,"Proximity Power, Tap the Trigger, Voltshot","Kill Clip, Precision Instrument, Surrounded",8,Kill Clip+Proximity Power | Kill Clip+Tap the Trigger | Kill Clip+Voltshot | Precision Instrument+Proximity Power | Precision Instrument+Tap the Trigger | Precision Instrument+Voltshot | Surrounded+Tap the Trigger | Surrounded+Voltshot,1552443158
318,Empty Vessel,preferred,Grenade Launcher,Solar,1,0,0,1,"Lead from Gold, Quickdraw, Threat Detector","Danger Zone, Disruption Break, Snapshot Sights",8,Danger Zone+Lead from Gold | Danger Zone+Quickdraw | Danger Zone+Threat Detector | Disruption Break+Lead from Gold | Disruption Break+Quickdraw | Disruption Break+Threat Detector | Lead from Gold+Snapshot Sights | Snapshot Sights+Threat Detector,198068259
319,Borrowed Time,preferred,Submachine Gun,Solar,1,0,0,1,"Grave Robber, Rangefinder, Tunnel Vision","Dragonfly, Thresh, Wellspring",9,Dragonfly+Grave Robber | Dragonfly+Rangefinder | Dragonfly+Tunnel Vision | Grave Robber+Thresh | Grave Robber+Wellspring | Rangefinder+Thresh | Rangefinder+Wellspring | Thresh+Tunnel Vision | Tunnel Vision+Wellspring,875848769
320,Cynosure,preferred,Rocket Launcher,Strand,1,0,0,1,"Ambitious Assassin, Clown Cartridge, Sympathetic Arsenal","Adrenaline Junkie, Elemental Honing, Quickdraw",8,Adrenaline Junkie+Ambitious Assassin | Adrenaline Junkie+Clown Cartridge | Adrenaline Junkie+Sympathetic Arsenal | Ambitious Assassin+Elemental Honing | Clown Cartridge+Elemental Honing | Clown Cartridge+Quickdraw | Elemental Honing+Sympathetic Arsenal | Quickdraw+Sympathetic Arsenal,694275488
321,Yesterday's Question,preferred,Hand Cannon,Arc,1,0,0,1,"Air Trigger, Closing Time, Fourth Time's the Charm","Eye of the Storm, Moving Target, Zen Moment",8,Air Trigger+Eye of the Storm | Air Trigger+Moving Target | Air Trigger+Zen Moment | Closing Time+Eye of the Storm | Closing Time+Moving Target | Closing Time+Zen Moment | Eye of the Storm+Fourth Time's the Charm | Fourth Time's the Charm+Zen Moment,2300143112
322,The Inquisitor,preferred,Shotgun,Arc,1,0,0,1,"Loose Change, Perpetual Motion, Slideshot","Bait and Switch, Closing Time, Fragile Focus",8,Bait and Switch+Loose Change | Bait and Switch+Perpetual Motion | Bait and Switch+Slideshot | Closing Time+Loose Change | Closing Time+Perpetual Motion | Closing Time+Slideshot | Fragile Focus+Loose Change | Fragile Focus+Slideshot,51129316
323,Temptation's Hook,preferred,Sword,Arc,1,0,0,1,"Attrition Orbs, Energy Transfer, Wellspring","Assassin's Blade, Collective Action, Valiant Charge",8,Assassin's Blade+Attrition Orbs | Assassin's Blade+Energy Transfer | Assassin's Blade+Wellspring | Attrition Orbs+Collective Action | Attrition Orbs+Valiant Charge | Collective Action+Wellspring | Energy Transfer+Valiant Charge | Valiant Charge+Wellspring,1587953057
324,Sola's Scar,preferred,Sword,Solar,1,0,0,1,"Eager Edge, Flash Counter, Tireless Blade","Chain Reaction, Redirection, Whirlwind Blade",8,Chain Reaction+Eager Edge | Chain Reaction+Flash Counter | Chain Reaction+Tireless Blade | Eager Edge+Redirection | Eager Edge+Whirlwind Blade | Flash Counter+Redirection | Flash Counter+Whirlwind Blade | Redirection+Tireless Blade,4089030727
325,Redrix's Estoc,preferred,Pulse Rifle,Stasis,1,0,0,1,"Perpetual Motion, Rimestealer, Zen Moment","Desperado, Headstone, Rapid Hit",8,Desperado+Perpetual Motion | Desperado+Rimestealer | Desperado+Zen Moment | Headstone+Perpetual Motion | Headstone+Zen Moment | Perpetual Motion+Rapid Hit | Rapid Hit+Rimestealer | Rapid Hit+Zen Moment,3218364298
326,Point of the Stag,preferred,Combat Bow,Arc,1,0,0,1,"Archer's Tempo, No Distractions, Shot Swap","Dragonfly, Swashbuckler, Vorpal Weapon",8,Archer's Tempo+Swashbuckler | Archer's Tempo+Vorpal Weapon | Dragonfly+No Distractions | Dragonfly+Shot Swap | No Distractions+Swashbuckler | No Distractions+Vorpal Weapon | Shot Swap+Swashbuckler | Shot Swap+Vorpal Weapon,888872889
327,Different Times,preferred,Pulse Rifle,Strand,1,0,1,1,"Empty Traits Socket, Heating Up, Outlaw","Collective Action, Empty Traits Socket, Headseeker",8,Collective Action+Empty Traits Socket | Collective Action+Heating Up | Collective Action+Outlaw | Empty Traits Socket+Headseeker | Empty Traits Socket+Heating Up | Empty Traits Socket+Outlaw | Headseeker+Heating Up | Headseeker+Outlaw,3016891299
328,Bygones,preferred,Pulse Rifle,Kinetic,1,0,0,1,"Subsistence, To the Pain, Under Pressure","Headseeker, Kinetic Tremors, Osmosis",8,Headseeker+Subsistence | Headseeker+To the Pain | Kinetic Tremors+Subsistence | Kinetic Tremors+To the Pain | Kinetic Tremors+Under Pressure | Osmosis+Subsistence | Osmosis+To the Pain | Osmosis+Under Pressure,2199554524
329,Brass Attacks,preferred,Sidearm,Void,1,0,0,1,"Impromptu Ammunition, Rapid Hit, Repulsor Brace","Demoralize, Dragonfly, Frenzy",8,Demoralize+Impromptu Ammunition | Demoralize+Rapid Hit | Demoralize+Repulsor Brace | Dragonfly+Impromptu Ammunition | Dragonfly+Repulsor Brace | Frenzy+Impromptu Ammunition | Frenzy+Rapid Hit | Frenzy+Repulsor Brace,1291040554
330,Aisha's Care,preferred,Pulse Rifle,Strand,1,0,0,1,"Encore, Gutshot Straight, Slice","Desperado, Golden Tricorn, Golden Tricorn Enhanced",8,Desperado+Encore | Desperado+Gutshot Straight | Desperado+Slice | Encore+Golden Tricorn | Encore+Golden Tricorn Enhanced | Golden Tricorn+Slice | Golden Tricorn Enhanced+Gutshot Straight | Golden Tricorn Enhanced+Slice,3969379530
331,Yeartide Apex,preferred,Submachine Gun,Solar,1,0,0,1,"Attrition Orbs, Feeding Frenzy, Lone Wolf","Binary Orbit, Harmony, Incandescent",8,Attrition Orbs+Binary Orbit | Attrition Orbs+Harmony | Attrition Orbs+Incandescent | Binary Orbit+Feeding Frenzy | Binary Orbit+Lone Wolf | Feeding Frenzy+Harmony | Feeding Frenzy+Incandescent | Incandescent+Lone Wolf,3293207827
332,Syncopation-53,preferred,Pulse Rifle,Stasis,1,0,1,1,"Compulsive Reloader, Hip-Fire Grip, Zen Moment","Empty Traits Socket, Focused Fury, Frenzy",8,Compulsive Reloader+Empty Traits Socket | Compulsive Reloader+Focused Fury | Empty Traits Socket+Hip-Fire Grip | Empty Traits Socket+Zen Moment | Focused Fury+Hip-Fire Grip | Focused Fury+Zen Moment | Frenzy+Hip-Fire Grip | Frenzy+Zen Moment,2856514843
333,Nameless Midnight,preferred,Scout Rifle,Kinetic,1,0,0,1,"Explosive Payload, High-Impact Reserves, Hip-Fire Grip","Kill Clip, Outlaw, Threat Detector",8,Explosive Payload+Kill Clip | Explosive Payload+Threat Detector | High-Impact Reserves+Kill Clip | High-Impact Reserves+Outlaw | High-Impact Reserves+Threat Detector | Hip-Fire Grip+Kill Clip | Hip-Fire Grip+Outlaw | Hip-Fire Grip+Threat Detector,3040742682
334,Lonesome,preferred,Sidearm,Kinetic,1,0,0,1,"Full Auto Trigger System, Grave Robber, Zen Moment","Demolitionist, Kill Clip, Slideshot",8,Demolitionist+Full Auto Trigger System | Demolitionist+Grave Robber | Demolitionist+Zen Moment | Full Auto Trigger System+Kill Clip | Full Auto Trigger System+Slideshot | Grave Robber+Kill Clip | Grave Robber+Slideshot | Slideshot+Zen Moment,843171043
335,Dead Weight,preferred,Shotgun,Arc,1,0,0,1,"Ensemble, Steady Hands, Well-Rounded","One-Two Punch, Surrounded, Turnabout",8,Ensemble+One-Two Punch | Ensemble+Surrounded | One-Two Punch+Steady Hands | One-Two Punch+Well-Rounded | Steady Hands+Surrounded | Steady Hands+Turnabout | Surrounded+Well-Rounded | Turnabout+Well-Rounded,3738678140
336,Lethal Abundance,preferred,Auto Rifle,Strand,1,0,0,1,"Discord, Elemental Capacitor, Slice","Attrition Orbs, Onslaught, Tap the Trigger",8,Attrition Orbs+Discord | Attrition Orbs+Elemental Capacitor | Attrition Orbs+Slice | Discord+Tap the Trigger | Elemental Capacitor+Onslaught | Elemental Capacitor+Tap the Trigger | Onslaught+Slice | Slice+Tap the Trigger,2189073092
337,Division (Adept),preferred,Sidearm,Arc,0,1,0,1,"Perfect Float, Pugilist, To the Pain","Surrounded, Swashbuckler, Sword Logic",8,Perfect Float+Surrounded | Perfect Float+Swashbuckler | Perfect Float+Sword Logic | Pugilist+Swashbuckler | Pugilist+Sword Logic | Surrounded+To the Pain | Swashbuckler+To the Pain | Sword Logic+To the Pain,3734001727
338,False Idols,preferred,Sword,Solar,1,0,1,1,"Eager Edge, Relentless Strikes, Strategist","Bait and Switch, Burning Ambition, Counterattack",7,Bait and Switch+Relentless Strikes | Bait and Switch+Strategist | Burning Ambition+Eager Edge | Burning Ambition+Relentless Strikes | Burning Ambition+Strategist | Counterattack+Eager Edge | Counterattack+Strategist,4207120603
339,Pressurized Precision,preferred,Fusion Rifle,Strand,1,0,0,1,"Auto-Loading Holster, Discord, Under Pressure","Closing Time, Hatchling, Kickstart",7,Auto-Loading Holster+Closing Time | Auto-Loading Holster+Hatchling | Auto-Loading Holster+Kickstart | Closing Time+Discord | Closing Time+Under Pressure | Discord+Hatchling | Hatchling+Under Pressure,293709640
340,Admetus-D,preferred,Scout Rifle,Void,1,0,0,1,"Lone Wolf, Rapid Hit, Recycled Energy","Closing Time, Precision Instrument, Withering Gaze",7,Closing Time+Rapid Hit | Closing Time+Recycled Energy | Lone Wolf+Withering Gaze | Precision Instrument+Rapid Hit | Precision Instrument+Recycled Energy | Rapid Hit+Withering Gaze | Recycled Energy+Withering Gaze,3776430252
341,Tarnished Mettle,preferred,Scout Rifle,Arc,1,0,1,1,"Empty Traits Socket, Killing Wind, Steady Hands","Dragonfly, Focused Fury, Voltshot",7,Dragonfly+Empty Traits Socket | Dragonfly+Steady Hands | Empty Traits Socket+Focused Fury | Empty Traits Socket+Voltshot | Focused Fury+Killing Wind | Killing Wind+Voltshot | Steady Hands+Voltshot,2218569744
342,Ogma PR6,preferred,Pulse Rifle,Solar,1,0,0,1,"Adaptive Munitions, Demolitionist, Perpetual Motion","Adrenaline Junkie, Dragonfly, Wellspring",7,Adaptive Munitions+Adrenaline Junkie | Adaptive Munitions+Dragonfly | Adaptive Munitions+Wellspring | Adrenaline Junkie+Perpetual Motion | Demolitionist+Dragonfly | Demolitionist+Wellspring | Perpetual Motion+Wellspring,324584912
343,MIDA Macro-Tool,preferred,Shotgun,Arc,1,0,0,1,"Discord, Envious Assassin, Slideshot","Master of Arms, Rolling Storm, Trench Barrel",7,Discord+Rolling Storm | Discord+Trench Barrel | Envious Assassin+Master of Arms | Envious Assassin+Trench Barrel | Master of Arms+Slideshot | Rolling Storm+Slideshot | Slideshot+Trench Barrel,2699423382
344,Loaded Question,preferred,Fusion Rifle,Arc,1,0,0,1,"Auto-Loading Holster, Demolitionist, Firmly Planted","Controlled Burst, Eye of the Storm, Reservoir Burst",7,Auto-Loading Holster+Controlled Burst | Auto-Loading Holster+Reservoir Burst | Controlled Burst+Demolitionist | Controlled Burst+Firmly Planted | Demolitionist+Eye of the Storm | Demolitionist+Reservoir Burst | Firmly Planted+Reservoir Burst,3125454907
345,Gizmo Weft,preferred,Grenade Launcher,Strand,1,0,0,1,"Blast Distributor, Reverberation, Slideshot","Bipod, Elemental Honing, Hatchling",7,Bipod+Reverberation | Bipod+Slideshot | Blast Distributor+Elemental Honing | Blast Distributor+Hatchling | Elemental Honing+Slideshot | Hatchling+Reverberation | Hatchling+Slideshot,4069880346
346,Bug-Out Bag,preferred,Submachine Gun,Solar,1,0,0,1,"Air Assault, Gutshot Straight, Slideways","Collective Action, Fragile Focus, Killing Wind",7,Air Assault+Collective Action | Air Assault+Killing Wind | Collective Action+Slideways | Fragile Focus+Gutshot Straight | Fragile Focus+Slideways | Gutshot Straight+Killing Wind | Killing Wind+Slideways,2832639510
347,Stay Frosty,preferred,Pulse Rifle,Stasis,1,0,0,1,"Encore, Enlightened Action, Killing Wind","Desperado, Desperate Measures, Headseeker",7,Desperado+Enlightened Action | Desperado+Killing Wind | Desperate Measures+Enlightened Action | Desperate Measures+Killing Wind | Encore+Headseeker | Enlightened Action+Headseeker | Headseeker+Killing Wind,3910523587
348,Gridskipper,preferred,Pulse Rifle,Void,1,0,0,1,"Perpetual Motion, Repulsor Brace, Zen Moment","Desperate Measures, Destabilizing Rounds, Elemental Capacitor",7,Desperate Measures+Perpetual Motion | Desperate Measures+Repulsor Brace | Desperate Measures+Zen Moment | Destabilizing Rounds+Perpetual Motion | Destabilizing Rounds+Zen Moment | Elemental Capacitor+Repulsor Brace | Elemental Capacitor+Zen Moment,3433930495
349,The Recluse,preferred,Submachine Gun,Void,1,0,0,1,"Dynamic Sway Reduction, Enlightened Action, Subsistence","Destabilizing Rounds, Surrounded, Tap the Trigger",7,Destabilizing Rounds+Dynamic Sway Reduction | Destabilizing Rounds+Enlightened Action | Destabilizing Rounds+Subsistence | Dynamic Sway Reduction+Surrounded | Enlightened Action+Tap the Trigger | Subsistence+Surrounded | Subsistence+Tap the Trigger,3098328572
350,Heliocentric QSc,preferred,Sidearm,Solar,1,0,0,1,"Demolitionist, Heal Clip, Perpetual Motion","Incandescent, Kill Clip, Surrounded",7,Demolitionist+Incandescent | Demolitionist+Kill Clip | Demolitionist+Surrounded | Heal Clip+Kill Clip | Heal Clip+Surrounded | Kill Clip+Perpetual Motion | Perpetual Motion+Surrounded,3998080529
351,Crowd Pleaser,preferred,Grenade Launcher,Void,1,0,0,1,"Ambitious Assassin, Clown Cartridge, Threat Detector","Elemental Capacitor, Moving Target, Quickdraw",7,Ambitious Assassin+Elemental Capacitor | Ambitious Assassin+Moving Target | Clown Cartridge+Elemental Capacitor | Clown Cartridge+Moving Target | Elemental Capacitor+Threat Detector | Moving Target+Threat Detector | Quickdraw+Threat Detector,3565520715
352,Crimil's Dagger,preferred,Hand Cannon,Kinetic,1,0,0,1,"Auto-Loading Holster, Rangefinder, Snapshot Sights","Field Prep, Timed Payload, Zen Moment",7,Auto-Loading Holster+Timed Payload | Auto-Loading Holster+Zen Moment | Field Prep+Rangefinder | Field Prep+Snapshot Sights | Rangefinder+Timed Payload | Snapshot Sights+Timed Payload | Snapshot Sights+Zen Moment,4292849692
353,Chroma Rush,preferred,Auto Rifle,Kinetic,1,0,0,1,"Heating Up, Killing Wind, To the Pain","Kill Clip, Kinetic Tremors, Target Lock",7,Heating Up+Kill Clip | Heating Up+Kinetic Tremors | Heating Up+Target Lock | Kill Clip+Killing Wind | Kill Clip+To the Pain | Killing Wind+Kinetic Tremors | Killing Wind+Target Lock,2598420927
354,Perfect Paradox,preferred,Shotgun,Kinetic,1,0,0,1,"Demolitionist, Field Prep, Firmly Planted","One-Two Punch, Opening Shot, Trench Barrel",6,Demolitionist+One-Two Punch | Demolitionist+Trench Barrel | Field Prep+One-Two Punch | Field Prep+Trench Barrel | Firmly Planted+Opening Shot | Firmly Planted+Trench Barrel,3393519051
355,Eighty-Six,preferred,Sword,Strand,1,0,0,1,"Lead From Light, Relentless Strikes, Sharp Harvest","Attrition Orbs, En Garde, Hatchling",6,Attrition Orbs+Relentless Strikes | Attrition Orbs+Sharp Harvest | En Garde+Lead From Light | En Garde+Sharp Harvest | Hatchling+Relentless Strikes | Hatchling+Sharp Harvest,2344383760
356,Ouster Engine,preferred,Grenade Launcher,Stasis,1,0,0,1,"Blast Distributor, Envious Assassin, Rimestealer","Chaos Reshaped, Crystalline Corpsebloom, One for All",6,Blast Distributor+Chaos Reshaped | Blast Distributor+Crystalline Corpsebloom | Chaos Reshaped+Envious Assassin | Chaos Reshaped+Rimestealer | Crystalline Corpsebloom+Envious Assassin | One for All+Rimestealer,3718184802
357,Crisis Inverted,preferred,Hand Cannon,Arc,1,0,0,1,"Shoot to Loot, Stats for All, Under Pressure","Adaptive Munitions, Harmony, One for All",6,Adaptive Munitions+Shoot to Loot | Adaptive Munitions+Under Pressure | Harmony+Stats for All | Harmony+Under Pressure | One for All+Stats for All | One for All+Under Pressure,2888266564
358,Stars in Shadow,preferred,Pulse Rifle,Solar,1,0,0,1,"Keep Away, Rapid Hit, Zen Moment","Burning Ambition, Headseeker, Incandescent",6,Burning Ambition+Keep Away | Burning Ambition+Zen Moment | Headseeker+Keep Away | Headseeker+Zen Moment | Incandescent+Rapid Hit | Incandescent+Zen Moment,3602242905
359,Goldtusk,preferred,Sword,Void,1,0,0,1,"En Garde, Energy Transfer, Tireless Blade","Assassin's Blade, Surrounded, Whirlwind Blade",6,Assassin's Blade+En Garde | Assassin's Blade+Tireless Blade | En Garde+Surrounded | En Garde+Whirlwind Blade | Energy Transfer+Whirlwind Blade | Surrounded+Tireless Blade,569799275
360,Bottom Dollar,preferred,Hand Cannon,Void,1,0,0,1,"Fourth Time's the Charm, Slideshot, Subsistence","Opening Shot, Thresh, Unrelenting",6,Fourth Time's the Charm+Opening Shot | Fourth Time's the Charm+Unrelenting | Opening Shot+Subsistence | Slideshot+Thresh | Slideshot+Unrelenting | Subsistence+Thresh,2953199259
361,Better Devils,preferred,Hand Cannon,Kinetic,1,0,0,1,"Explosive Payload, Hip-Fire Grip, Triple Tap","Explosive Payload, Opening Shot, Timed Payload",6,Explosive Payload | Explosive Payload+Timed Payload | Hip-Fire Grip+Opening Shot | Hip-Fire Grip+Timed Payload | Opening Shot+Triple Tap | Timed Payload+Triple Tap,153979397
362,Oxygen SR3,preferred,Scout Rifle,Solar,1,0,0,1,"Heal Clip, Rapid Hit, To the Pain","Box Breathing, Burning Ambition, Collective Pugilism",5,Box Breathing+Rapid Hit | Box Breathing+To the Pain | Burning Ambition+To the Pain | Collective Pugilism+Heal Clip | Collective Pugilism+Rapid Hit,4104613038
363,Peacebond,preferred,Sidearm,Stasis,1,0,0,1,"Headstone, Lone Wolf, Moving Target","Desperado, Desperate Measures, Rimestealer",5,Desperado+Headstone | Desperado+Moving Target | Desperate Measures+Moving Target | Lone Wolf+Rimestealer | Moving Target+Rimestealer,3437370193
364,The Wizened Rebuke,preferred,Fusion Rifle,Arc,1,0,0,1,"Auto-Loading Holster, Moving Target, Threat Detector","Backup Plan, Demolitionist, Tap the Trigger",5,Auto-Loading Holster+Backup Plan | Backup Plan+Moving Target | Backup Plan+Threat Detector | Demolitionist+Threat Detector | Moving Target+Tap the Trigger,930590127
365,Night Watch,preferred,Scout Rifle,Kinetic,1,0,0,1,"Outlaw, Rapid Hit, Snapshot Sights","Explosive Payload, Moving Target, Multikill Clip",5,Explosive Payload+Snapshot Sights | Moving Target+Outlaw | Moving Target+Rapid Hit | Multikill Clip+Outlaw | Multikill Clip+Snapshot Sights,2916547559
366,Igneous Hammer,preferred,Hand Cannon,Solar,1,0,0,1,"Fragile Focus, Heal Clip, Rangefinder","Eye of the Storm, Frenzy, Opening Shot",6,Eye of the Storm+Fragile Focus | Eye of the Storm+Heal Clip | Fragile Focus+Frenzy | Frenzy+Heal Clip | Heal Clip+Opening Shot | Opening Shot+Rangefinder,1973107014
367,Aberrant Action,preferred,Sidearm,Solar,1,0,1,1,"Ambitious Assassin, Beacon Rounds, Strategist","Empty Traits Socket, Golden Tricorn Enhanced, Reverberation",5,Ambitious Assassin+Empty Traits Socket | Ambitious Assassin+Reverberation | Beacon Rounds+Empty Traits Socket | Beacon Rounds+Golden Tricorn Enhanced | Golden Tricorn Enhanced+Strategist,2198166292
368,Service Revolver,preferred,Hand Cannon,Kinetic,1,0,0,1,"Moving Target, Rapid Hit, Triple Tap","Kill Clip, Rampage, Snapshot Sights",4,Kill Clip+Rapid Hit | Kill Clip+Triple Tap | Moving Target+Rampage | Rampage+Rapid Hit,834081972
369,Steel Sybil Z-14,preferred,Sword,Void,1,0,0,1,Assassin's Blade,"Assassin's Blade, Whirlwind Blade",2,Assassin's Blade | Assassin's Blade+Whirlwind Blade,4230993599
370,Rose,preferred,Hand Cannon,Kinetic,1,0,0,1,Outlaw,Polymer Grip,1,Outlaw+Polymer Grip,2429822976
371,Hush,preferred,Combat Bow,Solar,1,0,0,1,Opening Shot,Archer's Gambit,1,Archer's Gambit+Opening Shot,1584643826
372,Buzzard,preferred,Sidearm,Kinetic,1,0,0,1,Fourth Time's the Charm,Osmosis,1,Fourth Time's the Charm+Osmosis,805677041
373,The Time-Worn Spire,preferred,Pulse Rifle,Kinetic,1,0,0,1,"Slideways, Subsistence, Under Pressure","Iron Gaze, Iron Grip, Vorpal Weapon",9,Iron Gaze+Slideways | Iron Gaze+Subsistence | Iron Gaze+Under Pressure | Iron Grip+Slideways | Iron Grip+Subsistence | Iron Grip+Under Pressure | Slideways+Vorpal Weapon | Subsistence+Vorpal Weapon | Under Pressure+Vorpal Weapon,3593598010
374,Swordbreaker (Adept),preferred,Shotgun,Strand,0,1,1,0,"Paracausal Affinity, Subsistence, Threat Detector","Barrel Constrictor, Chaos Reshaped, Sword Logic",9,Barrel Constrictor+Paracausal Affinity | Barrel Constrictor+Subsistence | Barrel Constrictor+Threat Detector | Chaos Reshaped+Paracausal Affinity | Chaos Reshaped+Subsistence | Chaos Reshaped+Threat Detector | Paracausal Affinity+Sword Logic | Subsistence+Sword Logic | Sword Logic+Threat Detector,1239700299
375,Strident Whistle,preferred,Combat Bow,Solar,1,0,0,1,"Quickdraw, Shoot to Loot, Sneak Bow","Explosive Head, Incandescent, Successful Warm-Up",9,Explosive Head+Quickdraw | Explosive Head+Shoot to Loot | Explosive Head+Sneak Bow | Incandescent+Quickdraw | Incandescent+Shoot to Loot | Incandescent+Sneak Bow | Quickdraw+Successful Warm-Up | Shoot to Loot+Successful Warm-Up | Sneak Bow+Successful Warm-Up,2591241074
376,Royal Entry,preferred,Rocket Launcher,Void,1,0,0,1,"Moving Target, Pulse Monitor, Rangefinder","Cluster Bomb, Lasting Impression, One for All",9,Cluster Bomb+Moving Target | Cluster Bomb+Pulse Monitor | Cluster Bomb+Rangefinder | Lasting Impression+Moving Target | Lasting Impression+Pulse Monitor | Lasting Impression+Rangefinder | Moving Target+One for All | One for All+Pulse Monitor | One for All+Rangefinder,2448907086
377,Qullim's Terminus (Harrowed),preferred,Machine Gun,Stasis,0,1,1,0,"Heating Up, Slickdraw, Unrelenting","Crystalline Corpsebloom, Firing Line, Killing Tally",9,Crystalline Corpsebloom+Heating Up | Crystalline Corpsebloom+Slickdraw | Crystalline Corpsebloom+Unrelenting | Firing Line+Heating Up | Firing Line+Slickdraw | Firing Line+Unrelenting | Heating Up+Killing Tally | Killing Tally+Slickdraw | Killing Tally+Unrelenting,3248429089
378,Smite of Merain (Harrowed),preferred,Pulse Rifle,Kinetic,0,1,1,0,"Ensemble, Focused Fury, Well-Rounded","Adhesive Ordnance, All-Star, Vorpal Weapon",9,Adhesive Ordnance+Ensemble | Adhesive Ordnance+Focused Fury | Adhesive Ordnance+Well-Rounded | All-Star+Ensemble | All-Star+Focused Fury | All-Star+Well-Rounded | Ensemble+Vorpal Weapon | Focused Fury+Vorpal Weapon | Vorpal Weapon+Well-Rounded,3407395594
379,Ribbontail,preferred,Trace Rifle,Strand,1,0,0,1,"Envious Arsenal, Transcendent Moment, Wellspring","Redirection, Surrounded, Tear",9,Envious Arsenal+Redirection | Envious Arsenal+Surrounded | Envious Arsenal+Tear | Redirection+Transcendent Moment | Redirection+Wellspring | Surrounded+Transcendent Moment | Surrounded+Wellspring | Tear+Transcendent Moment | Tear+Wellspring,407150808
380,No Hesitation,preferred,Auto Rifle,Solar,1,0,1,1,"Empty Traits Socket, Grave Robber, Target Lock","Chaos Reshaped, Circle of Life, Elemental Honing",9,Chaos Reshaped+Empty Traits Socket | Chaos Reshaped+Grave Robber | Chaos Reshaped+Target Lock | Circle of Life+Empty Traits Socket | Circle of Life+Grave Robber | Circle of Life+Target Lock | Elemental Honing+Empty Traits Socket | Elemental Honing+Grave Robber | Elemental Honing+Target Lock,1801007332
381,Live Fire,preferred,Scout Rifle,Stasis,1,0,0,1,"Rapid Hit, Rimestealer, Subsistence","No Distractions, Shoot to Loot, To the Pain",9,No Distractions+Rapid Hit | No Distractions+Rimestealer | No Distractions+Subsistence | Rapid Hit+Shoot to Loot | Rapid Hit+To the Pain | Rimestealer+Shoot to Loot | Rimestealer+To the Pain | Shoot to Loot+Subsistence | Subsistence+To the Pain,3612142623
382,Vision of Confluence (Timelost),preferred,Scout Rifle,Solar,0,1,1,0,"Incandescent, Light Touch, Tunnel Vision","Explosive Payload, Firefly, Paracausal Affinity",9,Explosive Payload+Incandescent | Explosive Payload+Light Touch | Explosive Payload+Tunnel Vision | Firefly+Incandescent | Firefly+Light Touch | Firefly+Tunnel Vision | Incandescent+Paracausal Affinity | Light Touch+Paracausal Affinity | Paracausal Affinity+Tunnel Vision,337578911
383,Song of Ir Yût (Adept),preferred,Machine Gun,Arc,0,1,1,0,"Supercharged Magazine, Unrelenting, Zen Moment","Cascade Point, Mega Kill Clip, Target Lock",9,Cascade Point+Supercharged Magazine | Cascade Point+Unrelenting | Cascade Point+Zen Moment | Mega Kill Clip+Supercharged Magazine | Mega Kill Clip+Unrelenting | Mega Kill Clip+Zen Moment | Supercharged Magazine+Target Lock | Target Lock+Unrelenting | Target Lock+Zen Moment,407511664
384,Origin Story,preferred,Auto Rifle,Kinetic,1,0,0,1,"Dynamic Sway Reduction, Slideways, Strategist","Kinetic Tremors, Onslaught, Swashbuckler",9,Dynamic Sway Reduction+Kinetic Tremors | Dynamic Sway Reduction+Onslaught | Dynamic Sway Reduction+Swashbuckler | Kinetic Tremors+Slideways | Kinetic Tremors+Strategist | Onslaught+Slideways | Onslaught+Strategist | Slideways+Swashbuckler | Strategist+Swashbuckler,2826850739
385,Lubrae's Ruin (Adept),preferred,Glaive,Solar,0,1,1,0,"Sleight of Hand, Tilting at Windmills, Turnabout","Surrounded, Unstoppable Force, Vorpal Weapon",9,Sleight of Hand+Surrounded | Sleight of Hand+Unstoppable Force | Sleight of Hand+Vorpal Weapon | Surrounded+Tilting at Windmills | Surrounded+Turnabout | Tilting at Windmills+Unstoppable Force | Tilting at Windmills+Vorpal Weapon | Turnabout+Unstoppable Force | Turnabout+Vorpal Weapon,1466006054
386,Keraunios,preferred,Trace Rifle,Arc,1,0,0,1,"Rewind Rounds, Shoot to Loot, Supercharged Magazine","Butterfly, Killing Tally, Rolling Storm",9,Butterfly+Rewind Rounds | Butterfly+Shoot to Loot | Butterfly+Supercharged Magazine | Killing Tally+Rewind Rounds | Killing Tally+Shoot to Loot | Killing Tally+Supercharged Magazine | Rewind Rounds+Rolling Storm | Rolling Storm+Shoot to Loot | Rolling Storm+Supercharged Magazine,2386208942
387,Iterative Loop,preferred,Fusion Rifle,Arc,1,0,1,1,"Slickdraw, Successful Warm-Up, Supercharged Magazine","Controlled Burst, Elemental Capacitor, Pugilist",9,Controlled Burst+Slickdraw | Controlled Burst+Successful Warm-Up | Controlled Burst+Supercharged Magazine | Elemental Capacitor+Slickdraw | Elemental Capacitor+Successful Warm-Up | Elemental Capacitor+Supercharged Magazine | Pugilist+Slickdraw | Pugilist+Successful Warm-Up | Pugilist+Supercharged Magazine,1289796511
388,Whatchamacallit,preferred,Submachine Gun,Arc,1,0,0,1,"Keep Away, Light Touch, Stats for All","Dragonfly, Rangefinder, Sword Logic",9,Dragonfly+Keep Away | Dragonfly+Light Touch | Dragonfly+Stats for All | Keep Away+Rangefinder | Keep Away+Sword Logic | Light Touch+Rangefinder | Light Touch+Sword Logic | Rangefinder+Stats for All | Stats for All+Sword Logic,357669417
389,Fair Judgment,preferred,Auto Rifle,Stasis,1,0,0,1,"Deconstruct, Rimestealer, Slideshot","Built to Blast, Kill Clip, Tap the Trigger",9,Built to Blast+Deconstruct | Built to Blast+Rimestealer | Built to Blast+Slideshot | Deconstruct+Kill Clip | Deconstruct+Tap the Trigger | Kill Clip+Rimestealer | Kill Clip+Slideshot | Rimestealer+Tap the Trigger | Slideshot+Tap the Trigger,4113452819
390,The Spiteful Fang,preferred,Combat Bow,Stasis,1,0,0,1,"Perfect Float, Rimestealer, Successful Warm-Up","Golden Tricorn, Golden Tricorn Enhanced, Rampage",9,Golden Tricorn+Perfect Float | Golden Tricorn+Rimestealer | Golden Tricorn+Successful Warm-Up | Golden Tricorn Enhanced+Perfect Float | Golden Tricorn Enhanced+Rimestealer | Golden Tricorn Enhanced+Successful Warm-Up | Perfect Float+Rampage | Rampage+Rimestealer | Rampage+Successful Warm-Up,1704597062
391,Pointed Inquiry,preferred,Scout Rifle,Void,1,0,1,1,"Firmly Planted, Fourth Time's the Charm, Repulsor Brace","Harmony, Precision Instrument, Turnabout",9,Firmly Planted+Harmony | Firmly Planted+Precision Instrument | Firmly Planted+Turnabout | Fourth Time's the Charm+Harmony | Fourth Time's the Charm+Precision Instrument | Fourth Time's the Charm+Turnabout | Harmony+Repulsor Brace | Precision Instrument+Repulsor Brace | Repulsor Brace+Turnabout,297296830
392,Locus Locutus,preferred,Sniper Rifle,Stasis,1,0,1,1,"Discord, Steady Hands, Surplus","Firing Line, High Ground, Kill Clip",9,Discord+Firing Line | Discord+High Ground | Discord+Kill Clip | Firing Line+Steady Hands | Firing Line+Surplus | High Ground+Steady Hands | High Ground+Surplus | Kill Clip+Steady Hands | Kill Clip+Surplus,4132072834
393,Koraxis's Distress (Adept),preferred,Grenade Launcher,Strand,0,1,1,0,"Chain Reaction, Danger Zone, Envious Arsenal","Hatchling, Paracausal Affinity, Wellspring",9,Chain Reaction+Hatchling | Chain Reaction+Paracausal Affinity | Chain Reaction+Wellspring | Danger Zone+Hatchling | Danger Zone+Paracausal Affinity | Danger Zone+Wellspring | Envious Arsenal+Hatchling | Envious Arsenal+Paracausal Affinity | Envious Arsenal+Wellspring,495442100
394,Tinasha's Mastery,preferred,Sidearm,Stasis,1,0,0,1,"Loose Change, Offhand Strike, Reverberation","Adagio, One for All, Surrounded",9,Adagio+Loose Change | Adagio+Offhand Strike | Adagio+Reverberation | Loose Change+One for All | Loose Change+Surrounded | Offhand Strike+One for All | Offhand Strike+Surrounded | One for All+Reverberation | Reverberation+Surrounded,480368036
395,Shayura's Wrath,preferred,Submachine Gun,Void,1,0,0,1,"Heating Up, Hip-Fire Grip, Quickdraw","Adrenaline Junkie, Celerity, Golden Tricorn",9,Adrenaline Junkie+Heating Up | Adrenaline Junkie+Hip-Fire Grip | Adrenaline Junkie+Quickdraw | Celerity+Heating Up | Celerity+Hip-Fire Grip | Celerity+Quickdraw | Golden Tricorn+Heating Up | Golden Tricorn+Hip-Fire Grip | Golden Tricorn+Quickdraw,3682803680
396,Reghusk's Pledge,preferred,Auto Rifle,Void,1,0,0,1,"Impromptu Ammunition, Proximity Power, Rewind Rounds","Golden Tricorn Enhanced, Swashbuckler, Target Lock",9,Golden Tricorn Enhanced+Impromptu Ammunition | Golden Tricorn Enhanced+Proximity Power | Golden Tricorn Enhanced+Rewind Rounds | Impromptu Ammunition+Swashbuckler | Impromptu Ammunition+Target Lock | Proximity Power+Swashbuckler | Proximity Power+Target Lock | Rewind Rounds+Swashbuckler | Rewind Rounds+Target Lock,2370525224
397,Qua Xaphan V,preferred,Machine Gun,Void,1,0,0,1,"Encore, Shot Swap, Under Pressure","Cascade Point, Rampage, Wellspring",9,Cascade Point+Encore | Cascade Point+Shot Swap | Cascade Point+Under Pressure | Encore+Rampage | Encore+Wellspring | Rampage+Shot Swap | Rampage+Under Pressure | Shot Swap+Wellspring | Under Pressure+Wellspring,1975125963
398,Python,preferred,Shotgun,Void,1,0,0,1,"Dimensional Shift, Loose Change, Pugilist","Opening Shot, Trench Barrel, Withering Gaze",9,Dimensional Shift+Opening Shot | Dimensional Shift+Trench Barrel | Dimensional Shift+Withering Gaze | Loose Change+Opening Shot | Loose Change+Trench Barrel | Loose Change+Withering Gaze | Opening Shot+Pugilist | Pugilist+Trench Barrel | Pugilist+Withering Gaze,4276696962
399,The Martlet,preferred,Pulse Rifle,Void,1,0,0,1,"Firefly, Loose Change, Repulsor Brace","Kill Clip, Sword Logic, Zen Moment",9,Firefly+Kill Clip | Firefly+Sword Logic | Firefly+Zen Moment | Kill Clip+Loose Change | Kill Clip+Repulsor Brace | Loose Change+Sword Logic | Loose Change+Zen Moment | Repulsor Brace+Sword Logic | Repulsor Brace+Zen Moment,877384
400,Luna Regolith III,preferred,Sniper Rifle,Solar,1,0,0,1,"Clown Cartridge, No Distractions, Under Pressure","Collective Action, Incandescent, Precision Instrument",9,Clown Cartridge+Collective Action | Clown Cartridge+Incandescent | Clown Cartridge+Precision Instrument | Collective Action+No Distractions | Collective Action+Under Pressure | Incandescent+No Distractions | Incandescent+Under Pressure | No Distractions+Precision Instrument | Precision Instrument+Under Pressure,1948035256
401,Submersion,preferred,Combat Bow,Stasis,1,0,0,1,"Auto-Loading Holster, Impulse Amplifier, Lead From Light","Firing Line, Headstone, High Ground",9,Auto-Loading Holster+Firing Line | Auto-Loading Holster+Headstone | Auto-Loading Holster+High Ground | Firing Line+Impulse Amplifier | Firing Line+Lead From Light | Headstone+Impulse Amplifier | Headstone+Lead From Light | High Ground+Impulse Amplifier | High Ground+Lead From Light,3524386983
402,False Idols,preferred,Sword,Solar,1,0,1,1,"Duelist's Trance, Flash Counter, Incandescent","Counterattack, Empty Traits Socket, One for All",9,Counterattack+Duelist's Trance | Counterattack+Flash Counter | Counterattack+Incandescent | Duelist's Trance+Empty Traits Socket | Duelist's Trance+One for All | Empty Traits Socket+Flash Counter | Empty Traits Socket+Incandescent | Flash Counter+One for All | Incandescent+One for All,4207120603
403,Double-Edged Answer,preferred,Sword,Void,1,0,0,1,"Relentless Strikes, Thresh, Unrelenting","Adrenaline Junkie, Destabilizing Rounds, Valiant Charge",9,Adrenaline Junkie+Relentless Strikes | Adrenaline Junkie+Thresh | Adrenaline Junkie+Unrelenting | Destabilizing Rounds+Relentless Strikes | Destabilizing Rounds+Thresh | Destabilizing Rounds+Unrelenting | Relentless Strikes+Valiant Charge | Thresh+Valiant Charge | Unrelenting+Valiant Charge,105164264
404,Auric Disabler,preferred,Auto Rifle,Strand,1,0,0,1,"Dragonfly, Gutshot Straight, Lone Wolf","Tap the Trigger, Target Lock, Tear",9,Dragonfly+Tap the Trigger | Dragonfly+Target Lock | Dragonfly+Tear | Gutshot Straight+Tap the Trigger | Gutshot Straight+Target Lock | Gutshot Straight+Tear | Lone Wolf+Tap the Trigger | Lone Wolf+Target Lock | Lone Wolf+Tear,702001725
405,Yesteryear,preferred,Pulse Rifle,Void,1,0,0,1,"Compulsive Reloader, Subsistence, Under Pressure","Eye of the Storm, Golden Tricorn Enhanced, Repulsor Brace",9,Compulsive Reloader+Eye of the Storm | Compulsive Reloader+Golden Tricorn Enhanced | Compulsive Reloader+Repulsor Brace | Eye of the Storm+Subsistence | Eye of the Storm+Under Pressure | Golden Tricorn Enhanced+Subsistence | Golden Tricorn Enhanced+Under Pressure | Repulsor Brace+Subsistence | Repulsor Brace+Under Pressure,4028000428
406,Hezen Vengeance (Timelost),preferred,Rocket Launcher,Solar,0,1,1,0,"Collective Demolition, Incandescent, Overflow","Aggregate Charge, Elemental Honing, Explosive Light",9,Aggregate Charge+Collective Demolition | Aggregate Charge+Incandescent | Aggregate Charge+Overflow | Collective Demolition+Elemental Honing | Collective Demolition+Explosive Light | Elemental Honing+Incandescent | Elemental Honing+Overflow | Explosive Light+Incandescent | Explosive Light+Overflow,3623686757
407,Doom of Chelchis (Harrowed),preferred,Scout Rifle,Void,0,1,1,0,"Explosive Payload, Firefly, Steady Hands","Frenzy, One for All, Repulsor Brace",9,Explosive Payload+Frenzy | Explosive Payload+One for All | Explosive Payload+Repulsor Brace | Firefly+Frenzy | Firefly+One for All | Firefly+Repulsor Brace | Frenzy+Steady Hands | One for All+Steady Hands | Repulsor Brace+Steady Hands,1184692845
408,Volta Bracket,preferred,Sniper Rifle,Strand,1,0,1,1,"Envious Assassin, Lucky Shot, Subsistence","Cascade Point, Rewind Rounds, Under Pressure",8,Cascade Point+Envious Assassin | Cascade Point+Lucky Shot | Cascade Point+Subsistence | Envious Assassin+Under Pressure | Lucky Shot+Rewind Rounds | Lucky Shot+Under Pressure | Rewind Rounds+Subsistence | Subsistence+Under Pressure,3920310144
409,Chivalric Fire,preferred,Sword,Void,1,0,0,1,"Dimensional Shift, Strategist, Tilting at Windmills","Collective Action, Flash Counter, Whirlwind Blade",8,Collective Action+Strategist | Collective Action+Tilting at Windmills | Dimensional Shift+Flash Counter | Dimensional Shift+Whirlwind Blade | Flash Counter+Strategist | Flash Counter+Tilting at Windmills | Strategist+Whirlwind Blade | Tilting at Windmills+Whirlwind Blade,938936806
410,Cataclysmic (Adept),preferred,Linear Fusion Rifle,Solar,0,1,1,0,"No Distractions, Sleight of Hand, Successful Warm-Up","Adaptive Munitions, Clown Cartridge, Focused Fury",8,Adaptive Munitions+No Distractions | Adaptive Munitions+Sleight of Hand | Adaptive Munitions+Successful Warm-Up | Clown Cartridge+No Distractions | Clown Cartridge+Sleight of Hand | Focused Fury+No Distractions | Focused Fury+Sleight of Hand | Focused Fury+Successful Warm-Up,2886339027
411,Blowout,preferred,Rocket Launcher,Arc,1,0,0,1,"Genesis, Tracking Module, Turnabout","Explosive Light, Golden Tricorn Enhanced, Multikill Clip",8,Explosive Light+Genesis | Explosive Light+Turnabout | Genesis+Golden Tricorn Enhanced | Genesis+Multikill Clip | Golden Tricorn Enhanced+Tracking Module | Golden Tricorn Enhanced+Turnabout | Multikill Clip+Tracking Module | Multikill Clip+Turnabout,1903182562
412,Reckless Endangerment,preferred,Shotgun,Kinetic,1,0,0,1,"Barrel Constrictor, Perpetual Motion, Steady Hands","All-Star, Offhand Strike, Trench Barrel",8,All-Star+Barrel Constrictor | All-Star+Perpetual Motion | All-Star+Steady Hands | Barrel Constrictor+Offhand Strike | Barrel Constrictor+Trench Barrel | Offhand Strike+Steady Hands | Perpetual Motion+Trench Barrel | Steady Hands+Trench Barrel,3085559077
413,Qua Vinctus IV,preferred,Machine Gun,Strand,1,0,0,1,"Slice, Transcendent Moment, Triple Tap","Lone Wolf, Meganeura, Strategist",8,Lone Wolf+Slice | Lone Wolf+Transcendent Moment | Lone Wolf+Triple Tap | Meganeura+Slice | Meganeura+Transcendent Moment | Meganeura+Triple Tap | Strategist+Transcendent Moment | Strategist+Triple Tap,4176551594
414,King Orfeo,preferred,Combat Bow,Arc,1,0,0,1,"Archer's Tempo, Successful Warm-Up, Surplus","Dragonfly, Rangefinder, Rolling Storm",8,Archer's Tempo+Rangefinder | Archer's Tempo+Rolling Storm | Dragonfly+Successful Warm-Up | Dragonfly+Surplus | Rangefinder+Successful Warm-Up | Rangefinder+Surplus | Rolling Storm+Successful Warm-Up | Rolling Storm+Surplus,3481382332
415,The Third Axiom,preferred,Pulse Rifle,Arc,1,0,0,1,"Feeding Frenzy, Genesis, Hip-Fire Grip","Headseeker, Sympathetic Arsenal, Vorpal Weapon",9,Feeding Frenzy+Headseeker | Feeding Frenzy+Sympathetic Arsenal | Feeding Frenzy+Vorpal Weapon | Genesis+Headseeker | Genesis+Sympathetic Arsenal | Genesis+Vorpal Weapon | Headseeker+Hip-Fire Grip | Hip-Fire Grip+Sympathetic Arsenal | Hip-Fire Grip+Vorpal Weapon,3744058588
416,Riptide,preferred,Fusion Rifle,Stasis,1,0,0,1,"Compulsive Reloader, Ensemble, Well-Rounded","Cornered, Snapshot Sights, Successful Warm-Up",9,Compulsive Reloader+Cornered | Compulsive Reloader+Snapshot Sights | Compulsive Reloader+Successful Warm-Up | Cornered+Ensemble | Cornered+Well-Rounded | Ensemble+Snapshot Sights | Ensemble+Successful Warm-Up | Snapshot Sights+Well-Rounded | Successful Warm-Up+Well-Rounded,2715240478
417,Retrofuturist,preferred,Shotgun,Void,1,0,0,1,"Loose Change, Quickdraw, Stats for All","Barrel Constrictor, Envious Assassin, High Ground",8,Barrel Constrictor+Loose Change | Barrel Constrictor+Quickdraw | Barrel Constrictor+Stats for All | Envious Assassin+Loose Change | Envious Assassin+Quickdraw | Envious Assassin+Stats for All | High Ground+Loose Change | High Ground+Stats for All,1612781792
418,Midha's Reckoning (Harrowed),preferred,Fusion Rifle,Arc,0,1,1,0,"Backup Plan, Pugilist, Unrelenting","Golden Tricorn Enhanced, Kickstart, Reservoir Burst",8,Backup Plan+Golden Tricorn Enhanced | Backup Plan+Kickstart | Backup Plan+Reservoir Burst | Golden Tricorn Enhanced+Pugilist | Kickstart+Pugilist | Kickstart+Unrelenting | Pugilist+Reservoir Burst | Reservoir Burst+Unrelenting,3904516037
419,Embraced Identity,preferred,Sniper Rifle,Void,1,0,1,1,"Destabilizing Rounds, Permeability, Withering Gaze","Aggregate Charge, Elemental Capacitor, Moving Target",8,Aggregate Charge+Destabilizing Rounds | Aggregate Charge+Permeability | Destabilizing Rounds+Elemental Capacitor | Destabilizing Rounds+Moving Target | Elemental Capacitor+Permeability | Elemental Capacitor+Withering Gaze | Moving Target+Permeability | Moving Target+Withering Gaze,2821677368
420,Critical Anomaly (Adept),preferred,Sniper Rifle,Stasis,0,1,1,0,"Built to Blast, Chill Clip, Rampage","Firing Line, Headstone, Snapshot Sights",8,Built to Blast+Firing Line | Built to Blast+Headstone | Built to Blast+Snapshot Sights | Chill Clip+Firing Line | Chill Clip+Headstone | Chill Clip+Snapshot Sights | Firing Line+Rampage | Headstone+Rampage,172461430
421,Chain of Command,preferred,Machine Gun,Stasis,1,0,0,1,"Adrenaline Junkie, Turnabout, Under-Over","Demolitionist, Killing Tally, Meganeura",8,Adrenaline Junkie+Killing Tally | Adrenaline Junkie+Meganeura | Demolitionist+Turnabout | Demolitionist+Under-Over | Killing Tally+Turnabout | Killing Tally+Under-Over | Meganeura+Turnabout | Meganeura+Under-Over,1716620044
422,Bellowing Giant,preferred,Rocket Launcher,Void,1,0,0,1,"Air Trigger, Ambitious Assassin, Overflow","Auto-Loading Holster, Cluster Bomb, Collective Demolition",8,Air Trigger+Auto-Loading Holster | Air Trigger+Cluster Bomb | Air Trigger+Collective Demolition | Ambitious Assassin+Cluster Bomb | Ambitious Assassin+Collective Demolition | Auto-Loading Holster+Overflow | Cluster Bomb+Overflow | Collective Demolition+Overflow,1889005379
423,Agape,preferred,Hand Cannon,Solar,1,0,0,1,"Encore, Heal Clip, Snapshot Sights","Burning Ambition, Firefly, Master of Arms",8,Burning Ambition+Encore | Burning Ambition+Snapshot Sights | Encore+Firefly | Encore+Master of Arms | Firefly+Heal Clip | Firefly+Snapshot Sights | Heal Clip+Master of Arms | Master of Arms+Snapshot Sights,4124362340
424,Zephyr,preferred,Sword,Stasis,1,0,0,1,"Osmosis, Thresh, Turnabout","En Garde, Vorpal Weapon, Whirlwind Blade",8,En Garde+Osmosis | En Garde+Thresh | En Garde+Turnabout | Osmosis+Vorpal Weapon | Osmosis+Whirlwind Blade | Thresh+Vorpal Weapon | Thresh+Whirlwind Blade | Turnabout+Whirlwind Blade,396910433
425,Semiotician,preferred,Rocket Launcher,Strand,1,0,1,1,"Empty Traits Socket, Shot Swap, Stats for All","Bipod, Hatchling, Pugilist",8,Bipod+Empty Traits Socket | Bipod+Shot Swap | Bipod+Stats for All | Empty Traits Socket+Hatchling | Hatchling+Shot Swap | Hatchling+Stats for All | Pugilist+Shot Swap | Pugilist+Stats for All,2922749929
426,Nightshade,preferred,Pulse Rifle,Strand,1,0,0,1,"Lead From Light, Lucky Shot, Slice","Desperate Measures, Feeding Frenzy, Moving Target",8,Desperate Measures+Lead From Light | Desperate Measures+Lucky Shot | Desperate Measures+Slice | Feeding Frenzy+Lucky Shot | Feeding Frenzy+Slice | Lead From Light+Moving Target | Lucky Shot+Moving Target | Moving Target+Slice,1559068369
427,Liturgy,preferred,Grenade Launcher,Stasis,1,0,0,1,"Quickdraw, Strategist, Surplus","Chill Clip, Harmony, Lead from Gold",8,Chill Clip+Quickdraw | Chill Clip+Strategist | Chill Clip+Surplus | Harmony+Quickdraw | Harmony+Strategist | Harmony+Surplus | Lead from Gold+Strategist | Lead from Gold+Surplus,3377522331
428,Joxer's Longsword,preferred,Pulse Rifle,Void,1,0,0,1,"Dragonfly, Shoot to Loot, Strategist","Desperado, High-Impact Reserves, Withering Gaze",8,Desperado+Shoot to Loot | Desperado+Strategist | Dragonfly+High-Impact Reserves | Dragonfly+Withering Gaze | High-Impact Reserves+Shoot to Loot | High-Impact Reserves+Strategist | Shoot to Loot+Withering Gaze | Strategist+Withering Gaze,157601190
429,Indebted Kindness,preferred,Sidearm,Arc,1,0,0,1,"Beacon Rounds, Impulse Amplifier, Trickle Charge","Attrition Orbs, Surrounded, Voltshot",8,Attrition Orbs+Impulse Amplifier | Attrition Orbs+Trickle Charge | Beacon Rounds+Surrounded | Beacon Rounds+Voltshot | Impulse Amplifier+Surrounded | Impulse Amplifier+Voltshot | Surrounded+Trickle Charge | Trickle Charge+Voltshot,2554513694
430,A Good Shout,preferred,Combat Bow,Void,1,0,0,1,"Bolt Scavenger, Envious Arsenal, No Distractions","Destabilizing Rounds, High Ground, Rampage",8,Bolt Scavenger+Destabilizing Rounds | Bolt Scavenger+High Ground | Bolt Scavenger+Rampage | Destabilizing Rounds+Envious Arsenal | Destabilizing Rounds+No Distractions | Envious Arsenal+High Ground | Envious Arsenal+Rampage | No Distractions+Rampage,3615748501
431,Zaouli's Bane (Harrowed),preferred,Hand Cannon,Solar,0,1,1,0,"Ensemble, Gutshot Straight, Opening Shot","Firefly, Meganeura, Surrounded",8,Ensemble+Firefly | Ensemble+Meganeura | Firefly+Gutshot Straight | Firefly+Opening Shot | Gutshot Straight+Meganeura | Gutshot Straight+Surrounded | Meganeura+Opening Shot | Opening Shot+Surrounded,291092617
432,Yeartide Apex,preferred,Submachine Gun,Solar,1,0,0,1,"Heal Clip, Recycled Energy, Transcendent Moment","Chaos Reshaped, Harmony, Target Lock",8,Chaos Reshaped+Heal Clip | Chaos Reshaped+Recycled Energy | Chaos Reshaped+Transcendent Moment | Harmony+Heal Clip | Harmony+Recycled Energy | Harmony+Transcendent Moment | Heal Clip+Target Lock | Target Lock+Transcendent Moment,3293207827
433,Willful Hamartia,preferred,Linear Fusion Rifle,Arc,1,0,0,1,"Slideways, Successful Warm-Up, Tap the Trigger","Bait and Switch, Offhand Strike, Reservoir Burst",8,Bait and Switch+Slideways | Bait and Switch+Successful Warm-Up | Bait and Switch+Tap the Trigger | Offhand Strike+Slideways | Offhand Strike+Successful Warm-Up | Offhand Strike+Tap the Trigger | Reservoir Burst+Successful Warm-Up | Reservoir Burst+Tap the Trigger,1952295804
434,Thin Precipice,preferred,Sword,Strand,1,0,1,1,"Duelist's Trance, Steady Hands, Tireless Blade","Golden Tricorn Enhanced, Harmony, Hatchling",8,Duelist's Trance+Golden Tricorn Enhanced | Duelist's Trance+Hatchling | Golden Tricorn Enhanced+Steady Hands | Golden Tricorn Enhanced+Tireless Blade | Harmony+Steady Hands | Harmony+Tireless Blade | Hatchling+Steady Hands | Hatchling+Tireless Blade,4066778670
435,Submission (Adept),preferred,Submachine Gun,Kinetic,0,1,1,0,"Overflow, Sleight of Hand, Turnabout","Frenzy, Target Lock, Thresh",8,Frenzy+Overflow | Frenzy+Sleight of Hand | Frenzy+Turnabout | Overflow+Target Lock | Sleight of Hand+Target Lock | Sleight of Hand+Thresh | Target Lock+Turnabout | Thresh+Turnabout,1941816543
436,Someday,preferred,Shotgun,Kinetic,1,0,1,1,"Dual Loader, Elemental Capacitor, Loose Change","Empty Traits Socket, Recombination, Swashbuckler",8,Dual Loader+Recombination | Dual Loader+Swashbuckler | Elemental Capacitor+Empty Traits Socket | Elemental Capacitor+Recombination | Elemental Capacitor+Swashbuckler | Empty Traits Socket+Loose Change | Loose Change+Recombination | Loose Change+Swashbuckler,3232203524
437,Punching Out,preferred,Sidearm,Solar,1,0,0,1,"Overflow, Rangefinder, Recycled Energy","Binary Orbit, Feeding Frenzy, Meganeura",8,Binary Orbit+Overflow | Binary Orbit+Rangefinder | Binary Orbit+Recycled Energy | Feeding Frenzy+Overflow | Feeding Frenzy+Rangefinder | Meganeura+Overflow | Meganeura+Rangefinder | Meganeura+Recycled Energy,1469372193
438,Permafrost,preferred,Grenade Launcher,Stasis,1,0,0,1,"Blast Distributor, Impromptu Ammunition, Overflow","Desperate Measures, Pugilist, Wellspring",8,Blast Distributor+Desperate Measures | Blast Distributor+Pugilist | Blast Distributor+Wellspring | Desperate Measures+Impromptu Ammunition | Impromptu Ammunition+Pugilist | Impromptu Ammunition+Wellspring | Overflow+Pugilist | Overflow+Wellspring,2922964484
439,Parabellum,preferred,Submachine Gun,Solar,1,0,0,1,"Collective Demolition, Discord, Rewind Rounds","Adagio, Incandescent, Perfect Float",8,Adagio+Collective Demolition | Adagio+Rewind Rounds | Collective Demolition+Incandescent | Collective Demolition+Perfect Float | Discord+Incandescent | Discord+Perfect Float | Incandescent+Rewind Rounds | Perfect Float+Rewind Rounds,3769072067
440,Mykel's Reverence (Adept),preferred,Sidearm,Strand,0,1,1,0,"Perfect Float, Slice, Thresh","Frenzy, Master of Arms, Offhand Strike",8,Frenzy+Perfect Float | Frenzy+Slice | Frenzy+Thresh | Master of Arms+Perfect Float | Master of Arms+Slice | Master of Arms+Thresh | Offhand Strike+Slice | Offhand Strike+Thresh,1986287028
441,Frontier's Cry,preferred,Hand Cannon,Solar,1,0,0,1,"Adaptive Munitions, Steady Hands, Tunnel Vision","Adagio, Eye of the Storm, Iron Reach",8,Adagio+Adaptive Munitions | Adagio+Steady Hands | Adagio+Tunnel Vision | Adaptive Munitions+Iron Reach | Eye of the Storm+Steady Hands | Eye of the Storm+Tunnel Vision | Iron Reach+Steady Hands | Iron Reach+Tunnel Vision,3203303472
442,Forbearance (Adept),preferred,Grenade Launcher,Arc,0,1,1,0,"Genesis, Steady Hands, Unrelenting","Bait and Switch, Gear Shift, Rampage",8,Bait and Switch+Genesis | Bait and Switch+Steady Hands | Bait and Switch+Unrelenting | Gear Shift+Genesis | Gear Shift+Steady Hands | Gear Shift+Unrelenting | Rampage+Steady Hands | Rampage+Unrelenting,4038592169
443,Ecliptic Distaff,preferred,Glaive,Void,1,0,0,1,"Grave Robber, Immovable Object, Replenishing Aegis","Destabilizing Rounds, Unstoppable Force, Withering Gaze",8,Destabilizing Rounds+Grave Robber | Destabilizing Rounds+Immovable Object | Destabilizing Rounds+Replenishing Aegis | Grave Robber+Unstoppable Force | Grave Robber+Withering Gaze | Immovable Object+Unstoppable Force | Immovable Object+Withering Gaze | Replenishing Aegis+Withering Gaze,1942143745
444,Forthcoming Deviance (Adept),preferred,Glaive,Void,0,1,1,0,"Reconstruction, Replenishing Aegis, Repulsor Brace","Close to Melee, Collective Demolition, Vorpal Weapon",9,Close to Melee+Reconstruction | Close to Melee+Replenishing Aegis | Close to Melee+Repulsor Brace | Collective Demolition+Reconstruction | Collective Demolition+Replenishing Aegis | Collective Demolition+Repulsor Brace | Reconstruction+Vorpal Weapon | Replenishing Aegis+Vorpal Weapon | Repulsor Brace+Vorpal Weapon,3123651616
445,Defiance of Yasmin (Harrowed),preferred,Sniper Rifle,Kinetic,0,1,1,0,"Lead from Gold, Osmosis, Stopping Power","Aggregate Charge, All-Star, Opening Shot",8,Aggregate Charge+Lead from Gold | Aggregate Charge+Osmosis | Aggregate Charge+Stopping Power | All-Star+Lead from Gold | All-Star+Osmosis | Lead from Gold+Opening Shot | Opening Shot+Osmosis | Opening Shot+Stopping Power,3503019618
446,Cry Mutiny,preferred,Grenade Launcher,Solar,1,0,0,1,"Blast Distributor, Danger Zone, Grave Robber","Adrenaline Junkie, Aggregate Charge, Mega Kill Clip",8,Adrenaline Junkie+Danger Zone | Adrenaline Junkie+Grave Robber | Aggregate Charge+Blast Distributor | Aggregate Charge+Danger Zone | Aggregate Charge+Grave Robber | Blast Distributor+Mega Kill Clip | Danger Zone+Mega Kill Clip | Grave Robber+Mega Kill Clip,768696858
447,Anonymous Autumn,preferred,Sidearm,Arc,1,0,0,1,"Closing Time, Rangefinder, Strategist","Adagio, Precision Instrument, Voltshot",8,Adagio+Closing Time | Adagio+Rangefinder | Adagio+Strategist | Closing Time+Precision Instrument | Closing Time+Voltshot | Precision Instrument+Strategist | Rangefinder+Voltshot | Strategist+Voltshot,1644501332
448,Fimbulwinter Stitch,preferred,Sidearm,Arc,1,0,0,1,"Collective Pugilism, Loose Change, Rapid Hit","Collective Action, Redirection, Rolling Storm",8,Collective Action+Collective Pugilism | Collective Action+Rapid Hit | Collective Pugilism+Redirection | Collective Pugilism+Rolling Storm | Loose Change+Redirection | Loose Change+Rolling Storm | Rapid Hit+Redirection | Rapid Hit+Rolling Storm,3685829362
449,Stryker's Sure-Hand,preferred,Sword,Void,1,0,0,1,"Rampage, Repulsor Brace, Sharp Harvest","Impromptu Ammunition, Redirection, Surrounded",8,Impromptu Ammunition+Rampage | Impromptu Ammunition+Repulsor Brace | Impromptu Ammunition+Sharp Harvest | Rampage+Redirection | Rampage+Surrounded | Redirection+Repulsor Brace | Redirection+Sharp Harvest | Sharp Harvest+Surrounded,2490460292
450,Hushed Whisper,preferred,Combat Bow,Strand,1,0,0,1,"Impulse Amplifier, Lead From Light, Successful Warm-Up","Aggregate Charge, Explosive Head, Precision Instrument",8,Aggregate Charge+Impulse Amplifier | Aggregate Charge+Lead From Light | Aggregate Charge+Successful Warm-Up | Explosive Head+Lead From Light | Explosive Head+Successful Warm-Up | Impulse Amplifier+Precision Instrument | Lead From Light+Precision Instrument | Precision Instrument+Successful Warm-Up,3574168117
451,Sightline Survey,preferred,Hand Cannon,Arc,1,0,1,1,"Enlightened Action, To the Pain, Triple Tap","Desperate Measures, Empty Traits Socket, Voltshot",8,Desperate Measures+To the Pain | Desperate Measures+Triple Tap | Empty Traits Socket+Enlightened Action | Empty Traits Socket+To the Pain | Empty Traits Socket+Triple Tap | Enlightened Action+Voltshot | To the Pain+Voltshot | Triple Tap+Voltshot,2350330520
452,Mistral Lift,preferred,Linear Fusion Rifle,Void,1,0,0,1,"Envious Assassin, Reconstruction, Withering Gaze","Firing Line, High Ground, High-Impact Reserves",8,Envious Assassin+Firing Line | Envious Assassin+High Ground | Envious Assassin+High-Impact Reserves | Firing Line+Reconstruction | Firing Line+Withering Gaze | High Ground+Withering Gaze | High-Impact Reserves+Reconstruction | High-Impact Reserves+Withering Gaze,3483485727
453,Mechabre,preferred,Sniper Rifle,Arc,1,0,0,1,"Auto-Loading Holster, Clown Cartridge, Snapshot Sights","High-Impact Reserves, Opening Shot, Voltshot",8,Auto-Loading Holster+High-Impact Reserves | Auto-Loading Holster+Opening Shot | Auto-Loading Holster+Voltshot | Clown Cartridge+High-Impact Reserves | Clown Cartridge+Opening Shot | Clown Cartridge+Voltshot | Opening Shot+Snapshot Sights | Snapshot Sights+Voltshot,3871226707
454,Laser Painter,preferred,Linear Fusion Rifle,Strand,1,0,0,1,"Auto-Loading Holster, Clown Cartridge, Compulsive Reloader","Box Breathing, Thresh, Unrelenting",8,Auto-Loading Holster+Box Breathing | Auto-Loading Holster+Unrelenting | Box Breathing+Clown Cartridge | Box Breathing+Compulsive Reloader | Clown Cartridge+Thresh | Clown Cartridge+Unrelenting | Compulsive Reloader+Thresh | Compulsive Reloader+Unrelenting,3221722018
455,Eleatic Principle,preferred,Machine Gun,Arc,1,0,1,1,"Empty Traits Socket, Ensemble, Offhand Strike","Golden Tricorn Enhanced, Harmony, Target Lock",8,Empty Traits Socket+Golden Tricorn Enhanced | Empty Traits Socket+Harmony | Empty Traits Socket+Target Lock | Ensemble+Golden Tricorn Enhanced | Ensemble+Target Lock | Golden Tricorn Enhanced+Offhand Strike | Harmony+Offhand Strike | Offhand Strike+Target Lock,105306149
456,Kept Confidence,preferred,Hand Cannon,Strand,1,0,1,1,"Invisible Hand, Killing Wind, Loose Change","Eye of the Storm, Gutshot Straight, Thresh",8,Eye of the Storm+Invisible Hand | Eye of the Storm+Killing Wind | Eye of the Storm+Loose Change | Gutshot Straight+Invisible Hand | Gutshot Straight+Loose Change | Invisible Hand+Thresh | Killing Wind+Thresh | Loose Change+Thresh,1875512595
457,Bold Endings,preferred,Hand Cannon,Stasis,1,0,1,1,"Headstone, Opening Shot, To the Pain","Dragonfly, Frenzy, Golden Tricorn",9,Dragonfly+Headstone | Dragonfly+Opening Shot | Dragonfly+To the Pain | Frenzy+Headstone | Frenzy+Opening Shot | Frenzy+To the Pain | Golden Tricorn+Headstone | Golden Tricorn+Opening Shot | Golden Tricorn+To the Pain,496728945
458,Ded Gramarye IV,preferred,Shotgun,Arc,1,0,0,1,"Slickdraw, Stats for All, Threat Detector","Golden Tricorn Enhanced, Surrounded, Voltshot",8,Golden Tricorn Enhanced+Slickdraw | Golden Tricorn Enhanced+Threat Detector | Slickdraw+Surrounded | Slickdraw+Voltshot | Stats for All+Surrounded | Stats for All+Voltshot | Surrounded+Threat Detector | Threat Detector+Voltshot,870893339
459,Briar's Contempt (Adept),preferred,Linear Fusion Rifle,Solar,0,1,1,0,"Demolitionist, Keep Away, Rewind Rounds","Aggregate Charge, Harmony, Paracausal Affinity",8,Aggregate Charge+Keep Away | Aggregate Charge+Rewind Rounds | Demolitionist+Harmony | Demolitionist+Paracausal Affinity | Harmony+Keep Away | Harmony+Rewind Rounds | Keep Away+Paracausal Affinity | Paracausal Affinity+Rewind Rounds,2890082420
460,Phyllotactic Spiral,preferred,Pulse Rifle,Arc,1,0,1,1,"Compulsive Reloader, Perfect Float, Shot Swap","Desperado, Empty Traits Socket, Rolling Storm",8,Compulsive Reloader+Desperado | Compulsive Reloader+Rolling Storm | Desperado+Perfect Float | Desperado+Shot Swap | Empty Traits Socket+Perfect Float | Empty Traits Socket+Shot Swap | Perfect Float+Rolling Storm | Rolling Storm+Shot Swap,3635821806
461,Rufus's Fury (Adept),preferred,Auto Rifle,Strand,0,1,1,0,"Moving Target, Pugilist, Slice","Chaos Reshaped, Paracausal Affinity, Target Lock",8,Chaos Reshaped+Moving Target | Chaos Reshaped+Pugilist | Chaos Reshaped+Slice | Moving Target+Paracausal Affinity | Moving Target+Target Lock | Paracausal Affinity+Slice | Pugilist+Target Lock | Slice+Target Lock,342514437
462,Round Robin,preferred,Hand Cannon,Strand,1,0,1,1,"Envious Assassin, Slideshot, Tear","Empty Traits Socket, Golden Tricorn, Pugilist",8,Empty Traits Socket+Envious Assassin | Empty Traits Socket+Slideshot | Empty Traits Socket+Tear | Envious Assassin+Golden Tricorn | Golden Tricorn+Slideshot | Golden Tricorn+Tear | Pugilist+Slideshot | Pugilist+Tear,2034215657
463,Adamantite (Adept),preferred,Auto Rifle,Strand,0,1,0,1,"Ensemble, Reciprocity, Unrelenting","Circle of Life, Elemental Honing, Hatchling",8,Circle of Life+Reciprocity | Circle of Life+Unrelenting | Elemental Honing+Ensemble | Elemental Honing+Reciprocity | Elemental Honing+Unrelenting | Ensemble+Hatchling | Hatchling+Reciprocity | Hatchling+Unrelenting,3485029080
464,Summum Bonum (Adept),preferred,Sword,Arc,0,1,1,0,"Deconstruct, Proximity Power, Relentless Strikes","Chaos Reshaped, Jolting Feedback, Whirlwind Blade",8,Chaos Reshaped+Deconstruct | Chaos Reshaped+Proximity Power | Chaos Reshaped+Relentless Strikes | Deconstruct+Jolting Feedback | Deconstruct+Whirlwind Blade | Jolting Feedback+Proximity Power | Jolting Feedback+Relentless Strikes | Proximity Power+Whirlwind Blade,2001697739
465,Ammit AR2,preferred,Auto Rifle,Solar,1,0,1,1,"Dynamic Sway Reduction, Surplus, Well-Rounded","Adaptive Munitions, Incandescent, Tap the Trigger",8,Adaptive Munitions+Dynamic Sway Reduction | Adaptive Munitions+Surplus | Adaptive Munitions+Well-Rounded | Dynamic Sway Reduction+Incandescent | Incandescent+Surplus | Incandescent+Well-Rounded | Surplus+Tap the Trigger | Tap the Trigger+Well-Rounded,2119346509
466,Finite Impactor,preferred,Hand Cannon,Solar,1,0,0,1,"Heal Clip, Iron Grip, Slideways","Magnificent Howl, Precision Instrument, Rapid Hit",7,Heal Clip+Magnificent Howl | Heal Clip+Rapid Hit | Iron Grip+Magnificent Howl | Iron Grip+Precision Instrument | Magnificent Howl+Slideways | Precision Instrument+Slideways | Rapid Hit+Slideways,1917334929
467,Albedo Wing,preferred,Glaive,Arc,1,0,0,1,"Field Prep, Grave Robber, Replenishing Aegis","Deconstruct, Golden Tricorn, Lead from Gold",7,Deconstruct+Field Prep | Deconstruct+Replenishing Aegis | Field Prep+Lead from Gold | Golden Tricorn+Grave Robber | Golden Tricorn+Replenishing Aegis | Grave Robber+Lead from Gold | Lead from Gold+Replenishing Aegis,2680976411
468,Unfall,preferred,Sidearm,Arc,1,0,0,1,"Beacon Rounds, Disruption Break, Lead from Gold","Binary Orbit, Deconstruct, Rolling Storm",7,Beacon Rounds+Binary Orbit | Beacon Rounds+Deconstruct | Beacon Rounds+Rolling Storm | Binary Orbit+Lead from Gold | Deconstruct+Disruption Break | Disruption Break+Rolling Storm | Lead from Gold+Rolling Storm,738446555
469,Triple Laureate,preferred,Hand Cannon,Stasis,1,0,0,1,"Ambitious Assassin, Crystalline Corpsebloom, Feeding Frenzy","Kill Clip, Master of Arms, One-Two Punch",7,Ambitious Assassin+Master of Arms | Ambitious Assassin+One-Two Punch | Crystalline Corpsebloom+Kill Clip | Crystalline Corpsebloom+Master of Arms | Crystalline Corpsebloom+One-Two Punch | Feeding Frenzy+Kill Clip | Feeding Frenzy+One-Two Punch,2908653246
470,Trendsetter,preferred,Auto Rifle,Arc,1,0,0,1,"Ambitious Assassin, Dynamic Sway Reduction, Trickle Charge","Gear Shift, Rampage, Zen Moment",7,Ambitious Assassin+Rampage | Ambitious Assassin+Zen Moment | Dynamic Sway Reduction+Gear Shift | Dynamic Sway Reduction+Rampage | Dynamic Sway Reduction+Zen Moment | Rampage+Trickle Charge | Trickle Charge+Zen Moment,2863808104
471,Theodolite,preferred,Grenade Launcher,Arc,1,0,0,1,"Danger Zone, Reconstruction, Transcendent Moment","Reaper's Tithe, Rolling Storm, Voltshot",7,Danger Zone+Reaper's Tithe | Danger Zone+Voltshot | Reaper's Tithe+Transcendent Moment | Reconstruction+Rolling Storm | Reconstruction+Voltshot | Rolling Storm+Transcendent Moment | Transcendent Moment+Voltshot,4146673635
472,21% Delirium,preferred,Machine Gun,Arc,1,0,0,1,"Eddy Current, Fourth Time's the Charm, Overflow","Gear Shift, Jolting Feedback, Mega Kill Clip",8,Eddy Current+Gear Shift | Eddy Current+Jolting Feedback | Eddy Current+Mega Kill Clip | Fourth Time's the Charm+Gear Shift | Fourth Time's the Charm+Jolting Feedback | Fourth Time's the Charm+Mega Kill Clip | Gear Shift+Overflow | Jolting Feedback+Overflow,3001598094
473,Oversoul Edict (Adept),preferred,Pulse Rifle,Arc,0,1,1,0,"Encore, Eye of the Storm, Rolling Storm","Adrenaline Junkie, Swashbuckler, Sword Logic",8,Adrenaline Junkie+Encore | Adrenaline Junkie+Eye of the Storm | Adrenaline Junkie+Rolling Storm | Encore+Swashbuckler | Eye of the Storm+Swashbuckler | Eye of the Storm+Sword Logic | Rolling Storm+Swashbuckler | Rolling Storm+Sword Logic,578105049
474,Something Something,preferred,Sniper Rifle,Kinetic,1,0,0,1,"No Distractions, Stopping Power, Triple Tap","All-Star, Kinetic Tremors, Redirection",7,All-Star+No Distractions | All-Star+Triple Tap | Kinetic Tremors+No Distractions | Kinetic Tremors+Stopping Power | Kinetic Tremors+Triple Tap | No Distractions+Redirection | Redirection+Stopping Power,3421075982
475,Rapid Growth,preferred,Sniper Rifle,Arc,1,0,0,1,"Fourth Time's the Charm, Lucky Shot, Supercharged Magazine","Aggregate Charge, Meganeura, Rolling Storm",7,Aggregate Charge+Lucky Shot | Aggregate Charge+Supercharged Magazine | Fourth Time's the Charm+Meganeura | Fourth Time's the Charm+Rolling Storm | Lucky Shot+Meganeura | Lucky Shot+Rolling Storm | Meganeura+Supercharged Magazine,3856342856
476,Gunburn,preferred,Submachine Gun,Kinetic,1,0,0,1,"Bewildering Burst, Lead From Light, Threat Detector","Ancillary Ordinance, Target Lock, Wellspring",7,Ancillary Ordinance+Bewildering Burst | Ancillary Ordinance+Threat Detector | Bewildering Burst+Target Lock | Bewildering Burst+Wellspring | Lead From Light+Target Lock | Lead From Light+Wellspring | Target Lock+Threat Detector,3431536253
477,Exile's Curse,preferred,Fusion Rifle,Arc,1,0,0,1,"No Distractions, Pulse Monitor, Slideshot","Celerity, Kickstart, Vorpal Weapon",7,Celerity+No Distractions | Celerity+Slideshot | Kickstart+No Distractions | Kickstart+Pulse Monitor | Kickstart+Slideshot | Pulse Monitor+Vorpal Weapon | Slideshot+Vorpal Weapon,679281855
478,Patron of Lost Causes,preferred,Scout Rifle,Kinetic,1,0,0,1,"Field Prep, Full Auto Trigger System, Grave Robber","Elemental Capacitor, Explosive Payload, Vorpal Weapon",8,Elemental Capacitor+Field Prep | Elemental Capacitor+Grave Robber | Explosive Payload+Field Prep | Explosive Payload+Full Auto Trigger System | Explosive Payload+Grave Robber | Field Prep+Vorpal Weapon | Full Auto Trigger System+Vorpal Weapon | Grave Robber+Vorpal Weapon,2723241847
479,Death Adder,preferred,Submachine Gun,Solar,1,0,0,1,"Dynamic Sway Reduction, Hip-Fire Grip, Mulligan","Disruption Break, Dragonfly, Quickdraw",7,Disruption Break+Dynamic Sway Reduction | Disruption Break+Mulligan | Dragonfly+Dynamic Sway Reduction | Dragonfly+Hip-Fire Grip | Dragonfly+Mulligan | Dynamic Sway Reduction+Quickdraw | Hip-Fire Grip+Quickdraw,2742490609
480,Bad Omens,preferred,Rocket Launcher,Void,1,0,0,1,"Destabilizing Rounds, Light Touch, Tracking Module","Cluster Bomb, Quickdraw, Withering Gaze",7,Cluster Bomb+Light Touch | Destabilizing Rounds+Quickdraw | Destabilizing Rounds+Withering Gaze | Light Touch+Quickdraw | Light Touch+Withering Gaze | Quickdraw+Tracking Module | Tracking Module+Withering Gaze,1996201272
481,Cynosure,preferred,Rocket Launcher,Strand,1,0,0,1,"Clown Cartridge, Field Prep, Tracking Module","Desperate Measures, Explosive Light, Reverberation",7,Clown Cartridge+Desperate Measures | Clown Cartridge+Explosive Light | Clown Cartridge+Reverberation | Desperate Measures+Field Prep | Desperate Measures+Tracking Module | Field Prep+Reverberation | Reverberation+Tracking Module,694275488
482,Abyssal Edge,preferred,Sword,Strand,1,0,0,1,"Flash Counter, Relentless Strikes, Valiant Charge","Demolitionist, En Garde, Sword Logic",7,Demolitionist+Flash Counter | Demolitionist+Relentless Strikes | En Garde+Flash Counter | En Garde+Valiant Charge | Flash Counter+Sword Logic | Relentless Strikes+Sword Logic | Sword Logic+Valiant Charge,4221591387
483,The Slammer,preferred,Sword,Stasis,1,0,0,1,"Chain Reaction, Eager Edge, Pugilist","Cold Steel, Collective Action, One for All",7,Chain Reaction+Cold Steel | Chain Reaction+One for All | Cold Steel+Eager Edge | Cold Steel+Pugilist | Collective Action+Eager Edge | Collective Action+Pugilist | Eager Edge+One for All,2889501828
484,The Ringing Nail,preferred,Auto Rifle,Solar,1,0,0,1,"Dragonfly, Incandescent, Keep Away","Disruption Break, Onslaught, Rampage",7,Disruption Break+Dragonfly | Disruption Break+Incandescent | Disruption Break+Keep Away | Dragonfly+Rampage | Incandescent+Rampage | Keep Away+Onslaught | Keep Away+Rampage,4206550094
485,Tempered Dynamo,preferred,Fusion Rifle,Arc,1,0,0,1,"Backup Plan, Kickstart, Rewind Rounds","Closing Time, Gear Shift, Surrounded",7,Backup Plan+Surrounded | Closing Time+Kickstart | Closing Time+Rewind Rounds | Gear Shift+Kickstart | Gear Shift+Rewind Rounds | Kickstart+Surrounded | Rewind Rounds+Surrounded,2925315757
486,Romantic Death,preferred,Grenade Launcher,Void,1,0,0,1,"Feeding Frenzy, Repulsor Brace, Threat Detector","Chain Reaction, Destabilizing Rounds, Impulse Amplifier",7,Chain Reaction+Feeding Frenzy | Chain Reaction+Repulsor Brace | Chain Reaction+Threat Detector | Destabilizing Rounds+Threat Detector | Feeding Frenzy+Impulse Amplifier | Impulse Amplifier+Repulsor Brace | Impulse Amplifier+Threat Detector,2979965246
487,Dimensional Hypotrochoid,preferred,Grenade Launcher,Stasis,1,0,1,1,"Envious Arsenal, Field Prep, Rimestealer","Disruption Break, Empty Traits Socket, Thresh",7,Disruption Break+Envious Arsenal | Disruption Break+Rimestealer | Empty Traits Socket+Envious Arsenal | Empty Traits Socket+Field Prep | Empty Traits Socket+Rimestealer | Envious Arsenal+Thresh | Rimestealer+Thresh,1311684613
488,Pure Poetry,preferred,Hand Cannon,Kinetic,1,0,0,1,"Air Assault, Ensemble, Shoot to Loot","Osmosis, Pugilist, Swashbuckler",7,Air Assault+Osmosis | Air Assault+Swashbuckler | Ensemble+Osmosis | Ensemble+Pugilist | Ensemble+Swashbuckler | Pugilist+Shoot to Loot | Shoot to Loot+Swashbuckler,2671639706
489,Prolonged Engagement,preferred,Submachine Gun,Stasis,1,0,0,1,"Air Assault, Dynamic Sway Reduction, Outlaw","Encore, Pugilist, Rangefinder",7,Air Assault+Encore | Air Assault+Rangefinder | Dynamic Sway Reduction+Encore | Dynamic Sway Reduction+Pugilist | Dynamic Sway Reduction+Rangefinder | Encore+Outlaw | Outlaw+Pugilist,2349907931
490,Nullify (Adept),preferred,Pulse Rifle,Solar,0,1,1,0,"Burning Ambition, Collective Demolition, Under-Over","Attrition Orbs, Desperate Measures, Sword Logic",7,Attrition Orbs+Under-Over | Burning Ambition+Desperate Measures | Burning Ambition+Sword Logic | Collective Demolition+Desperate Measures | Collective Demolition+Sword Logic | Desperate Measures+Under-Over | Sword Logic+Under-Over,892183998
491,Mirror Imago (Adept),preferred,Submachine Gun,Strand,0,1,0,1,"Grave Robber, Recycled Energy, To the Pain","Hatchling, Offhand Strike, Unrelenting",7,Grave Robber+Hatchling | Hatchling+Recycled Energy | Hatchling+To the Pain | Offhand Strike+Recycled Energy | Offhand Strike+To the Pain | Recycled Energy+Unrelenting | To the Pain+Unrelenting,4116546788
492,Fatebringer (Timelost),preferred,Hand Cannon,Kinetic,0,1,1,0,"Explosive Payload, Osmosis, Stopping Power","All-Star, Elemental Honing, Magnificent Howl",7,All-Star+Explosive Payload | Elemental Honing+Explosive Payload | Elemental Honing+Osmosis | Elemental Honing+Stopping Power | Explosive Payload+Magnificent Howl | Magnificent Howl+Osmosis | Magnificent Howl+Stopping Power,4219826183
493,Corundum Hammer,preferred,Hand Cannon,Strand,1,0,0,1,"Fragile Focus, Shoot to Loot, Slice","Elemental Honing, Keep Away, Opening Shot",7,Elemental Honing+Fragile Focus | Elemental Honing+Shoot to Loot | Fragile Focus+Keep Away | Keep Away+Shoot to Loot | Keep Away+Slice | Opening Shot+Shoot to Loot | Opening Shot+Slice,2263462407
494,Forced Memorializer,preferred,Scout Rifle,Kinetic,1,0,0,1,"Auto-Loading Holster, Lone Wolf, Rapid Hit","Ancillary Ordinance, Kinetic Tremors, Outlaw",7,Ancillary Ordinance+Auto-Loading Holster | Ancillary Ordinance+Rapid Hit | Auto-Loading Holster+Kinetic Tremors | Auto-Loading Holster+Outlaw | Kinetic Tremors+Rapid Hit | Lone Wolf+Outlaw | Outlaw+Rapid Hit,1197073834
495,Blast Furnace,preferred,Pulse Rifle,Kinetic,1,0,0,1,"Headseeker, Kinetic Tremors, Snapshot Sights","Desperate Measures, Frenzy, Rampage",7,Desperate Measures+Kinetic Tremors | Desperate Measures+Snapshot Sights | Frenzy+Headseeker | Frenzy+Kinetic Tremors | Frenzy+Snapshot Sights | Headseeker+Rampage | Kinetic Tremors+Rampage,2533990645
496,Abyss Defiant (Adept),preferred,Auto Rifle,Solar,0,1,1,0,"Enlightened Action, Outlaw, Reconstruction","Binary Orbit, Collective Pugilism, Incandescent",7,Binary Orbit+Enlightened Action | Collective Pugilism+Enlightened Action | Collective Pugilism+Outlaw | Collective Pugilism+Reconstruction | Enlightened Action+Incandescent | Incandescent+Outlaw | Incandescent+Reconstruction,3782662983
497,Imminence (Adept),preferred,Submachine Gun,Strand,0,1,1,0,"Dynamic Sway Reduction, Fragile Focus, Tear","Binary Orbit, Strategist, Target Lock",7,Binary Orbit+Fragile Focus | Binary Orbit+Tear | Dynamic Sway Reduction+Strategist | Fragile Focus+Strategist | Fragile Focus+Target Lock | Strategist+Tear | Target Lock+Tear,3951511045
498,Jurisprudent,preferred,Scout Rifle,Stasis,1,0,0,1,"Lone Wolf, Recycled Energy, Tunnel Vision","Explosive Payload, Focused Fury, Headstone",7,Explosive Payload+Lone Wolf | Explosive Payload+Recycled Energy | Focused Fury+Lone Wolf | Focused Fury+Recycled Energy | Headstone+Lone Wolf | Headstone+Recycled Energy | Headstone+Tunnel Vision,4090134063
499,A Distant Pull,preferred,Sniper Rifle,Stasis,1,0,1,1,"Moving Target, Overflow, Tunnel Vision","Collective Action, Discord, Killing Wind",7,Collective Action+Moving Target | Collective Action+Tunnel Vision | Discord+Overflow | Discord+Tunnel Vision | Killing Wind+Moving Target | Killing Wind+Overflow | Killing Wind+Tunnel Vision,1769847435
500,Wild Style,preferred,Grenade Launcher,Solar,1,0,0,1,"Danger Zone, Reconstruction, Unrelenting","Attrition Orbs, Collective Action, Surrounded",7,Attrition Orbs+Reconstruction | Attrition Orbs+Unrelenting | Collective Action+Danger Zone | Collective Action+Reconstruction | Danger Zone+Surrounded | Reconstruction+Surrounded | Surrounded+Unrelenting,1332123064
501,The Beacon,preferred,Fusion Rifle,Solar,1,0,0,1,"Collective Pugilism, Lone Wolf, Rewind Rounds","Burning Ambition, Reservoir Burst, Successful Warm-Up",7,Burning Ambition+Lone Wolf | Burning Ambition+Rewind Rounds | Collective Pugilism+Reservoir Burst | Lone Wolf+Reservoir Burst | Lone Wolf+Successful Warm-Up | Reservoir Burst+Rewind Rounds | Rewind Rounds+Successful Warm-Up,2161618499
502,Palmyra-B,preferred,Rocket Launcher,Stasis,1,0,1,1,"Empty Traits Socket, Impulse Amplifier, Unrelenting","Chill Clip, Explosive Light, Frenzy",7,Chill Clip+Empty Traits Socket | Chill Clip+Impulse Amplifier | Chill Clip+Unrelenting | Empty Traits Socket+Explosive Light | Empty Traits Socket+Frenzy | Explosive Light+Unrelenting | Frenzy+Impulse Amplifier,3489657138
503,Axial Lacuna,preferred,Fusion Rifle,Solar,1,0,1,1,"Cornered, Eye of the Storm, Heal Clip","Kickstart, Reservoir Burst, Vorpal Weapon",8,Cornered+Kickstart | Cornered+Vorpal Weapon | Eye of the Storm+Kickstart | Eye of the Storm+Reservoir Burst | Eye of the Storm+Vorpal Weapon | Heal Clip+Kickstart | Heal Clip+Reservoir Burst | Heal Clip+Vorpal Weapon,3867373351
504,PLUG ONE.1,preferred,Fusion Rifle,Arc,1,0,0,1,"Feeding Frenzy, Slideways, Well-Rounded","Controlled Burst, Desperate Measures, Voltshot",7,Controlled Burst+Feeding Frenzy | Controlled Burst+Well-Rounded | Desperate Measures+Feeding Frenzy | Desperate Measures+Slideways | Desperate Measures+Well-Rounded | Feeding Frenzy+Voltshot | Slideways+Voltshot,3293524502
505,Mint Retrograde,preferred,Pulse Rifle,Strand,1,0,0,1,"Beacon Rounds, Envious Arsenal, Field Prep","Cascade Point, Elemental Honing, Master of Arms",7,Beacon Rounds+Cascade Point | Beacon Rounds+Master of Arms | Cascade Point+Envious Arsenal | Elemental Honing+Envious Arsenal | Elemental Honing+Field Prep | Envious Arsenal+Master of Arms | Field Prep+Master of Arms,3285784871
506,Herod-C,preferred,Auto Rifle,Stasis,1,0,0,1,"Compulsive Reloader, Dynamic Sway Reduction, Shoot to Loot","Moving Target, Multikill Clip, Turnabout",7,Compulsive Reloader+Moving Target | Compulsive Reloader+Multikill Clip | Dynamic Sway Reduction+Moving Target | Dynamic Sway Reduction+Multikill Clip | Dynamic Sway Reduction+Turnabout | Moving Target+Shoot to Loot | Shoot to Loot+Turnabout,2065366342
507,Haliaetus,preferred,Rocket Launcher,Strand,1,0,0,1,"Auto-Loading Holster, Cluster Bomb, Envious Assassin","Bipod, Collective Pugilism, Elemental Honing",7,Auto-Loading Holster+Bipod | Auto-Loading Holster+Collective Pugilism | Bipod+Envious Assassin | Cluster Bomb+Collective Pugilism | Cluster Bomb+Elemental Honing | Collective Pugilism+Envious Assassin | Elemental Honing+Envious Assassin,2155534128
508,Forgiveness,preferred,Sidearm,Arc,1,0,0,1,"Offhand Strike, Proximity Power, Tap the Trigger","Adrenaline Junkie, Desperate Measures, Loose Change",7,Adrenaline Junkie+Offhand Strike | Adrenaline Junkie+Proximity Power | Adrenaline Junkie+Tap the Trigger | Desperate Measures+Proximity Power | Desperate Measures+Tap the Trigger | Loose Change+Proximity Power | Loose Change+Tap the Trigger,1552443158
509,Doomsday,preferred,Grenade Launcher,Arc,1,0,0,1,"Ambitious Assassin, Envious Arsenal, Supercharged Magazine","Explosive Light, Full Court, Jolting Feedback",7,Ambitious Assassin+Explosive Light | Ambitious Assassin+Jolting Feedback | Envious Arsenal+Explosive Light | Envious Arsenal+Full Court | Envious Arsenal+Jolting Feedback | Explosive Light+Supercharged Magazine | Full Court+Supercharged Magazine,713132408
510,Wicked Sister,preferred,Grenade Launcher,Strand,1,0,0,1,"Danger Zone, Quickdraw, Strategist","Deconstruct, Demolitionist, One for All",8,Danger Zone+Deconstruct | Danger Zone+Demolitionist | Danger Zone+One for All | Deconstruct+Quickdraw | Deconstruct+Strategist | Demolitionist+Quickdraw | Demolitionist+Strategist | One for All+Quickdraw,2039776723
511,Dead Weight,preferred,Shotgun,Arc,1,0,0,1,"Auto-Loading Holster, Dual Loader, Lead from Gold","Demolitionist, Golden Tricorn, Turnabout",7,Auto-Loading Holster+Golden Tricorn | Auto-Loading Holster+Turnabout | Demolitionist+Lead from Gold | Dual Loader+Golden Tricorn | Dual Loader+Turnabout | Golden Tricorn+Lead from Gold | Lead from Gold+Turnabout,3738678140
512,Cataphract GL3,preferred,Grenade Launcher,Strand,1,0,0,1,"Blast Distributor, Lead From Light, Quickdraw","Chain Reaction, Explosive Light, Impromptu Ammunition",7,Blast Distributor+Chain Reaction | Blast Distributor+Explosive Light | Chain Reaction+Lead From Light | Explosive Light+Lead From Light | Explosive Light+Quickdraw | Impromptu Ammunition+Lead From Light | Impromptu Ammunition+Quickdraw,3805679279
513,Micromort,preferred,Rocket Launcher,Arc,1,0,0,1,"Clown Cartridge, Cluster Bomb, Field Prep","Binary Orbit, Chain Reaction, Voltshot",7,Binary Orbit+Clown Cartridge | Binary Orbit+Cluster Bomb | Binary Orbit+Field Prep | Chain Reaction+Clown Cartridge | Chain Reaction+Cluster Bomb | Cluster Bomb+Voltshot | Field Prep+Voltshot,602331467
514,Action Item,preferred,Trace Rifle,Stasis,1,0,0,1,"Deconstruct, Envious Assassin, High-Impact Reserves","Detonator Beam, Headstone, Target Lock",7,Deconstruct+Target Lock | Detonator Beam+Envious Assassin | Detonator Beam+High-Impact Reserves | Envious Assassin+Headstone | Envious Assassin+Target Lock | Headstone+High-Impact Reserves | High-Impact Reserves+Target Lock,527989828
515,Taipan-4fr,preferred,Linear Fusion Rifle,Void,1,0,1,1,"Ensemble, Fragile Focus, Genesis","Box Breathing, Firing Line, Focused Fury",7,Box Breathing+Ensemble | Box Breathing+Fragile Focus | Box Breathing+Genesis | Ensemble+Firing Line | Firing Line+Fragile Focus | Focused Fury+Fragile Focus | Focused Fury+Genesis,1911060537
516,Albruna-D,preferred,Sniper Rifle,Arc,1,0,0,1,"Air Assault, No Distractions, Triple Tap","Cascade Point, Slickdraw, Under-Over",8,Air Assault+Cascade Point | Air Assault+Under-Over | Cascade Point+No Distractions | Cascade Point+Triple Tap | No Distractions+Slickdraw | No Distractions+Under-Over | Slickdraw+Triple Tap | Triple Tap+Under-Over,676270382
517,No Reprieve,preferred,Shotgun,Stasis,1,0,1,1,"Feeding Frenzy, Pugilist, Surplus","Empty Traits Socket, Headstone, Snapshot Sights",7,Empty Traits Socket+Feeding Frenzy | Empty Traits Socket+Surplus | Feeding Frenzy+Headstone | Headstone+Pugilist | Headstone+Surplus | Pugilist+Snapshot Sights | Snapshot Sights+Surplus,2531963421
518,MIDA Mini-Tool,preferred,Submachine Gun,Solar,1,0,0,1,"Attrition Orbs, Envious Assassin, Loose Change","Aggregate Charge, Burning Ambition, Offhand Strike",7,Aggregate Charge+Attrition Orbs | Aggregate Charge+Envious Assassin | Aggregate Charge+Loose Change | Attrition Orbs+Offhand Strike | Burning Ambition+Envious Assassin | Burning Ambition+Loose Change | Envious Assassin+Offhand Strike,3946054154
519,Ouster Engine,preferred,Grenade Launcher,Stasis,1,0,0,1,"Air Trigger, Auto-Loading Holster, Stats for All","Chaos Reshaped, Crystalline Corpsebloom, Vorpal Weapon",7,Air Trigger+Chaos Reshaped | Air Trigger+Vorpal Weapon | Auto-Loading Holster+Chaos Reshaped | Auto-Loading Holster+Crystalline Corpsebloom | Chaos Reshaped+Stats for All | Crystalline Corpsebloom+Stats for All | Stats for All+Vorpal Weapon,3718184802
520,Last Thursday,preferred,Pulse Rifle,Strand,1,0,0,1,"Built to Blast, Strategist, Subsistence","Binary Orbit, Elemental Honing, Hatchling",7,Binary Orbit+Built to Blast | Binary Orbit+Strategist | Built to Blast+Elemental Honing | Built to Blast+Hatchling | Elemental Honing+Strategist | Hatchling+Strategist | Hatchling+Subsistence,3813721211
521,Inbound Surveillance,preferred,Scout Rifle,Kinetic,1,0,0,1,"Lucky Shot, Shoot to Loot, Stopping Power","Adhesive Ordnance, Explosive Payload, Frenzy",7,Adhesive Ordnance+Lucky Shot | Adhesive Ordnance+Shoot to Loot | Adhesive Ordnance+Stopping Power | Explosive Payload+Lucky Shot | Explosive Payload+Stopping Power | Frenzy+Shoot to Loot | Frenzy+Stopping Power,2776506837
522,Horror Story,preferred,Auto Rifle,Stasis,1,0,0,1,"Dynamic Sway Reduction, Elemental Capacitor, Under-Over","Adrenaline Junkie, Cascade Point, Vorpal Weapon",7,Adrenaline Junkie+Elemental Capacitor | Adrenaline Junkie+Under-Over | Cascade Point+Dynamic Sway Reduction | Cascade Point+Under-Over | Dynamic Sway Reduction+Vorpal Weapon | Elemental Capacitor+Vorpal Weapon | Under-Over+Vorpal Weapon,2884070594
523,Positive Outlook,preferred,Auto Rifle,Void,1,0,0,1,"Perfect Float, Shot Swap, Tap the Trigger","Destabilizing Rounds, Golden Tricorn Enhanced, Repulsor Brace",7,Destabilizing Rounds+Perfect Float | Destabilizing Rounds+Shot Swap | Golden Tricorn Enhanced+Shot Swap | Golden Tricorn Enhanced+Tap the Trigger | Perfect Float+Repulsor Brace | Repulsor Brace+Shot Swap | Repulsor Brace+Tap the Trigger,491078457
524,Festival Flight,preferred,Grenade Launcher,Strand,1,0,0,1,"Blast Distributor, Demolitionist, Transcendent Moment","Attrition Orbs, One for All, Vorpal Weapon",7,Attrition Orbs+Blast Distributor | Attrition Orbs+Transcendent Moment | Blast Distributor+Vorpal Weapon | Demolitionist+One for All | Demolitionist+Vorpal Weapon | One for All+Transcendent Moment | Transcendent Moment+Vorpal Weapon,4019651319
525,Autumn Wind,preferred,Pulse Rifle,Kinetic,1,0,0,1,"Envious Assassin, Pugilist, Rangefinder","Focused Fury, Multikill Clip, Rampage",7,Envious Assassin+Focused Fury | Envious Assassin+Multikill Clip | Envious Assassin+Rampage | Focused Fury+Pugilist | Focused Fury+Rangefinder | Multikill Clip+Rangefinder | Pugilist+Rampage,3110377595
526,Nessa's Oblation (Adept),preferred,Shotgun,Void,0,1,1,0,"Compulsive Reloader, Proximity Power, Reconstruction","Demoralize, Destabilizing Rounds, Meganeura",8,Compulsive Reloader+Destabilizing Rounds | Compulsive Reloader+Meganeura | Demoralize+Proximity Power | Demoralize+Reconstruction | Destabilizing Rounds+Proximity Power | Destabilizing Rounds+Reconstruction | Meganeura+Proximity Power | Meganeura+Reconstruction,522366885
527,Precipial,preferred,Shotgun,Void,1,0,0,1,"One-Two Punch, Reconstruction, Repulsor Brace","Binary Orbit, Opening Shot, Swashbuckler",8,Binary Orbit+One-Two Punch | Binary Orbit+Repulsor Brace | One-Two Punch+Opening Shot | One-Two Punch+Swashbuckler | Opening Shot+Reconstruction | Opening Shot+Repulsor Brace | Reconstruction+Swashbuckler | Repulsor Brace+Swashbuckler,367772693
528,Giver's Blessing,preferred,Auto Rifle,Kinetic,1,0,0,1,"Feeding Frenzy, Impromptu Ammunition, Shoot to Loot","Adrenaline Junkie, Kinetic Tremors, Zen Moment",7,Adrenaline Junkie+Feeding Frenzy | Feeding Frenzy+Kinetic Tremors | Feeding Frenzy+Zen Moment | Impromptu Ammunition+Kinetic Tremors | Impromptu Ammunition+Zen Moment | Kinetic Tremors+Shoot to Loot | Shoot to Loot+Zen Moment,970034755
529,Breakneck,preferred,Auto Rifle,Kinetic,1,0,0,1,"Enlightened Action, Eye of the Storm, Heating Up","Adagio, Attrition Orbs, Deconstruct",8,Adagio+Eye of the Storm | Adagio+Heating Up | Attrition Orbs+Enlightened Action | Attrition Orbs+Eye of the Storm | Attrition Orbs+Heating Up | Deconstruct+Enlightened Action | Deconstruct+Eye of the Storm | Deconstruct+Heating Up,2026755633
530,Bygones,preferred,Pulse Rifle,Kinetic,1,0,0,1,"Lone Wolf, Outlaw, Rangefinder","Firefly, High Ground, Osmosis",7,Firefly+Lone Wolf | Firefly+Rangefinder | High Ground+Lone Wolf | High Ground+Outlaw | High Ground+Rangefinder | Lone Wolf+Osmosis | Osmosis+Rangefinder,2199554524
531,Peculiar Charm,preferred,Submachine Gun,Kinetic,1,0,0,1,"Attrition Orbs, Impromptu Ammunition, Stopping Power","Bewildering Burst, Headseeker, Master of Arms",7,Attrition Orbs+Headseeker | Attrition Orbs+Master of Arms | Bewildering Burst+Impromptu Ammunition | Bewildering Burst+Stopping Power | Headseeker+Stopping Power | Impromptu Ammunition+Master of Arms | Master of Arms+Stopping Power,3620277039
532,Acosmic,preferred,Grenade Launcher,Void,1,0,0,1,"Reverberation, Slickdraw, Withering Gaze","Bait and Switch, Cascade Point, Explosive Light",7,Bait and Switch+Reverberation | Bait and Switch+Slickdraw | Bait and Switch+Withering Gaze | Cascade Point+Slickdraw | Cascade Point+Withering Gaze | Explosive Light+Reverberation | Explosive Light+Slickdraw,1106017703
533,Faustus Decline,preferred,Sidearm,Stasis,1,0,0,1,"Demolitionist, Rangefinder, Rimestealer","Headstone, Precision Instrument, Sword Logic",7,Demolitionist+Headstone | Demolitionist+Precision Instrument | Demolitionist+Sword Logic | Headstone+Rangefinder | Precision Instrument+Rimestealer | Rangefinder+Sword Logic | Rimestealer+Sword Logic,1663482635
534,Drang,preferred,Sidearm,Solar,1,0,1,1,"Collective Pugilism, Loose Change, Moving Target","Binary Orbit, Frenzy, Incandescent",7,Binary Orbit+Loose Change | Binary Orbit+Moving Target | Collective Pugilism+Frenzy | Collective Pugilism+Incandescent | Frenzy+Loose Change | Incandescent+Loose Change | Incandescent+Moving Target,358190158
535,Borrowed Time,preferred,Submachine Gun,Solar,1,0,0,1,"Firmly Planted, Heating Up, Overflow","Snapshot Sights, Swashbuckler, Tap the Trigger",7,Firmly Planted+Snapshot Sights | Firmly Planted+Swashbuckler | Firmly Planted+Tap the Trigger | Heating Up+Snapshot Sights | Heating Up+Swashbuckler | Overflow+Snapshot Sights | Overflow+Tap the Trigger,875848769
536,Trinary System,preferred,Fusion Rifle,Solar,1,0,0,1,"Ambitious Assassin, Feeding Frenzy, Slideways","Backup Plan, Disruption Break, Wellspring",7,Ambitious Assassin+Backup Plan | Ambitious Assassin+Disruption Break | Backup Plan+Feeding Frenzy | Backup Plan+Slideways | Disruption Break+Slideways | Feeding Frenzy+Wellspring | Slideways+Wellspring,3258665412
537,Xenoclast IV,preferred,Shotgun,Arc,1,0,0,1,"Genesis, Hip-Fire Grip, Pulse Monitor","Disruption Break, Killing Wind, Surrounded",7,Disruption Break+Genesis | Genesis+Killing Wind | Genesis+Surrounded | Hip-Fire Grip+Killing Wind | Hip-Fire Grip+Surrounded | Killing Wind+Pulse Monitor | Pulse Monitor+Surrounded,963732594
538,Spoiler Alert,preferred,Sidearm,Kinetic,1,0,0,1,"Feeding Frenzy, Tunnel Vision, Under Pressure","Osmosis, Swashbuckler, Unrelenting",7,Feeding Frenzy+Osmosis | Feeding Frenzy+Swashbuckler | Feeding Frenzy+Unrelenting | Osmosis+Tunnel Vision | Swashbuckler+Tunnel Vision | Swashbuckler+Under Pressure | Under Pressure+Unrelenting,2588048270
539,Servant Leader,preferred,Scout Rifle,Kinetic,1,0,0,1,"No Distractions, Outlaw, Pulse Monitor","Multikill Clip, Thresh, Wellspring",7,Multikill Clip+No Distractions | Multikill Clip+Pulse Monitor | No Distractions+Thresh | No Distractions+Wellspring | Outlaw+Thresh | Pulse Monitor+Thresh | Pulse Monitor+Wellspring,1107446438
540,Hullabaloo,preferred,Grenade Launcher,Arc,1,0,0,1,"Field Prep, Impulse Amplifier, Voltshot","Adrenaline Junkie, Golden Tricorn Enhanced, Rolling Storm",7,Adrenaline Junkie+Field Prep | Adrenaline Junkie+Impulse Amplifier | Field Prep+Golden Tricorn Enhanced | Field Prep+Rolling Storm | Golden Tricorn Enhanced+Impulse Amplifier | Golden Tricorn Enhanced+Voltshot | Rolling Storm+Voltshot,2666273249
541,Fortunate Star,preferred,Combat Bow,Void,1,0,0,1,"Archer's Tempo, Killing Wind, Successful Warm-Up","Destabilizing Rounds, Explosive Head, Sword Logic",7,Archer's Tempo+Destabilizing Rounds | Archer's Tempo+Sword Logic | Destabilizing Rounds+Killing Wind | Destabilizing Rounds+Successful Warm-Up | Explosive Head+Killing Wind | Killing Wind+Sword Logic | Successful Warm-Up+Sword Logic,2631466936
542,Anamnesis (Adept),preferred,Combat Bow,Void,0,1,0,1,"Archer's Tempo, Dragonfly, Hip-Fire Grip","Adagio, Explosive Head, Moving Target",7,Adagio+Archer's Tempo | Adagio+Dragonfly | Adagio+Hip-Fire Grip | Archer's Tempo+Moving Target | Dragonfly+Explosive Head | Explosive Head+Hip-Fire Grip | Hip-Fire Grip+Moving Target,3949253499
543,Eye of Sol,preferred,Sniper Rifle,Kinetic,1,0,0,1,"Encore, Perpetual Motion, Shot Swap","Deconstruct, Firing Line, Opening Shot",7,Deconstruct+Perpetual Motion | Encore+Firing Line | Encore+Opening Shot | Firing Line+Perpetual Motion | Firing Line+Shot Swap | Opening Shot+Perpetual Motion | Opening Shot+Shot Swap,1401300690
544,Bug-Out Bag,preferred,Submachine Gun,Solar,1,0,0,1,"Perpetual Motion, Subsistence, Threat Detector","Collective Action, Fragile Focus, Killing Wind",7,Collective Action+Perpetual Motion | Collective Action+Subsistence | Fragile Focus+Subsistence | Fragile Focus+Threat Detector | Killing Wind+Perpetual Motion | Killing Wind+Subsistence | Killing Wind+Threat Detector,2832639510
545,Sarpedon-D,preferred,Hand Cannon,Arc,1,0,0,1,"Eddy Current, Impromptu Ammunition, Lead From Light","One-Two Punch, Rolling Storm, Trench Barrel",6,Eddy Current+One-Two Punch | Eddy Current+Trench Barrel | Impromptu Ammunition+One-Two Punch | Impromptu Ammunition+Trench Barrel | Lead From Light+One-Two Punch | Lead From Light+Trench Barrel,3318545829
546,Aureus Neutralizer,preferred,Hand Cannon,Kinetic,1,0,0,1,"Barrel Constrictor, Proximity Power, Threat Remover","Adagio, Cascade Point, Closing Time",6,Adagio+Barrel Constrictor | Adagio+Threat Remover | Barrel Constrictor+Cascade Point | Barrel Constrictor+Closing Time | Cascade Point+Proximity Power | Closing Time+Proximity Power,3981920134
547,Found Verdict (Timelost),preferred,Shotgun,Arc,0,1,1,0,"Aggregate Charge, Supercharged Magazine, Threat Remover","Gear Shift, Rolling Storm, Voltshot",6,Aggregate Charge+Rolling Storm | Aggregate Charge+Voltshot | Gear Shift+Supercharged Magazine | Gear Shift+Threat Remover | Rolling Storm+Threat Remover | Threat Remover+Voltshot,851296754
548,Nox Perennial V,preferred,Fusion Rifle,Strand,1,0,0,1,"Envious Assassin, Fragile Focus, Loose Change","Elemental Capacitor, Hatchling, Kickstart",6,Elemental Capacitor+Envious Assassin | Elemental Capacitor+Loose Change | Fragile Focus+Hatchling | Fragile Focus+Kickstart | Hatchling+Loose Change | Kickstart+Loose Change,2767393525
549,Last Man Standing,preferred,Shotgun,Solar,1,0,0,1,"Compulsive Reloader, Hip-Fire Grip, Opening Shot","Discord, One for All, Swashbuckler",6,Compulsive Reloader+Discord | Compulsive Reloader+Swashbuckler | Discord+Hip-Fire Grip | Hip-Fire Grip+Swashbuckler | One for All+Opening Shot | Opening Shot+Swashbuckler,4287947559
550,The Forward Path,preferred,Auto Rifle,Kinetic,1,0,0,1,"Feeding Frenzy, Fourth Time's the Charm, Grave Robber","Iron Gaze, Iron Grip, Tap the Trigger",6,Feeding Frenzy+Tap the Trigger | Fourth Time's the Charm+Iron Gaze | Fourth Time's the Charm+Iron Grip | Grave Robber+Iron Gaze | Grave Robber+Iron Grip | Grave Robber+Tap the Trigger,1690783811
551,Hammerhead,preferred,Machine Gun,Void,1,0,0,1,"Destabilizing Rounds, Fourth Time's the Charm, Rampage","Desperate Measures, High-Impact Reserves, Onslaught",7,Desperate Measures+Destabilizing Rounds | Desperate Measures+Fourth Time's the Charm | Desperate Measures+Rampage | Destabilizing Rounds+Onslaught | Fourth Time's the Charm+High-Impact Reserves | Fourth Time's the Charm+Onslaught | High-Impact Reserves+Rampage,1896309757
552,Word of Crota (Adept),preferred,Hand Cannon,Void,0,1,1,0,"Collective Demolition, Dragonfly, Enlightened Action","Focused Fury, Magnificent Howl, Master of Arms",6,Collective Demolition+Focused Fury | Dragonfly+Focused Fury | Dragonfly+Magnificent Howl | Dragonfly+Master of Arms | Enlightened Action+Magnificent Howl | Enlightened Action+Master of Arms,3926103986
553,Multimach CCX,preferred,Submachine Gun,Kinetic,1,0,0,1,"Iron Gaze, Rangefinder, Under-Over","Kinetic Tremors, Tap the Trigger, Target Lock",6,Iron Gaze+Kinetic Tremors | Iron Gaze+Tap the Trigger | Iron Gaze+Target Lock | Kinetic Tremors+Rangefinder | Rangefinder+Tap the Trigger | Rangefinder+Target Lock,3211624072
554,Malediction,preferred,Hand Cannon,Kinetic,1,0,0,1,"Enlightened Action, Moving Target, Sleight of Hand","All-Star, Redirection, Tap the Trigger",6,All-Star+Enlightened Action | All-Star+Moving Target | Enlightened Action+Redirection | Moving Target+Redirection | Redirection+Sleight of Hand | Sleight of Hand+Tap the Trigger,979721268
555,Sublimation,preferred,Scout Rifle,Arc,1,0,0,1,"Eddy Current, Shoot to Loot, Sympathetic Arsenal","Adagio, Explosive Payload, Redirection",8,Adagio+Eddy Current | Adagio+Shoot to Loot | Adagio+Sympathetic Arsenal | Eddy Current+Explosive Payload | Eddy Current+Redirection | Explosive Payload+Sympathetic Arsenal | Redirection+Shoot to Loot | Redirection+Sympathetic Arsenal,1674692344
556,Shoreline Dissident,preferred,Sniper Rifle,Void,1,0,0,1,"Ambitious Assassin, Explosive Payload, Triple Tap","Closing Time, Destabilizing Rounds, High Ground",7,Ambitious Assassin+Closing Time | Ambitious Assassin+High Ground | Closing Time+Triple Tap | Destabilizing Rounds+Explosive Payload | Destabilizing Rounds+Triple Tap | Explosive Payload+High Ground | High Ground+Triple Tap,1193318082
557,Jorum's Claw,preferred,Pulse Rifle,Solar,1,0,0,1,"Gutshot Straight, Iron Grip, Outlaw","Frenzy, Iron Reach, Kill Clip",6,Frenzy+Outlaw | Gutshot Straight+Iron Reach | Gutshot Straight+Kill Clip | Iron Grip+Iron Reach | Iron Grip+Kill Clip | Iron Reach+Outlaw,62937067
558,Ill Omen,preferred,Sword,Stasis,1,0,1,1,"Empty Traits Socket, Relentless Strikes, Valiant Charge","En Garde, Surrounded, Whirlwind Blade",6,Empty Traits Socket+En Garde | Empty Traits Socket+Surrounded | Empty Traits Socket+Whirlwind Blade | Relentless Strikes+Surrounded | Surrounded+Valiant Charge | Valiant Charge+Whirlwind Blade,3794274730
559,Fortissimo-11,preferred,Shotgun,Kinetic,1,0,0,1,"Pulse Monitor, Surplus, Unrelenting","Adagio, Elemental Capacitor, Focused Fury",6,Adagio+Pulse Monitor | Adagio+Unrelenting | Elemental Capacitor+Surplus | Elemental Capacitor+Unrelenting | Focused Fury+Pulse Monitor | Focused Fury+Unrelenting,963732595
560,Occluded Finality,preferred,Sniper Rifle,Arc,1,0,0,1,"Mulligan, No Distractions, Snapshot Sights","Elemental Capacitor, Eye of the Storm, Iron Reach",6,Elemental Capacitor+Snapshot Sights | Eye of the Storm+Mulligan | Eye of the Storm+No Distractions | Iron Reach+Mulligan | Iron Reach+No Distractions | Iron Reach+Snapshot Sights,852551895
561,BxR-55 Battler,preferred,Pulse Rifle,Solar,1,0,1,1,"Heating Up, Killing Wind, Outlaw","Blunt Execution Rounds, Gutshot Straight, Incandescent",6,Blunt Execution Rounds+Heating Up | Blunt Execution Rounds+Killing Wind | Blunt Execution Rounds+Outlaw | Gutshot Straight+Outlaw | Heating Up+Incandescent | Incandescent+Killing Wind,2708806099
562,Felwinter's Lie,preferred,Shotgun,Solar,1,0,0,1,"Cascade Point, Heal Clip, Slickdraw","Iron Reach, One-Two Punch, Trench Barrel",6,Cascade Point+Trench Barrel | Heal Clip+Iron Reach | Heal Clip+One-Two Punch | Heal Clip+Trench Barrel | One-Two Punch+Slickdraw | Slickdraw+Trench Barrel,218787950
563,Compass Rose,preferred,Shotgun,Solar,1,0,0,1,"Dual Loader, Grave Robber, To the Pain","Barrel Constrictor, Incandescent, Vorpal Weapon",7,Barrel Constrictor+Grave Robber | Barrel Constrictor+To the Pain | Dual Loader+Incandescent | Dual Loader+Vorpal Weapon | Grave Robber+Incandescent | Incandescent+To the Pain | To the Pain+Vorpal Weapon,4169225313
564,Deliverance (Adept),preferred,Fusion Rifle,Stasis,0,1,1,0,"Compulsive Reloader, Heating Up, Sleight of Hand","Chain Reaction, Chill Clip, Controlled Burst",6,Chain Reaction+Heating Up | Chain Reaction+Sleight of Hand | Chill Clip+Heating Up | Chill Clip+Sleight of Hand | Controlled Burst+Heating Up | Controlled Burst+Sleight of Hand,2943293195
565,Crowning Duologue,preferred,Rocket Launcher,Strand,1,0,0,1,"Air Trigger, Demolitionist, Grave Robber","Bipod, Envious Assassin, Reverberation",6,Air Trigger+Envious Assassin | Air Trigger+Reverberation | Bipod+Demolitionist | Bipod+Grave Robber | Demolitionist+Reverberation | Grave Robber+Reverberation,4106757302
566,Burden of Guilt,preferred,Fusion Rifle,Stasis,1,0,0,1,"Ambitious Assassin, Envious Arsenal, Lone Wolf","Aggregate Charge, Controlled Burst, Kickstart",6,Aggregate Charge+Lone Wolf | Ambitious Assassin+Controlled Burst | Ambitious Assassin+Kickstart | Controlled Burst+Lone Wolf | Envious Arsenal+Kickstart | Kickstart+Lone Wolf,976459525
567,Monody-44,preferred,Fusion Rifle,Void,1,0,0,1,"Attrition Orbs, Cornered, Subsistence","Closing Time, Controlled Burst, Successful Warm-Up",6,Attrition Orbs+Closing Time | Attrition Orbs+Controlled Burst | Attrition Orbs+Successful Warm-Up | Closing Time+Subsistence | Cornered+Successful Warm-Up | Subsistence+Successful Warm-Up,3201200906
568,Ascendancy,preferred,Rocket Launcher,Solar,1,0,0,1,"Attrition Orbs, Field Prep, Reconstruction","Bipod, Cluster Bomb, Lasting Impression",6,Attrition Orbs+Bipod | Attrition Orbs+Cluster Bomb | Attrition Orbs+Lasting Impression | Cluster Bomb+Field Prep | Field Prep+Lasting Impression | Lasting Impression+Reconstruction,1713388226
569,Watchful Eye,preferred,Machine Gun,Arc,1,0,0,1,"Eddy Current, Mulligan, Wellspring","Jolting Feedback, Killing Tally, Sword Logic",6,Eddy Current+Killing Tally | Eddy Current+Sword Logic | Jolting Feedback+Mulligan | Jolting Feedback+Wellspring | Killing Tally+Wellspring | Sword Logic+Wellspring,3058845782
570,The Messenger,preferred,Pulse Rifle,Kinetic,1,0,0,1,"Outlaw, Perpetual Motion, Under-Over","Encore, Harmony, Keep Away",6,Encore+Perpetual Motion | Harmony+Outlaw | Harmony+Under-Over | Keep Away+Outlaw | Keep Away+Perpetual Motion | Keep Away+Under-Over,3796795102
571,The Heron,preferred,Glaive,Void,1,0,0,1,"Disruption Break, Envious Assassin, Replenishing Aegis","Destabilizing Rounds, Unrelenting, Unstoppable Force",6,Destabilizing Rounds+Disruption Break | Destabilizing Rounds+Envious Assassin | Disruption Break+Unstoppable Force | Envious Assassin+Unrelenting | Envious Assassin+Unstoppable Force | Replenishing Aegis+Unrelenting,2246386812
572,Tatara Gaze,preferred,Sniper Rifle,Arc,1,0,0,1,"Discord, Impromptu Ammunition, Light Touch","Closing Time, Mega Kill Clip, Voltshot",6,Closing Time+Impromptu Ammunition | Closing Time+Light Touch | Discord+Mega Kill Clip | Discord+Voltshot | Impromptu Ammunition+Mega Kill Clip | Light Touch+Mega Kill Clip,3595694326
573,Sixth Sense,preferred,Hand Cannon,Strand,1,0,0,1,"Built to Blast, Lucky Shot, Rapid Hit","Desperate Measures, Eye of the Storm, Tear",6,Built to Blast+Desperate Measures | Built to Blast+Eye of the Storm | Built to Blast+Tear | Desperate Measures+Rapid Hit | Eye of the Storm+Rapid Hit | Lucky Shot+Tear,4032097591
574,Aisha's Embrace,preferred,Scout Rifle,Void,1,0,0,1,"Demoralize, Keep Away, Vorpal Weapon","Adagio, Destabilizing Rounds, Precision Instrument",6,Adagio+Demoralize | Adagio+Keep Away | Adagio+Vorpal Weapon | Demoralize+Precision Instrument | Destabilizing Rounds+Vorpal Weapon | Precision Instrument+Vorpal Weapon,3709368142
575,Veles-X,preferred,Pulse Rifle,Void,1,0,0,1,"Lone Wolf, Repulsor Brace, Tunnel Vision","Destabilizing Rounds, Golden Tricorn, Golden Tricorn Enhanced",6,Destabilizing Rounds+Tunnel Vision | Golden Tricorn+Lone Wolf | Golden Tricorn+Repulsor Brace | Golden Tricorn Enhanced+Lone Wolf | Golden Tricorn Enhanced+Repulsor Brace | Golden Tricorn Enhanced+Tunnel Vision,438540299
576,Shadow Price,preferred,Auto Rifle,Arc,1,0,0,1,"Bottomless Grief, Fourth Time's the Charm, Overflow","Disruption Break, Dragonfly, Thresh",6,Bottomless Grief+Disruption Break | Bottomless Grief+Dragonfly | Disruption Break+Fourth Time's the Charm | Disruption Break+Overflow | Dragonfly+Fourth Time's the Charm | Dragonfly+Overflow,2633186522
577,Salvager's Salvo,preferred,Grenade Launcher,Arc,1,0,0,1,"Ambitious Assassin, Chain Reaction, Trickle Charge","Collective Action, Rolling Storm, Vorpal Weapon",6,Ambitious Assassin+Collective Action | Ambitious Assassin+Rolling Storm | Chain Reaction+Rolling Storm | Chain Reaction+Vorpal Weapon | Collective Action+Trickle Charge | Trickle Charge+Vorpal Weapon,2461640837
578,Roar of the Bear,preferred,Rocket Launcher,Solar,1,0,0,1,"Impulse Amplifier, Snapshot Sights, Tracking Module","Auto-Loading Holster, Chain Reaction, Incandescent",6,Auto-Loading Holster+Impulse Amplifier | Auto-Loading Holster+Snapshot Sights | Auto-Loading Holster+Tracking Module | Chain Reaction+Tracking Module | Impulse Amplifier+Incandescent | Incandescent+Tracking Module,4009352833
579,Rake Angle,preferred,Glaive,Stasis,1,0,0,1,"Lead from Gold, Overflow, Rimestealer","Close to Melee, Unstoppable Force, Vorpal Weapon",6,Close to Melee+Overflow | Close to Melee+Rimestealer | Lead from Gold+Unstoppable Force | Overflow+Vorpal Weapon | Rimestealer+Unstoppable Force | Rimestealer+Vorpal Weapon,2298039571
580,Perfect Pitch,preferred,Submachine Gun,Solar,1,0,0,1,"Discord, Heal Clip, Subsistence","Focused Fury, Onslaught, Rangefinder",6,Discord+Rangefinder | Focused Fury+Heal Clip | Focused Fury+Subsistence | Heal Clip+Onslaught | Heal Clip+Rangefinder | Onslaught+Subsistence,2191451996
581,Last Rite,preferred,Scout Rifle,Kinetic,1,0,0,1,"Bewildering Burst, Shoot to Loot, Stopping Power","Adhesive Ordnance, Focused Fury, Offhand Strike",6,Bewildering Burst+Focused Fury | Bewildering Burst+Offhand Strike | Focused Fury+Shoot to Loot | Focused Fury+Stopping Power | Offhand Strike+Shoot to Loot | Offhand Strike+Stopping Power,3708636616
582,Afterlight (Adept),preferred,Fusion Rifle,Void,0,1,0,1,"Ambitious Assassin, Lead from Gold, Pugilist","Cornered, Destabilizing Rounds, Swashbuckler",6,Ambitious Assassin+Cornered | Ambitious Assassin+Swashbuckler | Cornered+Pugilist | Destabilizing Rounds+Lead from Gold | Destabilizing Rounds+Pugilist | Lead from Gold+Swashbuckler,3953163559
583,Veiled Threat,preferred,Auto Rifle,Stasis,1,0,1,1,"Empty Traits Socket, Loose Change, To the Pain","Empty Traits Socket, Encore, Moving Target",6,Empty Traits Socket+Encore | Empty Traits Socket+Moving Target | Encore+Loose Change | Encore+To the Pain | Loose Change+Moving Target | Moving Target+To the Pain,3685470415
584,Rapacious Appetite,preferred,Submachine Gun,Stasis,1,0,1,1,"Fourth Time's the Charm, Invisible Hand, Well-Rounded","Frenzy, One for All, Target Lock",6,Fourth Time's the Charm+Frenzy | Frenzy+Invisible Hand | Invisible Hand+One for All | Invisible Hand+Target Lock | One for All+Well-Rounded | Target Lock+Well-Rounded,1081724548
585,Uzume RR4,preferred,Sniper Rifle,Solar,1,0,0,1,"Discord, Fourth Time's the Charm, Lead from Gold","Explosive Payload, Golden Tricorn Enhanced, Precision Instrument",6,Discord+Golden Tricorn Enhanced | Discord+Precision Instrument | Explosive Payload+Lead from Gold | Fourth Time's the Charm+Golden Tricorn Enhanced | Golden Tricorn Enhanced+Lead from Gold | Lead from Gold+Precision Instrument,2450917538
586,Last Foray,preferred,Sniper Rifle,Solar,1,0,0,1,"Envious Assassin, Keep Away, Rewind Rounds","Cascade Point, Snapshot Sights, Triple Tap",7,Cascade Point+Keep Away | Cascade Point+Rewind Rounds | Envious Assassin+Snapshot Sights | Envious Assassin+Triple Tap | Keep Away+Snapshot Sights | Keep Away+Triple Tap | Rewind Rounds+Snapshot Sights,4118936670
587,Solemn Lie,preferred,Hand Cannon,Arc,1,0,0,1,"Moving Target, Quickdraw, Trickle Charge","Elemental Capacitor, Eye of the Storm, Rolling Storm",6,Elemental Capacitor+Moving Target | Elemental Capacitor+Trickle Charge | Eye of the Storm+Quickdraw | Eye of the Storm+Trickle Charge | Moving Target+Rolling Storm | Quickdraw+Rolling Storm,1041028435
588,Crisis Inverted,preferred,Hand Cannon,Arc,1,0,0,1,"Compulsive Reloader, Rapid Hit, Tunnel Vision","Adaptive Munitions, Adrenaline Junkie, Opening Shot",7,Adaptive Munitions+Rapid Hit | Adaptive Munitions+Tunnel Vision | Adrenaline Junkie+Compulsive Reloader | Adrenaline Junkie+Rapid Hit | Adrenaline Junkie+Tunnel Vision | Compulsive Reloader+Opening Shot | Opening Shot+Tunnel Vision,2888266564
589,No Feelings,preferred,Scout Rifle,Arc,1,0,0,1,"Collective Demolition, Outlaw, Rolling Storm","Explosive Payload, Gear Shift, Kill Clip",6,Collective Demolition+Explosive Payload | Collective Demolition+Gear Shift | Collective Demolition+Kill Clip | Explosive Payload+Rolling Storm | Gear Shift+Outlaw | Kill Clip+Rolling Storm,2979764077
590,The Palindrome,preferred,Hand Cannon,Arc,1,0,0,1,"Collective Demolition, Light Touch, Supercharged Magazine","Magnificent Howl, Master of Arms, Opening Shot",7,Collective Demolition+Opening Shot | Light Touch+Magnificent Howl | Light Touch+Master of Arms | Light Touch+Opening Shot | Magnificent Howl+Supercharged Magazine | Master of Arms+Supercharged Magazine | Opening Shot+Supercharged Magazine,3303271523
591,Unwavering Duty,preferred,Machine Gun,Solar,1,0,0,1,"Fourth Time's the Charm, Incandescent, Rampage","Bait and Switch, Killing Tally, Target Lock",6,Bait and Switch+Rampage | Fourth Time's the Charm+Killing Tally | Incandescent+Killing Tally | Incandescent+Target Lock | Killing Tally+Rampage | Rampage+Target Lock,3489054606
592,The Summoner,preferred,Auto Rifle,Solar,1,0,0,1,"Elemental Capacitor, Perpetual Motion, Zen Moment","Golden Tricorn Enhanced, Onslaught, Rampage",6,Elemental Capacitor+Rampage | Golden Tricorn Enhanced+Perpetual Motion | Golden Tricorn Enhanced+Zen Moment | Onslaught+Perpetual Motion | Onslaught+Zen Moment | Perpetual Motion+Rampage,1820994983
593,The Other Half,preferred,Sword,Void,1,0,1,1,"Duelist's Trance, Flash Counter, Relentless Strikes","Frenzy, Repulsor Brace, Vorpal Weapon",6,Flash Counter+Frenzy | Flash Counter+Repulsor Brace | Flash Counter+Vorpal Weapon | Frenzy+Relentless Strikes | Relentless Strikes+Repulsor Brace | Relentless Strikes+Vorpal Weapon,3257091167
594,The Inquisitor,preferred,Shotgun,Arc,1,0,0,1,"Envious Assassin, Offhand Strike, Threat Detector","Bait and Switch, Precision Instrument, Rolling Storm",6,Bait and Switch+Offhand Strike | Bait and Switch+Threat Detector | Offhand Strike+Precision Instrument | Offhand Strike+Rolling Storm | Precision Instrument+Threat Detector | Rolling Storm+Threat Detector,51129316
595,The Immortal,preferred,Submachine Gun,Strand,1,0,0,1,"Hatchling, Keep Away, Rangefinder","Demolitionist, Elemental Honing, Kill Clip",6,Demolitionist+Hatchling | Demolitionist+Keep Away | Elemental Honing+Keep Away | Elemental Honing+Rangefinder | Hatchling+Kill Clip | Keep Away+Kill Clip,2872063099
596,Taraxippos,preferred,Scout Rifle,Strand,1,0,0,1,"Enlightened Action, Perfect Float, Zen Moment","Eye of the Storm, Hatchling, Precision Instrument",7,Enlightened Action+Eye of the Storm | Enlightened Action+Hatchling | Enlightened Action+Precision Instrument | Eye of the Storm+Perfect Float | Hatchling+Zen Moment | Perfect Float+Precision Instrument | Precision Instrument+Zen Moment,4148460558
597,Sole Survivor,preferred,Sniper Rifle,Arc,1,0,0,1,"Eddy Current, Lead from Gold, Snapshot Sights","Firing Line, Voltshot, Vorpal Weapon",6,Eddy Current+Firing Line | Eddy Current+Vorpal Weapon | Firing Line+Lead from Gold | Firing Line+Snapshot Sights | Lead from Gold+Voltshot | Snapshot Sights+Vorpal Weapon,1150492185
598,Reed's Regret,preferred,Linear Fusion Rifle,Stasis,1,0,0,1,"Clown Cartridge, Compulsive Reloader, Hip-Fire Grip","Focused Fury, Harmony, Headstone",6,Clown Cartridge+Focused Fury | Clown Cartridge+Harmony | Clown Cartridge+Headstone | Compulsive Reloader+Harmony | Compulsive Reloader+Headstone | Headstone+Hip-Fire Grip,3267997292
599,Point of the Stag,preferred,Combat Bow,Arc,1,0,0,1,"Archer's Tempo, Pugilist, Slickdraw","Dragonfly, Eye of the Storm, Golden Tricorn",6,Archer's Tempo+Eye of the Storm | Archer's Tempo+Golden Tricorn | Dragonfly+Pugilist | Dragonfly+Slickdraw | Eye of the Storm+Slickdraw | Golden Tricorn+Pugilist,888872889
600,Pardon Our Dust,preferred,Grenade Launcher,Kinetic,1,0,1,1,"Auto-Loading Holster, Pulse Monitor, Stats for All","Danger Zone, Demolitionist, Pugilist",6,Auto-Loading Holster+Danger Zone | Auto-Loading Holster+Pugilist | Danger Zone+Pulse Monitor | Danger Zone+Stats for All | Demolitionist+Stats for All | Pugilist+Pulse Monitor,3849810018
601,Motif-41,preferred,Grenade Launcher,Solar,1,0,0,1,"Heal Clip, Loose Change, Threat Detector","Attrition Orbs, Incandescent, Reverberation",6,Attrition Orbs+Heal Clip | Attrition Orbs+Loose Change | Attrition Orbs+Threat Detector | Heal Clip+Reverberation | Loose Change+Reverberation | Reverberation+Threat Detector,1685533876
602,Nasreddin,preferred,Sword,Arc,1,0,0,1,"Duelist's Trance, Energy Transfer, Wellspring","Eager Edge, En Garde, Rolling Storm",6,Duelist's Trance+En Garde | Eager Edge+Energy Transfer | Eager Edge+Wellspring | En Garde+Energy Transfer | En Garde+Wellspring | Rolling Storm+Wellspring,1979417829
603,Maahes HC4,preferred,Hand Cannon,Void,1,0,0,1,"Pulse Monitor, Rapid Hit, Unrelenting","Disruption Break, Dragonfly, Golden Tricorn",6,Disruption Break+Rapid Hit | Dragonfly+Pulse Monitor | Dragonfly+Unrelenting | Golden Tricorn+Pulse Monitor | Golden Tricorn+Rapid Hit | Golden Tricorn+Unrelenting,1246793994
604,Ogma PR6,preferred,Pulse Rifle,Solar,1,0,0,1,"Heating Up, Perpetual Motion, Stats for All","Disruption Break, One for All, Turnabout",6,Disruption Break+Heating Up | Disruption Break+Perpetual Motion | Disruption Break+Stats for All | One for All+Perpetual Motion | Perpetual Motion+Turnabout | Stats for All+Turnabout,324584912
605,Retraced Path,preferred,Trace Rifle,Solar,1,0,1,1,"Adaptive Munitions, Genesis, Subsistence","Demolitionist, Golden Tricorn, Harmony",7,Adaptive Munitions+Demolitionist | Adaptive Munitions+Harmony | Demolitionist+Subsistence | Genesis+Golden Tricorn | Genesis+Harmony | Golden Tricorn+Subsistence | Harmony+Subsistence,548958835
606,Insidious (Adept),preferred,Pulse Rifle,Arc,0,1,1,0,"Compulsive Reloader, Dragonfly, Frenzy","Bait and Switch, Chaos Reshaped, Voltshot",6,Bait and Switch+Compulsive Reloader | Chaos Reshaped+Compulsive Reloader | Chaos Reshaped+Dragonfly | Compulsive Reloader+Voltshot | Dragonfly+Voltshot | Frenzy+Voltshot,786352912
607,Non-Denouement (Adept),preferred,Combat Bow,Arc,0,1,1,0,"Rolling Storm, Strategist, Successful Warm-Up","Archer's Gambit, Desperate Measures, Gear Shift",6,Archer's Gambit+Rolling Storm | Archer's Gambit+Strategist | Archer's Gambit+Successful Warm-Up | Desperate Measures+Rolling Storm | Desperate Measures+Successful Warm-Up | Gear Shift+Strategist,1039915310
608,Gunnora's Axe,preferred,Shotgun,Arc,1,0,0,1,"Full Auto Trigger System, Pulse Monitor, Quickdraw","Opening Shot, Swashbuckler, Triple Tap",6,Full Auto Trigger System+Opening Shot | Full Auto Trigger System+Swashbuckler | Full Auto Trigger System+Triple Tap | Opening Shot+Pulse Monitor | Opening Shot+Quickdraw | Quickdraw+Swashbuckler,2326716489
609,Everburning Glitz,preferred,Auto Rifle,Kinetic,1,0,0,1,"Attrition Orbs, Bewildering Burst, Dynamic Sway Reduction","Elemental Honing, One for All, Tap the Trigger",6,Attrition Orbs+Tap the Trigger | Bewildering Burst+Elemental Honing | Bewildering Burst+One for All | Bewildering Burst+Tap the Trigger | Dynamic Sway Reduction+Elemental Honing | Dynamic Sway Reduction+One for All,2857870254
610,Corrective Measure (Timelost),preferred,Machine Gun,Void,0,1,1,0,"Dimensional Shift, Firefly, Redirection","Adrenaline Junkie, Aggregate Charge, Withering Gaze",8,Adrenaline Junkie+Dimensional Shift | Adrenaline Junkie+Firefly | Adrenaline Junkie+Redirection | Aggregate Charge+Dimensional Shift | Aggregate Charge+Firefly | Aggregate Charge+Redirection | Firefly+Withering Gaze | Redirection+Withering Gaze,2334480463
611,Dawn Far Off,preferred,Machine Gun,Solar,1,0,0,1,"Burning Ambition, Impromptu Ammunition, Subsistence","Aggregate Charge, Meganeura, Redirection",6,Aggregate Charge+Subsistence | Burning Ambition+Meganeura | Burning Ambition+Redirection | Impromptu Ammunition+Redirection | Meganeura+Subsistence | Redirection+Subsistence,2770617440
612,Aurora Dawn,preferred,Sword,Stasis,1,0,0,1,"Sharp Harvest, Tireless Blade, Unrelenting","Binary Orbit, Cold Steel, Whirlwind Blade",6,Binary Orbit+Tireless Blade | Binary Orbit+Unrelenting | Cold Steel+Sharp Harvest | Cold Steel+Tireless Blade | Sharp Harvest+Whirlwind Blade | Unrelenting+Whirlwind Blade,2111625436
613,Allied Demand,preferred,Sidearm,Kinetic,1,0,0,1,"Air Assault, Auto-Loading Holster, Subsistence","Gutshot Straight, Iron Reach, Under-Over",6,Air Assault+Gutshot Straight | Air Assault+Iron Reach | Auto-Loading Holster+Under-Over | Gutshot Straight+Subsistence | Iron Reach+Subsistence | Subsistence+Under-Over,1532276803
614,Ahab Char,preferred,Auto Rifle,Solar,1,0,0,1,"Grave Robber, Heal Clip, Perpetual Motion","Adagio, Binary Orbit, Burning Ambition",6,Adagio+Heal Clip | Adagio+Perpetual Motion | Binary Orbit+Heal Clip | Binary Orbit+Perpetual Motion | Burning Ambition+Grave Robber | Burning Ambition+Perpetual Motion,1411560894
615,Oxygen SR3,preferred,Scout Rifle,Solar,1,0,0,1,"Pugilist, Shoot to Loot, Stats for All","Box Breathing, Burning Ambition, Meganeura",7,Box Breathing+Pugilist | Box Breathing+Shoot to Loot | Box Breathing+Stats for All | Burning Ambition+Pugilist | Burning Ambition+Shoot to Loot | Burning Ambition+Stats for All | Meganeura+Stats for All,4104613038
616,Returned Memory,preferred,Sidearm,Solar,1,0,0,1,"Beacon Rounds, Impulse Amplifier, Lead from Gold","Burning Ambition, Incandescent, Redirection",6,Beacon Rounds+Incandescent | Beacon Rounds+Redirection | Burning Ambition+Impulse Amplifier | Burning Ambition+Lead from Gold | Impulse Amplifier+Redirection | Incandescent+Lead from Gold,4049127142
617,Pre Astyanax IV,preferred,Combat Bow,Solar,1,0,0,1,"Firefly, Incandescent, Rapid Hit","Explosive Head, High Ground, Swashbuckler",7,Explosive Head+Firefly | Explosive Head+Incandescent | Explosive Head+Rapid Hit | Firefly+High Ground | Firefly+Swashbuckler | High Ground+Incandescent | High Ground+Rapid Hit,471764396
618,Mindbender's Ambition,preferred,Shotgun,Solar,1,0,0,1,"Auto-Loading Holster, Slideways, Snapshot Sights","One-Two Punch, Steady Hands, Well-Rounded",6,Auto-Loading Holster+Well-Rounded | One-Two Punch+Slideways | One-Two Punch+Snapshot Sights | Slideways+Steady Hands | Slideways+Well-Rounded | Snapshot Sights+Steady Hands,1094005544
619,Aberrant Action,preferred,Sidearm,Solar,1,0,1,1,"Ambitious Assassin, Beacon Rounds, Empty Traits Socket","Golden Tricorn, Snapshot Sights, Swashbuckler",6,Ambitious Assassin+Snapshot Sights | Beacon Rounds+Golden Tricorn | Beacon Rounds+Snapshot Sights | Beacon Rounds+Swashbuckler | Empty Traits Socket+Golden Tricorn | Empty Traits Socket+Swashbuckler,2198166292
620,Acasia's Dejection (Adept),preferred,Trace Rifle,Solar,0,1,1,0,"Burning Ambition, Collective Demolition, Field Prep","Chaos Reshaped, Detonator Beam, Paracausal Affinity",6,Burning Ambition+Chaos Reshaped | Burning Ambition+Paracausal Affinity | Chaos Reshaped+Collective Demolition | Chaos Reshaped+Field Prep | Collective Demolition+Detonator Beam | Field Prep+Paracausal Affinity,3493494807
621,Temptation's Hook,preferred,Sword,Arc,1,0,0,1,"Attrition Orbs, Duelist's Trance, Tireless Blade","Collective Action, Valiant Charge, Whirlwind Blade",6,Attrition Orbs+Whirlwind Blade | Collective Action+Duelist's Trance | Collective Action+Tireless Blade | Duelist's Trance+Valiant Charge | Duelist's Trance+Whirlwind Blade | Tireless Blade+Valiant Charge,1587953057
622,Riiswalker,preferred,Shotgun,Kinetic,1,0,0,1,"Killing Wind, Slickdraw, Surplus","Adagio, Iron Reach, Opening Shot",6,Adagio+Killing Wind | Adagio+Slickdraw | Iron Reach+Surplus | Killing Wind+Opening Shot | Opening Shot+Slickdraw | Opening Shot+Surplus,1764868900
623,The Mountaintop,preferred,Grenade Launcher,Kinetic,1,0,0,1,"Ambitious Assassin, Impulse Amplifier, Overflow","Harmony, One for All, Recombination",5,Ambitious Assassin+Harmony | Ambitious Assassin+Recombination | Harmony+Impulse Amplifier | Impulse Amplifier+Recombination | Overflow+Recombination,4043921923
624,The Keening,preferred,Sidearm,Arc,1,0,0,1,"Killing Wind, Lone Wolf, Slideshot","Dragonfly, High-Impact Reserves, Jolting Feedback",5,Dragonfly+Lone Wolf | Dragonfly+Slideshot | High-Impact Reserves+Killing Wind | Jolting Feedback+Killing Wind | Jolting Feedback+Slideshot,3902351469
625,The Hero's Burden,preferred,Submachine Gun,Void,1,0,0,1,"Feeding Frenzy, Fragile Focus, Zen Moment","Eye of the Storm, Iron Grip, Repulsor Brace",5,Eye of the Storm+Feeding Frenzy | Feeding Frenzy+Repulsor Brace | Fragile Focus+Iron Grip | Fragile Focus+Repulsor Brace | Iron Grip+Zen Moment,2488587246
626,Bottom Dollar,preferred,Hand Cannon,Void,1,0,0,1,"Hip-Fire Grip, Quickdraw, Slideshot","Disruption Break, Explosive Payload, Wellspring",6,Disruption Break+Slideshot | Explosive Payload+Quickdraw | Explosive Payload+Slideshot | Hip-Fire Grip+Wellspring | Quickdraw+Wellspring | Slideshot+Wellspring,2953199259
627,Solemn Remembrance,preferred,Hand Cannon,Stasis,1,0,0,1,"Headstone, Impromptu Ammunition, Slideshot","Eye of the Storm, Opening Shot, Rimestealer",5,Eye of the Storm+Slideshot | Headstone+Opening Shot | Impromptu Ammunition+Opening Shot | Impromptu Ammunition+Rimestealer | Rimestealer+Slideshot,4116518582
628,Qua Nilus II,preferred,Submachine Gun,Strand,1,0,0,1,"Dynamic Sway Reduction, Proximity Power, Slice","Binary Orbit, Dragonfly, Hatchling",5,Binary Orbit+Slice | Dragonfly+Proximity Power | Dragonfly+Slice | Dynamic Sway Reduction+Hatchling | Hatchling+Proximity Power,190747610
629,Fang of Ir Yût (Adept),preferred,Scout Rifle,Strand,0,1,1,0,"Rewind Rounds, Shoot to Loot, Tear","Hatchling, Precision Instrument, Sword Logic",6,Hatchling+Rewind Rounds | Hatchling+Shoot to Loot | Precision Instrument+Rewind Rounds | Precision Instrument+Tear | Shoot to Loot+Sword Logic | Sword Logic+Tear,128782990
630,Duty Bound,preferred,Auto Rifle,Kinetic,1,0,0,1,"Compulsive Reloader, Steady Hands, Triple Tap","Dynamic Sway Reduction, Fourth Time's the Charm, Vorpal Weapon",5,Compulsive Reloader+Vorpal Weapon | Dynamic Sway Reduction+Steady Hands | Dynamic Sway Reduction+Triple Tap | Fourth Time's the Charm+Steady Hands | Triple Tap+Vorpal Weapon,435216110
631,Crowd Pleaser,preferred,Grenade Launcher,Void,1,0,0,1,"Ambitious Assassin, Genesis, Surplus","Moving Target, Quickdraw, Rampage",5,Genesis+Moving Target | Genesis+Quickdraw | Moving Target+Surplus | Quickdraw+Surplus | Rampage+Surplus,3565520715
632,Adored,preferred,Sniper Rifle,Arc,1,0,0,1,"Fourth Time's the Charm, Jolting Feedback, Lone Wolf","Closing Time, Collective Action, No Distractions",5,Closing Time+Fourth Time's the Charm | Closing Time+Jolting Feedback | Collective Action+Lone Wolf | Fourth Time's the Charm+No Distractions | Jolting Feedback+No Distractions,1405095983
633,Arcane Embrace,preferred,Shotgun,Arc,1,0,0,1,"Air Trigger, Grave Robber, Lone Wolf","Desperado, Surrounded, Swashbuckler",6,Air Trigger+Surrounded | Air Trigger+Swashbuckler | Desperado+Grave Robber | Grave Robber+Swashbuckler | Lone Wolf+Surrounded | Lone Wolf+Swashbuckler,3649985571
634,Steelfeather Repeater,preferred,Auto Rifle,Kinetic,1,0,0,1,"Bewildering Burst, Firmly Planted, Slideways","All-Star, Ancillary Ordinance, Vorpal Weapon",5,All-Star+Firmly Planted | All-Star+Slideways | Ancillary Ordinance+Slideways | Bewildering Burst+Vorpal Weapon | Firmly Planted+Vorpal Weapon,771811870
635,VS Chill Inhibitor,preferred,Grenade Launcher,Stasis,1,0,0,1,"Cascade Point, Chill Clip, Danger Zone","Aggregate Charge, Bait and Switch, Explosive Light",5,Aggregate Charge+Cascade Point | Aggregate Charge+Chill Clip | Bait and Switch+Chill Clip | Bait and Switch+Danger Zone | Danger Zone+Explosive Light,2452936817
636,The Title,preferred,Submachine Gun,Void,1,0,0,1,"Closing Time, Recycled Energy, Threat Detector","Destabilizing Rounds, Rangefinder, Under Pressure",5,Closing Time+Destabilizing Rounds | Destabilizing Rounds+Recycled Energy | Rangefinder+Threat Detector | Recycled Energy+Under Pressure | Threat Detector+Under Pressure,4106258882
637,The Scholar,preferred,Scout Rifle,Kinetic,1,0,0,1,"Opening Shot, Quickdraw, Slideways","No Distractions, Snapshot Sights, Vorpal Weapon",5,No Distractions+Quickdraw | No Distractions+Slideways | Opening Shot+Vorpal Weapon | Quickdraw+Vorpal Weapon | Slideways+Snapshot Sights,2478792241
638,Deadlock,preferred,Shotgun,Stasis,1,0,0,1,"Lone Wolf, Offhand Strike, Surplus","Closing Time, Fragile Focus, Master of Arms",6,Closing Time+Offhand Strike | Closing Time+Surplus | Fragile Focus+Lone Wolf | Fragile Focus+Surplus | Lone Wolf+Master of Arms | Master of Arms+Surplus,3926987546
639,Survivor's Epitaph,preferred,Hand Cannon,Kinetic,1,0,0,1,"High-Impact Reserves, Outlaw, Quickdraw","Adagio, Precision Instrument, Rangefinder",5,Adagio+High-Impact Reserves | Adagio+Quickdraw | High-Impact Reserves+Rangefinder | Outlaw+Precision Instrument | Precision Instrument+Quickdraw,4059111040
640,Seraphine Haze,preferred,Submachine Gun,Stasis,1,0,0,1,"Demolitionist, Hip-Fire Grip, Rimestealer","Attrition Orbs, Crystalline Corpsebloom, Target Lock",5,Attrition Orbs+Hip-Fire Grip | Attrition Orbs+Rimestealer | Crystalline Corpsebloom+Hip-Fire Grip | Demolitionist+Target Lock | Rimestealer+Target Lock,1524387902
641,Gnawing Hunger,preferred,Auto Rifle,Void,1,0,0,1,"Overflow, Subsistence, Tap the Trigger","Master of Arms, Multikill Clip, Rampage",6,Master of Arms+Subsistence | Master of Arms+Tap the Trigger | Multikill Clip+Overflow | Multikill Clip+Tap the Trigger | Overflow+Rampage | Rampage+Tap the Trigger,214545213
642,Resounding,preferred,Fusion Rifle,Strand,1,0,0,1,"Ambitious Assassin, Compulsive Reloader, Cornered","Hatchling, One for All, Reservoir Burst",5,Ambitious Assassin+Reservoir Burst | Compulsive Reloader+Hatchling | Compulsive Reloader+Reservoir Burst | Cornered+Hatchling | Cornered+One for All,3273807888
643,Psi Aeterna IV,preferred,Pulse Rifle,Arc,1,0,0,1,"Beacon Rounds, Eddy Current, Stats for All","Collective Pugilism, Elemental Honing, Jolting Feedback",5,Beacon Rounds+Collective Pugilism | Beacon Rounds+Jolting Feedback | Collective Pugilism+Eddy Current | Elemental Honing+Stats for All | Jolting Feedback+Stats for All,3556730800
644,Mercurial Overreach,preferred,Sniper Rifle,Arc,1,0,0,1,"Envious Assassin, Fragile Focus, Lone Wolf","Bait and Switch, Closing Time, Moving Target",5,Bait and Switch+Fragile Focus | Closing Time+Envious Assassin | Closing Time+Fragile Focus | Envious Assassin+Moving Target | Lone Wolf+Moving Target,4257236930
645,Keen Thistle,preferred,Sniper Rifle,Solar,1,0,0,1,"Envious Arsenal, Incandescent, Lone Wolf","Bait and Switch, Fourth Time's the Charm, Opening Shot",5,Envious Arsenal+Fourth Time's the Charm | Envious Arsenal+Opening Shot | Fourth Time's the Charm+Incandescent | Fourth Time's the Charm+Lone Wolf | Incandescent+Opening Shot,2499834164
646,Infinite Paths 8,preferred,Pulse Rifle,Arc,1,0,0,1,"Genesis, Grave Robber, Moving Target","Dragonfly, Shield Disorient, Zen Moment",5,Dragonfly+Genesis | Genesis+Zen Moment | Grave Robber+Shield Disorient | Grave Robber+Zen Moment | Moving Target+Shield Disorient,3233390913
647,Folded Root,preferred,Rocket Launcher,Void,1,0,0,1,"Air Trigger, Ambitious Assassin, Danger Zone","Bipod, Lasting Impression, Multikill Clip",5,Air Trigger+Lasting Impression | Air Trigger+Multikill Clip | Ambitious Assassin+Bipod | Bipod+Danger Zone | Danger Zone+Multikill Clip,3184457500
648,Exalted Truth,preferred,Hand Cannon,Void,1,0,0,1,"Destabilizing Rounds, Moving Target, Withering Gaze","Demoralize, Magnificent Howl, Repulsor Brace",5,Demoralize+Moving Target | Destabilizing Rounds+Magnificent Howl | Magnificent Howl+Moving Target | Magnificent Howl+Withering Gaze | Moving Target+Repulsor Brace,3436626079
649,Eighty-Six,preferred,Sword,Strand,1,0,0,1,"Flash Counter, Lead From Light, Relentless Strikes","Attrition Orbs, Elemental Honing, Redirection",5,Attrition Orbs+Flash Counter | Elemental Honing+Lead From Light | Elemental Honing+Relentless Strikes | Lead From Light+Redirection | Redirection+Relentless Strikes,2344383760
650,Aurvandil FR6,preferred,Fusion Rifle,Stasis,1,0,0,1,"Firmly Planted, Reconstruction, Slideways","Chill Clip, Demolitionist, Golden Tricorn Enhanced",5,Chill Clip+Reconstruction | Demolitionist+Reconstruction | Demolitionist+Slideways | Firmly Planted+Golden Tricorn Enhanced | Golden Tricorn Enhanced+Slideways,3786215462
651,Ulterior Observation,preferred,Machine Gun,Stasis,1,0,0,1,"Demolitionist, Headstone, Subsistence","Adagio, Closing Time, Rimestealer",5,Adagio+Demolitionist | Adagio+Headstone | Closing Time+Headstone | Demolitionist+Rimestealer | Rimestealer+Subsistence,1079872540
652,Scintillation,preferred,Linear Fusion Rifle,Strand,1,0,0,1,"Cornered, Envious Assassin, Rapid Hit","Attrition Orbs, Bait and Switch, Surrounded",5,Attrition Orbs+Cornered | Attrition Orbs+Rapid Hit | Bait and Switch+Cornered | Bait and Switch+Rapid Hit | Envious Assassin+Surrounded,2591257541
653,Luna's Howl,preferred,Hand Cannon,Solar,1,0,0,1,"Discord, Eye of the Storm, Slideshot","Desperate Measures, Harmony, Magnificent Howl",5,Desperate Measures+Discord | Desperate Measures+Slideshot | Discord+Magnificent Howl | Eye of the Storm+Harmony | Harmony+Slideshot,3757612024
654,Wastelander M5,preferred,Shotgun,Kinetic,1,0,1,1,"Air Assault, Ensemble, Pugilist","Killing Wind, One-Two Punch, Trench Barrel",5,Air Assault+One-Two Punch | Air Assault+Trench Barrel | Ensemble+Killing Wind | Ensemble+Trench Barrel | Killing Wind+Pugilist,1679868061
655,Loaded Question,preferred,Fusion Rifle,Arc,1,0,0,1,"Envious Assassin, Overflow, Under Pressure","Eye of the Storm, Pugilist, Reservoir Burst",5,Envious Assassin+Eye of the Storm | Envious Assassin+Reservoir Burst | Eye of the Storm+Overflow | Overflow+Reservoir Burst | Pugilist+Under Pressure,3125454907
656,Null Composure,preferred,Fusion Rifle,Void,1,0,0,1,"Feeding Frenzy, Reconstruction, Successful Warm-Up","Closing Time, Elemental Honing, Master of Arms",5,Closing Time+Reconstruction | Closing Time+Successful Warm-Up | Elemental Honing+Feeding Frenzy | Master of Arms+Reconstruction | Master of Arms+Successful Warm-Up,3613444087
657,Last Perdition,preferred,Pulse Rifle,Void,1,0,0,1,"Firmly Planted, Rangefinder, Under Pressure","Full Auto Trigger System, Snapshot Sights, Zen Moment",5,Firmly Planted+Zen Moment | Full Auto Trigger System+Under Pressure | Rangefinder+Snapshot Sights | Snapshot Sights+Under Pressure | Under Pressure+Zen Moment,188882152
658,Kindled Orchid,preferred,Hand Cannon,Void,1,0,0,1,"Outlaw, Rangefinder, Repulsor Brace","Demoralize, Destabilizing Rounds, Magnificent Howl",5,Demoralize+Rangefinder | Destabilizing Rounds+Outlaw | Magnificent Howl+Outlaw | Magnificent Howl+Rangefinder | Magnificent Howl+Repulsor Brace,3961462214
659,Glissando-47,preferred,Scout Rifle,Strand,1,0,0,1,"No Distractions, Overflow, Perfect Float","Cascade Point, Harmony, Hatchling",5,Cascade Point+Overflow | Harmony+No Distractions | Harmony+Perfect Float | Hatchling+No Distractions | Hatchling+Overflow,3156551028
660,Division (Adept),preferred,Sidearm,Arc,0,1,0,1,"Eddy Current, Encore, Pugilist","Kill Clip, Offhand Strike, Surrounded",5,Eddy Current+Offhand Strike | Eddy Current+Surrounded | Encore+Surrounded | Kill Clip+Pugilist | Offhand Strike+Pugilist,3734001727
661,Chroma Rush,preferred,Auto Rifle,Kinetic,1,0,0,1,"Killing Wind, Subsistence, Tunnel Vision","Rampage, Tap the Trigger, Target Lock",5,Killing Wind+Rampage | Killing Wind+Tap the Trigger | Subsistence+Target Lock | Tap the Trigger+Tunnel Vision | Target Lock+Tunnel Vision,2598420927
662,Astral Horizon,preferred,Shotgun,Kinetic,1,0,0,1,"Auto-Loading Holster, Field Prep, Slideshot","Celerity, Killing Wind, One-Two Punch",5,Auto-Loading Holster+Celerity | Auto-Loading Holster+Killing Wind | Celerity+Field Prep | Field Prep+Killing Wind | Killing Wind+Slideshot,1697682876
663,Tusk of the Boar,preferred,Grenade Launcher,Strand,1,0,0,1,"Enlightened Action, Envious Assassin, Slice","Bait and Switch, Chain Reaction, Swashbuckler",5,Bait and Switch+Slice | Chain Reaction+Enlightened Action | Chain Reaction+Envious Assassin | Envious Assassin+Swashbuckler | Slice+Swashbuckler,1218113510
664,Timeworn Wayfarer,preferred,Scout Rifle,Solar,1,0,1,1,"Dual Loader, Heal Clip, Strategist","Empty Traits Socket, High Ground, Snapshot Sights",5,Dual Loader+High Ground | Empty Traits Socket+Heal Clip | Heal Clip+High Ground | Heal Clip+Snapshot Sights | Snapshot Sights+Strategist,1058098236
665,The Hothead,preferred,Rocket Launcher,Arc,1,0,0,1,"Impulse Amplifier, Reconstruction, Tracking Module","Bait and Switch, Elemental Honing, Explosive Light",5,Bait and Switch+Reconstruction | Bait and Switch+Tracking Module | Elemental Honing+Impulse Amplifier | Elemental Honing+Tracking Module | Explosive Light+Reconstruction,3960301269
666,The Call,preferred,Sidearm,Strand,1,0,1,1,"Empty Traits Socket, Impulse Amplifier, Strategist","Desperate Measures, Empty Traits Socket, Multikill Clip",5,Desperate Measures+Empty Traits Socket | Empty Traits Socket+Impulse Amplifier | Empty Traits Socket+Multikill Clip | Impulse Amplifier+Multikill Clip | Multikill Clip+Strategist,3947966653
667,Tarnished Mettle,preferred,Scout Rifle,Arc,1,0,1,1,"Moving Target, Shoot to Loot, Steady Hands","Empty Traits Socket, Focused Fury, Voltshot",5,Empty Traits Socket+Shoot to Loot | Empty Traits Socket+Steady Hands | Focused Fury+Moving Target | Moving Target+Voltshot | Shoot to Loot+Voltshot,2218569744
668,Pure Recollection,preferred,Shotgun,Void,1,0,0,1,"Dual Loader, High-Impact Reserves, Under Pressure","Bait and Switch, Destabilizing Rounds, Tap the Trigger",5,Bait and Switch+High-Impact Reserves | Bait and Switch+Under Pressure | Destabilizing Rounds+Under Pressure | Dual Loader+Tap the Trigger | High-Impact Reserves+Tap the Trigger,1956186483
669,Phoneutria Fera,preferred,Hand Cannon,Solar,1,0,0,1,"Proximity Power, Slideshot, Threat Remover","Binary Orbit, Frenzy, Incandescent",5,Binary Orbit+Slideshot | Binary Orbit+Threat Remover | Frenzy+Proximity Power | Frenzy+Slideshot | Incandescent+Proximity Power,3804242795
670,Crimil's Dagger,preferred,Hand Cannon,Kinetic,1,0,0,1,"Auto-Loading Holster, Hip-Fire Grip, Threat Detector","Hip-Fire Grip, Timed Payload, Zen Moment",5,Auto-Loading Holster+Hip-Fire Grip | Hip-Fire Grip | Hip-Fire Grip+Zen Moment | Threat Detector+Timed Payload | Threat Detector+Zen Moment,4292849692
671,Convened Recurve,preferred,Combat Bow,Void,1,0,0,1,"Built to Blast, Dimensional Shift, Successful Warm-Up","Adagio, Aggregate Charge, Snapshot Sights",4,Adagio+Dimensional Shift | Aggregate Charge+Built to Blast | Dimensional Shift+Snapshot Sights | Snapshot Sights+Successful Warm-Up,3667861447
672,The Riposte,preferred,Auto Rifle,Void,1,0,0,1,"Demoralize, Dimensional Shift, Light Touch","Binary Orbit, Built to Blast, Dynamic Sway Reduction",4,Binary Orbit+Demoralize | Demoralize+Dynamic Sway Reduction | Dimensional Shift+Dynamic Sway Reduction | Dynamic Sway Reduction+Light Touch,866434750
673,Lotus-Eater,preferred,Sidearm,Void,1,0,0,1,"Beacon Rounds, Feeding Frenzy, Repulsor Brace","Adrenaline Junkie, Destabilizing Rounds, Withering Gaze",4,Adrenaline Junkie+Repulsor Brace | Beacon Rounds+Destabilizing Rounds | Beacon Rounds+Withering Gaze | Feeding Frenzy+Withering Gaze,3922217119
674,Boomslang-4fr,preferred,Linear Fusion Rifle,Arc,1,0,0,1,"Heating Up, Rolling Storm, Transcendent Moment","Binary Orbit, Reservoir Burst, Successful Warm-Up",4,Binary Orbit+Heating Up | Binary Orbit+Rolling Storm | Reservoir Burst+Transcendent Moment | Successful Warm-Up+Transcendent Moment,3926153598
675,Belisarius-D,preferred,Pulse Rifle,Strand,1,0,0,1,"Dragonfly, Elemental Capacitor, Lone Wolf","Desperado, Firefly, Headseeker",4,Desperado+Elemental Capacitor | Dragonfly+Firefly | Elemental Capacitor+Firefly | Elemental Capacitor+Headseeker,747743637
676,Trachinus,preferred,Shotgun,Stasis,1,0,0,1,"Killing Wind, Rapid Hit, Transcendent Moment","Binary Orbit, Encore, Headstone",4,Binary Orbit+Killing Wind | Encore+Transcendent Moment | Headstone+Rapid Hit | Headstone+Transcendent Moment,2888021254
677,Praedyth's Revenge (Timelost),preferred,Sniper Rifle,Kinetic,0,1,1,0,"Discord, Kinetic Tremors, No Distractions","All-Star, Bait and Switch, Firefly",4,Bait and Switch+Discord | Bait and Switch+No Distractions | Discord+Firefly | Firefly+No Distractions,2362652544
678,Cold Denial,preferred,Pulse Rifle,Kinetic,1,0,0,1,"Enlightened Action, Steady Hands, Surplus","Desperado, Gutshot Straight, Multikill Clip",4,Desperado+Surplus | Enlightened Action+Gutshot Straight | Gutshot Straight+Surplus | Multikill Clip+Steady Hands,558794124
679,Archon's Thunder,preferred,Machine Gun,Stasis,1,0,0,1,"Air Trigger, Dynamic Sway Reduction, Enlightened Action","Killing Tally, Onslaught, Rewind Rounds",4,Air Trigger+Onslaught | Dynamic Sway Reduction+Rewind Rounds | Enlightened Action+Killing Tally | Enlightened Action+Rewind Rounds,2896109856
680,The Last Dance,preferred,Sidearm,Arc,1,0,0,1,"Full Auto Trigger System, Threat Detector, Under Pressure","Dragonfly, Opening Shot, Tap the Trigger",4,Dragonfly+Threat Detector | Dragonfly+Under Pressure | Full Auto Trigger System+Tap the Trigger | Opening Shot+Under Pressure,4045298483
681,Stars in Shadow,preferred,Pulse Rifle,Solar,1,0,0,1,"Heal Clip, Impromptu Ammunition, Rapid Hit","Desperado, Headseeker, Incandescent",4,Desperado+Heal Clip | Desperado+Impromptu Ammunition | Headseeker+Heal Clip | Impromptu Ammunition+Incandescent,3602242905
682,Outrageous Fortune,preferred,Grenade Launcher,Solar,1,0,0,1,"Envious Arsenal, Field Prep, Incandescent","Bait and Switch, Burning Ambition, Chain Reaction",4,Bait and Switch+Field Prep | Burning Ambition+Envious Arsenal | Burning Ambition+Field Prep | Chain Reaction+Incandescent,4146673634
683,Out of Bounds,preferred,Submachine Gun,Arc,1,0,0,1,"Dynamic Sway Reduction, Loose Change, Perpetual Motion","Adrenaline Junkie, Golden Tricorn, Jolting Feedback",4,Adrenaline Junkie+Loose Change | Dynamic Sway Reduction+Jolting Feedback | Jolting Feedback+Loose Change | Jolting Feedback+Perpetual Motion,3021407779
684,Main Ingredient,preferred,Fusion Rifle,Arc,1,0,0,1,"Firmly Planted, Hip-Fire Grip, Rampage","Backup Plan, Kill Clip, Rampage",4,Firmly Planted+Kill Clip | Firmly Planted+Rampage | Kill Clip+Rampage | Rampage,253196586
685,MIDA Macro-Tool,preferred,Shotgun,Arc,1,0,0,1,"Envious Assassin, Grave Robber, Lone Wolf","Master of Arms, One-Two Punch, Opening Shot",4,Envious Assassin+One-Two Punch | Envious Assassin+Opening Shot | Grave Robber+Master of Arms | Lone Wolf+One-Two Punch,2699423382
686,Igneous Hammer,preferred,Hand Cannon,Solar,1,0,0,1,"Encore, Fragile Focus, Rangefinder","Frenzy, Incandescent, Moving Target",4,Encore+Frenzy | Encore+Moving Target | Fragile Focus+Incandescent | Incandescent+Rangefinder,1973107014
687,Hardline Cut,preferred,Sword,Arc,1,0,0,1,"Assassin's Blade, Proximity Power, Sharp Harvest","Chain Reaction, Eager Edge, Jolting Feedback",4,Assassin's Blade+Chain Reaction | Assassin's Blade+Jolting Feedback | Chain Reaction+Sharp Harvest | Eager Edge+Proximity Power,3461043766
688,D.F.A.,preferred,Hand Cannon,Kinetic,1,0,0,1,"Fragile Focus, Outlaw, Triple Tap","Focused Fury, Timed Payload, Wellspring",4,Focused Fury+Triple Tap | Fragile Focus+Timed Payload | Outlaw+Timed Payload | Triple Tap+Wellspring,575830664
689,Cruel Mercy,preferred,Pulse Rifle,Arc,1,0,0,1,"Demolitionist, Dragonfly, Keep Away","Frenzy, Headseeker, Rolling Storm",4,Demolitionist+Rolling Storm | Dragonfly+Frenzy | Dragonfly+Rolling Storm | Keep Away+Rolling Storm,4011513985
690,Claws of the Wolf,preferred,Pulse Rifle,Void,1,0,0,1,"Field Prep, Headseeker, Outlaw","Full Auto Trigger System, Grave Robber, High-Impact Reserves",4,Field Prep+High-Impact Reserves | Full Auto Trigger System+Headseeker | Full Auto Trigger System+Outlaw | Grave Robber+Outlaw,1280933460
691,Nameless Midnight,preferred,Scout Rifle,Kinetic,1,0,0,1,"Auto-Loading Holster, Explosive Payload, Triple Tap","Explosive Payload, Rangefinder, Threat Detector",5,Auto-Loading Holster+Explosive Payload | Auto-Loading Holster+Threat Detector | Explosive Payload+Rangefinder | Rangefinder+Triple Tap | Threat Detector+Triple Tap,3040742682
692,Yesterday's Question,preferred,Hand Cannon,Arc,1,0,0,1,"Closing Time, Fourth Time's the Charm, Lone Wolf","Headseeker, Voltshot, Zen Moment",4,Closing Time+Headseeker | Fourth Time's the Charm+Headseeker | Fourth Time's the Charm+Voltshot | Lone Wolf+Zen Moment,2300143112
693,The Recluse,preferred,Submachine Gun,Void,1,0,0,1,"Dynamic Sway Reduction, Hip-Fire Grip, Repulsor Brace","Desperate Measures, Destabilizing Rounds, Target Lock",4,Desperate Measures+Dynamic Sway Reduction | Desperate Measures+Hip-Fire Grip | Destabilizing Rounds+Hip-Fire Grip | Repulsor Brace+Target Lock,3098328572
694,Syncopation-53,preferred,Pulse Rifle,Stasis,1,0,1,1,"Compulsive Reloader, Empty Traits Socket, Hip-Fire Grip","Headseeker, Headstone, Rangefinder",4,Compulsive Reloader+Headseeker | Compulsive Reloader+Rangefinder | Empty Traits Socket+Rangefinder | Hip-Fire Grip+Rangefinder,2856514843
695,Spare Rations,preferred,Hand Cannon,Kinetic,1,0,0,1,"Moving Target, Offhand Strike, Snapshot Sights","Focused Fury, Kinetic Tremors, Swashbuckler",4,Focused Fury+Snapshot Sights | Kinetic Tremors+Snapshot Sights | Moving Target+Swashbuckler | Snapshot Sights+Swashbuckler,3236112986
696,Sorrow's Verse,preferred,Auto Rifle,Arc,1,0,0,1,"Feeding Frenzy, Recycled Energy, Rewind Rounds","Frenzy, Kill Clip, Voltshot",4,Frenzy+Recycled Energy | Kill Clip+Recycled Energy | Kill Clip+Rewind Rounds | Rewind Rounds+Voltshot,2557966895
697,Something New,preferred,Hand Cannon,Stasis,1,0,0,1,"Feeding Frenzy, Triple Tap, Wellspring","Demolitionist, Encore, Frenzy",4,Demolitionist+Feeding Frenzy | Encore+Feeding Frenzy | Frenzy+Triple Tap | Frenzy+Wellspring,3240434620
698,Red Tape,preferred,Scout Rifle,Stasis,1,0,0,1,"Attrition Orbs, Demolitionist, Keep Away","Explosive Payload, Focused Fury, Rampage",4,Attrition Orbs+Explosive Payload | Attrition Orbs+Rampage | Demolitionist+Focused Fury | Demolitionist+Rampage,3423493037
699,Insurmountable,preferred,Sidearm,Void,1,0,0,1,"Air Trigger, Repulsor Brace, To the Pain","Closing Time, Destabilizing Rounds, One for All",5,Air Trigger+One for All | Closing Time+Repulsor Brace | Destabilizing Rounds+To the Pain | One for All+Repulsor Brace | One for All+To the Pain,2596736862
700,Ragnhild-D,preferred,Shotgun,Kinetic,1,0,1,1,"Dual Loader, Ensemble, Subsistence","Demolitionist, Frenzy, One-Two Punch",4,Demolitionist+Ensemble | Dual Loader+Frenzy | Dual Loader+One-Two Punch | Ensemble+Frenzy,4225322581
701,Pressurized Precision,preferred,Fusion Rifle,Strand,1,0,0,1,"Discord, Firmly Planted, Perpetual Motion","Closing Time, High-Impact Reserves, Kickstart",4,Closing Time+Firmly Planted | Discord+High-Impact Reserves | High-Impact Reserves+Perpetual Motion | Kickstart+Perpetual Motion,293709640
702,Mos Athanor IV,preferred,Hand Cannon,Void,1,0,0,1,"Built to Blast, Lone Wolf, Slideways","Adagio, Demoralize, Eye of the Storm",4,Adagio+Lone Wolf | Demoralize+Slideways | Eye of the Storm+Lone Wolf | Eye of the Storm+Slideways,4118334987
703,Heliocentric QSc,preferred,Sidearm,Solar,1,0,0,1,"Moving Target, Perpetual Motion, Rangefinder","Adrenaline Junkie, Precision Instrument, Surrounded",4,Adrenaline Junkie+Rangefinder | Moving Target+Surrounded | Perpetual Motion+Precision Instrument | Rangefinder+Surrounded,3998080529
704,Gridskipper,preferred,Pulse Rifle,Void,1,0,0,1,"Demolitionist, Killing Wind, Lone Wolf","Elemental Capacitor, Frenzy, Multikill Clip",4,Demolitionist+Multikill Clip | Elemental Capacitor+Lone Wolf | Frenzy+Lone Wolf | Killing Wind+Multikill Clip,3433930495
705,Unending Tempest,preferred,Submachine Gun,Stasis,1,0,0,1,"Discord, Dynamic Sway Reduction, Shot Swap","Fragile Focus, Headstone, Rangefinder",4,Discord+Fragile Focus | Dynamic Sway Reduction+Fragile Focus | Dynamic Sway Reduction+Headstone | Rangefinder+Shot Swap,2510526114
706,Peacebond,preferred,Sidearm,Stasis,1,0,0,1,"Headstone, Rangefinder, Subsistence","Desperado, Desperate Measures, Headseeker",4,Desperado+Subsistence | Desperate Measures+Rangefinder | Headseeker+Headstone | Headseeker+Rangefinder,3437370193
707,Empty Vessel,preferred,Grenade Launcher,Solar,1,0,0,1,"Auto-Loading Holster, Field Prep, Threat Detector","One for All, Thresh, Unrelenting",4,Auto-Loading Holster+One for All | Field Prep+One for All | Threat Detector+Thresh | Threat Detector+Unrelenting,198068259
708,Aisha's Care,preferred,Pulse Rifle,Strand,1,0,0,1,"Gutshot Straight, Outlaw, Under Pressure","Collective Action, Desperado, Golden Tricorn",4,Desperado+Outlaw | Desperado+Under Pressure | Golden Tricorn+Outlaw | Golden Tricorn+Under Pressure,3969379530
709,Admetus-D,preferred,Scout Rifle,Void,1,0,0,1,"Keep Away, Lone Wolf, To the Pain","Elemental Honing, Precision Instrument, Withering Gaze",4,Elemental Honing+Lone Wolf | Keep Away+Withering Gaze | Precision Instrument+To the Pain | To the Pain+Withering Gaze,3776430252
710,Lionfish-4fr,preferred,Fusion Rifle,Stasis,1,0,0,1,"Proximity Power, Rimestealer, Subsistence","Controlled Burst, Reservoir Burst",3,Controlled Burst+Proximity Power | Reservoir Burst+Rimestealer | Reservoir Burst+Subsistence,2423071981
711,Hawthorne's Field-Forged Shotgun,preferred,Shotgun,Kinetic,1,0,0,1,"Full Auto Trigger System, Pulse Monitor","Hip-Fire Grip, One-Two Punch, Surrounded",3,Full Auto Trigger System+Surrounded | Hip-Fire Grip+Pulse Monitor | One-Two Punch+Pulse Monitor,1807343361
712,Warden's Law,preferred,Hand Cannon,Kinetic,1,0,0,1,"Discord, Enlightened Action, Perpetual Motion","Rampage, Shot Swap, Vorpal Weapon",3,Discord+Rampage | Enlightened Action+Vorpal Weapon | Perpetual Motion+Shot Swap,1821529912
713,Trust,preferred,Hand Cannon,Solar,1,0,0,1,"Dragonfly, Genesis, Opening Shot","Explosive Payload, Rampage, Zen Moment",3,Dragonfly+Zen Moment | Explosive Payload+Genesis | Opening Shot+Rampage,4077196130
714,Redrix's Estoc,preferred,Pulse Rifle,Stasis,1,0,0,1,"Demolitionist, Lone Wolf, Offhand Strike","Desperado, Headseeker, Rapid Hit",3,Demolitionist+Desperado | Lone Wolf+Rapid Hit | Offhand Strike+Rapid Hit,3218364298
715,Nox Sidereal IV,preferred,Fusion Rifle,Stasis,1,0,0,1,"Ambitious Assassin, Shot Swap, Stats for All","Adrenaline Junkie, Crystalline Corpsebloom, Discord",3,Adrenaline Junkie+Shot Swap | Ambitious Assassin+Discord | Discord+Stats for All,2875763009
716,Lonesome,preferred,Sidearm,Kinetic,1,0,0,1,"Full Auto Trigger System, Rapid Hit, Zen Moment","Multikill Clip, Slideshot, Swashbuckler",3,Full Auto Trigger System+Multikill Clip | Rapid Hit+Slideshot | Swashbuckler+Zen Moment,843171043
717,Gizmo Weft,preferred,Grenade Launcher,Strand,1,0,0,1,"Air Trigger, Slice, Slideshot","Aggregate Charge, Bipod, Chain Reaction",3,Aggregate Charge+Slideshot | Bipod+Slice | Chain Reaction+Slideshot,4069880346
718,Evening SI4,preferred,Sidearm,Solar,1,0,0,1,"Offhand Strike, Proximity Power, Subsistence","Burning Ambition, Headseeker",3,Burning Ambition+Offhand Strike | Burning Ambition+Subsistence | Headseeker+Proximity Power,3618823368
719,Different Times,preferred,Pulse Rifle,Strand,1,0,1,1,"Heating Up, Invisible Hand, Stats for All","Adrenaline Junkie, Collective Action, Empty Traits Socket",3,Adrenaline Junkie+Invisible Hand | Collective Action+Invisible Hand | Empty Traits Socket+Stats for All,3016891299
720,Bite of the Fox,preferred,Sniper Rifle,Kinetic,1,0,0,1,"Firmly Planted, Threat Detector","Ambitious Assassin, Field Prep, Moving Target",3,Ambitious Assassin+Threat Detector | Field Prep+Threat Detector | Firmly Planted+Moving Target,3169616514
721,Stay Frosty,preferred,Pulse Rifle,Stasis,1,0,0,1,"Moving Target, Rimestealer, Tunnel Vision","Desperate Measures, Frenzy, Headseeker",3,Desperate Measures+Tunnel Vision | Frenzy+Rimestealer | Headseeker+Rimestealer,3910523587
722,Sola's Scar,preferred,Sword,Solar,1,0,0,1,"Demolitionist, Eager Edge, Tireless Blade","Assassin's Blade, Chain Reaction, Elemental Honing",3,Assassin's Blade+Demolitionist | Eager Edge+Elemental Honing | Elemental Honing+Tireless Blade,4089030727
723,Mercury-A,preferred,Combat Bow,Kinetic,1,0,0,1,"Attrition Orbs, Successful Warm-Up, Tunnel Vision","Adagio, Adrenaline Junkie, Elemental Honing",3,Adagio+Attrition Orbs | Adrenaline Junkie+Successful Warm-Up | Elemental Honing+Tunnel Vision,2838279629
724,Lethal Abundance,preferred,Auto Rifle,Strand,1,0,0,1,"Dynamic Sway Reduction, Elemental Capacitor, Keep Away","Collective Action, Target Lock",3,Collective Action+Dynamic Sway Reduction | Collective Action+Keep Away | Elemental Capacitor+Target Lock,2189073092
725,Imperial Decree,preferred,Shotgun,Kinetic,1,0,1,1,"Grave Robber, Pulse Monitor","Moving Target, Snapshot Sights, Trench Barrel",3,Grave Robber+Moving Target | Pulse Monitor+Snapshot Sights | Pulse Monitor+Trench Barrel,2919334548
726,Horror's Least,preferred,Pulse Rifle,Arc,1,0,0,1,"Heating Up, Steady Hands, Under Pressure","Focused Fury, Frenzy, Vorpal Weapon",3,Focused Fury+Under Pressure | Frenzy+Under Pressure | Heating Up+Vorpal Weapon,216983039
727,Half-Truths,preferred,Sword,Arc,1,0,1,1,"Relentless Strikes, Thresh, Unrelenting","Assassin's Blade, En Garde, Harmony",3,Assassin's Blade+Thresh | En Garde+Unrelenting | Harmony+Relentless Strikes,3257091166
728,Frozen Orbit,preferred,Sniper Rifle,Void,1,0,0,1,"Killing Wind, Lead from Gold, Moving Target","Cascade Point, Keep Away, Snapshot Sights",3,Cascade Point+Killing Wind | Cascade Point+Lead from Gold | Cascade Point+Moving Target,1516542120
729,Better Devils,preferred,Hand Cannon,Kinetic,1,0,0,1,"Explosive Payload, Moving Target, Outlaw","Field Prep, Timed Payload, Zen Moment",3,Explosive Payload+Zen Moment | Field Prep+Outlaw | Moving Target+Timed Payload,153979397
730,The Helmsman,preferred,Sniper Rifle,Arc,1,0,0,1,"Discord, No Distractions",Gear Shift,2,Discord+Gear Shift | Gear Shift+No Distractions,3215649176
731,Tomorrow's Answer,preferred,Rocket Launcher,Void,1,0,0,1,"Air Trigger, Envious Arsenal, Withering Gaze","Bipod, Chain Reaction, Vorpal Weapon",2,Bipod+Withering Gaze | Chain Reaction+Withering Gaze,3009199534
732,Synanceia,preferred,Sword,Solar,1,0,0,1,"Assassin's Blade, Relentless Strikes","Binary Orbit, Surrounded",2,Assassin's Blade+Surrounded | Binary Orbit+Relentless Strikes,2765451289
733,Night Watch,preferred,Scout Rifle,Kinetic,1,0,0,1,"Subsistence, Threat Detector","Explosive Payload, Multikill Clip",2,Explosive Payload+Subsistence | Multikill Clip+Threat Detector,2916547559
734,Brass Attacks,preferred,Sidearm,Void,1,0,0,1,"Impromptu Ammunition, Rapid Hit, Slideways","Demoralize, Destabilizing Rounds, Dragonfly",2,Destabilizing Rounds+Impromptu Ammunition | Dragonfly+Slideways,1291040554
735,Throne-Cleaver,preferred,Sword,Void,1,0,0,1,Shattering Blade,Assassin's Blade,1,Assassin's Blade+Shattering Blade,569799273
736,Service Revolver,preferred,Hand Cannon,Kinetic,1,0,0,1,Triple Tap,Zen Moment,1,Triple Tap+Zen Moment,834081972
737,Perfect Paradox,preferred,Shotgun,Kinetic,1,0,0,1,Field Prep,Swashbuckler,1,Field Prep+Swashbuckler,3393519051
738,Chivalric Fire,preferred,Sword,Void,1,0,0,1,"Dimensional Shift, Strategist, Tilting at Windmills","Attrition Orbs, Destabilizing Rounds, Eager Edge",8,Attrition Orbs+Dimensional Shift | Attrition Orbs+Strategist | Attrition Orbs+Tilting at Windmills | Destabilizing Rounds+Strategist | Destabilizing Rounds+Tilting at Windmills | Dimensional Shift+Eager Edge | Eager Edge+Strategist | Eager Edge+Tilting at Windmills,938936806
739,Smite of Merain (Harrowed),preferred,Pulse Rifle,Kinetic,0,1,1,0,"Ancillary Ordinance, Focused Fury, Pugilist","Eye of the Storm, Firefly, Gutshot Straight",8,Ancillary Ordinance+Eye of the Storm | Ancillary Ordinance+Firefly | Ancillary Ordinance+Gutshot Straight | Eye of the Storm+Focused Fury | Firefly+Focused Fury | Firefly+Pugilist | Focused Fury+Gutshot Straight | Gutshot Straight+Pugilist,3407395594
740,Someday,preferred,Shotgun,Kinetic,1,0,1,1,"One-Two Punch, Strategist, Threat Remover","Collective Action, Empty Traits Socket, Recombination",7,Collective Action+One-Two Punch | Collective Action+Threat Remover | Empty Traits Socket+One-Two Punch | Empty Traits Socket+Threat Remover | One-Two Punch+Recombination | Recombination+Strategist | Recombination+Threat Remover,3232203524
741,Doom of Chelchis (Harrowed),preferred,Scout Rifle,Void,0,1,1,0,"Adaptive Munitions, Demoralize, Explosive Payload","Frenzy, Unrelenting, Withering Gaze",7,Adaptive Munitions+Frenzy | Adaptive Munitions+Unrelenting | Adaptive Munitions+Withering Gaze | Demoralize+Frenzy | Demoralize+Unrelenting | Explosive Payload+Unrelenting | Explosive Payload+Withering Gaze,1184692845
742,Volta Bracket,preferred,Sniper Rifle,Strand,1,0,1,1,"Ambitious Assassin, Empty Traits Socket, Firmly Planted","Mega Kill Clip, Rewind Rounds, Under Pressure",7,Ambitious Assassin+Rewind Rounds | Ambitious Assassin+Under Pressure | Empty Traits Socket+Mega Kill Clip | Empty Traits Socket+Rewind Rounds | Empty Traits Socket+Under Pressure | Firmly Planted+Rewind Rounds | Firmly Planted+Under Pressure,3920310144
743,Embraced Identity,preferred,Sniper Rifle,Void,1,0,1,1,"Opening Shot, Reconstruction, Vorpal Weapon","Box Breathing, Elemental Honing, Redirection",7,Box Breathing+Opening Shot | Box Breathing+Vorpal Weapon | Elemental Honing+Opening Shot | Elemental Honing+Vorpal Weapon | Opening Shot+Redirection | Reconstruction+Redirection | Redirection+Vorpal Weapon,2821677368
744,Cataclysmic (Adept),preferred,Linear Fusion Rifle,Solar,0,1,1,0,"Burning Ambition, Sleight of Hand, Surplus","Clown Cartridge, Elemental Honing, Turnabout",7,Burning Ambition+Clown Cartridge | Burning Ambition+Elemental Honing | Burning Ambition+Turnabout | Clown Cartridge+Surplus | Elemental Honing+Sleight of Hand | Elemental Honing+Surplus | Surplus+Turnabout,2886339027
745,Albruna-D,preferred,Sniper Rifle,Arc,1,0,0,1,"Air Assault, Explosive Payload, Wellspring","Firing Line, Golden Tricorn, Slickdraw",7,Air Assault+Firing Line | Air Assault+Golden Tricorn | Explosive Payload+Firing Line | Explosive Payload+Golden Tricorn | Explosive Payload+Slickdraw | Firing Line+Wellspring | Golden Tricorn+Wellspring,676270382
746,Song of Ir Yût (Adept),preferred,Machine Gun,Arc,0,1,1,0,"Feeding Frenzy, Jolting Feedback, Zen Moment","High Ground, Mega Kill Clip, Sword Logic",7,Feeding Frenzy+High Ground | Feeding Frenzy+Mega Kill Clip | Feeding Frenzy+Sword Logic | High Ground+Jolting Feedback | High Ground+Zen Moment | Jolting Feedback+Mega Kill Clip | Jolting Feedback+Sword Logic,407511664
747,Retrofuturist,preferred,Shotgun,Void,1,0,0,1,"Shot Swap, Slickdraw, Unrelenting","Envious Assassin, High Ground, Thresh",7,Envious Assassin+Shot Swap | Envious Assassin+Slickdraw | High Ground+Shot Swap | High Ground+Slickdraw | High Ground+Unrelenting | Slickdraw+Thresh | Thresh+Unrelenting,1612781792
748,Reghusk's Pledge,preferred,Auto Rifle,Void,1,0,0,1,"Built to Blast, Proximity Power, Rewind Rounds","Attrition Orbs, Golden Tricorn, Repulsor Brace",7,Attrition Orbs+Proximity Power | Attrition Orbs+Rewind Rounds | Built to Blast+Repulsor Brace | Golden Tricorn+Proximity Power | Golden Tricorn+Rewind Rounds | Proximity Power+Repulsor Brace | Repulsor Brace+Rewind Rounds,2370525224
749,Lubrae's Ruin (Adept),preferred,Glaive,Solar,0,1,1,0,"Close to Melee, Immovable Object, Sleight of Hand","Bait and Switch, Swashbuckler, Wellspring",7,Bait and Switch+Sleight of Hand | Close to Melee+Swashbuckler | Close to Melee+Wellspring | Immovable Object+Swashbuckler | Immovable Object+Wellspring | Sleight of Hand+Swashbuckler | Sleight of Hand+Wellspring,1466006054
750,Found Verdict (Timelost),preferred,Shotgun,Arc,0,1,1,0,"Aggregate Charge, Supercharged Magazine, Threat Remover","One-Two Punch, Opening Shot, Trench Barrel",7,Aggregate Charge+One-Two Punch | Aggregate Charge+Opening Shot | Aggregate Charge+Trench Barrel | One-Two Punch+Supercharged Magazine | Opening Shot+Threat Remover | Supercharged Magazine+Trench Barrel | Threat Remover+Trench Barrel,851296754
751,Exile's Curse,preferred,Fusion Rifle,Arc,1,0,0,1,"Grave Robber, No Distractions, Quickdraw","Backup Plan, Feeding Frenzy, Kickstart",7,Backup Plan+Grave Robber | Backup Plan+No Distractions | Backup Plan+Quickdraw | Feeding Frenzy+Grave Robber | Feeding Frenzy+No Distractions | Feeding Frenzy+Quickdraw | Kickstart+Quickdraw,679281855
752,Ammit AR2,preferred,Auto Rifle,Solar,1,0,1,1,"Empty Traits Socket, Triple Tap, Turnabout","Incandescent, Pugilist, Tap the Trigger",7,Empty Traits Socket+Tap the Trigger | Incandescent+Triple Tap | Incandescent+Turnabout | Pugilist+Triple Tap | Pugilist+Turnabout | Tap the Trigger+Triple Tap | Tap the Trigger+Turnabout,2119346509
753,Veiled Threat,preferred,Auto Rifle,Stasis,1,0,1,1,"Attrition Orbs, Fragile Focus, Threat Detector","Empty Traits Socket, Encore, Headstone",7,Attrition Orbs+Empty Traits Socket | Attrition Orbs+Encore | Empty Traits Socket+Fragile Focus | Empty Traits Socket+Threat Detector | Encore+Threat Detector | Fragile Focus+Headstone | Headstone+Threat Detector,3685470415
754,Semiotician,preferred,Rocket Launcher,Strand,1,0,1,1,"Perpetual Motion, Shot Swap, Wellspring","Danger Zone, Explosive Light, Pugilist",7,Danger Zone+Perpetual Motion | Danger Zone+Shot Swap | Explosive Light+Perpetual Motion | Explosive Light+Shot Swap | Explosive Light+Wellspring | Perpetual Motion+Pugilist | Pugilist+Wellspring,2922749929
755,Bellowing Giant,preferred,Rocket Launcher,Void,1,0,0,1,"Impromptu Ammunition, Lasting Impression, Quickdraw","Auto-Loading Holster, Collective Demolition, Reaper's Tithe",7,Auto-Loading Holster+Impromptu Ammunition | Auto-Loading Holster+Lasting Impression | Collective Demolition+Impromptu Ammunition | Collective Demolition+Lasting Impression | Collective Demolition+Quickdraw | Impromptu Ammunition+Reaper's Tithe | Lasting Impression+Reaper's Tithe,1889005379
756,Yesteryear,preferred,Pulse Rifle,Void,1,0,0,1,"Compulsive Reloader, Ensemble, Heating Up","Dragonfly, Multikill Clip, Under-Over",7,Compulsive Reloader+Dragonfly | Compulsive Reloader+Under-Over | Dragonfly+Ensemble | Dragonfly+Heating Up | Ensemble+Multikill Clip | Heating Up+Multikill Clip | Heating Up+Under-Over,4028000428
757,Blowout,preferred,Rocket Launcher,Arc,1,0,0,1,"Sympathetic Arsenal, Tracking Module, Turnabout","Explosive Light, Golden Tricorn, Swashbuckler",7,Explosive Light+Sympathetic Arsenal | Golden Tricorn+Sympathetic Arsenal | Golden Tricorn+Tracking Module | Golden Tricorn+Turnabout | Swashbuckler+Sympathetic Arsenal | Swashbuckler+Tracking Module | Swashbuckler+Turnabout,1903182562
758,Royal Entry,preferred,Rocket Launcher,Void,1,0,0,1,"Genesis, Impulse Amplifier, Moving Target","Clown Cartridge, Unrelenting, Wellspring",7,Clown Cartridge+Impulse Amplifier | Genesis+Unrelenting | Genesis+Wellspring | Impulse Amplifier+Unrelenting | Impulse Amplifier+Wellspring | Moving Target+Unrelenting | Moving Target+Wellspring,2448907086
759,Autumn Wind,preferred,Pulse Rifle,Kinetic,1,0,0,1,"Perfect Float, Pugilist, Slideways","Headseeker, Thresh, Vorpal Weapon",7,Headseeker+Perfect Float | Headseeker+Pugilist | Headseeker+Slideways | Perfect Float+Thresh | Perfect Float+Vorpal Weapon | Pugilist+Thresh | Pugilist+Vorpal Weapon,3110377595
760,Live Fire,preferred,Scout Rifle,Stasis,1,0,0,1,"Air Trigger, Heating Up, Perfect Float","Headstone, Shoot to Loot, To the Pain",6,Air Trigger+Shoot to Loot | Air Trigger+To the Pain | Heating Up+Shoot to Loot | Heating Up+To the Pain | Perfect Float+Shoot to Loot | Perfect Float+To the Pain,3612142623
761,Gunburn,preferred,Submachine Gun,Kinetic,1,0,0,1,"Lone Wolf, Recycled Energy, Stats for All","Ancillary Ordinance, Kinetic Tremors, Wellspring",6,Ancillary Ordinance+Recycled Energy | Ancillary Ordinance+Stats for All | Kinetic Tremors+Recycled Energy | Kinetic Tremors+Stats for All | Lone Wolf+Wellspring | Recycled Energy+Wellspring,3431536253
762,Submission (Adept),preferred,Submachine Gun,Kinetic,0,1,1,0,"Closing Time, Kinetic Tremors, Steady Hands","Chaos Reshaped, Target Lock, Thresh",6,Chaos Reshaped+Steady Hands | Closing Time+Target Lock | Closing Time+Thresh | Kinetic Tremors+Target Lock | Kinetic Tremors+Thresh | Steady Hands+Target Lock,1941816543
763,Strident Whistle,preferred,Combat Bow,Solar,1,0,0,1,"Archer's Tempo, No Distractions, Sneak Bow","Cornered, Explosive Head, Turnabout",6,Archer's Tempo+Turnabout | Cornered+No Distractions | Cornered+Sneak Bow | Explosive Head+No Distractions | No Distractions+Turnabout | Sneak Bow+Turnabout,2591241074
764,Ribbontail,preferred,Trace Rifle,Strand,1,0,0,1,"Proximity Power, Threat Detector, Transcendent Moment","Detonator Beam, Killing Tally, Tear",6,Detonator Beam+Proximity Power | Detonator Beam+Transcendent Moment | Killing Tally+Proximity Power | Killing Tally+Transcendent Moment | Proximity Power+Tear | Tear+Threat Detector,407150808
765,Laser Painter,preferred,Linear Fusion Rifle,Strand,1,0,0,1,"Encore, Fragile Focus, Invisible Hand","High-Impact Reserves, Hip-Fire Grip, Thresh",6,Encore+High-Impact Reserves | Encore+Hip-Fire Grip | Encore+Thresh | Fragile Focus+High-Impact Reserves | Fragile Focus+Thresh | High-Impact Reserves+Invisible Hand,3221722018
766,Fang of Ir Yût (Adept),preferred,Scout Rifle,Strand,0,1,1,0,"Surplus, Tear, Tunnel Vision","Binary Orbit, Hatchling, Meganeura",6,Binary Orbit+Surplus | Binary Orbit+Tunnel Vision | Hatchling+Surplus | Hatchling+Tunnel Vision | Meganeura+Tear | Meganeura+Tunnel Vision,128782990
767,Breakneck,preferred,Auto Rifle,Kinetic,1,0,0,1,"Enlightened Action, Pugilist, Under Pressure","Deconstruct, Offhand Strike, Osmosis",6,Deconstruct+Pugilist | Deconstruct+Under Pressure | Enlightened Action+Offhand Strike | Enlightened Action+Osmosis | Offhand Strike+Under Pressure | Osmosis+Pugilist,2026755633
768,Tinasha's Mastery,preferred,Sidearm,Stasis,1,0,0,1,"Deconstruct, Loose Change, Reverberation","Chill Clip, Desperate Measures, One for All",6,Chill Clip+Loose Change | Chill Clip+Reverberation | Deconstruct+Desperate Measures | Deconstruct+One for All | Desperate Measures+Loose Change | Desperate Measures+Reverberation,480368036
769,Qullim's Terminus (Harrowed),preferred,Machine Gun,Stasis,0,1,1,0,"Dynamic Sway Reduction, Ensemble, Firmly Planted","Crystalline Corpsebloom, Mega Kill Clip, Wellspring",6,Crystalline Corpsebloom+Ensemble | Crystalline Corpsebloom+Firmly Planted | Dynamic Sway Reduction+Mega Kill Clip | Dynamic Sway Reduction+Wellspring | Ensemble+Mega Kill Clip | Firmly Planted+Wellspring,3248429089
770,Hushed Whisper,preferred,Combat Bow,Strand,1,0,0,1,"Impulse Amplifier, Slice, Snapshot Sights","Collective Action, Collective Pugilism, Explosive Head",6,Collective Action+Impulse Amplifier | Collective Pugilism+Impulse Amplifier | Collective Pugilism+Slice | Collective Pugilism+Snapshot Sights | Explosive Head+Slice | Explosive Head+Snapshot Sights,3574168117
771,Double-Edged Answer,preferred,Sword,Void,1,0,0,1,"En Garde, Thresh, Wellspring","Adrenaline Junkie, Counterattack, Destabilizing Rounds",6,Adrenaline Junkie+En Garde | Adrenaline Junkie+Wellspring | Counterattack+Thresh | Counterattack+Wellspring | Destabilizing Rounds+En Garde | Destabilizing Rounds+Wellspring,105164264
772,Defiance of Yasmin (Harrowed),preferred,Sniper Rifle,Kinetic,0,1,1,0,"Osmosis, Rewind Rounds, Stopping Power","All-Star, Moving Target, Slickdraw",6,All-Star+Rewind Rounds | Moving Target+Osmosis | Moving Target+Rewind Rounds | Moving Target+Stopping Power | Osmosis+Slickdraw | Slickdraw+Stopping Power,3503019618
773,Chain of Command,preferred,Machine Gun,Stasis,1,0,0,1,"Adrenaline Junkie, Headstone, Osmosis","Focused Fury, Killing Tally, Target Lock",6,Adrenaline Junkie+Focused Fury | Adrenaline Junkie+Target Lock | Headstone+Killing Tally | Headstone+Target Lock | Killing Tally+Osmosis | Osmosis+Target Lock,1716620044
774,Albedo Wing,preferred,Glaive,Arc,1,0,0,1,"Grave Robber, Immovable Object, Replenishing Aegis","Attrition Orbs, Close to Melee, Golden Tricorn Enhanced",6,Attrition Orbs+Grave Robber | Attrition Orbs+Replenishing Aegis | Close to Melee+Grave Robber | Golden Tricorn Enhanced+Grave Robber | Golden Tricorn Enhanced+Immovable Object | Golden Tricorn Enhanced+Replenishing Aegis,2680976411
775,Zaouli's Bane (Harrowed),preferred,Hand Cannon,Solar,0,1,1,0,"Ensemble, Redirection, Well-Rounded","Chaos Reshaped, Eye of the Storm, Focused Fury",6,Chaos Reshaped+Ensemble | Chaos Reshaped+Well-Rounded | Ensemble+Eye of the Storm | Eye of the Storm+Redirection | Eye of the Storm+Well-Rounded | Focused Fury+Redirection,291092617
776,Willful Hamartia,preferred,Linear Fusion Rifle,Arc,1,0,0,1,"High-Impact Reserves, Successful Warm-Up, Tap the Trigger","Headseeker, Jolting Feedback, Kickstart",6,Headseeker+Successful Warm-Up | Headseeker+Tap the Trigger | Jolting Feedback+Successful Warm-Up | Jolting Feedback+Tap the Trigger | Kickstart+Successful Warm-Up | Kickstart+Tap the Trigger,1952295804
777,The Spiteful Fang,preferred,Combat Bow,Stasis,1,0,0,1,"Archer's Tempo, Impromptu Ammunition, Perfect Float","Crystalline Corpsebloom, Explosive Head, Firefly",6,Archer's Tempo+Firefly | Crystalline Corpsebloom+Impromptu Ammunition | Crystalline Corpsebloom+Perfect Float | Explosive Head+Impromptu Ammunition | Explosive Head+Perfect Float | Firefly+Perfect Float,1704597062
778,Prolonged Engagement,preferred,Submachine Gun,Stasis,1,0,0,1,"Air Assault, Eye of the Storm, Grave Robber","One for All, Rangefinder, Surrounded",6,Air Assault+One for All | Air Assault+Surrounded | Eye of the Storm+One for All | Eye of the Storm+Surrounded | Grave Robber+One for All | Grave Robber+Rangefinder,2349907931
779,Wild Style,preferred,Grenade Launcher,Solar,1,0,0,1,"Enlightened Action, Stats for All, Unrelenting","Incandescent, Permeability, Vorpal Weapon",6,Enlightened Action+Permeability | Incandescent+Stats for All | Incandescent+Unrelenting | Permeability+Stats for All | Permeability+Unrelenting | Unrelenting+Vorpal Weapon,1332123064
780,Precipial,preferred,Shotgun,Void,1,0,0,1,"Proximity Power, Reconstruction, Threat Detector","Discord, Opening Shot, Slideshot",6,Discord+Reconstruction | Discord+Threat Detector | Opening Shot+Proximity Power | Proximity Power+Slideshot | Reconstruction+Slideshot | Slideshot+Threat Detector,367772693
781,Nessa's Oblation (Adept),preferred,Shotgun,Void,0,1,1,0,"Dragonfly, Fourth Time's the Charm, Repulsor Brace","Demoralize, Meganeura, Paracausal Affinity",6,Demoralize+Dragonfly | Demoralize+Fourth Time's the Charm | Dragonfly+Meganeura | Fourth Time's the Charm+Paracausal Affinity | Meganeura+Repulsor Brace | Paracausal Affinity+Repulsor Brace,522366885
782,Corrective Measure (Timelost),preferred,Machine Gun,Void,0,1,1,0,"Demolitionist, Destabilizing Rounds, Redirection","Butterfly, Killing Tally, One for All",6,Butterfly+Demolitionist | Butterfly+Redirection | Destabilizing Rounds+Killing Tally | Destabilizing Rounds+One for All | Killing Tally+Redirection | One for All+Redirection,2334480463
783,Riptide,preferred,Fusion Rifle,Stasis,1,0,0,1,"Auto-Loading Holster, Stats for All, Well-Rounded","Chill Clip, Thresh, Wellspring",6,Auto-Loading Holster+Wellspring | Chill Clip+Stats for All | Chill Clip+Well-Rounded | Stats for All+Thresh | Thresh+Well-Rounded | Well-Rounded+Wellspring,2715240478
784,Phyllotactic Spiral,preferred,Pulse Rifle,Arc,1,0,1,1,"Empty Traits Socket, Trickle Charge, Under-Over","Empty Traits Socket, Gutshot Straight, Kill Clip",6,Empty Traits Socket+Gutshot Straight | Empty Traits Socket+Kill Clip | Empty Traits Socket+Trickle Charge | Empty Traits Socket+Under-Over | Gutshot Straight+Trickle Charge | Kill Clip+Under-Over,3635821806
785,Parabellum,preferred,Submachine Gun,Solar,1,0,0,1,"Discord, Enlightened Action, Light Touch","Burning Ambition, One for All, Perfect Float",6,Burning Ambition+Discord | Burning Ambition+Light Touch | Discord+One for All | Enlightened Action+One for All | Enlightened Action+Perfect Float | Light Touch+Perfect Float,3769072067
786,Vision of Confluence (Timelost),preferred,Scout Rifle,Solar,0,1,1,0,"Butterfly, Incandescent, Outlaw","Kill Clip, Master of Arms, Paracausal Affinity",6,Butterfly+Kill Clip | Butterfly+Master of Arms | Butterfly+Paracausal Affinity | Incandescent+Kill Clip | Incandescent+Master of Arms | Outlaw+Paracausal Affinity,337578911
787,Locus Locutus,preferred,Sniper Rifle,Stasis,1,0,1,1,"Discord, Overflow, Wellspring","Box Breathing, Headstone, High Ground",6,Box Breathing+Overflow | Box Breathing+Wellspring | Headstone+Overflow | Headstone+Wellspring | High Ground+Overflow | High Ground+Wellspring,4132072834
788,Hammerhead,preferred,Machine Gun,Void,1,0,0,1,"Envious Assassin, Rewind Rounds, Under-Over","High-Impact Reserves, Onslaught, Tap the Trigger",6,Envious Assassin+Onslaught | Envious Assassin+Tap the Trigger | High-Impact Reserves+Under-Over | Onslaught+Rewind Rounds | Onslaught+Under-Over | Rewind Rounds+Tap the Trigger,1896309757
789,Deliverance (Adept),preferred,Fusion Rifle,Stasis,0,1,1,0,"Crystalline Corpsebloom, Perpetual Motion, Steady Hands","Adrenaline Junkie, Successful Warm-Up, Tap the Trigger",6,Adrenaline Junkie+Crystalline Corpsebloom | Crystalline Corpsebloom+Successful Warm-Up | Crystalline Corpsebloom+Tap the Trigger | Perpetual Motion+Successful Warm-Up | Perpetual Motion+Tap the Trigger | Steady Hands+Tap the Trigger,2943293195
790,Burden of Guilt,preferred,Fusion Rifle,Stasis,1,0,0,1,"Envious Arsenal, Rimestealer, Under Pressure","Aggregate Charge, Chill Clip, Crystalline Corpsebloom",6,Aggregate Charge+Rimestealer | Aggregate Charge+Under Pressure | Chill Clip+Envious Arsenal | Chill Clip+Under Pressure | Crystalline Corpsebloom+Envious Arsenal | Crystalline Corpsebloom+Under Pressure,976459525
791,Crisis Inverted,preferred,Hand Cannon,Arc,1,0,0,1,"Ensemble, Outlaw, Shoot to Loot","Adaptive Munitions, Elemental Capacitor, One for All",6,Adaptive Munitions+Ensemble | Adaptive Munitions+Outlaw | Elemental Capacitor+Outlaw | Elemental Capacitor+Shoot to Loot | Ensemble+One for All | One for All+Outlaw,2888266564
792,Bottom Dollar,preferred,Hand Cannon,Void,1,0,0,1,"Hip-Fire Grip, Outlaw, Rapid Hit","Disruption Break, High-Impact Reserves, Unrelenting",6,Disruption Break+Outlaw | High-Impact Reserves+Hip-Fire Grip | High-Impact Reserves+Rapid Hit | Hip-Fire Grip+Unrelenting | Outlaw+Unrelenting | Rapid Hit+Unrelenting,2953199259
793,Xenoclast IV,preferred,Shotgun,Arc,1,0,0,1,"Auto-Loading Holster, Lead from Gold, Surplus","Disruption Break, Surrounded, Trench Barrel",6,Auto-Loading Holster+Disruption Break | Auto-Loading Holster+Surrounded | Auto-Loading Holster+Trench Barrel | Disruption Break+Surplus | Lead from Gold+Surrounded | Surplus+Surrounded,963732594
794,Servant Leader,preferred,Scout Rifle,Kinetic,1,0,0,1,"No Distractions, Rapid Hit, Shoot to Loot","One for All, Snapshot Sights, Wellspring",6,No Distractions+One for All | No Distractions+Snapshot Sights | One for All+Rapid Hit | Rapid Hit+Wellspring | Shoot to Loot+Snapshot Sights | Shoot to Loot+Wellspring,1107446438
795,Thin Precipice,preferred,Sword,Strand,1,0,1,1,"Flash Counter, Relentless Strikes, Valiant Charge","Counterattack, Golden Tricorn, Golden Tricorn Enhanced",5,Counterattack+Valiant Charge | Flash Counter+Golden Tricorn Enhanced | Golden Tricorn+Relentless Strikes | Golden Tricorn Enhanced+Relentless Strikes | Golden Tricorn Enhanced+Valiant Charge,4066778670
796,Python,preferred,Shotgun,Void,1,0,0,1,"Overflow, Repulsor Brace, Slideshot","Destabilizing Rounds, Trench Barrel, Withering Gaze",5,Destabilizing Rounds+Slideshot | Overflow+Trench Barrel | Overflow+Withering Gaze | Repulsor Brace+Trench Barrel | Slideshot+Withering Gaze,4276696962
797,Critical Anomaly (Adept),preferred,Sniper Rifle,Stasis,0,1,1,0,"Chill Clip, Crystalline Corpsebloom, Quickdraw","Chaos Reshaped, Headstone, Mega Kill Clip",5,Chaos Reshaped+Chill Clip | Chaos Reshaped+Quickdraw | Chill Clip+Mega Kill Clip | Crystalline Corpsebloom+Mega Kill Clip | Headstone+Quickdraw,172461430
798,Axial Lacuna,preferred,Fusion Rifle,Solar,1,0,1,1,"Cornered, Keep Away, Slickdraw","Controlled Burst, Desperate Measures, Reservoir Burst",5,Controlled Burst+Keep Away | Cornered+Desperate Measures | Desperate Measures+Slickdraw | Keep Away+Reservoir Burst | Reservoir Burst+Slickdraw,3867373351
799,The Palindrome,preferred,Hand Cannon,Arc,1,0,0,1,"Collective Demolition, Explosive Payload, Supercharged Magazine","Master of Arms, Snapshot Sights, Voltshot",5,Collective Demolition+Snapshot Sights | Collective Demolition+Voltshot | Explosive Payload+Master of Arms | Explosive Payload+Voltshot | Snapshot Sights+Supercharged Magazine,3303271523
800,Submersion,preferred,Combat Bow,Stasis,1,0,0,1,"Bolt Scavenger, Lead From Light, No Distractions","Aggregate Charge, Chill Clip, Headstone",5,Aggregate Charge+No Distractions | Bolt Scavenger+Headstone | Chill Clip+Lead From Light | Chill Clip+No Distractions | Headstone+No Distractions,3524386983
801,Pure Poetry,preferred,Hand Cannon,Kinetic,1,0,0,1,"Air Assault, Fragile Focus, Grave Robber","Focused Fury, Osmosis, Under-Over",5,Air Assault+Focused Fury | Focused Fury+Grave Robber | Fragile Focus+Osmosis | Fragile Focus+Under-Over | Grave Robber+Under-Over,2671639706
802,Monody-44,preferred,Fusion Rifle,Void,1,0,0,1,"Cornered, Discord, Enlightened Action","Controlled Burst, Destabilizing Rounds, Withering Gaze",5,Controlled Burst+Discord | Controlled Burst+Enlightened Action | Cornered+Destabilizing Rounds | Cornered+Withering Gaze | Destabilizing Rounds+Discord,3201200906
803,Fimbulwinter Stitch,preferred,Sidearm,Arc,1,0,0,1,"Collective Pugilism, Rangefinder, Supercharged Magazine","Kill Clip, Precision Instrument, Voltshot",5,Collective Pugilism+Kill Clip | Collective Pugilism+Precision Instrument | Collective Pugilism+Voltshot | Kill Clip+Supercharged Magazine | Precision Instrument+Supercharged Magazine,3685829362
804,Abyssal Edge,preferred,Sword,Strand,1,0,0,1,"Energy Transfer, Slice, Tireless Blade","Demolitionist, Hatchling, Sword Logic",5,Demolitionist+Slice | Demolitionist+Tireless Blade | Energy Transfer+Hatchling | Energy Transfer+Sword Logic | Sword Logic+Tireless Blade,4221591387
805,Zephyr,preferred,Sword,Stasis,1,0,0,1,"Thresh, Turnabout, Wellspring","Assassin's Blade, Cold Steel, Surrounded",5,Assassin's Blade+Turnabout | Cold Steel+Thresh | Cold Steel+Turnabout | Cold Steel+Wellspring | Surrounded+Thresh,396910433
806,The Slammer,preferred,Sword,Stasis,1,0,0,1,"Chain Reaction, Pugilist, Relentless Strikes","Bait and Switch, Collective Action, Permeability",6,Bait and Switch+Chain Reaction | Bait and Switch+Pugilist | Chain Reaction+Permeability | Collective Action+Relentless Strikes | Permeability+Pugilist | Permeability+Relentless Strikes,2889501828
807,Retraced Path,preferred,Trace Rifle,Solar,1,0,1,1,"Adaptive Munitions, Genesis, Shoot to Loot","Disruption Break, Incandescent, One for All",5,Adaptive Munitions+Incandescent | Adaptive Munitions+One for All | Disruption Break+Shoot to Loot | Genesis+Incandescent | Genesis+One for All,548958835
808,The Third Axiom,preferred,Pulse Rifle,Arc,1,0,0,1,"Moving Target, Rangefinder, Subsistence","Disruption Break, Sympathetic Arsenal, Thresh",7,Disruption Break+Moving Target | Disruption Break+Rangefinder | Disruption Break+Subsistence | Moving Target+Sympathetic Arsenal | Moving Target+Thresh | Rangefinder+Sympathetic Arsenal | Subsistence+Sympathetic Arsenal,3744058588
809,Rapid Growth,preferred,Sniper Rifle,Arc,1,0,0,1,"Light Touch, Snapshot Sights, Trickle Charge","Binary Orbit, Jolting Feedback, Meganeura",5,Binary Orbit+Trickle Charge | Jolting Feedback+Snapshot Sights | Light Touch+Meganeura | Meganeura+Snapshot Sights | Meganeura+Trickle Charge,3856342856
810,Patron of Lost Causes,preferred,Scout Rifle,Kinetic,1,0,0,1,"Mulligan, Pulse Monitor, Rapid Hit","Explosive Payload, Osmosis, Under Pressure",5,Explosive Payload+Mulligan | Explosive Payload+Pulse Monitor | Osmosis+Rapid Hit | Pulse Monitor+Under Pressure | Rapid Hit+Under Pressure,2723241847
811,No Hesitation,preferred,Auto Rifle,Solar,1,0,1,1,"Grave Robber, Physic, Strategist","Circle of Life, Desperate Measures, Disruption Break",5,Circle of Life+Strategist | Desperate Measures+Grave Robber | Desperate Measures+Physic | Disruption Break+Grave Robber | Disruption Break+Strategist,1801007332
812,Forthcoming Deviance (Adept),preferred,Glaive,Void,0,1,1,0,"Dimensional Shift, Immovable Object, Replenishing Aegis","Chain Reaction, Chaos Reshaped, Unstoppable Force",5,Chain Reaction+Immovable Object | Chain Reaction+Replenishing Aegis | Chaos Reshaped+Dimensional Shift | Chaos Reshaped+Replenishing Aegis | Dimensional Shift+Unstoppable Force,3123651616
813,Nightshade,preferred,Pulse Rifle,Strand,1,0,0,1,"Lead From Light, Lucky Shot, Outlaw","Desperate Measures, Eye of the Storm, Headseeker",5,Desperate Measures+Outlaw | Eye of the Storm+Lead From Light | Eye of the Storm+Outlaw | Headseeker+Lead From Light | Headseeker+Lucky Shot,1559068369
814,Iterative Loop,preferred,Fusion Rifle,Arc,1,0,1,1,"Compulsive Reloader, Supercharged Magazine, Well-Rounded","Demolitionist, Empty Traits Socket, Kickstart",5,Compulsive Reloader+Kickstart | Demolitionist+Supercharged Magazine | Demolitionist+Well-Rounded | Empty Traits Socket+Supercharged Magazine | Empty Traits Socket+Well-Rounded,1289796511
815,Imminence (Adept),preferred,Submachine Gun,Strand,0,1,1,0,"Ambitious Assassin, Dynamic Sway Reduction, Enlightened Action","Chaos Reshaped, Desperate Measures, Strategist",5,Ambitious Assassin+Desperate Measures | Ambitious Assassin+Strategist | Chaos Reshaped+Dynamic Sway Reduction | Chaos Reshaped+Enlightened Action | Enlightened Action+Strategist,3951511045
816,Finite Impactor,preferred,Hand Cannon,Solar,1,0,0,1,"Elemental Capacitor, Fragile Focus, Killing Wind","Burning Ambition, Heating Up, Magnificent Howl",5,Burning Ambition+Killing Wind | Elemental Capacitor+Magnificent Howl | Fragile Focus+Magnificent Howl | Heating Up+Killing Wind | Killing Wind+Magnificent Howl,1917334929
817,BxR-55 Battler,preferred,Pulse Rifle,Solar,1,0,1,1,"Auto-Loading Holster, Demolitionist, Snapshot Sights","Adrenaline Junkie, Blunt Execution Rounds, Gutshot Straight",5,Adrenaline Junkie+Snapshot Sights | Auto-Loading Holster+Blunt Execution Rounds | Blunt Execution Rounds+Demolitionist | Demolitionist+Gutshot Straight | Gutshot Straight+Snapshot Sights,2708806099
818,Anamnesis (Adept),preferred,Combat Bow,Void,0,1,0,1,"Archer's Tempo, Dragonfly, Hip-Fire Grip","Demoralize, Explosive Head, Impulse Amplifier",5,Archer's Tempo+Demoralize | Archer's Tempo+Impulse Amplifier | Demoralize+Hip-Fire Grip | Dragonfly+Impulse Amplifier | Hip-Fire Grip+Impulse Amplifier,3949253499
819,Fortunate Star,preferred,Combat Bow,Void,1,0,0,1,"Killing Wind, Repulsor Brace, Transcendent Moment","Archer's Gambit, Destabilizing Rounds, Explosive Head",5,Archer's Gambit+Killing Wind | Archer's Gambit+Repulsor Brace | Destabilizing Rounds+Transcendent Moment | Explosive Head+Repulsor Brace | Explosive Head+Transcendent Moment,2631466936
820,Whatchamacallit,preferred,Submachine Gun,Arc,1,0,0,1,"Collective Pugilism, Enlightened Action, Headseeker","Frenzy, Rangefinder, Sword Logic",5,Collective Pugilism+Rangefinder | Collective Pugilism+Sword Logic | Enlightened Action+Rangefinder | Enlightened Action+Sword Logic | Headseeker+Sword Logic,357669417
821,Returned Memory,preferred,Sidearm,Solar,1,0,0,1,"Blast Distributor, Heal Clip, Lead from Gold","Desperate Measures, One for All, Redirection",5,Blast Distributor+Redirection | Desperate Measures+Lead from Gold | Heal Clip+One for All | Heal Clip+Redirection | Lead from Gold+One for All,4049127142
822,The Call,preferred,Sidearm,Strand,1,0,1,1,"Beacon Rounds, Reconstruction, Strategist","Aggregate Charge, Desperate Measures, Empty Traits Socket",5,Aggregate Charge+Beacon Rounds | Aggregate Charge+Strategist | Beacon Rounds+Desperate Measures | Desperate Measures+Reconstruction | Empty Traits Socket+Reconstruction,3947966653
823,Qua Xaphan V,preferred,Machine Gun,Void,1,0,0,1,"Clown Cartridge, Dynamic Sway Reduction, Heating Up","Firing Line, High Ground, Target Lock",5,Clown Cartridge+High Ground | Clown Cartridge+Target Lock | Dynamic Sway Reduction+Firing Line | Dynamic Sway Reduction+High Ground | Heating Up+High Ground,1975125963
824,Wicked Sister,preferred,Grenade Launcher,Strand,1,0,0,1,"Danger Zone, Strategist, Unrelenting","Cascade Point, Full Court, Reverberation",5,Cascade Point+Danger Zone | Cascade Point+Strategist | Danger Zone+Reverberation | Full Court+Unrelenting | Reverberation+Unrelenting,2039776723
825,Positive Outlook,preferred,Auto Rifle,Void,1,0,0,1,"Ambitious Assassin, Invisible Hand, Tap the Trigger","Cascade Point, Pugilist, Repulsor Brace",5,Ambitious Assassin+Cascade Point | Ambitious Assassin+Repulsor Brace | Cascade Point+Tap the Trigger | Invisible Hand+Repulsor Brace | Pugilist+Tap the Trigger,491078457
826,Mykel's Reverence (Adept),preferred,Sidearm,Strand,0,1,1,0,"Collective Demolition, Elemental Capacitor, Thresh","Frenzy, Harmony, Offhand Strike",6,Collective Demolition+Frenzy | Collective Demolition+Harmony | Collective Demolition+Offhand Strike | Elemental Capacitor+Frenzy | Elemental Capacitor+Harmony | Elemental Capacitor+Offhand Strike,1986287028
827,Oxygen SR3,preferred,Scout Rifle,Solar,1,0,0,1,"Heal Clip, Shoot to Loot, To the Pain","Binary Orbit, Collective Pugilism, Meganeura",5,Binary Orbit+Shoot to Loot | Binary Orbit+To the Pain | Collective Pugilism+Shoot to Loot | Heal Clip+Meganeura | Meganeura+To the Pain,4104613038
828,Shoreline Dissident,preferred,Sniper Rifle,Void,1,0,0,1,"Ambitious Assassin, Explosive Payload, Shoot to Loot","Closing Time, Demoralize, Precision Instrument",5,Ambitious Assassin+Precision Instrument | Closing Time+Shoot to Loot | Demoralize+Explosive Payload | Demoralize+Shoot to Loot | Explosive Payload+Precision Instrument,1193318082
829,Pointed Inquiry,preferred,Scout Rifle,Void,1,0,1,1,"Empty Traits Socket, Fourth Time's the Charm, Repulsor Brace","Adaptive Munitions, Empty Traits Socket, Focused Fury",6,Adaptive Munitions+Empty Traits Socket | Adaptive Munitions+Fourth Time's the Charm | Adaptive Munitions+Repulsor Brace | Empty Traits Socket+Repulsor Brace | Focused Fury+Fourth Time's the Charm | Focused Fury+Repulsor Brace,297296830
830,Bygones,preferred,Pulse Rifle,Kinetic,1,0,0,1,"Attrition Orbs, Under Pressure, Zen Moment","Firefly, High Ground, Osmosis",5,Attrition Orbs+Firefly | Attrition Orbs+Osmosis | Firefly+Under Pressure | High Ground+Under Pressure | Osmosis+Zen Moment,2199554524
831,Oversoul Edict (Adept),preferred,Pulse Rifle,Arc,0,1,1,0,"Encore, Keep Away, Supercharged Magazine","Gear Shift, High Ground, Jolting Feedback",5,Encore+Gear Shift | Encore+High Ground | Encore+Jolting Feedback | High Ground+Supercharged Magazine | Jolting Feedback+Keep Away,578105049
832,Origin Story,preferred,Auto Rifle,Kinetic,1,0,0,1,"Fragile Focus, Hip-Fire Grip, Strategist","Gutshot Straight, Kinetic Tremors, Pugilist",5,Fragile Focus+Kinetic Tremors | Gutshot Straight+Hip-Fire Grip | Hip-Fire Grip+Kinetic Tremors | Hip-Fire Grip+Pugilist | Pugilist+Strategist,2826850739
833,Nox Perennial V,preferred,Fusion Rifle,Strand,1,0,0,1,"Envious Assassin, Lead from Gold, Loose Change","Controlled Burst, Kickstart, Wellspring",5,Controlled Burst+Envious Assassin | Controlled Burst+Loose Change | Envious Assassin+Wellspring | Kickstart+Lead from Gold | Loose Change+Wellspring,2767393525
834,No Feelings,preferred,Scout Rifle,Arc,1,0,0,1,"Impromptu Ammunition, Outlaw, Rapid Hit","Adrenaline Junkie, Gear Shift, Meganeura",5,Adrenaline Junkie+Outlaw | Gear Shift+Impromptu Ammunition | Gear Shift+Rapid Hit | Meganeura+Outlaw | Meganeura+Rapid Hit,2979764077
835,Nullify (Adept),preferred,Pulse Rifle,Solar,0,1,1,0,"Burning Ambition, Collective Demolition, Fourth Time's the Charm","Multikill Clip, Sword Logic, Vorpal Weapon",5,Burning Ambition+Multikill Clip | Burning Ambition+Vorpal Weapon | Collective Demolition+Multikill Clip | Collective Demolition+Vorpal Weapon | Fourth Time's the Charm+Sword Logic,892183998
836,Luna Regolith III,preferred,Sniper Rifle,Solar,1,0,0,1,"Field Prep, Perfect Float, Triple Tap","Collective Action, Explosive Payload, Firing Line",5,Collective Action+Field Prep | Collective Action+Perfect Float | Collective Action+Triple Tap | Field Prep+Firing Line | Firing Line+Perfect Float,1948035256
837,Liturgy,preferred,Grenade Launcher,Stasis,1,0,0,1,"Envious Arsenal, Perpetual Motion, Slideways","Chain Reaction, Harmony, Lead from Gold",5,Chain Reaction+Perpetual Motion | Envious Arsenal+Harmony | Harmony+Slideways | Lead from Gold+Perpetual Motion | Lead from Gold+Slideways,3377522331
838,Haliaetus,preferred,Rocket Launcher,Strand,1,0,0,1,"Auto-Loading Holster, Cluster Bomb, Quickdraw","Aggregate Charge, Binary Orbit, Reaper's Tithe",5,Aggregate Charge+Cluster Bomb | Aggregate Charge+Quickdraw | Auto-Loading Holster+Binary Orbit | Auto-Loading Holster+Reaper's Tithe | Cluster Bomb+Reaper's Tithe,2155534128
839,Ecliptic Distaff,preferred,Glaive,Void,1,0,0,1,"Immovable Object, Impulse Amplifier, Replenishing Aegis","Binary Orbit, Desperate Measures, Withering Gaze",5,Binary Orbit+Immovable Object | Binary Orbit+Replenishing Aegis | Desperate Measures+Immovable Object | Desperate Measures+Replenishing Aegis | Impulse Amplifier+Withering Gaze,1942143745
840,The Heron,preferred,Glaive,Void,1,0,0,1,"Disruption Break, Proximity Power, Replenishing Aegis","Redirection, Sword Logic, Unrelenting",5,Disruption Break+Redirection | Disruption Break+Sword Logic | Proximity Power+Unrelenting | Redirection+Replenishing Aegis | Replenishing Aegis+Sword Logic,2246386812
841,Dawn Far Off,preferred,Machine Gun,Solar,1,0,0,1,"Burning Ambition, Collective Demolition, Impromptu Ammunition","Aggregate Charge, Binary Orbit, Killing Tally",5,Binary Orbit+Burning Ambition | Binary Orbit+Impromptu Ammunition | Burning Ambition+Killing Tally | Collective Demolition+Killing Tally | Impromptu Ammunition+Killing Tally,2770617440
842,Cynosure,preferred,Rocket Launcher,Strand,1,0,0,1,"Envious Arsenal, Slice, Sympathetic Arsenal","Adrenaline Junkie, Hatchling, Quickdraw",5,Adrenaline Junkie+Envious Arsenal | Adrenaline Junkie+Slice | Envious Arsenal+Quickdraw | Hatchling+Sympathetic Arsenal | Quickdraw+Slice,694275488
843,The Beacon,preferred,Fusion Rifle,Solar,1,0,0,1,"Collective Pugilism, Demolitionist, Lead from Gold","Bait and Switch, Deconstruct, Successful Warm-Up",5,Bait and Switch+Collective Pugilism | Bait and Switch+Lead from Gold | Deconstruct+Demolitionist | Demolitionist+Successful Warm-Up | Lead from Gold+Successful Warm-Up,2161618499
844,Tatara Gaze,preferred,Sniper Rifle,Arc,1,0,0,1,"Discord, Impromptu Ammunition, Quickdraw","Elemental Honing, Redirection, Triple Tap",5,Discord+Redirection | Discord+Triple Tap | Elemental Honing+Impromptu Ammunition | Elemental Honing+Quickdraw | Impromptu Ammunition+Triple Tap,3595694326
845,Keraunios,preferred,Trace Rifle,Arc,1,0,0,1,"Overflow, Rewind Rounds, Trickle Charge","Chain Reaction, Detonator Beam, Killing Tally",5,Chain Reaction+Rewind Rounds | Chain Reaction+Trickle Charge | Detonator Beam+Rewind Rounds | Detonator Beam+Trickle Charge | Killing Tally+Overflow,2386208942
846,Action Item,preferred,Trace Rifle,Stasis,1,0,0,1,"Deconstruct, High-Impact Reserves, Rewind Rounds","Binary Orbit, Crystalline Corpsebloom, Elemental Honing",5,Binary Orbit+High-Impact Reserves | Crystalline Corpsebloom+High-Impact Reserves | Crystalline Corpsebloom+Rewind Rounds | Deconstruct+Elemental Honing | Elemental Honing+High-Impact Reserves,527989828
847,21% Delirium,preferred,Machine Gun,Arc,1,0,0,1,"Feeding Frenzy, Reconstruction, Trickle Charge","Jolting Feedback, Mega Kill Clip, One for All",5,Feeding Frenzy+Jolting Feedback | Jolting Feedback+Reconstruction | Mega Kill Clip+Reconstruction | Mega Kill Clip+Trickle Charge | One for All+Trickle Charge,3001598094
848,Empty Vessel,preferred,Grenade Launcher,Solar,1,0,0,1,"Ambitious Assassin, Feeding Frenzy, Lead from Gold","Danger Zone, Thresh, Unrelenting",5,Ambitious Assassin+Unrelenting | Danger Zone+Feeding Frenzy | Feeding Frenzy+Thresh | Lead from Gold+Thresh | Lead from Gold+Unrelenting,198068259
849,Point of the Stag,preferred,Combat Bow,Arc,1,0,0,1,"Archer's Tempo, Elemental Capacitor, No Distractions","Golden Tricorn, Golden Tricorn Enhanced, Precision Instrument",5,Archer's Tempo+Golden Tricorn Enhanced | Archer's Tempo+Precision Instrument | Elemental Capacitor+Precision Instrument | Golden Tricorn+No Distractions | Golden Tricorn Enhanced+No Distractions,888872889
850,Anonymous Autumn,preferred,Sidearm,Arc,1,0,0,1,"Closing Time, Strategist, Zen Moment","Adrenaline Junkie, Harmony, Swashbuckler",5,Adrenaline Junkie+Strategist | Adrenaline Junkie+Zen Moment | Closing Time+Harmony | Closing Time+Swashbuckler | Harmony+Zen Moment,1644501332
851,Joxer's Longsword,preferred,Pulse Rifle,Void,1,0,0,1,"Gutshot Straight, Pugilist, Rewind Rounds","Demoralize, High-Impact Reserves, Withering Gaze",5,Demoralize+Pugilist | Gutshot Straight+High-Impact Reserves | Gutshot Straight+Withering Gaze | High-Impact Reserves+Pugilist | Rewind Rounds+Withering Gaze,157601190
852,The Title,preferred,Submachine Gun,Void,1,0,0,1,"Repulsor Brace, Threat Detector, To the Pain","Demoralize, Elemental Honing, Rangefinder",5,Demoralize+Threat Detector | Elemental Honing+Repulsor Brace | Elemental Honing+Threat Detector | Rangefinder+Repulsor Brace | Rangefinder+To the Pain,4106258882
853,Watchful Eye,preferred,Machine Gun,Arc,1,0,0,1,"Field Prep, Hip-Fire Grip, Mulligan","Elemental Honing, Sword Logic, Target Lock",4,Elemental Honing+Hip-Fire Grip | Elemental Honing+Mulligan | Field Prep+Sword Logic | Mulligan+Target Lock,3058845782
854,Reckless Endangerment,preferred,Shotgun,Kinetic,1,0,0,1,"Barrel Constrictor, Bewildering Burst, Dual Loader","All-Star, Binary Orbit, Snapshot Sights",4,All-Star+Dual Loader | Barrel Constrictor+Snapshot Sights | Bewildering Burst+Snapshot Sights | Binary Orbit+Dual Loader,3085559077
855,Peculiar Charm,preferred,Submachine Gun,Kinetic,1,0,0,1,"Rapid Hit, Shoot to Loot, Stopping Power","All-Star, Bewildering Burst, Desperado",4,All-Star+Rapid Hit | Bewildering Burst+Rapid Hit | Bewildering Burst+Shoot to Loot | Desperado+Stopping Power,3620277039
856,Forced Memorializer,preferred,Scout Rifle,Kinetic,1,0,0,1,"Auto-Loading Holster, Explosive Payload, Lone Wolf","Ancillary Ordinance, Kinetic Tremors, To the Pain",4,Ancillary Ordinance+Explosive Payload | Auto-Loading Holster+To the Pain | Explosive Payload+Kinetic Tremors | Lone Wolf+To the Pain,1197073834
857,Everburning Glitz,preferred,Auto Rifle,Kinetic,1,0,0,1,"Attrition Orbs, Bewildering Burst, Dynamic Sway Reduction","Ancillary Ordinance, Tap the Trigger, Zen Moment",4,Ancillary Ordinance+Attrition Orbs | Ancillary Ordinance+Dynamic Sway Reduction | Attrition Orbs+Zen Moment | Bewildering Burst+Zen Moment,2857870254
858,Unwavering Duty,preferred,Machine Gun,Solar,1,0,0,1,"Auto-Loading Holster, Dynamic Sway Reduction, Fourth Time's the Charm","Bait and Switch, Burning Ambition, Cascade Point",4,Bait and Switch+Dynamic Sway Reduction | Burning Ambition+Dynamic Sway Reduction | Burning Ambition+Fourth Time's the Charm | Cascade Point+Fourth Time's the Charm,3489054606
859,Theodolite,preferred,Grenade Launcher,Arc,1,0,0,1,"Blast Distributor, Danger Zone, Reverberation","Binary Orbit, Elemental Honing, Voltshot",4,Binary Orbit+Danger Zone | Blast Distributor+Voltshot | Danger Zone+Elemental Honing | Reverberation+Voltshot,4146673635
860,The Forward Path,preferred,Auto Rifle,Kinetic,1,0,0,1,"Dynamic Sway Reduction, Hip-Fire Grip, Pulse Monitor","Iron Grip, Multikill Clip",4,Dynamic Sway Reduction+Iron Grip | Hip-Fire Grip+Iron Grip | Hip-Fire Grip+Multikill Clip | Iron Grip+Pulse Monitor,1690783811
861,Tempered Dynamo,preferred,Fusion Rifle,Arc,1,0,0,1,"Backup Plan, Opening Shot, Rewind Rounds","Discord, Jolting Feedback, Surrounded",4,Backup Plan+Discord | Backup Plan+Jolting Feedback | Discord+Rewind Rounds | Jolting Feedback+Rewind Rounds,2925315757
862,Stryker's Sure-Hand,preferred,Sword,Void,1,0,0,1,"Assassin's Blade, Duelist's Trance, Tireless Blade","Destabilizing Rounds, Impromptu Ammunition, Whirlwind Blade",4,Assassin's Blade+Impromptu Ammunition | Destabilizing Rounds+Tireless Blade | Duelist's Trance+Impromptu Ammunition | Impromptu Ammunition+Tireless Blade,2490460292
863,Sarpedon-D,preferred,Hand Cannon,Arc,1,0,0,1,"Lead From Light, Proximity Power, To the Pain","Desperate Measures, Rolling Storm, Voltshot",4,Lead From Light+Voltshot | Proximity Power+Rolling Storm | Proximity Power+Voltshot | Rolling Storm+To the Pain,3318545829
864,Resounding,preferred,Fusion Rifle,Strand,1,0,0,1,"Cornered, Feeding Frenzy, Slice","Hatchling, One for All, Rampage",4,Cornered+Rampage | Feeding Frenzy+Hatchling | One for All+Slice | Rampage+Slice,3273807888
865,Phoneutria Fera,preferred,Hand Cannon,Solar,1,0,0,1,"Barrel Constrictor, Threat Remover, Transcendent Moment","Incandescent, One-Two Punch, Surrounded",4,Barrel Constrictor+Surrounded | Incandescent+Transcendent Moment | One-Two Punch+Transcendent Moment | Surrounded+Threat Remover,3804242795
866,Mindbender's Ambition,preferred,Shotgun,Solar,1,0,0,1,"Auto-Loading Holster, Lead from Gold, Threat Detector","Incandescent, Steady Hands, Well-Rounded",4,Auto-Loading Holster+Incandescent | Lead from Gold+Well-Rounded | Steady Hands+Threat Detector | Threat Detector+Well-Rounded,1094005544
867,Midha's Reckoning (Harrowed),preferred,Fusion Rifle,Arc,0,1,1,0,"Backup Plan, Hip-Fire Grip, Voltshot","Closing Time, Successful Warm-Up, Tap the Trigger",4,Backup Plan+Successful Warm-Up | Backup Plan+Tap the Trigger | Closing Time+Hip-Fire Grip | Hip-Fire Grip+Successful Warm-Up,3904516037
868,MIDA Mini-Tool,preferred,Submachine Gun,Solar,1,0,0,1,"Attrition Orbs, Heal Clip, Hip-Fire Grip","Aggregate Charge, Burning Ambition, Collective Pugilism",4,Aggregate Charge+Heal Clip | Aggregate Charge+Hip-Fire Grip | Attrition Orbs+Collective Pugilism | Burning Ambition+Hip-Fire Grip,3946054154
869,Lotus-Eater,preferred,Sidearm,Void,1,0,0,1,"Feeding Frenzy, Reconstruction, Repulsor Brace","High Ground, Reverberation, Withering Gaze",4,Feeding Frenzy+Reverberation | High Ground+Repulsor Brace | Reconstruction+Withering Gaze | Repulsor Brace+Reverberation,3922217119
870,Last Thursday,preferred,Pulse Rifle,Strand,1,0,0,1,"Moving Target, Rapid Hit, Subsistence","Dragonfly, Elemental Honing, Slice",4,Dragonfly+Subsistence | Elemental Honing+Moving Target | Rapid Hit+Slice | Slice+Subsistence,3813721211
871,Insidious (Adept),preferred,Pulse Rifle,Arc,0,1,1,0,"Frenzy, Heating Up, Rolling Storm","Adrenaline Junkie, Chaos Reshaped, Voltshot",4,Adrenaline Junkie+Frenzy | Chaos Reshaped+Heating Up | Chaos Reshaped+Rolling Storm | Heating Up+Voltshot,786352912
872,Hezen Vengeance (Timelost),preferred,Rocket Launcher,Solar,0,1,1,0,"Cluster Bomb, Collective Demolition, Incandescent","Bait and Switch, Bipod, Collective Action",4,Bait and Switch+Collective Demolition | Bipod+Collective Demolition | Bipod+Incandescent | Collective Action+Incandescent,3623686757
873,Gnawing Hunger,preferred,Auto Rifle,Void,1,0,0,1,"Overflow, Repulsor Brace, Withering Gaze","Dynamic Sway Reduction, Master of Arms, Swashbuckler",4,Dynamic Sway Reduction+Overflow | Master of Arms+Repulsor Brace | Master of Arms+Withering Gaze | Swashbuckler+Withering Gaze,214545213
874,Giver's Blessing,preferred,Auto Rifle,Kinetic,1,0,0,1,"Impromptu Ammunition, Rewind Rounds, Transcendent Moment","Adrenaline Junkie, High Ground, Multikill Clip",4,Adrenaline Junkie+Rewind Rounds | Adrenaline Junkie+Transcendent Moment | High Ground+Impromptu Ammunition | Impromptu Ammunition+Multikill Clip,970034755
875,Frontier's Cry,preferred,Hand Cannon,Solar,1,0,0,1,"Adaptive Munitions, Stats for All, Steady Hands","Iron Grip, Kill Clip, One for All",4,Adaptive Munitions+Iron Grip | Adaptive Munitions+Kill Clip | Iron Grip+Steady Hands | Kill Clip+Stats for All,3203303472
876,Forgiveness,preferred,Sidearm,Arc,1,0,0,1,"Lone Wolf, Offhand Strike, Voltshot","Desperate Measures, Headseeker, Loose Change",4,Desperate Measures+Voltshot | Headseeker+Voltshot | Lone Wolf+Loose Change | Loose Change+Voltshot,1552443158
877,Fatebringer (Timelost),preferred,Hand Cannon,Kinetic,0,1,1,0,"Kinetic Tremors, Osmosis, Rewind Rounds","All-Star, Eye of the Storm, Magnificent Howl",4,Eye of the Storm+Kinetic Tremors | Eye of the Storm+Rewind Rounds | Kinetic Tremors+Magnificent Howl | Magnificent Howl+Rewind Rounds,4219826183
878,Eye of Sol,preferred,Sniper Rifle,Kinetic,1,0,0,1,"Encore, Fragile Focus, Moving Target","Deconstruct, Snapshot Sights, Vorpal Weapon",4,Deconstruct+Fragile Focus | Deconstruct+Moving Target | Encore+Snapshot Sights | Encore+Vorpal Weapon,1401300690
879,Bold Endings,preferred,Hand Cannon,Stasis,1,0,1,1,"Air Trigger, Headstone, Strategist","Collective Action, Crystalline Corpsebloom, Dragonfly",4,Air Trigger+Dragonfly | Collective Action+Headstone | Crystalline Corpsebloom+Strategist | Dragonfly+Strategist,496728945
880,Ascendancy,preferred,Rocket Launcher,Solar,1,0,0,1,"Field Prep, Lead From Light, Slideways","Bipod, Chain Reaction, Cluster Bomb",4,Bipod+Lead From Light | Bipod+Slideways | Cluster Bomb+Lead From Light | Cluster Bomb+Slideways,1713388226
881,Word of Crota (Adept),preferred,Hand Cannon,Void,0,1,1,0,"Collective Demolition, Dragonfly, Killing Wind","Destabilizing Rounds, Master of Arms, Precision Instrument",4,Collective Demolition+Precision Instrument | Destabilizing Rounds+Dragonfly | Killing Wind+Master of Arms | Killing Wind+Precision Instrument,3926103986
882,Veles-X,preferred,Pulse Rifle,Void,1,0,0,1,"Demoralize, Repulsor Brace, Tunnel Vision","Desperado, Eye of the Storm, Withering Gaze",4,Demoralize+Desperado | Desperado+Repulsor Brace | Eye of the Storm+Repulsor Brace | Tunnel Vision+Withering Gaze,438540299
883,Uzume RR4,preferred,Sniper Rifle,Solar,1,0,0,1,"Clown Cartridge, Discord, Fourth Time's the Charm","Deconstruct, Explosive Payload, Golden Tricorn",4,Clown Cartridge+Explosive Payload | Deconstruct+Discord | Deconstruct+Fourth Time's the Charm | Fourth Time's the Charm+Golden Tricorn,2450917538
884,Unfall,preferred,Sidearm,Arc,1,0,0,1,"Disruption Break, Reverberation, Sleight of Hand","Binary Orbit, Deconstruct, Master of Arms",4,Binary Orbit+Sleight of Hand | Deconstruct+Reverberation | Disruption Break+Master of Arms | Master of Arms+Reverberation,738446555
885,Triple Laureate,preferred,Hand Cannon,Stasis,1,0,0,1,"Ambitious Assassin, Crystalline Corpsebloom, Feeding Frenzy","Opening Shot, Pugilist, Trench Barrel",4,Ambitious Assassin+Opening Shot | Crystalline Corpsebloom+Pugilist | Crystalline Corpsebloom+Trench Barrel | Feeding Frenzy+Opening Shot,2908653246
886,A Distant Pull,preferred,Sniper Rifle,Stasis,1,0,1,1,"Ensemble, Keep Away, Overflow","Discord, Empty Traits Socket, Explosive Payload",4,Discord+Ensemble | Empty Traits Socket+Keep Away | Ensemble+Explosive Payload | Explosive Payload+Overflow,1769847435
887,Sightline Survey,preferred,Hand Cannon,Arc,1,0,1,1,"Fragile Focus, Strategist, Triple Tap","Eye of the Storm, Precision Instrument, Voltshot",5,Eye of the Storm+Strategist | Eye of the Storm+Triple Tap | Fragile Focus+Precision Instrument | Fragile Focus+Voltshot | Precision Instrument+Triple Tap,2350330520
888,Taraxippos,preferred,Scout Rifle,Strand,1,0,0,1,"Closing Time, Enlightened Action, Fourth Time's the Charm","Hatchling, Kill Clip, Tear",4,Closing Time+Hatchling | Closing Time+Kill Clip | Enlightened Action+Tear | Fourth Time's the Charm+Hatchling,4148460558
889,Summum Bonum (Adept),preferred,Sword,Arc,0,1,1,0,"Attrition Orbs, Strategist, Tireless Blade","Bait and Switch, Chaos Reshaped, Vorpal Weapon",4,Attrition Orbs+Chaos Reshaped | Bait and Switch+Tireless Blade | Chaos Reshaped+Tireless Blade | Strategist+Vorpal Weapon,2001697739
890,False Idols,preferred,Sword,Solar,1,0,1,1,"Duelist's Trance, Empty Traits Socket, Wellspring","Bait and Switch, Burning Ambition, Counterattack",6,Bait and Switch+Duelist's Trance | Bait and Switch+Empty Traits Socket | Bait and Switch+Wellspring | Burning Ambition+Duelist's Trance | Burning Ambition+Empty Traits Socket | Counterattack+Empty Traits Socket,4207120603
891,Dimensional Hypotrochoid,preferred,Grenade Launcher,Stasis,1,0,1,1,"Envious Assassin, Field Prep, Shot Swap","Disruption Break, Pugilist, Turnabout",5,Disruption Break+Envious Assassin | Disruption Break+Shot Swap | Envious Assassin+Turnabout | Field Prep+Pugilist | Field Prep+Turnabout,1311684613
892,Something Something,preferred,Sniper Rifle,Kinetic,1,0,0,1,"Bewildering Burst, Snapshot Sights, Triple Tap","Adhesive Ordnance, All-Star, Box Breathing",4,Adhesive Ordnance+Triple Tap | All-Star+Snapshot Sights | Bewildering Burst+Box Breathing | Box Breathing+Triple Tap,3421075982
893,Round Robin,preferred,Hand Cannon,Strand,1,0,1,1,"Envious Assassin, Perfect Float, Tear","Adagio, Elemental Capacitor, Golden Tricorn Enhanced",4,Adagio+Tear | Elemental Capacitor+Tear | Envious Assassin+Golden Tricorn Enhanced | Golden Tricorn Enhanced+Tear,2034215657
894,Hullabaloo,preferred,Grenade Launcher,Arc,1,0,0,1,"Impulse Amplifier, Stats for All, Voltshot","Cascade Point, Golden Tricorn, Strategist",6,Cascade Point+Impulse Amplifier | Cascade Point+Stats for All | Cascade Point+Voltshot | Golden Tricorn+Impulse Amplifier | Golden Tricorn+Voltshot | Stats for All+Strategist,2666273249
895,Praedyth's Revenge (Timelost),preferred,Sniper Rifle,Kinetic,0,1,1,0,"Bewildering Burst, Kinetic Tremors, Osmosis","All-Star, Bait and Switch, Precision Instrument",4,Bait and Switch+Bewildering Burst | Bait and Switch+Osmosis | Bewildering Burst+Precision Instrument | Osmosis+Precision Instrument,2362652544
896,Non-Denouement (Adept),preferred,Combat Bow,Arc,0,1,1,0,"Archer's Tempo, Impulse Amplifier, Opening Shot","Chaos Reshaped, Explosive Head, Gear Shift",4,Archer's Tempo+Chaos Reshaped | Explosive Head+Opening Shot | Gear Shift+Impulse Amplifier | Gear Shift+Opening Shot,1039915310
897,Nasreddin,preferred,Sword,Arc,1,0,0,1,"Relentless Strikes, Tireless Blade, Wellspring","Eager Edge, One for All, Rolling Storm",4,One for All+Relentless Strikes | One for All+Wellspring | Relentless Strikes+Rolling Storm | Rolling Storm+Tireless Blade,1979417829
898,Mirror Imago (Adept),preferred,Submachine Gun,Strand,0,1,0,1,"Grave Robber, Moving Target, Recycled Energy","Offhand Strike, Permeability, Sword Logic",4,Grave Robber+Sword Logic | Moving Target+Offhand Strike | Permeability+Recycled Energy | Recycled Energy+Sword Logic,4116546788
899,Last Rite,preferred,Scout Rifle,Kinetic,1,0,0,1,"Bewildering Burst, Dual Loader, Stopping Power","Adhesive Ordnance, Explosive Payload, Vorpal Weapon",4,Adhesive Ordnance+Dual Loader | Bewildering Burst+Explosive Payload | Dual Loader+Explosive Payload | Stopping Power+Vorpal Weapon,3708636616
900,Last Man Standing,preferred,Shotgun,Solar,1,0,0,1,"Pugilist, Subsistence, Threat Detector","Discord, One for All, Shot Swap",4,Discord+Pugilist | Discord+Subsistence | One for All+Subsistence | Shot Swap+Threat Detector,4287947559
901,Koraxis's Distress (Adept),preferred,Grenade Launcher,Strand,0,1,1,0,"Blast Distributor, Field Prep, Reconstruction","Chaos Reshaped, Full Court, Paracausal Affinity",4,Blast Distributor+Paracausal Affinity | Field Prep+Full Court | Full Court+Reconstruction | Paracausal Affinity+Reconstruction,495442100
902,Briar's Contempt (Adept),preferred,Linear Fusion Rifle,Solar,0,1,1,0,"Burning Ambition, Incandescent, Rapid Hit","Chaos Reshaped, Focused Fury, Harmony",4,Burning Ambition+Focused Fury | Chaos Reshaped+Incandescent | Focused Fury+Incandescent | Harmony+Incandescent,2890082420
903,Kindled Orchid,preferred,Hand Cannon,Void,1,0,0,1,"Impromptu Ammunition, Kill Clip, Shoot to Loot","Explosive Payload, Magnificent Howl, Rampage",4,Explosive Payload+Impromptu Ammunition | Kill Clip+Magnificent Howl | Magnificent Howl+Shoot to Loot | Rampage+Shoot to Loot,3961462214
904,Jorum's Claw,preferred,Pulse Rifle,Solar,1,0,0,1,"Encore, Gutshot Straight, Offhand Strike","Headseeker, Iron Reach, Kill Clip",4,Encore+Iron Reach | Gutshot Straight+Headseeker | Iron Reach+Offhand Strike | Kill Clip+Offhand Strike,62937067
905,Igneous Hammer,preferred,Hand Cannon,Solar,1,0,0,1,"Heal Clip, Rangefinder, Slickdraw","Golden Tricorn, Golden Tricorn Enhanced, Moving Target",4,Golden Tricorn+Rangefinder | Golden Tricorn Enhanced+Rangefinder | Heal Clip+Moving Target | Moving Target+Slickdraw,1973107014
906,Faustus Decline,preferred,Sidearm,Stasis,1,0,0,1,"Hip-Fire Grip, Rangefinder, Rimestealer","Offhand Strike, Precision Instrument, Snapshot Sights",4,Hip-Fire Grip+Precision Instrument | Offhand Strike+Rangefinder | Offhand Strike+Rimestealer | Rimestealer+Snapshot Sights,1663482635
907,Crowd Pleaser,preferred,Grenade Launcher,Void,1,0,0,1,"Ambitious Assassin, Clown Cartridge, Killing Wind","Chain Reaction, Demolitionist, Quickdraw",4,Ambitious Assassin+Chain Reaction | Ambitious Assassin+Demolitionist | Chain Reaction+Killing Wind | Killing Wind+Quickdraw,3565520715
908,Doomsday,preferred,Grenade Launcher,Arc,1,0,0,1,"Attrition Orbs, Auto-Loading Holster, Supercharged Magazine","Explosive Light, Full Court, Jolting Feedback",4,Attrition Orbs+Full Court | Attrition Orbs+Jolting Feedback | Auto-Loading Holster+Full Court | Auto-Loading Holster+Jolting Feedback,713132408
909,Cataphract GL3,preferred,Grenade Launcher,Strand,1,0,0,1,"Envious Assassin, Impulse Amplifier, Lead From Light","Bait and Switch, Demolitionist, Full Court",4,Demolitionist+Impulse Amplifier | Demolitionist+Lead From Light | Envious Assassin+Full Court | Full Court+Lead From Light,3805679279
910,Belisarius-D,preferred,Pulse Rifle,Strand,1,0,0,1,"Dragonfly, Slice, Tear","Desperado, Elemental Honing, Headseeker",4,Desperado+Tear | Dragonfly+Elemental Honing | Headseeker+Slice | Headseeker+Tear,747743637
911,Agape,preferred,Hand Cannon,Solar,1,0,0,1,"Heal Clip, Moving Target, Outlaw","Burning Ambition, Fragile Focus, Master of Arms",4,Burning Ambition+Moving Target | Burning Ambition+Outlaw | Fragile Focus+Heal Clip | Fragile Focus+Outlaw,4124362340
912,Adamantite (Adept),preferred,Auto Rifle,Strand,0,1,0,1,"Demolitionist, Ensemble, Pugilist","Attrition Orbs, Circle of Life, Tear",4,Circle of Life+Demolitionist | Circle of Life+Pugilist | Demolitionist+Tear | Ensemble+Tear,3485029080
913,Qua Vinctus IV,preferred,Machine Gun,Strand,1,0,0,1,"Built to Blast, Slice, Transcendent Moment","Killing Tally, Rewind Rounds, Strategist",4,Built to Blast+Strategist | Killing Tally+Slice | Rewind Rounds+Slice | Rewind Rounds+Transcendent Moment,4176551594
914,Sixth Sense,preferred,Hand Cannon,Strand,1,0,0,1,"Built to Blast, Explosive Payload, Lucky Shot","Desperate Measures, Dragonfly, Opening Shot",4,Built to Blast+Opening Shot | Desperate Measures+Explosive Payload | Dragonfly+Lucky Shot | Lucky Shot+Opening Shot,4032097591
915,Acasia's Dejection (Adept),preferred,Trace Rifle,Solar,0,1,1,0,"Hip-Fire Grip, Perpetual Motion, Reconstruction","Chaos Reshaped, Detonator Beam, Incandescent",4,Chaos Reshaped+Perpetual Motion | Detonator Beam+Perpetual Motion | Detonator Beam+Reconstruction | Hip-Fire Grip+Incandescent,3493494807
916,The Martlet,preferred,Pulse Rifle,Void,1,0,0,1,"Headseeker, Keep Away, Perpetual Motion","Desperado, Withering Gaze, Zen Moment",4,Headseeker+Withering Gaze | Keep Away+Zen Moment | Perpetual Motion+Withering Gaze | Perpetual Motion+Zen Moment,877384
917,Shayura's Wrath,preferred,Submachine Gun,Void,1,0,0,1,"Dynamic Sway Reduction, Heating Up, Moving Target","Celerity, Harmony, Snapshot Sights",4,Celerity+Moving Target | Dynamic Sway Reduction+Snapshot Sights | Harmony+Heating Up | Harmony+Moving Target,3682803680
918,Eleatic Principle,preferred,Machine Gun,Arc,1,0,1,1,"Eddy Current, Ensemble, Offhand Strike","Adaptive Munitions, Empty Traits Socket, Golden Tricorn",4,Adaptive Munitions+Offhand Strike | Eddy Current+Empty Traits Socket | Empty Traits Socket+Offhand Strike | Ensemble+Golden Tricorn,105306149
919,Different Times,preferred,Pulse Rifle,Strand,1,0,1,1,"Heating Up, Invisible Hand, Stats for All","Golden Tricorn Enhanced, Hatchling, Headseeker",5,Golden Tricorn Enhanced+Heating Up | Hatchling+Heating Up | Hatchling+Invisible Hand | Headseeker+Invisible Hand | Headseeker+Stats for All,3016891299
920,Reed's Regret,preferred,Linear Fusion Rifle,Stasis,1,0,0,1,"Auto-Loading Holster, Compulsive Reloader, Hip-Fire Grip","Firing Line, Focused Fury, Harmony",4,Auto-Loading Holster+Focused Fury | Auto-Loading Holster+Harmony | Compulsive Reloader+Firing Line | Firing Line+Hip-Fire Grip,3267997292
921,Taipan-4fr,preferred,Linear Fusion Rifle,Void,1,0,1,1,"Ensemble, Field Prep, Genesis","Empty Traits Socket, Opening Shot, Repulsor Brace",5,Empty Traits Socket+Genesis | Ensemble+Opening Shot | Ensemble+Repulsor Brace | Field Prep+Repulsor Brace | Genesis+Opening Shot,1911060537
922,No Reprieve,preferred,Shotgun,Stasis,1,0,1,1,"Feeding Frenzy, Outlaw, Triple Tap","Focused Fury, Headstone, Surrounded",4,Feeding Frenzy+Focused Fury | Headstone+Outlaw | Outlaw+Surrounded | Surrounded+Triple Tap,2531963421
923,Motif-41,preferred,Grenade Launcher,Solar,1,0,0,1,"Heal Clip, Loose Change, Wellspring","Demolitionist, Incandescent, Vorpal Weapon",4,Demolitionist+Heal Clip | Incandescent+Wellspring | Loose Change+Vorpal Weapon | Vorpal Weapon+Wellspring,1685533876
924,Mechabre,preferred,Sniper Rifle,Arc,1,0,0,1,"Auto-Loading Holster, Demolitionist, Keep Away","Adrenaline Junkie, Discord, High-Impact Reserves",4,Adrenaline Junkie+Keep Away | Auto-Loading Holster+Discord | Demolitionist+Discord | Demolitionist+High-Impact Reserves,3871226707
925,King Orfeo,preferred,Combat Bow,Arc,1,0,0,1,"Explosive Head, Impulse Amplifier, Shoot to Loot","Jolting Feedback, Rangefinder, Rolling Storm",4,Explosive Head+Rangefinder | Explosive Head+Rolling Storm | Impulse Amplifier+Rangefinder | Rangefinder+Shoot to Loot,3481382332
926,Dead Weight,preferred,Shotgun,Arc,1,0,0,1,"Grave Robber, Subsistence, Well-Rounded","Adrenaline Junkie, Harmony, Turnabout",4,Adrenaline Junkie+Well-Rounded | Grave Robber+Harmony | Grave Robber+Turnabout | Subsistence+Turnabout,3738678140
927,Fortissimo-11,preferred,Shotgun,Kinetic,1,0,0,1,"Fourth Time's the Charm, Steady Hands, Threat Detector","Adagio, Osmosis, Wellspring",5,Adagio+Fourth Time's the Charm | Adagio+Threat Detector | Fourth Time's the Charm+Wellspring | Osmosis+Steady Hands | Steady Hands+Wellspring,963732595
928,Forbearance (Adept),preferred,Grenade Launcher,Arc,0,1,1,0,"Rolling Storm, Stats for All, Surplus","Bait and Switch, Frenzy, Gear Shift",5,Bait and Switch+Rolling Storm | Bait and Switch+Surplus | Frenzy+Rolling Storm | Gear Shift+Stats for All | Gear Shift+Surplus,4038592169
929,Borrowed Time,preferred,Submachine Gun,Solar,1,0,0,1,"Firmly Planted, Heating Up, Tunnel Vision","Adrenaline Junkie, Demolitionist, Surrounded",4,Adrenaline Junkie+Firmly Planted | Demolitionist+Heating Up | Heating Up+Surrounded | Surrounded+Tunnel Vision,875848769
930,Herod-C,preferred,Auto Rifle,Stasis,1,0,0,1,"Dynamic Sway Reduction, Shoot to Loot, Stats for All","Elemental Capacitor, Moving Target, Tap the Trigger",4,Dynamic Sway Reduction+Elemental Capacitor | Moving Target+Stats for All | Shoot to Loot+Tap the Trigger | Stats for All+Tap the Trigger,2065366342
931,Acosmic,preferred,Grenade Launcher,Void,1,0,0,1,"Air Trigger, Enlightened Action, Impulse Amplifier","Deconstruct, Destabilizing Rounds, Explosive Light",4,Air Trigger+Deconstruct | Air Trigger+Explosive Light | Destabilizing Rounds+Impulse Amplifier | Enlightened Action+Explosive Light,1106017703
932,Tomorrow's Answer,preferred,Rocket Launcher,Void,1,0,0,1,"Danger Zone, Envious Arsenal, Tracking Module","Cluster Bomb, Frenzy, Vorpal Weapon",4,Cluster Bomb+Envious Arsenal | Danger Zone+Vorpal Weapon | Envious Arsenal+Frenzy | Tracking Module+Vorpal Weapon,3009199534
933,The Keening,preferred,Sidearm,Arc,1,0,0,1,"Killing Wind, Subsistence, Voltshot","Snapshot Sights, Vorpal Weapon, Zen Moment",4,Killing Wind+Vorpal Weapon | Snapshot Sights+Subsistence | Voltshot+Vorpal Weapon | Voltshot+Zen Moment,3902351469
934,Horror Story,preferred,Auto Rifle,Stasis,1,0,0,1,"Discord, Envious Assassin, Under-Over","Adrenaline Junkie, Collective Action, Frenzy",4,Adrenaline Junkie+Discord | Adrenaline Junkie+Envious Assassin | Collective Action+Envious Assassin | Frenzy+Under-Over,2884070594
935,Glissando-47,preferred,Scout Rifle,Strand,1,0,0,1,"Overflow, Perfect Float, Reconstruction","Cascade Point, Harmony, Opening Shot",4,Cascade Point+Reconstruction | Harmony+Reconstruction | Opening Shot+Overflow | Opening Shot+Perfect Float,3156551028
936,Ded Gramarye IV,preferred,Shotgun,Arc,1,0,0,1,"Eddy Current, Slickdraw, Threat Detector","Golden Tricorn, Golden Tricorn Enhanced, Vorpal Weapon",4,Eddy Current+Golden Tricorn Enhanced | Golden Tricorn+Threat Detector | Slickdraw+Vorpal Weapon | Threat Detector+Vorpal Weapon,870893339
937,Ulterior Observation,preferred,Machine Gun,Stasis,1,0,0,1,"Built to Blast, Envious Arsenal, Feeding Frenzy","Binary Orbit, Closing Time, Rimestealer",3,Built to Blast+Closing Time | Envious Arsenal+Rimestealer | Feeding Frenzy+Rimestealer,1079872540
938,Trendsetter,preferred,Auto Rifle,Arc,1,0,0,1,"Light Touch, Supercharged Magazine, Trickle Charge","Tap the Trigger, Zen Moment",3,Light Touch+Zen Moment | Supercharged Magazine+Zen Moment | Tap the Trigger+Trickle Charge,2863808104
939,The Ringing Nail,preferred,Auto Rifle,Solar,1,0,0,1,"Dragonfly, Impromptu Ammunition, Incandescent","Burning Ambition, Disruption Break, Onslaught",3,Burning Ambition+Dragonfly | Disruption Break+Impromptu Ammunition | Impromptu Ammunition+Onslaught,4206550094
940,Swordbreaker (Adept),preferred,Shotgun,Strand,0,1,1,0,"Elemental Capacitor, Paracausal Affinity, Slideshot","Aggregate Charge, Barrel Constrictor, One-Two Punch",3,Aggregate Charge+Paracausal Affinity | Elemental Capacitor+One-Two Punch | One-Two Punch+Paracausal Affinity,1239700299
941,Seraphine Haze,preferred,Submachine Gun,Stasis,1,0,0,1,"Demolitionist, Lead From Light, Rimestealer","Collective Pugilism, Crystalline Corpsebloom",3,Collective Pugilism+Demolitionist | Collective Pugilism+Rimestealer | Crystalline Corpsebloom+Lead From Light,1524387902
942,Folded Root,preferred,Rocket Launcher,Void,1,0,0,1,"Danger Zone, Reverberation","Destabilizing Rounds, Lasting Impression, Multikill Clip",3,Danger Zone+Destabilizing Rounds | Lasting Impression+Reverberation | Multikill Clip+Reverberation,3184457500
943,Corundum Hammer,preferred,Hand Cannon,Strand,1,0,0,1,"Firefly, Reconstruction, Slideshot","Keep Away, Precision Instrument, Tear",3,Firefly+Precision Instrument | Keep Away+Reconstruction | Slideshot+Tear,2263462407
944,Auric Disabler,preferred,Auto Rifle,Strand,1,0,0,1,"Dynamic Sway Reduction, Hatchling, Lone Wolf","Onslaught, Tap the Trigger, Tear",3,Dynamic Sway Reduction+Tear | Hatchling+Tap the Trigger | Lone Wolf+Onslaught,702001725
945,A Good Shout,preferred,Combat Bow,Void,1,0,0,1,"Built to Blast, No Distractions, Repulsor Brace","Box Breathing, Butterfly, Demoralize",3,Box Breathing+Repulsor Brace | Butterfly+No Distractions | Demoralize+No Distractions,3615748501
946,Yeartide Apex,preferred,Submachine Gun,Solar,1,0,0,1,"Feeding Frenzy, Lone Wolf, Recycled Energy","Burning Ambition, Chaos Reshaped, Incandescent",3,Burning Ambition+Feeding Frenzy | Chaos Reshaped+Lone Wolf | Incandescent+Recycled Energy,3293207827
947,VS Chill Inhibitor,preferred,Grenade Launcher,Stasis,1,0,0,1,"Cascade Point, Chill Clip, Demolitionist","Explosive Light, Surrounded",3,Cascade Point+Surrounded | Chill Clip+Surrounded | Demolitionist+Explosive Light,2452936817
948,Steelfeather Repeater,preferred,Auto Rifle,Kinetic,1,0,0,1,"Bewildering Burst, Grave Robber, Proximity Power","All-Star, Surrounded",3,All-Star+Grave Robber | All-Star+Proximity Power | Bewildering Burst+Surrounded,771811870
949,Solemn Lie,preferred,Hand Cannon,Arc,1,0,0,1,"Keep Away, Killing Wind, Trickle Charge","Elemental Capacitor, Rapid Hit, Rolling Storm",3,Keep Away+Rapid Hit | Killing Wind+Rolling Storm | Rapid Hit+Trickle Charge,1041028435
950,Riiswalker,preferred,Shotgun,Kinetic,1,0,0,1,"Discord, Shot Swap, Slideshot","Adagio, Iron Reach",3,Adagio+Shot Swap | Discord+Iron Reach | Iron Reach+Slideshot,1764868900
951,Palmyra-B,preferred,Rocket Launcher,Stasis,1,0,1,1,"Ensemble, Surplus, Unrelenting","Explosive Light, Lasting Impression",3,Ensemble+Explosive Light | Explosive Light+Surplus | Lasting Impression+Unrelenting,3489657138
952,Nox Sidereal IV,preferred,Fusion Rifle,Stasis,1,0,0,1,"Clown Cartridge, Proximity Power, Shot Swap","Crystalline Corpsebloom, Frenzy, Reservoir Burst",3,Clown Cartridge+Crystalline Corpsebloom | Crystalline Corpsebloom+Proximity Power | Frenzy+Shot Swap,2875763009
953,Main Ingredient,preferred,Fusion Rifle,Arc,1,0,0,1,"Moving Target, Snapshot Sights","Backup Plan, Quickdraw, Tap the Trigger",3,Backup Plan+Snapshot Sights | Moving Target+Quickdraw | Snapshot Sights+Tap the Trigger,253196586
954,Maahes HC4,preferred,Hand Cannon,Void,1,0,0,1,"Enlightened Action, Pulse Monitor, Repulsor Brace","Destabilizing Rounds, Disruption Break, Golden Tricorn",3,Destabilizing Rounds+Pulse Monitor | Disruption Break+Repulsor Brace | Enlightened Action+Golden Tricorn,1246793994
955,Indebted Kindness,preferred,Sidearm,Arc,1,0,0,1,"Air Trigger, Beacon Rounds, Deconstruct","Attrition Orbs, Chain Reaction, Gear Shift",3,Air Trigger+Attrition Orbs | Beacon Rounds+Chain Reaction | Beacon Rounds+Gear Shift,2554513694
956,Inbound Surveillance,preferred,Scout Rifle,Kinetic,1,0,0,1,"Keep Away, Lucky Shot, Rapid Hit","Adhesive Ordnance, Precision Instrument",3,Adhesive Ordnance+Keep Away | Adhesive Ordnance+Rapid Hit | Lucky Shot+Precision Instrument,2776506837
957,Ill Omen,preferred,Sword,Stasis,1,0,1,1,"Empty Traits Socket, Strategist, Valiant Charge","Cold Steel, Empty Traits Socket, One for All",3,Cold Steel+Empty Traits Socket | Empty Traits Socket+One for All | One for All+Valiant Charge,3794274730
958,Drang,preferred,Sidearm,Solar,1,0,1,1,"Collective Pugilism, Disruption Break, Envious Assassin","Binary Orbit, Frenzy, Master of Arms",3,Binary Orbit+Envious Assassin | Collective Pugilism+Master of Arms | Disruption Break+Frenzy,358190158
959,Bad Omens,preferred,Rocket Launcher,Void,1,0,0,1,"Auto-Loading Holster, Bipod, Destabilizing Rounds","Cluster Bomb, Explosive Light, Kill Clip",3,Auto-Loading Holster+Cluster Bomb | Bipod+Kill Clip | Destabilizing Rounds+Explosive Light,1996201272
960,Arcane Embrace,preferred,Shotgun,Arc,1,0,0,1,"Air Trigger, Grave Robber, Threat Detector","Desperado, Precision Instrument, Tap the Trigger",3,Air Trigger+Tap the Trigger | Desperado+Threat Detector | Grave Robber+Precision Instrument,3649985571
961,Ahab Char,preferred,Auto Rifle,Solar,1,0,0,1,"Heal Clip, Proximity Power, Recycled Energy","Eye of the Storm, High-Impact Reserves, Kill Clip",3,Eye of the Storm+Proximity Power | Eye of the Storm+Recycled Energy | Heal Clip+High-Impact Reserves,1411560894
962,Abyss Defiant (Adept),preferred,Auto Rifle,Solar,0,1,1,0,"Burning Ambition, Outlaw, Reconstruction","Binary Orbit, Kill Clip, Target Lock",3,Burning Ambition+Kill Clip | Kill Clip+Reconstruction | Outlaw+Target Lock,3782662983
963,Yesterday's Question,preferred,Hand Cannon,Arc,1,0,0,1,"Air Trigger, Closing Time, Rapid Hit","Headseeker, Voltshot, Vorpal Weapon",3,Air Trigger+Headseeker | Closing Time+Vorpal Weapon | Rapid Hit+Voltshot,2300143112
964,Tusk of the Boar,preferred,Grenade Launcher,Strand,1,0,0,1,"Envious Assassin, Grave Robber, Pulse Monitor","Bait and Switch, Deconstruct",3,Bait and Switch+Grave Robber | Bait and Switch+Pulse Monitor | Deconstruct+Envious Assassin,1218113510
965,Crowning Duologue,preferred,Rocket Launcher,Strand,1,0,0,1,"Auto-Loading Holster, Hatchling, Impulse Amplifier","Bipod, Chain Reaction, Envious Assassin",3,Auto-Loading Holster+Envious Assassin | Bipod+Hatchling | Envious Assassin+Impulse Amplifier,4106757302
966,Trinary System,preferred,Fusion Rifle,Solar,1,0,0,1,"Firmly Planted, Quickdraw, Slideways","Backup Plan, High-Impact Reserves, Thresh",3,Firmly Planted+Thresh | High-Impact Reserves+Quickdraw | High-Impact Reserves+Slideways,3258665412
967,Timeworn Wayfarer,preferred,Scout Rifle,Solar,1,0,1,1,"Dual Loader, Empty Traits Socket, Strategist","Desperate Measures, High Ground, Incandescent",3,Desperate Measures+Dual Loader | Empty Traits Socket+High Ground | Incandescent+Strategist,1058098236
968,The Messenger,preferred,Pulse Rifle,Kinetic,1,0,0,1,"Discord, Outlaw, Perpetual Motion","Headseeker, Kinetic Tremors",3,Discord+Headseeker | Kinetic Tremors+Outlaw | Kinetic Tremors+Perpetual Motion,3796795102
969,The Inquisitor,preferred,Shotgun,Arc,1,0,0,1,"Envious Assassin, Loose Change, Perpetual Motion","Cascade Point, Fragile Focus, Precision Instrument",3,Cascade Point+Loose Change | Envious Assassin+Fragile Focus | Loose Change+Precision Instrument,51129316
970,The Hero's Burden,preferred,Submachine Gun,Void,1,0,0,1,"Air Assault, Zen Moment","Iron Reach, Vorpal Weapon",3,Air Assault+Vorpal Weapon | Iron Reach+Zen Moment | Vorpal Weapon+Zen Moment,2488587246
971,Sublimation,preferred,Scout Rifle,Arc,1,0,0,1,"Eddy Current, Moving Target, Shoot to Loot","No Distractions, Precision Instrument",3,Eddy Current+Precision Instrument | Moving Target+No Distractions | No Distractions+Shoot to Loot,1674692344
972,Spoiler Alert,preferred,Sidearm,Kinetic,1,0,0,1,"Killing Wind, Surplus, Tunnel Vision","High-Impact Reserves, Osmosis",3,High-Impact Reserves+Tunnel Vision | Killing Wind+Osmosis | Osmosis+Surplus,2588048270
973,Solemn Remembrance,preferred,Hand Cannon,Stasis,1,0,0,1,"Headstone, Zen Moment","Firefly, Keep Away, Magnificent Howl",3,Firefly+Headstone | Headstone+Keep Away | Headstone+Magnificent Howl,4116518582
974,Fair Judgment,preferred,Auto Rifle,Stasis,1,0,0,1,"Deconstruct, Enlightened Action, Perpetual Motion","Built to Blast, Frenzy",3,Built to Blast+Enlightened Action | Built to Blast+Perpetual Motion | Deconstruct+Frenzy,4113452819
975,Sola's Scar,preferred,Sword,Solar,1,0,0,1,"Demolitionist, Energy Transfer, Tireless Blade","Chain Reaction, Frenzy, Whirlwind Blade",3,Chain Reaction+Energy Transfer | Demolitionist+Whirlwind Blade | Frenzy+Tireless Blade,4089030727
976,Rufus's Fury (Adept),preferred,Auto Rifle,Strand,0,1,1,0,"Perpetual Motion, Pugilist, Thresh","Aggregate Charge, Chaos Reshaped, Frenzy",3,Aggregate Charge+Pugilist | Aggregate Charge+Thresh | Frenzy+Pugilist,342514437
977,Permafrost,preferred,Grenade Launcher,Stasis,1,0,0,1,"Overflow, Rimestealer","Adrenaline Junkie, Crystalline Corpsebloom, Reaper's Tithe",3,Adrenaline Junkie+Overflow | Crystalline Corpsebloom+Overflow | Overflow+Reaper's Tithe,2922964484
978,Punching Out,preferred,Sidearm,Solar,1,0,0,1,"Light Touch, Rangefinder, Subsistence","Feeding Frenzy, Incandescent, Kill Clip",3,Feeding Frenzy+Subsistence | Incandescent+Light Touch | Kill Clip+Light Touch,1469372193
979,Pardon Our Dust,preferred,Grenade Launcher,Kinetic,1,0,1,1,"Ensemble, Pulse Monitor, Steady Hands","Adrenaline Junkie, Danger Zone, Rampage",3,Adrenaline Junkie+Pulse Monitor | Danger Zone+Steady Hands | Ensemble+Rampage,3849810018
980,PLUG ONE.1,preferred,Fusion Rifle,Arc,1,0,0,1,"Feeding Frenzy, Slideways, Under Pressure","Closing Time, Desperate Measures, Reservoir Burst",3,Closing Time+Slideways | Desperate Measures+Under Pressure | Feeding Frenzy+Reservoir Burst,3293524502
981,Null Composure,preferred,Fusion Rifle,Void,1,0,0,1,"Envious Arsenal, Heating Up, Successful Warm-Up","Elemental Honing, High-Impact Reserves, Reservoir Burst",3,Elemental Honing+Heating Up | Envious Arsenal+Reservoir Burst | High-Impact Reserves+Successful Warm-Up,3613444087
982,Malediction,preferred,Hand Cannon,Kinetic,1,0,0,1,"Enlightened Action, Sleight of Hand, To the Pain","All-Star, Explosive Payload, Eye of the Storm",3,All-Star+To the Pain | Enlightened Action+Explosive Payload | Eye of the Storm+Sleight of Hand,979721268
983,Jurisprudent,preferred,Scout Rifle,Stasis,1,0,0,1,"Built to Blast, Recycled Energy, Rimestealer","Explosive Payload, Focused Fury, No Distractions",3,Built to Blast+Focused Fury | Explosive Payload+Rimestealer | No Distractions+Recycled Energy,4090134063
984,Last Foray,preferred,Sniper Rifle,Solar,1,0,0,1,"Envious Assassin, Heal Clip, Quickdraw","Bait and Switch, Explosive Payload, Triple Tap",3,Bait and Switch+Quickdraw | Envious Assassin+Explosive Payload | Heal Clip+Triple Tap,4118936670
985,Felwinter's Lie,preferred,Shotgun,Solar,1,0,0,1,"Cascade Point, Heal Clip, Slickdraw","Closing Time, Iron Reach, Opening Shot",3,Cascade Point+Opening Shot | Closing Time+Heal Clip | Closing Time+Slickdraw,218787950
986,Deadlock,preferred,Shotgun,Stasis,1,0,0,1,"Offhand Strike, Quickdraw, Surplus","Closing Time, One-Two Punch, Snapshot Sights",3,Closing Time+Quickdraw | Offhand Strike+Snapshot Sights | One-Two Punch+Surplus,3926987546
987,Astral Horizon,preferred,Shotgun,Kinetic,1,0,0,1,"Lead from Gold, Slideshot, Threat Detector","Celerity, Demolitionist, Elemental Capacitor",4,Celerity+Threat Detector | Demolitionist+Slideshot | Elemental Capacitor+Lead from Gold | Elemental Capacitor+Slideshot,1697682876
988,Cry Mutiny,preferred,Grenade Launcher,Solar,1,0,0,1,"Blast Distributor, Danger Zone, Demolitionist","Adrenaline Junkie, Full Court, Swashbuckler",3,Blast Distributor+Swashbuckler | Danger Zone+Swashbuckler | Demolitionist+Full Court,768696858
989,Convened Recurve,preferred,Combat Bow,Void,1,0,0,1,"Built to Blast, Repulsor Brace, Successful Warm-Up","Adagio, Butterfly, Destabilizing Rounds",3,Adagio+Repulsor Brace | Built to Blast+Destabilizing Rounds | Butterfly+Successful Warm-Up,3667861447
990,Bug-Out Bag,preferred,Submachine Gun,Solar,1,0,0,1,"Air Assault, Gutshot Straight, Perpetual Motion","Incandescent, Multikill Clip, Swashbuckler",3,Air Assault+Incandescent | Gutshot Straight+Swashbuckler | Multikill Clip+Perpetual Motion,2832639510
991,Boomslang-4fr,preferred,Linear Fusion Rifle,Arc,1,0,0,1,"Field Prep, Rapid Hit, Rolling Storm","Jolting Feedback, Successful Warm-Up, Vorpal Weapon",3,Field Prep+Successful Warm-Up | Rapid Hit+Successful Warm-Up | Rolling Storm+Vorpal Weapon,3926153598
992,Aurvandil FR6,preferred,Fusion Rifle,Stasis,1,0,0,1,"Firmly Planted, Hip-Fire Grip, Reconstruction","Elemental Capacitor, Golden Tricorn, Golden Tricorn Enhanced",3,Elemental Capacitor+Reconstruction | Firmly Planted+Golden Tricorn | Golden Tricorn Enhanced+Hip-Fire Grip,3786215462
993,Aurora Dawn,preferred,Sword,Stasis,1,0,0,1,"Proximity Power, Rimestealer, Sharp Harvest","One for All, Vorpal Weapon, Whirlwind Blade",3,One for All+Proximity Power | Rimestealer+Whirlwind Blade | Sharp Harvest+Vorpal Weapon,2111625436
994,Archon's Thunder,preferred,Machine Gun,Stasis,1,0,0,1,"Air Trigger, Fourth Time's the Charm, Rimestealer","Killing Tally, Onslaught, Rewind Rounds",3,Fourth Time's the Charm+Rewind Rounds | Killing Tally+Rimestealer | Rewind Rounds+Rimestealer,2896109856
995,Allied Demand,preferred,Sidearm,Kinetic,1,0,0,1,"Air Assault, Auto-Loading Holster, Rapid Hit","Frenzy, Multikill Clip, Under-Over",3,Air Assault+Frenzy | Auto-Loading Holster+Multikill Clip | Rapid Hit+Under-Over,1532276803
996,Wastelander M5,preferred,Shotgun,Kinetic,1,0,1,1,"Air Assault, Lead from Gold, Pugilist","Adagio, Harmony, Opening Shot",3,Adagio+Pugilist | Air Assault+Opening Shot | Harmony+Lead from Gold,1679868061
997,The Mountaintop,preferred,Grenade Launcher,Kinetic,1,0,0,1,"Demolitionist, Impulse Amplifier, Slickdraw","One for All, Rampage, Recombination",3,Demolitionist+Recombination | Impulse Amplifier+Rampage | One for All+Slickdraw,4043921923
998,The Time-Worn Spire,preferred,Pulse Rifle,Kinetic,1,0,0,1,"Slideways, Under Pressure","Iron Reach, Rampage",3,Iron Reach+Slideways | Iron Reach+Under Pressure | Rampage+Slideways,3593598010
999,The Immortal,preferred,Submachine Gun,Strand,1,0,0,1,"Attrition Orbs, Hatchling, Rangefinder","Lone Wolf, Master of Arms, Target Lock",3,Attrition Orbs+Lone Wolf | Hatchling+Master of Arms | Hatchling+Target Lock,2872063099
1000,Tarnished Mettle,preferred,Scout Rifle,Arc,1,0,1,1,"Killing Wind, Rapid Hit, Shoot to Loot","Dragonfly, Empty Traits Socket, Explosive Payload",3,Dragonfly+Shoot to Loot | Empty Traits Socket+Rapid Hit | Explosive Payload+Killing Wind,2218569744
1001,Something New,preferred,Hand Cannon,Stasis,1,0,0,1,"Subsistence, Triple Tap, Wellspring","Encore, Golden Tricorn, Golden Tricorn Enhanced",3,Encore+Subsistence | Golden Tricorn+Triple Tap | Golden Tricorn Enhanced+Triple Tap,3240434620
1002,Ogma PR6,preferred,Pulse Rifle,Solar,1,0,0,1,"Demolitionist, Heating Up, Unrelenting","Disruption Break, Wellspring",3,Demolitionist+Disruption Break | Heating Up+Wellspring | Unrelenting+Wellspring,324584912
1003,Division (Adept),preferred,Sidearm,Arc,0,1,0,1,"Eddy Current, Encore, Perfect Float","Kill Clip, Swashbuckler, Voltshot",3,Eddy Current+Swashbuckler | Encore+Voltshot | Kill Clip+Perfect Float,3734001727
1004,Aisha's Embrace,preferred,Scout Rifle,Void,1,0,0,1,"Demoralize, Encore, Eye of the Storm","Adagio, Desperate Measures, Destabilizing Rounds",3,Adagio+Encore | Demoralize+Desperate Measures | Destabilizing Rounds+Encore,3709368142
1005,The Riposte,preferred,Auto Rifle,Void,1,0,0,1,"Dimensional Shift, Tap the Trigger, Zen Moment","Binary Orbit, Built to Blast, Destabilizing Rounds",4,Binary Orbit+Tap the Trigger | Binary Orbit+Zen Moment | Built to Blast+Tap the Trigger | Built to Blast+Zen Moment,866434750
1006,Trachinus,preferred,Shotgun,Stasis,1,0,0,1,"Rapid Hit, Rimestealer","Chill Clip, Encore",2,Chill Clip+Rapid Hit | Encore+Rimestealer,2888021254
1007,Sorrow's Verse,preferred,Auto Rifle,Arc,1,0,0,1,"Feeding Frenzy, Recycled Energy, Subsistence","Frenzy, Multikill Clip, Rampage",2,Multikill Clip+Recycled Energy | Rampage+Recycled Energy,2557966895
1008,Rake Angle,preferred,Glaive,Stasis,1,0,0,1,"Impulse Amplifier, Pugilist, Replenishing Aegis","Close to Melee, Surrounded, Swashbuckler",2,Close to Melee+Pugilist | Replenishing Aegis+Swashbuckler,2298039571
1009,Pure Recollection,preferred,Shotgun,Void,1,0,0,1,Dual Loader,"Headseeker, Withering Gaze",2,Dual Loader+Headseeker | Dual Loader+Withering Gaze,1956186483
1010,Kept Confidence,preferred,Hand Cannon,Strand,1,0,1,1,"Air Assault, Loose Change, Quickdraw","Eye of the Storm, Gutshot Straight, Multikill Clip",2,Gutshot Straight+Quickdraw | Loose Change+Multikill Clip,1875512595
1011,Gunnora's Axe,preferred,Shotgun,Arc,1,0,0,1,"Auto-Loading Holster, Quickdraw","Slideshot, Triple Tap",2,Auto-Loading Holster+Triple Tap | Quickdraw+Slideshot,2326716489
1012,Gizmo Weft,preferred,Grenade Launcher,Strand,1,0,0,1,Air Trigger,"Elemental Honing, Hatchling",2,Air Trigger+Elemental Honing | Air Trigger+Hatchling,4069880346
1013,Afterlight (Adept),preferred,Fusion Rifle,Void,0,1,0,1,"Ambitious Assassin, Discord, Offhand Strike","Adagio, Cornered, Successful Warm-Up",2,Ambitious Assassin+Successful Warm-Up | Cornered+Offhand Strike,3953163559
1014,Aberrant Action,preferred,Sidearm,Solar,1,0,1,1,"Beacon Rounds, Empty Traits Socket, Field Prep","Golden Tricorn, Harmony, Reverberation",2,Beacon Rounds+Harmony | Empty Traits Socket+Reverberation,2198166292
1015,Warden's Law,preferred,Hand Cannon,Kinetic,1,0,0,1,"Fourth Time's the Charm, Snapshot Sights",Shot Swap,2,Fourth Time's the Charm+Shot Swap | Shot Swap+Snapshot Sights,1821529912
1016,The Summoner,preferred,Auto Rifle,Solar,1,0,0,1,"Dynamic Sway Reduction, Heal Clip, Overflow","Golden Tricorn, Golden Tricorn Enhanced, Onslaught",2,Dynamic Sway Reduction+Golden Tricorn Enhanced | Onslaught+Overflow,1820994983
1017,Spare Rations,preferred,Hand Cannon,Kinetic,1,0,0,1,"Offhand Strike, Slideshot","Kinetic Tremors, Vorpal Weapon",2,Kinetic Tremors+Slideshot | Offhand Strike+Vorpal Weapon,3236112986
1018,Shadow Price,preferred,Auto Rifle,Arc,1,0,0,1,"Bottomless Grief, Surplus","Thresh, Unrelenting",2,Bottomless Grief+Unrelenting | Surplus+Thresh,2633186522
1019,Salvager's Salvo,preferred,Grenade Launcher,Arc,1,0,0,1,"Ambitious Assassin, Chain Reaction, Demolitionist","Gear Shift, Reaper's Tithe, Rolling Storm",2,Chain Reaction+Gear Shift | Demolitionist+Gear Shift,2461640837
1020,Rapacious Appetite,preferred,Submachine Gun,Stasis,1,0,1,1,"Encore, Offhand Strike, Perpetual Motion","Cascade Point, Headstone, One for All",2,Encore+One for All | Headstone+Offhand Strike,1081724548
1021,Psi Aeterna IV,preferred,Pulse Rifle,Arc,1,0,0,1,"Eddy Current, Reverberation, Stats for All","Collective Pugilism, Elemental Honing, One for All",2,Collective Pugilism+Reverberation | Eddy Current+One for All,3556730800
1022,Pressurized Precision,preferred,Fusion Rifle,Strand,1,0,0,1,"Firmly Planted, Moving Target","Hatchling, Kickstart",2,Firmly Planted+Hatchling | Kickstart+Moving Target,293709640
1023,Peacebond,preferred,Sidearm,Stasis,1,0,0,1,"Headstone, Zen Moment","Kill Clip, Rimestealer",2,Headstone+Kill Clip | Rimestealer+Zen Moment,3437370193
1024,Nameless Midnight,preferred,Scout Rifle,Kinetic,1,0,0,1,"Explosive Payload, High-Impact Reserves","Opening Shot, Rampage",2,Explosive Payload+Rampage | High-Impact Reserves+Opening Shot,3040742682
1025,Mos Athanor IV,preferred,Hand Cannon,Void,1,0,0,1,"Built to Blast, Destabilizing Rounds","Precision Instrument, Sword Logic",2,Built to Blast+Sword Logic | Destabilizing Rounds+Precision Instrument,4118334987
1026,Exalted Truth,preferred,Hand Cannon,Void,1,0,0,1,"Keep Away, Lone Wolf, Withering Gaze","Demoralize, Eye of the Storm, Repulsor Brace",3,Eye of the Storm+Withering Gaze | Keep Away+Repulsor Brace | Lone Wolf+Repulsor Brace,3436626079
1027,Mistral Lift,preferred,Linear Fusion Rifle,Void,1,0,0,1,"Envious Arsenal, Moving Target",Firing Line,2,Envious Arsenal+Firing Line | Firing Line+Moving Target,3483485727
1028,Mercury-A,preferred,Combat Bow,Kinetic,1,0,0,1,Successful Warm-Up,"High Ground, Kinetic Tremors",2,High Ground+Successful Warm-Up | Kinetic Tremors+Successful Warm-Up,2838279629
1029,Keen Thistle,preferred,Sniper Rifle,Solar,1,0,0,1,"Envious Arsenal, Incandescent, Snapshot Sights","Bait and Switch, Closing Time, Fourth Time's the Charm",2,Closing Time+Incandescent | Fourth Time's the Charm+Snapshot Sights,2499834164
1030,Infinite Paths 8,preferred,Pulse Rifle,Arc,1,0,0,1,"Auto-Loading Holster, Demolitionist","Dragonfly, Shield Disorient",2,Auto-Loading Holster+Dragonfly | Demolitionist+Shield Disorient,3233390913
1031,Aureus Neutralizer,preferred,Hand Cannon,Kinetic,1,0,0,1,"Grave Robber, Threat Remover","Cascade Point, Desperate Measures",2,Cascade Point+Grave Robber | Desperate Measures+Threat Remover,3981920134
1032,Aisha's Care,preferred,Pulse Rifle,Strand,1,0,0,1,"Encore, Gutshot Straight, Outlaw","Collective Action, Golden Tricorn, Golden Tricorn Enhanced",2,Collective Action+Encore | Golden Tricorn Enhanced+Outlaw,3969379530
1033,Adored,preferred,Sniper Rifle,Arc,1,0,0,1,"Elemental Capacitor, Supercharged Magazine","Closing Time, No Distractions",2,Closing Time+Elemental Capacitor | No Distractions+Supercharged Magazine,1405095983
1034,Syncopation-53,preferred,Pulse Rifle,Stasis,1,0,1,1,"Moving Target, Steady Hands","Headstone, Rangefinder",2,Headstone+Moving Target | Rangefinder+Steady Hands,2856514843
1035,Unending Tempest,preferred,Submachine Gun,Stasis,1,0,0,1,"Gutshot Straight, Killing Wind, Shot Swap","Fragile Focus, Rangefinder, Surrounded",3,Killing Wind+Rangefinder | Killing Wind+Surrounded | Shot Swap+Surrounded,2510526114
1036,Roar of the Bear,preferred,Rocket Launcher,Solar,1,0,0,1,"Field Prep, Tracking Module","Incandescent, Lasting Impression",2,Field Prep+Incandescent | Lasting Impression+Tracking Module,4009352833
1037,Red Tape,preferred,Scout Rifle,Stasis,1,0,0,1,"Closing Time, Lone Wolf","One for All, Rampage",2,Closing Time+One for All | Lone Wolf+Rampage,3423493037
1038,Ragnhild-D,preferred,Shotgun,Kinetic,1,0,1,1,"Dual Loader, Ensemble, Subsistence","Adrenaline Junkie, Demolitionist, Thresh",2,Adrenaline Junkie+Dual Loader | Ensemble+Thresh,4225322581
1039,Occluded Finality,preferred,Sniper Rifle,Arc,1,0,0,1,"Mulligan, Rapid Hit","Elemental Capacitor, Vorpal Weapon",2,Elemental Capacitor+Rapid Hit | Mulligan+Vorpal Weapon,852551895
1040,Hardline Cut,preferred,Sword,Arc,1,0,0,1,"Flash Counter, Tireless Blade","Eager Edge, Jolting Feedback",2,Eager Edge+Flash Counter | Jolting Feedback+Tireless Blade,3461043766
1041,Eighty-Six,preferred,Sword,Strand,1,0,0,1,"Duelist's Trance, Flash Counter, Slice","Attrition Orbs, Binary Orbit, En Garde",2,Attrition Orbs+Duelist's Trance | En Garde+Slice,2344383760
1042,Duty Bound,preferred,Auto Rifle,Kinetic,1,0,0,1,"Stats for All, Triple Tap","One for All, Rampage",2,One for All+Triple Tap | Rampage+Stats for All,435216110
1043,Cold Denial,preferred,Pulse Rifle,Kinetic,1,0,0,1,"Surplus, Tunnel Vision","Headseeker, Multikill Clip",2,Headseeker+Surplus | Multikill Clip+Tunnel Vision,558794124
1044,The Scholar,preferred,Scout Rifle,Kinetic,1,0,0,1,Slideways,Celerity,1,Celerity+Slideways,2478792241
1045,Sole Survivor,preferred,Sniper Rifle,Arc,1,0,0,1,Outlaw,Firing Line,1,Firing Line+Outlaw,1150492185
1046,Multimach CCX,preferred,Submachine Gun,Kinetic,1,0,0,1,Under-Over,Iron Reach,1,Iron Reach+Under-Over,3211624072
1047,Mint Retrograde,preferred,Pulse Rifle,Strand,1,0,0,1,Hatchling,Cascade Point,1,Cascade Point+Hatchling,3285784871
1048,Mercurial Overreach,preferred,Sniper Rifle,Arc,1,0,0,1,Envious Assassin,Box Breathing,1,Box Breathing+Envious Assassin,4257236930
1049,MIDA Macro-Tool,preferred,Shotgun,Arc,1,0,0,1,Grave Robber,Rolling Storm,1,Grave Robber+Rolling Storm,2699423382
1050,Loaded Question,preferred,Fusion Rifle,Arc,1,0,0,1,Firmly Planted,Pugilist,1,Firmly Planted+Pugilist,3125454907
1051,Horror's Least,preferred,Pulse Rifle,Arc,1,0,0,1,Steady Hands,High-Impact Reserves,1,High-Impact Reserves+Steady Hands,216983039
1052,Frozen Orbit,preferred,Sniper Rifle,Void,1,0,0,1,Surplus,Keep Away,1,Keep Away+Surplus,1516542120
1053,Blast Furnace,preferred,Pulse Rifle,Kinetic,1,0,0,1,Snapshot Sights,One for All,1,One for All+Snapshot Sights,2533990645
1054,The Recluse,preferred,Submachine Gun,Void,1,0,0,1,Feeding Frenzy,Target Lock,1,Feeding Frenzy+Target Lock,3098328572
1055,The Other Half,preferred,Sword,Void,1,0,1,1,Eager Edge,Surrounded,1,Eager Edge+Surrounded,3257091167
1056,Temptation's Hook,preferred,Sword,Arc,1,0,0,1,Wellspring,Whirlwind Blade,1,Wellspring+Whirlwind Blade,1587953057
1057,Stars in Shadow,preferred,Pulse Rifle,Solar,1,0,0,1,Rapid Hit,Sword Logic,1,Rapid Hit+Sword Logic,3602242905
1058,Romantic Death,preferred,Grenade Launcher,Void,1,0,0,1,Stats for All,Destabilizing Rounds,1,Destabilizing Rounds+Stats for All,2979965246
1059,Redrix's Estoc,preferred,Pulse Rifle,Stasis,1,0,0,1,Perpetual Motion,Sword Logic,1,Perpetual Motion+Sword Logic,3218364298
1060,Qua Nilus II,preferred,Submachine Gun,Strand,1,0,0,1,Slice,Harmony,1,Harmony+Slice,190747610
1061,Pre Astyanax IV,preferred,Combat Bow,Solar,1,0,0,1,Successful Warm-Up,Swashbuckler,1,Successful Warm-Up+Swashbuckler,471764396
1062,Perfect Pitch,preferred,Submachine Gun,Solar,1,0,0,1,Dynamic Sway Reduction,Focused Fury,1,Dynamic Sway Reduction+Focused Fury,2191451996
1063,Outrageous Fortune,preferred,Grenade Launcher,Solar,1,0,0,1,Stats for All,Explosive Light,1,Explosive Light+Stats for All,4146673634
1064,Out of Bounds,preferred,Submachine Gun,Arc,1,0,0,1,Demolitionist,Jolting Feedback,1,Demolitionist+Jolting Feedback,3021407779
1065,Micromort,preferred,Rocket Launcher,Arc,1,0,0,1,"Clown Cartridge, Envious Arsenal, Impulse Amplifier","Binary Orbit, Bipod, Chain Reaction",1,Bipod+Clown Cartridge,602331467
1066,Luna's Howl,preferred,Hand Cannon,Solar,1,0,0,1,Eye of the Storm,Opening Shot,1,Eye of the Storm+Opening Shot,3757612024
1067,Gridskipper,preferred,Pulse Rifle,Void,1,0,0,1,Repulsor Brace,Headseeker,1,Headseeker+Repulsor Brace,3433930495
1068,D.F.A.,preferred,Hand Cannon,Kinetic,1,0,0,1,Fragile Focus,Rampage,1,Fragile Focus+Rampage,575830664
1069,Cruel Mercy,preferred,Pulse Rifle,Arc,1,0,0,1,Eddy Current,Headseeker,1,Eddy Current+Headseeker,4011513985
1070,Chroma Rush,preferred,Auto Rifle,Kinetic,1,0,0,1,To the Pain,Tap the Trigger,1,Tap the Trigger+To the Pain,2598420927
1071,Brass Attacks,preferred,Sidearm,Void,1,0,0,1,Slideways,Frenzy,1,Frenzy+Slideways,1291040554
1072,Retrofuturist,preferred,Shotgun,Void,1,0,0,1,"Hip-Fire Grip, Pulse Monitor, Unrelenting","Barrel Constrictor, Deconstruct, Trench Barrel",7,Barrel Constrictor+Hip-Fire Grip | Barrel Constrictor+Pulse Monitor | Barrel Constrictor+Unrelenting | Deconstruct+Hip-Fire Grip | Deconstruct+Unrelenting | Hip-Fire Grip+Trench Barrel | Trench Barrel+Unrelenting,1612781792
1073,Submission (Adept),preferred,Submachine Gun,Kinetic,0,1,1,0,"Overflow, Sleight of Hand, Turnabout","Bait and Switch, Chaos Reshaped, Demolitionist",7,Bait and Switch+Overflow | Bait and Switch+Turnabout | Chaos Reshaped+Overflow | Chaos Reshaped+Sleight of Hand | Chaos Reshaped+Turnabout | Demolitionist+Overflow | Demolitionist+Sleight of Hand,1941816543
1074,Riptide,preferred,Fusion Rifle,Stasis,1,0,0,1,"Feeding Frenzy, Field Prep, Perpetual Motion","Chill Clip, Cornered, Successful Warm-Up",6,Chill Clip+Feeding Frenzy | Chill Clip+Field Prep | Cornered+Feeding Frenzy | Cornered+Field Prep | Cornered+Perpetual Motion | Feeding Frenzy+Successful Warm-Up,2715240478
1075,Mykel's Reverence (Adept),preferred,Sidearm,Strand,0,1,1,0,"Perfect Float, Thresh, Unrelenting","Master of Arms, Paracausal Affinity, Tap the Trigger",6,Master of Arms+Unrelenting | Paracausal Affinity+Perfect Float | Paracausal Affinity+Thresh | Paracausal Affinity+Unrelenting | Perfect Float+Tap the Trigger | Tap the Trigger+Unrelenting,1986287028
1076,Origin Story,preferred,Auto Rifle,Kinetic,1,0,0,1,"Fragile Focus, Keep Away, Threat Detector","Gutshot Straight, Pugilist, Swashbuckler",6,Fragile Focus+Swashbuckler | Gutshot Straight+Keep Away | Gutshot Straight+Threat Detector | Keep Away+Pugilist | Keep Away+Swashbuckler | Pugilist+Threat Detector,2826850739
1077,The Spiteful Fang,preferred,Combat Bow,Stasis,1,0,0,1,"Archer's Tempo, Rimestealer, Successful Warm-Up","Archer's Gambit, Firefly, Frenzy",5,Archer's Gambit+Rimestealer | Archer's Tempo+Frenzy | Firefly+Rimestealer | Firefly+Successful Warm-Up | Frenzy+Successful Warm-Up,1704597062
1078,No Hesitation,preferred,Auto Rifle,Solar,1,0,1,1,"Ensemble, Physic, Target Lock","Empty Traits Socket, Frenzy, Surrounded",5,Empty Traits Socket+Physic | Frenzy+Physic | Frenzy+Target Lock | Physic+Surrounded | Surrounded+Target Lock,1801007332
1079,Lubrae's Ruin (Adept),preferred,Glaive,Solar,0,1,1,0,"Close to Melee, Frenzy, Tilting at Windmills","Incandescent, Unrelenting, Unstoppable Force",5,Close to Melee+Unrelenting | Close to Melee+Unstoppable Force | Frenzy+Unstoppable Force | Incandescent+Tilting at Windmills | Tilting at Windmills+Unrelenting,1466006054
1080,Finite Impactor,preferred,Hand Cannon,Solar,1,0,0,1,"Enlightened Action, Iron Grip, Slideways","Burning Ambition, Heating Up, Rapid Hit",5,Burning Ambition+Iron Grip | Burning Ambition+Slideways | Enlightened Action+Rapid Hit | Heating Up+Iron Grip | Heating Up+Slideways,1917334929
1081,Cataclysmic (Adept),preferred,Linear Fusion Rifle,Solar,0,1,1,0,"Compulsive Reloader, Sleight of Hand, Slideshot","Box Breathing, Clown Cartridge, Turnabout",5,Box Breathing+Sleight of Hand | Box Breathing+Slideshot | Clown Cartridge+Compulsive Reloader | Clown Cartridge+Slideshot | Slideshot+Turnabout,2886339027
1082,Albedo Wing,preferred,Glaive,Arc,1,0,0,1,"Beacon Rounds, Field Prep, Immovable Object","Close to Melee, High-Impact Reserves, Lead from Gold",5,Beacon Rounds+High-Impact Reserves | Beacon Rounds+Lead from Gold | Close to Melee+Field Prep | High-Impact Reserves+Immovable Object | Immovable Object+Lead from Gold,2680976411
1083,Royal Entry,preferred,Rocket Launcher,Void,1,0,0,1,"Quickdraw, Rangefinder, Threat Detector","Ambitious Assassin, Clown Cartridge, Cluster Bomb",5,Ambitious Assassin+Rangefinder | Clown Cartridge+Rangefinder | Clown Cartridge+Threat Detector | Cluster Bomb+Quickdraw | Cluster Bomb+Threat Detector,2448907086
1084,Reghusk's Pledge,preferred,Auto Rifle,Void,1,0,0,1,"Built to Blast, Demoralize, Impromptu Ammunition","Attrition Orbs, Swashbuckler, Target Lock",5,Attrition Orbs+Impromptu Ammunition | Built to Blast+Swashbuckler | Built to Blast+Target Lock | Demoralize+Swashbuckler | Demoralize+Target Lock,2370525224
1085,Keraunios,preferred,Trace Rifle,Arc,1,0,0,1,"Rapid Hit, Shoot to Loot, Supercharged Magazine","Chain Reaction, Detonator Beam, Target Lock",5,Chain Reaction+Shoot to Loot | Chain Reaction+Supercharged Magazine | Detonator Beam+Shoot to Loot | Detonator Beam+Supercharged Magazine | Rapid Hit+Target Lock,2386208942
1086,Forthcoming Deviance (Adept),preferred,Glaive,Void,0,1,1,0,"Demolitionist, Dimensional Shift, Immovable Object","Collective Demolition, Unstoppable Force, Vorpal Weapon",5,Collective Demolition+Demolitionist | Collective Demolition+Immovable Object | Demolitionist+Unstoppable Force | Dimensional Shift+Vorpal Weapon | Immovable Object+Vorpal Weapon,3123651616
1087,Zaouli's Bane (Harrowed),preferred,Hand Cannon,Solar,0,1,1,0,"Explosive Payload, Gutshot Straight, Redirection","Focused Fury, Meganeura, Surrounded",5,Explosive Payload+Focused Fury | Explosive Payload+Meganeura | Explosive Payload+Surrounded | Meganeura+Redirection | Redirection+Surrounded,291092617
1088,Volta Bracket,preferred,Sniper Rifle,Strand,1,0,1,1,"Keep Away, Shoot to Loot, Subsistence","Cascade Point, Mega Kill Clip, Under Pressure",5,Cascade Point+Shoot to Loot | Keep Away+Under Pressure | Mega Kill Clip+Shoot to Loot | Mega Kill Clip+Subsistence | Shoot to Loot+Under Pressure,3920310144
1089,Imminence (Adept),preferred,Submachine Gun,Strand,0,1,1,0,"Dynamic Sway Reduction, Fragile Focus, Perpetual Motion","Desperate Measures, Firefly, Paracausal Affinity",5,Desperate Measures+Fragile Focus | Dynamic Sway Reduction+Firefly | Dynamic Sway Reduction+Paracausal Affinity | Firefly+Fragile Focus | Fragile Focus+Paracausal Affinity,3951511045
1090,Qullim's Terminus (Harrowed),preferred,Machine Gun,Stasis,0,1,1,0,"Firmly Planted, Heating Up, Slickdraw","Headstone, Killing Tally, Mega Kill Clip",5,Firmly Planted+Headstone | Firmly Planted+Killing Tally | Headstone+Slickdraw | Heating Up+Mega Kill Clip | Mega Kill Clip+Slickdraw,3248429089
1091,Embraced Identity,preferred,Sniper Rifle,Void,1,0,1,1,"Attrition Orbs, Permeability, Withering Gaze","Box Breathing, Fourth Time's the Charm, High Ground",5,Attrition Orbs+Box Breathing | Attrition Orbs+Fourth Time's the Charm | Box Breathing+Withering Gaze | Fourth Time's the Charm+Withering Gaze | High Ground+Permeability,2821677368
1092,Yesteryear,preferred,Pulse Rifle,Void,1,0,0,1,"Compulsive Reloader, Slideways, Well-Rounded","Pugilist, Repulsor Brace, Under-Over",5,Compulsive Reloader+Pugilist | Pugilist+Slideways | Pugilist+Well-Rounded | Repulsor Brace+Slideways | Slideways+Under-Over,4028000428
1093,Veiled Threat,preferred,Auto Rifle,Stasis,1,0,1,1,"Shoot to Loot, Strategist, To the Pain","Collective Action, Encore, Headstone",5,Collective Action+Shoot to Loot | Collective Action+To the Pain | Encore+Shoot to Loot | Encore+Strategist | Headstone+To the Pain,3685470415
1094,Song of Ir Yût (Adept),preferred,Machine Gun,Arc,0,1,1,0,"Jolting Feedback, Supercharged Magazine, Zen Moment","Bait and Switch, Master of Arms, Sword Logic",5,Bait and Switch+Supercharged Magazine | Bait and Switch+Zen Moment | Jolting Feedback+Master of Arms | Master of Arms+Zen Moment | Supercharged Magazine+Sword Logic,407511664
1095,Haliaetus,preferred,Rocket Launcher,Strand,1,0,0,1,"Envious Assassin, Impulse Amplifier, Quickdraw","Bipod, Hatchling, Reaper's Tithe",5,Bipod+Quickdraw | Envious Assassin+Reaper's Tithe | Hatchling+Impulse Amplifier | Hatchling+Quickdraw | Impulse Amplifier+Reaper's Tithe,2155534128
1096,Axial Lacuna,preferred,Fusion Rifle,Solar,1,0,1,1,"Cornered, Empty Traits Socket, Eye of the Storm","Controlled Burst, Frenzy, Kickstart",5,Controlled Burst+Empty Traits Socket | Controlled Burst+Eye of the Storm | Cornered+Frenzy | Empty Traits Socket+Kickstart | Eye of the Storm+Frenzy,3867373351
1097,Someday,preferred,Shotgun,Kinetic,1,0,1,1,"Dual Loader, Empty Traits Socket, Strategist","Barrel Constrictor, Collective Action, Recombination",4,Barrel Constrictor+Empty Traits Socket | Barrel Constrictor+Strategist | Collective Action+Dual Loader | Empty Traits Socket+Recombination,3232203524
1098,Praedyth's Revenge (Timelost),preferred,Sniper Rifle,Kinetic,0,1,1,0,"Envious Arsenal, Fourth Time's the Charm, Kinetic Tremors","All-Star, High-Impact Reserves, Opening Shot",4,All-Star+Envious Arsenal | All-Star+Fourth Time's the Charm | High-Impact Reserves+Kinetic Tremors | Kinetic Tremors+Opening Shot,2362652544
1099,Double-Edged Answer,preferred,Sword,Void,1,0,0,1,"En Garde, Energy Transfer, Pugilist","Adrenaline Junkie, Counterattack, Harmony",4,Adrenaline Junkie+Energy Transfer | Counterattack+Pugilist | En Garde+Harmony | Energy Transfer+Harmony,105164264
1100,Critical Anomaly (Adept),preferred,Sniper Rifle,Stasis,0,1,1,0,"Crystalline Corpsebloom, Rampage, Reconstruction","Firing Line, Mega Kill Clip, Triple Tap",4,Crystalline Corpsebloom+Firing Line | Crystalline Corpsebloom+Triple Tap | Mega Kill Clip+Rampage | Reconstruction+Triple Tap,172461430
1101,Chain of Command,preferred,Machine Gun,Stasis,1,0,0,1,"Osmosis, Turnabout, Under-Over","Adaptive Munitions, Desperate Measures, Focused Fury",4,Adaptive Munitions+Under-Over | Desperate Measures+Turnabout | Focused Fury+Turnabout | Focused Fury+Under-Over,1716620044
1102,Blowout,preferred,Rocket Launcher,Arc,1,0,0,1,"Sympathetic Arsenal, Thresh, Turnabout","Cluster Bomb, Disruption Break, Multikill Clip",4,Cluster Bomb+Turnabout | Disruption Break+Turnabout | Multikill Clip+Sympathetic Arsenal | Multikill Clip+Thresh,1903182562
1103,Willful Hamartia,preferred,Linear Fusion Rifle,Arc,1,0,0,1,"High-Impact Reserves, Lone Wolf, Slideways","Jolting Feedback, Offhand Strike, Reservoir Burst",4,High-Impact Reserves+Offhand Strike | High-Impact Reserves+Reservoir Burst | Jolting Feedback+Slideways | Lone Wolf+Offhand Strike,1952295804
1104,Wicked Sister,preferred,Grenade Launcher,Strand,1,0,0,1,"Clown Cartridge, Perpetual Motion, Slice","Explosive Light, Full Court, Reverberation",4,Clown Cartridge+Full Court | Explosive Light+Slice | Full Court+Perpetual Motion | Perpetual Motion+Reverberation,2039776723
1105,The Riposte,preferred,Auto Rifle,Void,1,0,0,1,"Dimensional Shift, Light Touch, Rewind Rounds","Destabilizing Rounds, Kill Clip, Target Lock",4,Destabilizing Rounds+Light Touch | Destabilizing Rounds+Rewind Rounds | Dimensional Shift+Kill Clip | Dimensional Shift+Target Lock,866434750
1106,Semiotician,preferred,Rocket Launcher,Strand,1,0,1,1,"Empty Traits Socket, Field Prep, Wellspring","Bipod, Danger Zone, Hatchling",4,Bipod+Wellspring | Danger Zone+Empty Traits Socket | Field Prep+Hatchling | Hatchling+Wellspring,2922749929
1107,Rapid Growth,preferred,Sniper Rifle,Arc,1,0,0,1,"Fourth Time's the Charm, Light Touch, Trickle Charge","Aggregate Charge, Binary Orbit, Closing Time",4,Aggregate Charge+Light Touch | Aggregate Charge+Trickle Charge | Binary Orbit+Fourth Time's the Charm | Closing Time+Trickle Charge,3856342856
1108,Koraxis's Distress (Adept),preferred,Grenade Launcher,Strand,0,1,1,0,"Blast Distributor, Chain Reaction, Danger Zone","Chaos Reshaped, Surrounded, Wellspring",4,Blast Distributor+Surrounded | Chain Reaction+Chaos Reshaped | Chain Reaction+Surrounded | Chaos Reshaped+Danger Zone,495442100
1109,Hushed Whisper,preferred,Combat Bow,Strand,1,0,0,1,"Lead From Light, Lone Wolf, Snapshot Sights","Archer's Gambit, Collective Action, Explosive Head",4,Archer's Gambit+Lead From Light | Archer's Gambit+Lone Wolf | Collective Action+Lead From Light | Explosive Head+Lone Wolf,3574168117
1110,Hezen Vengeance (Timelost),preferred,Rocket Launcher,Solar,0,1,1,0,"Cluster Bomb, Envious Arsenal, Incandescent","Collective Action, Explosive Light, Lasting Impression",4,Cluster Bomb+Explosive Light | Collective Action+Envious Arsenal | Envious Arsenal+Lasting Impression | Incandescent+Lasting Impression,3623686757
1111,Fatebringer (Timelost),preferred,Hand Cannon,Kinetic,0,1,1,0,"Explosive Payload, Osmosis, Stopping Power","All-Star, Binary Orbit, One for All",4,Binary Orbit+Explosive Payload | Binary Orbit+Osmosis | One for All+Osmosis | One for All+Stopping Power,4219826183
1112,Exile's Curse,preferred,Fusion Rifle,Arc,1,0,0,1,"Field Prep, Firmly Planted, Pulse Monitor","Celerity, Feeding Frenzy, Kickstart",4,Celerity+Firmly Planted | Feeding Frenzy+Firmly Planted | Feeding Frenzy+Pulse Monitor | Field Prep+Kickstart,679281855
1113,Ecliptic Distaff,preferred,Glaive,Void,1,0,0,1,"Disruption Break, Repulsor Brace, Tilting at Windmills","Binary Orbit, Unstoppable Force, Withering Gaze",4,Binary Orbit+Tilting at Windmills | Disruption Break+Withering Gaze | Repulsor Brace+Unstoppable Force | Tilting at Windmills+Withering Gaze,1942143745
1114,The Third Axiom,preferred,Pulse Rifle,Arc,1,0,0,1,"Quickdraw, Rangefinder, Zen Moment","Elemental Capacitor, Headseeker, Unrelenting",4,Headseeker+Quickdraw | Quickdraw+Unrelenting | Rangefinder+Unrelenting | Unrelenting+Zen Moment,3744058588
1115,The Call,preferred,Sidearm,Strand,1,0,1,1,"Beacon Rounds, Lead from Gold, Stats for All","Chaos Reshaped, Empty Traits Socket, Multikill Clip",4,Beacon Rounds+Chaos Reshaped | Chaos Reshaped+Lead from Gold | Empty Traits Socket+Lead from Gold | Multikill Clip+Stats for All,3947966653
1116,Servant Leader,preferred,Scout Rifle,Kinetic,1,0,0,1,"Hip-Fire Grip, No Distractions, Pulse Monitor","Adrenaline Junkie, Kill Clip, Thresh",4,Adrenaline Junkie+No Distractions | Hip-Fire Grip+Thresh | Kill Clip+No Distractions | Kill Clip+Pulse Monitor,1107446438
1117,Prolonged Engagement,preferred,Submachine Gun,Stasis,1,0,0,1,"Air Assault, Dynamic Sway Reduction, Perfect Float","Gutshot Straight, Pugilist, Target Lock",4,Air Assault+Target Lock | Dynamic Sway Reduction+Gutshot Straight | Perfect Float+Pugilist | Perfect Float+Target Lock,2349907931
1118,Positive Outlook,preferred,Auto Rifle,Void,1,0,0,1,"Invisible Hand, Shot Swap, Tap the Trigger","Adaptive Munitions, Destabilizing Rounds, Golden Tricorn",5,Adaptive Munitions+Shot Swap | Adaptive Munitions+Tap the Trigger | Destabilizing Rounds+Invisible Hand | Golden Tricorn+Shot Swap | Golden Tricorn+Tap the Trigger,491078457
1119,Non-Denouement (Adept),preferred,Combat Bow,Arc,0,1,1,0,"Shoot to Loot, Strategist, Successful Warm-Up","Meganeura, Moving Target, One for All",4,Meganeura+Strategist | Moving Target+Strategist | Moving Target+Successful Warm-Up | One for All+Successful Warm-Up,1039915310
1120,Strident Whistle,preferred,Combat Bow,Solar,1,0,0,1,"Archer's Tempo, Rangefinder, Sneak Bow","Cornered, Explosive Head, Harmony",4,Archer's Tempo+Harmony | Cornered+Rangefinder | Harmony+Rangefinder | Harmony+Sneak Bow,2591241074
1121,No Feelings,preferred,Scout Rifle,Arc,1,0,0,1,"Collective Demolition, Rolling Storm, Voltshot","Box Breathing, Gear Shift, Rampage",4,Box Breathing+Rolling Storm | Collective Demolition+Rampage | Gear Shift+Voltshot | Rampage+Voltshot,2979764077
1122,Locus Locutus,preferred,Sniper Rifle,Stasis,1,0,1,1,"Discord, Empty Traits Socket, Steady Hands","Box Breathing, Firing Line, Under-Over",4,Box Breathing+Steady Hands | Discord+Under-Over | Empty Traits Socket+Firing Line | Steady Hands+Under-Over,4132072834
1123,Joxer's Longsword,preferred,Pulse Rifle,Void,1,0,0,1,"Enlightened Action, Gutshot Straight, Rewind Rounds","Demoralize, Desperado, One for All",4,Demoralize+Enlightened Action | Desperado+Rewind Rounds | Gutshot Straight+One for All | One for All+Rewind Rounds,157601190
1124,Doom of Chelchis (Harrowed),preferred,Scout Rifle,Void,0,1,1,0,"Firefly, Stats for All, Vorpal Weapon","Frenzy, Meganeura, Withering Gaze",4,Firefly+Meganeura | Frenzy+Vorpal Weapon | Meganeura+Vorpal Weapon | Stats for All+Withering Gaze,1184692845
1125,Crisis Inverted,preferred,Hand Cannon,Arc,1,0,0,1,"Moving Target, Stats for All, Tunnel Vision","Adaptive Munitions, Opening Shot, Turnabout",4,Adaptive Munitions+Moving Target | Moving Target+Turnabout | Opening Shot+Stats for All | Tunnel Vision+Turnabout,2888266564
1126,Corrective Measure (Timelost),preferred,Machine Gun,Void,0,1,1,0,"Dimensional Shift, Dynamic Sway Reduction, Firefly","Butterfly, Demoralize, Elemental Honing",4,Butterfly+Dynamic Sway Reduction | Butterfly+Firefly | Demoralize+Firefly | Dimensional Shift+Elemental Honing,2334480463
1127,Briar's Contempt (Adept),preferred,Linear Fusion Rifle,Solar,0,1,1,0,"Rapid Hit, Rewind Rounds, Slideshot","Adagio, Chaos Reshaped, Paracausal Affinity",4,Chaos Reshaped+Rewind Rounds | Chaos Reshaped+Slideshot | Paracausal Affinity+Rapid Hit | Paracausal Affinity+Slideshot,2890082420
1128,Anonymous Autumn,preferred,Sidearm,Arc,1,0,0,1,"Attrition Orbs, Closing Time, Strategist","Multikill Clip, Surrounded, Swashbuckler",4,Attrition Orbs+Multikill Clip | Attrition Orbs+Swashbuckler | Closing Time+Surrounded | Strategist+Surrounded,1644501332
1129,False Idols,preferred,Sword,Solar,1,0,1,1,"Attrition Orbs, Flash Counter, Unrelenting","Burning Ambition, Counterattack, Empty Traits Socket",4,Attrition Orbs+Counterattack | Burning Ambition+Flash Counter | Burning Ambition+Unrelenting | Counterattack+Unrelenting,4207120603
1130,Thin Precipice,preferred,Sword,Strand,1,0,1,1,"Duelist's Trance, Tireless Blade, Valiant Charge","Adrenaline Junkie, Chain Reaction, Empty Traits Socket",4,Adrenaline Junkie+Duelist's Trance | Adrenaline Junkie+Tireless Blade | Chain Reaction+Valiant Charge | Empty Traits Socket+Tireless Blade,4066778670
1131,Xenoclast IV,preferred,Shotgun,Arc,1,0,0,1,"Dual Loader, Genesis, Grave Robber","Disruption Break, Killing Wind, Trench Barrel",3,Disruption Break+Dual Loader | Genesis+Trench Barrel | Grave Robber+Killing Wind,963732594
1132,Vision of Confluence (Timelost),preferred,Scout Rifle,Solar,0,1,1,0,"Butterfly, Tunnel Vision, Zen Moment","Elemental Honing, Explosive Payload, Frenzy",3,Butterfly+Explosive Payload | Butterfly+Frenzy | Elemental Honing+Zen Moment,337578911
1133,Unfall,preferred,Sidearm,Arc,1,0,0,1,"Disruption Break, Sleight of Hand","Jolting Feedback, One for All, Rolling Storm",3,Disruption Break+Jolting Feedback | Disruption Break+One for All | Rolling Storm+Sleight of Hand,738446555
1134,The Title,preferred,Submachine Gun,Void,1,0,0,1,"Grave Robber, Perpetual Motion, Recycled Energy","Demoralize, Surrounded, Under Pressure",3,Demoralize+Grave Robber | Perpetual Motion+Under Pressure | Recycled Energy+Surrounded,4106258882
1135,The Beacon,preferred,Fusion Rifle,Solar,1,0,0,1,"Collective Pugilism, Lone Wolf, Rewind Rounds","Burning Ambition, Closing Time, Deconstruct",3,Closing Time+Collective Pugilism | Deconstruct+Lone Wolf | Deconstruct+Rewind Rounds,2161618499
1136,Tempered Dynamo,preferred,Fusion Rifle,Arc,1,0,0,1,"Backup Plan, Impromptu Ammunition, Supercharged Magazine","Closing Time, Discord, Surrounded",3,Discord+Supercharged Magazine | Impromptu Ammunition+Surrounded | Supercharged Magazine+Surrounded,2925315757
1137,Swordbreaker (Adept),preferred,Shotgun,Strand,0,1,1,0,"Elemental Capacitor, Paracausal Affinity, Slice","Barrel Constrictor, Golden Tricorn Enhanced, Hatchling",3,Barrel Constrictor+Slice | Golden Tricorn Enhanced+Paracausal Affinity | Hatchling+Paracausal Affinity,1239700299
1138,Salvager's Salvo,preferred,Grenade Launcher,Arc,1,0,0,1,"Ambitious Assassin, Light Touch, Trickle Charge","Reaper's Tithe, Rolling Storm, Voltshot",3,Ambitious Assassin+Voltshot | Light Touch+Reaper's Tithe | Reaper's Tithe+Trickle Charge,2461640837
1139,Resounding,preferred,Fusion Rifle,Strand,1,0,0,1,"Ambitious Assassin, Cornered, Threat Detector","Aggregate Charge, Strategist, Surrounded",3,Aggregate Charge+Cornered | Ambitious Assassin+Surrounded | Cornered+Strategist,3273807888
1140,Pointed Inquiry,preferred,Scout Rifle,Void,1,0,1,1,"Compulsive Reloader, Firmly Planted, Stats for All","Demolitionist, Demoralize, Precision Instrument",3,Compulsive Reloader+Precision Instrument | Demoralize+Stats for All | Precision Instrument+Stats for All,297296830
1141,Phyllotactic Spiral,preferred,Pulse Rifle,Arc,1,0,1,1,"Compulsive Reloader, Trickle Charge, Tunnel Vision","Desperado, Headseeker, Rolling Storm",3,Desperado+Trickle Charge | Headseeker+Trickle Charge | Rolling Storm+Tunnel Vision,3635821806
1142,Parabellum,preferred,Submachine Gun,Solar,1,0,0,1,"Collective Demolition, Heal Clip, Killing Wind","Adagio, Burning Ambition, Perfect Float",3,Burning Ambition+Collective Demolition | Heal Clip+Perfect Float | Killing Wind+Perfect Float,3769072067
1143,Oversoul Edict (Adept),preferred,Pulse Rifle,Arc,0,1,1,0,"Enlightened Action, Eye of the Storm, Supercharged Magazine","Gear Shift, Headseeker, Voltshot",3,Eye of the Storm+Gear Shift | Eye of the Storm+Voltshot | Headseeker+Supercharged Magazine,578105049
1144,Nullify (Adept),preferred,Pulse Rifle,Solar,0,1,1,0,"Burning Ambition, Heal Clip, Under-Over","Adrenaline Junkie, Chaos Reshaped, Incandescent",3,Adrenaline Junkie+Burning Ambition | Chaos Reshaped+Under-Over | Incandescent+Under-Over,892183998
1145,Monody-44,preferred,Fusion Rifle,Void,1,0,0,1,"Attrition Orbs, Enlightened Action, Repulsor Brace","Closing Time, Controlled Burst, Withering Gaze",3,Attrition Orbs+Withering Gaze | Closing Time+Enlightened Action | Controlled Burst+Repulsor Brace,3201200906
1146,Laser Painter,preferred,Linear Fusion Rifle,Strand,1,0,0,1,"Clown Cartridge, Compulsive Reloader, Invisible Hand","Box Breathing, High-Impact Reserves, Hip-Fire Grip",3,Box Breathing+Invisible Hand | Clown Cartridge+Hip-Fire Grip | Compulsive Reloader+Hip-Fire Grip,3221722018
1147,Fortunate Star,preferred,Combat Bow,Void,1,0,0,1,"Successful Warm-Up, Transcendent Moment","Demoralize, Eye of the Storm, Sword Logic",3,Demoralize+Transcendent Moment | Eye of the Storm+Successful Warm-Up | Sword Logic+Transcendent Moment,2631466936
1148,Fimbulwinter Stitch,preferred,Sidearm,Arc,1,0,0,1,"Rangefinder, Supercharged Magazine","Collective Action, Jolting Feedback, Redirection",3,Collective Action+Rangefinder | Jolting Feedback+Rangefinder | Redirection+Supercharged Magazine,3685829362
1149,Exalted Truth,preferred,Hand Cannon,Void,1,0,0,1,"Slideshot, Withering Gaze","Demoralize, One for All, Opening Shot",3,Demoralize+Slideshot | One for All+Withering Gaze | Opening Shot+Withering Gaze,3436626079
1150,Dimensional Hypotrochoid,preferred,Grenade Launcher,Stasis,1,0,1,1,"Envious Arsenal, Rimestealer, Shot Swap","Bait and Switch, Crystalline Corpsebloom, Pugilist",3,Bait and Switch+Rimestealer | Bait and Switch+Shot Swap | Envious Arsenal+Pugilist,1311684613
1151,Dawn Far Off,preferred,Machine Gun,Solar,1,0,0,1,"Attrition Orbs, Collective Demolition, Triple Tap","Aggregate Charge, Meganeura, Redirection",3,Aggregate Charge+Triple Tap | Attrition Orbs+Meganeura | Collective Demolition+Redirection,2770617440
1152,Cynosure,preferred,Rocket Launcher,Strand,1,0,0,1,"Clown Cartridge, Sympathetic Arsenal, Tracking Module","High Ground, Quickdraw, Reverberation",3,High Ground+Sympathetic Arsenal | High Ground+Tracking Module | Reverberation+Sympathetic Arsenal,694275488
1153,Chivalric Fire,preferred,Sword,Void,1,0,0,1,"Collective Demolition, Dimensional Shift, Sharp Harvest","Collective Action, Energy Transfer, Whirlwind Blade",3,Collective Action+Sharp Harvest | Collective Demolition+Whirlwind Blade | Dimensional Shift+Energy Transfer,938936806
1154,Breakneck,preferred,Auto Rifle,Kinetic,1,0,0,1,"Dynamic Sway Reduction, Enlightened Action, Under Pressure","Attrition Orbs, Deconstruct, Onslaught",3,Attrition Orbs+Under Pressure | Deconstruct+Dynamic Sway Reduction | Onslaught+Under Pressure,2026755633
1155,Bold Endings,preferred,Hand Cannon,Stasis,1,0,1,1,"Air Trigger, Attrition Orbs, Rimestealer","Crystalline Corpsebloom, Dragonfly, Golden Tricorn Enhanced",3,Air Trigger+Golden Tricorn Enhanced | Attrition Orbs+Dragonfly | Dragonfly+Rimestealer,496728945
1156,Bellowing Giant,preferred,Rocket Launcher,Void,1,0,0,1,"Air Trigger, Ambitious Assassin, Tracking Module","Clown Cartridge, Cluster Bomb, Reaper's Tithe",3,Air Trigger+Reaper's Tithe | Ambitious Assassin+Clown Cartridge | Reaper's Tithe+Tracking Module,1889005379
1157,Albruna-D,preferred,Sniper Rifle,Arc,1,0,0,1,"Clown Cartridge, Explosive Payload, Wellspring","High-Impact Reserves, Slickdraw, Under-Over",3,Clown Cartridge+Slickdraw | Clown Cartridge+Under-Over | Explosive Payload+Under-Over,676270382
1158,Unwavering Duty,preferred,Machine Gun,Solar,1,0,0,1,"Auto-Loading Holster, Incandescent, Subsistence","Bait and Switch, Killing Tally, Tap the Trigger",3,Auto-Loading Holster+Killing Tally | Bait and Switch+Subsistence | Incandescent+Tap the Trigger,3489054606
1159,Ulterior Observation,preferred,Machine Gun,Stasis,1,0,0,1,"Headstone, Moving Target, Subsistence","Binary Orbit, Dynamic Sway Reduction, Killing Tally",3,Binary Orbit+Headstone | Dynamic Sway Reduction+Subsistence | Killing Tally+Moving Target,1079872540
1160,The Heron,preferred,Glaive,Void,1,0,0,1,"Overflow, Proximity Power, Repulsor Brace","Sword Logic, Unrelenting, Unstoppable Force",3,Overflow+Sword Logic | Proximity Power+Unstoppable Force | Repulsor Brace+Unrelenting,2246386812
1161,Watchful Eye,preferred,Machine Gun,Arc,1,0,0,1,"Eddy Current, Field Prep, Hip-Fire Grip","Jolting Feedback, Killing Tally, Target Lock",3,Eddy Current+Target Lock | Field Prep+Killing Tally | Hip-Fire Grip+Jolting Feedback,3058845782
1162,Solemn Lie,preferred,Hand Cannon,Arc,1,0,0,1,"Rangefinder, Trickle Charge","Lone Wolf, Opening Shot, Rolling Storm",3,Lone Wolf+Trickle Charge | Opening Shot+Trickle Charge | Rangefinder+Rolling Storm,1041028435
1163,Shoreline Dissident,preferred,Sniper Rifle,Void,1,0,0,1,"Explosive Payload, Outlaw, Recycled Energy","Adagio, Closing Time, High Ground",3,Adagio+Explosive Payload | Closing Time+Outlaw | High Ground+Recycled Energy,1193318082
1164,Pure Poetry,preferred,Hand Cannon,Kinetic,1,0,0,1,"Air Assault, Ambitious Assassin, Well-Rounded","Osmosis, Pugilist, Under-Over",3,Ambitious Assassin+Osmosis | Ambitious Assassin+Under-Over | Osmosis+Well-Rounded,2671639706
1165,Nightshade,preferred,Pulse Rifle,Strand,1,0,0,1,"Keep Away, Lucky Shot, Moving Target","Feeding Frenzy, Hatchling, Kill Clip",3,Feeding Frenzy+Keep Away | Hatchling+Lucky Shot | Kill Clip+Lucky Shot,1559068369
1166,Nessa's Oblation (Adept),preferred,Shotgun,Void,0,1,1,0,"Compulsive Reloader, Demolitionist, Envious Assassin","Demoralize, Focused Fury, Meganeura",3,Demolitionist+Demoralize | Demoralize+Envious Assassin | Envious Assassin+Meganeura,522366885
1167,Malediction,preferred,Hand Cannon,Kinetic,1,0,0,1,"Keep Away, Sleight of Hand, To the Pain","All-Star, Kill Clip, Redirection",3,All-Star+Keep Away | Kill Clip+Sleight of Hand | Redirection+To the Pain,979721268
1168,Last Rite,preferred,Scout Rifle,Kinetic,1,0,0,1,"Hip-Fire Grip, Reconstruction, Shoot to Loot","Adhesive Ordnance, Firefly, Vorpal Weapon",3,Adhesive Ordnance+Hip-Fire Grip | Adhesive Ordnance+Reconstruction | Shoot to Loot+Vorpal Weapon,3708636616
1169,Bygones,preferred,Pulse Rifle,Kinetic,1,0,0,1,"Demolitionist, Keep Away, Subsistence","Firefly, High Ground, Osmosis",4,Demolitionist+Osmosis | Firefly+Subsistence | High Ground+Subsistence | Keep Away+Osmosis,2199554524
1170,King Orfeo,preferred,Combat Bow,Arc,1,0,0,1,"Archer's Tempo, Explosive Head, Surplus","Jolting Feedback, Meganeura, Precision Instrument",3,Archer's Tempo+Jolting Feedback | Jolting Feedback+Surplus | Precision Instrument+Surplus,3481382332
1171,Hullabaloo,preferred,Grenade Launcher,Arc,1,0,0,1,"Field Prep, Stats for All, Voltshot","One for All, Rolling Storm, Strategist",3,Field Prep+Strategist | One for All+Voltshot | Rolling Storm+Stats for All,2666273249
1172,Empty Vessel,preferred,Grenade Launcher,Solar,1,0,0,1,"Field Prep, Genesis, Surplus","Danger Zone, Multikill Clip",3,Danger Zone+Genesis | Danger Zone+Surplus | Field Prep+Multikill Clip,198068259
1173,Doomsday,preferred,Grenade Launcher,Arc,1,0,0,1,"Attrition Orbs, Eddy Current, Snapshot Sights","Explosive Light, Quickdraw",3,Attrition Orbs+Quickdraw | Eddy Current+Explosive Light | Explosive Light+Snapshot Sights,713132408
1174,Cry Mutiny,preferred,Grenade Launcher,Solar,1,0,0,1,"Demolitionist, Grave Robber, Incandescent","Adrenaline Junkie, Full Court, Mega Kill Clip",3,Adrenaline Junkie+Incandescent | Demolitionist+Mega Kill Clip | Full Court+Grave Robber,768696858
1175,Bad Omens,preferred,Rocket Launcher,Void,1,0,0,1,"Auto-Loading Holster, Destabilizing Rounds, Perpetual Motion","Bait and Switch, Cluster Bomb, Elemental Honing",3,Bait and Switch+Destabilizing Rounds | Cluster Bomb+Perpetual Motion | Destabilizing Rounds+Elemental Honing,1996201272
1176,Ascendancy,preferred,Rocket Launcher,Solar,1,0,0,1,"Field Prep, Reconstruction, Slideways","Chain Reaction, Explosive Light, Reaper's Tithe",3,Chain Reaction+Reconstruction | Explosive Light+Slideways | Field Prep+Reaper's Tithe,1713388226
1177,Adamantite (Adept),preferred,Auto Rifle,Strand,0,1,0,1,"Reciprocity, Slice, Subsistence","Attrition Orbs, Circle of Life",3,Attrition Orbs+Reciprocity | Circle of Life+Slice | Circle of Life+Subsistence,3485029080
1178,Action Item,preferred,Trace Rifle,Stasis,1,0,0,1,"Deconstruct, Rewind Rounds, Rimestealer","Detonator Beam, Headstone, Killing Tally",3,Deconstruct+Killing Tally | Detonator Beam+Rimestealer | Headstone+Rewind Rounds,527989828
1179,Triple Laureate,preferred,Hand Cannon,Stasis,1,0,0,1,"Grave Robber, Rangefinder, Subsistence","One-Two Punch, Pugilist, Trench Barrel",3,Grave Robber+Pugilist | One-Two Punch+Rangefinder | Subsistence+Trench Barrel,2908653246
1180,Tinasha's Mastery,preferred,Sidearm,Stasis,1,0,0,1,"Deconstruct, Impulse Amplifier, Offhand Strike","Adagio, Chill Clip, Surrounded",3,Adagio+Impulse Amplifier | Chill Clip+Offhand Strike | Deconstruct+Surrounded,480368036
1181,The Summoner,preferred,Auto Rifle,Solar,1,0,0,1,"Heal Clip, Perpetual Motion, Zen Moment","Golden Tricorn, Tap the Trigger, Target Lock",3,Golden Tricorn+Zen Moment | Heal Clip+Tap the Trigger | Perpetual Motion+Target Lock,1820994983
1182,Eleatic Principle,preferred,Machine Gun,Arc,1,0,1,1,"Eddy Current, Ensemble, Well-Rounded","Harmony, Rangefinder, Tap the Trigger",4,Eddy Current+Harmony | Ensemble+Rangefinder | Ensemble+Tap the Trigger | Rangefinder+Well-Rounded,105306149
1183,Unending Tempest,preferred,Submachine Gun,Stasis,1,0,0,1,"Demolitionist, Gutshot Straight, Shot Swap","Adrenaline Junkie, Cascade Point, Fragile Focus",3,Adrenaline Junkie+Gutshot Straight | Cascade Point+Gutshot Straight | Demolitionist+Fragile Focus,2510526114
1184,Taipan-4fr,preferred,Linear Fusion Rifle,Void,1,0,1,1,"Clown Cartridge, Field Prep, Genesis","Box Breathing, Empty Traits Socket, Frenzy",3,Box Breathing+Field Prep | Clown Cartridge+Empty Traits Socket | Frenzy+Genesis,1911060537
1185,Point of the Stag,preferred,Combat Bow,Arc,1,0,0,1,"Elemental Capacitor, Shot Swap, Slickdraw","Dragonfly, Eye of the Storm, Swashbuckler",3,Dragonfly+Elemental Capacitor | Eye of the Storm+Shot Swap | Slickdraw+Swashbuckler,888872889
1186,PLUG ONE.1,preferred,Fusion Rifle,Arc,1,0,0,1,"Feeding Frenzy, Under Pressure, Well-Rounded","Kickstart, Reservoir Burst, Voltshot",3,Feeding Frenzy+Kickstart | Reservoir Burst+Well-Rounded | Under Pressure+Voltshot,3293524502
1187,Mirror Imago (Adept),preferred,Submachine Gun,Strand,0,1,0,1,"Grave Robber, Pugilist, To the Pain","Permeability, Target Lock, Unrelenting",3,Grave Robber+Target Lock | Permeability+To the Pain | Pugilist+Unrelenting,4116546788
1188,Micromort,preferred,Rocket Launcher,Arc,1,0,0,1,"Envious Arsenal, Impulse Amplifier, Lead From Light","Binary Orbit, Paracausal Affinity, Voltshot",3,Binary Orbit+Lead From Light | Envious Arsenal+Voltshot | Impulse Amplifier+Paracausal Affinity,602331467
1189,Mechabre,preferred,Sniper Rifle,Arc,1,0,0,1,"Eddy Current, Keep Away, Triple Tap","High-Impact Reserves, Opening Shot, Voltshot",3,Eddy Current+Opening Shot | High-Impact Reserves+Triple Tap | Keep Away+Voltshot,3871226707
1190,Insidious (Adept),preferred,Pulse Rifle,Arc,0,1,1,0,"Dragonfly, Frenzy, Sleight of Hand","Adaptive Munitions, One for All, Turnabout",3,Dragonfly+One for All | Dragonfly+Turnabout | Frenzy+One for All,786352912
1191,Ill Omen,preferred,Sword,Stasis,1,0,1,1,"Attrition Orbs, Empty Traits Socket, Relentless Strikes","Assassin's Blade, Cold Steel, Empty Traits Socket",3,Assassin's Blade+Empty Traits Socket | Attrition Orbs+Cold Steel | Empty Traits Socket+Relentless Strikes,3794274730
1192,Deliverance (Adept),preferred,Fusion Rifle,Stasis,0,1,1,0,"Compulsive Reloader, Cornered, Steady Hands","Adrenaline Junkie, Chain Reaction, Chill Clip",3,Adrenaline Junkie+Cornered | Chain Reaction+Steady Hands | Chill Clip+Steady Hands,2943293195
1193,Corundum Hammer,preferred,Hand Cannon,Strand,1,0,0,1,"Shoot to Loot, Slice, Slideshot","Precision Instrument, Sword Logic, Tear",3,Precision Instrument+Slice | Shoot to Loot+Tear | Slideshot+Sword Logic,2263462407
1194,Burden of Guilt,preferred,Fusion Rifle,Stasis,1,0,0,1,"Ambitious Assassin, Lone Wolf, Rimestealer","Chill Clip, Closing Time, High-Impact Reserves",3,Ambitious Assassin+High-Impact Reserves | Chill Clip+Lone Wolf | Closing Time+Rimestealer,976459525
1195,Trinary System,preferred,Fusion Rifle,Solar,1,0,0,1,"Firmly Planted, Slideways, Under Pressure","Backup Plan, Disruption Break, Kill Clip",3,Disruption Break+Firmly Planted | Disruption Break+Under Pressure | Kill Clip+Slideways,3258665412
1196,Agape,preferred,Hand Cannon,Solar,1,0,0,1,"Pugilist, Rewind Rounds, Snapshot Sights","Fragile Focus, Master of Arms, Precision Instrument",3,Fragile Focus+Rewind Rounds | Master of Arms+Pugilist | Precision Instrument+Snapshot Sights,4124362340
1197,Abyssal Edge,preferred,Sword,Strand,1,0,0,1,"Duelist's Trance, Flash Counter, Slice","Hatchling, Redirection, Sword Logic",3,Duelist's Trance+Sword Logic | Flash Counter+Hatchling | Redirection+Slice,4221591387
1198,21% Delirium,preferred,Machine Gun,Arc,1,0,0,1,"Feeding Frenzy, Light Touch, Overflow","Frenzy, Rolling Storm",3,Feeding Frenzy+Rolling Storm | Frenzy+Light Touch | Overflow+Rolling Storm,3001598094
1199,Taraxippos,preferred,Scout Rifle,Strand,1,0,0,1,"Enlightened Action, Keep Away, Zen Moment","High Ground, Tear",3,Enlightened Action+High Ground | Keep Away+Tear | Tear+Zen Moment,4148460558
1200,Sightline Survey,preferred,Hand Cannon,Arc,1,0,1,1,"Air Trigger, Strategist","Empty Traits Socket, Kill Clip, Opening Shot",3,Air Trigger+Empty Traits Socket | Kill Clip+Strategist | Opening Shot+Strategist,2350330520
1201,Ragnhild-D,preferred,Shotgun,Kinetic,1,0,1,1,"Perpetual Motion, Steady Hands, Subsistence","Demolitionist, Elemental Capacitor, Empty Traits Socket",3,Demolitionist+Steady Hands | Elemental Capacitor+Subsistence | Empty Traits Socket+Subsistence,4225322581
1202,Fortissimo-11,preferred,Shotgun,Kinetic,1,0,0,1,"Feeding Frenzy, Lead from Gold, Threat Detector","Adrenaline Junkie, Osmosis, Turnabout",3,Adrenaline Junkie+Threat Detector | Feeding Frenzy+Turnabout | Lead from Gold+Osmosis,963732595
1203,Dead Weight,preferred,Shotgun,Arc,1,0,0,1,"Grave Robber, Well-Rounded","Frenzy, Swashbuckler, Trench Barrel",3,Frenzy+Grave Robber | Swashbuckler+Well-Rounded | Trench Barrel+Well-Rounded,3738678140
1204,Peculiar Charm,preferred,Submachine Gun,Kinetic,1,0,0,1,"Impromptu Ammunition, Shoot to Loot, Stopping Power","All-Star, Firefly, Headseeker",3,All-Star+Impromptu Ammunition | Firefly+Stopping Power | Headseeker+Shoot to Loot,3620277039
1205,Fang of Ir Yût (Adept),preferred,Scout Rifle,Strand,0,1,1,0,"Rewind Rounds, Shoot to Loot, Tear","Golden Tricorn, Opening Shot, Sword Logic",3,Golden Tricorn+Shoot to Loot | Opening Shot+Rewind Rounds | Opening Shot+Tear,128782990
1206,Crowd Pleaser,preferred,Grenade Launcher,Void,1,0,0,1,"Clown Cartridge, Field Prep, Genesis","Elemental Capacitor, Quickdraw, Rampage",3,Clown Cartridge+Rampage | Elemental Capacitor+Genesis | Field Prep+Quickdraw,3565520715
1207,BxR-55 Battler,preferred,Pulse Rifle,Solar,1,0,1,1,"Heating Up, Perpetual Motion, Pugilist","Elemental Capacitor, Eye of the Storm, Gutshot Straight",3,Elemental Capacitor+Pugilist | Eye of the Storm+Heating Up | Gutshot Straight+Perpetual Motion,2708806099
1208,Allied Demand,preferred,Sidearm,Kinetic,1,0,0,1,"Rangefinder, Rapid Hit, Well-Rounded","Gutshot Straight, Multikill Clip, Under-Over",3,Gutshot Straight+Rapid Hit | Multikill Clip+Well-Rounded | Rangefinder+Under-Over,1532276803
1209,A Distant Pull,preferred,Sniper Rifle,Stasis,1,0,1,1,"Ambitious Assassin, Empty Traits Socket, Tunnel Vision","Discord, Empty Traits Socket, Focused Fury",3,Ambitious Assassin+Focused Fury | Discord+Empty Traits Socket | Empty Traits Socket+Tunnel Vision,1769847435
1210,The Inquisitor,preferred,Shotgun,Arc,1,0,0,1,"Perpetual Motion, Slideshot","Cascade Point, Rolling Storm",2,Cascade Point+Slideshot | Perpetual Motion+Rolling Storm,51129316
1211,Tatara Gaze,preferred,Sniper Rifle,Arc,1,0,0,1,"Light Touch, Overflow, Snapshot Sights","Box Breathing, Mega Kill Clip, Voltshot",2,Mega Kill Clip+Snapshot Sights | Overflow+Voltshot,3595694326
1212,Summum Bonum (Adept),preferred,Sword,Arc,0,1,1,0,"Deconstruct, Duelist's Trance, Proximity Power","Bait and Switch, Chain Reaction, Chaos Reshaped",2,Bait and Switch+Proximity Power | Chaos Reshaped+Duelist's Trance,2001697739
1213,Sorrow's Verse,preferred,Auto Rifle,Arc,1,0,0,1,"Subsistence, Tap the Trigger","Frenzy, Voltshot",2,Frenzy+Tap the Trigger | Subsistence+Voltshot,2557966895
1214,Ribbontail,preferred,Trace Rifle,Strand,1,0,0,1,"Threat Detector, Wellspring","Detonator Beam, Redirection",2,Detonator Beam+Wellspring | Redirection+Threat Detector,407150808
1215,Python,preferred,Shotgun,Void,1,0,0,1,"Dimensional Shift, Repulsor Brace","One-Two Punch, Swashbuckler",2,Dimensional Shift+Swashbuckler | One-Two Punch+Repulsor Brace,4276696962
1216,MIDA Mini-Tool,preferred,Submachine Gun,Solar,1,0,0,1,"Heal Clip, Perpetual Motion","Collective Pugilism, Offhand Strike",2,Collective Pugilism+Perpetual Motion | Heal Clip+Offhand Strike,3946054154
1217,Luna Regolith III,preferred,Sniper Rifle,Solar,1,0,0,1,"Clown Cartridge, Perfect Float, Under Pressure","Box Breathing, Explosive Payload, Firing Line",2,Box Breathing+Under Pressure | Explosive Payload+Under Pressure,1948035256
1218,Keen Thistle,preferred,Sniper Rifle,Solar,1,0,0,1,"Envious Arsenal, Triple Tap","Bait and Switch, Moving Target",2,Bait and Switch+Triple Tap | Envious Arsenal+Moving Target,2499834164
1219,Iterative Loop,preferred,Fusion Rifle,Arc,1,0,1,1,"Compulsive Reloader, Grave Robber, Killing Wind","Adagio, Adrenaline Junkie, Controlled Burst",2,Controlled Burst+Grave Robber | Controlled Burst+Killing Wind,1289796511
1220,Gnawing Hunger,preferred,Auto Rifle,Void,1,0,0,1,"Tap the Trigger, Withering Gaze","Swashbuckler, Target Lock",2,Swashbuckler+Tap the Trigger | Target Lock+Withering Gaze,214545213
1221,Cataphract GL3,preferred,Grenade Launcher,Strand,1,0,0,1,"Impulse Amplifier, Lead From Light","Impromptu Ammunition, Vorpal Weapon",2,Impromptu Ammunition+Impulse Amplifier | Lead From Light+Vorpal Weapon,3805679279
1222,Archon's Thunder,preferred,Machine Gun,Stasis,1,0,0,1,"Air Trigger, High-Impact Reserves","Onslaught, Target Lock",2,Air Trigger+Target Lock | High-Impact Reserves+Onslaught,2896109856
1223,Afterlight (Adept),preferred,Fusion Rifle,Void,0,1,0,1,"Discord, Grave Robber, Offhand Strike","Adagio, Reservoir Burst, Successful Warm-Up",2,Grave Robber+Successful Warm-Up | Offhand Strike+Reservoir Burst,3953163559
1224,Zephyr,preferred,Sword,Stasis,1,0,0,1,"Osmosis, Turnabout","Chain Reaction, Surrounded",2,Chain Reaction+Turnabout | Osmosis+Surrounded,396910433
1225,Wild Style,preferred,Grenade Launcher,Solar,1,0,0,1,"Keep Away, Reconstruction","Permeability, Surrounded",2,Keep Away+Surrounded | Permeability+Reconstruction,1332123064
1226,Submersion,preferred,Combat Bow,Stasis,1,0,0,1,"Bolt Scavenger, Ensemble","Firing Line, High Ground",2,Bolt Scavenger+Firing Line | Ensemble+High Ground,3524386983
1227,Something Something,preferred,Sniper Rifle,Kinetic,1,0,0,1,"Snapshot Sights, Stopping Power","Box Breathing, Redirection",2,Box Breathing+Stopping Power | Redirection+Snapshot Sights,3421075982
1228,Rake Angle,preferred,Glaive,Stasis,1,0,0,1,"Impulse Amplifier, Rimestealer","Surrounded, Unstoppable Force",2,Impulse Amplifier+Unstoppable Force | Rimestealer+Surrounded,2298039571
1229,No Reprieve,preferred,Shotgun,Stasis,1,0,1,1,"Stats for All, Triple Tap","Snapshot Sights, Swashbuckler",2,Snapshot Sights+Stats for All | Swashbuckler+Triple Tap,2531963421
1230,Nasreddin,preferred,Sword,Arc,1,0,0,1,"Energy Transfer, Sharp Harvest","One for All, Rolling Storm",2,Energy Transfer+One for All | Rolling Storm+Sharp Harvest,1979417829
1231,Midha's Reckoning (Harrowed),preferred,Fusion Rifle,Arc,0,1,1,0,"Cornered, Hip-Fire Grip, Under Pressure","Closing Time, Gear Shift, Kickstart",2,Gear Shift+Under Pressure | Hip-Fire Grip+Kickstart,3904516037
1232,Kept Confidence,preferred,Hand Cannon,Strand,1,0,1,1,"Air Assault, Loose Change","Pugilist, Thresh",2,Air Assault+Thresh | Loose Change+Pugilist,1875512595
1233,Jurisprudent,preferred,Scout Rifle,Stasis,1,0,0,1,"Rimestealer, Tunnel Vision","Harmony, No Distractions",2,Harmony+Rimestealer | No Distractions+Tunnel Vision,4090134063
1234,Liturgy,preferred,Grenade Launcher,Stasis,1,0,0,1,"Envious Arsenal, Strategist, Surplus","Chain Reaction, Desperate Measures, Swashbuckler",3,Chain Reaction+Strategist | Desperate Measures+Surplus | Envious Arsenal+Swashbuckler,3377522331
1235,Herod-C,preferred,Auto Rifle,Stasis,1,0,0,1,"Compulsive Reloader, Dynamic Sway Reduction, Ensemble","Demolitionist, Moving Target, Unrelenting",2,Dynamic Sway Reduction+Unrelenting | Ensemble+Moving Target,2065366342
1236,Found Verdict (Timelost),preferred,Shotgun,Arc,0,1,1,0,"Barrel Constrictor, Pugilist, Rewind Rounds","Binary Orbit, Gear Shift, Rolling Storm",2,Barrel Constrictor+Rolling Storm | Pugilist+Rolling Storm,851296754
1237,Everburning Glitz,preferred,Auto Rifle,Kinetic,1,0,0,1,"Bewildering Burst, Transcendent Moment","Eye of the Storm, Tap the Trigger",2,Bewildering Burst+Eye of the Storm | Tap the Trigger+Transcendent Moment,2857870254
1238,Smite of Merain (Harrowed),preferred,Pulse Rifle,Kinetic,0,1,1,0,"Ancillary Ordinance, Focused Fury, Moving Target","Adhesive Ordnance, All-Star, Gutshot Straight",2,Adhesive Ordnance+Moving Target | Gutshot Straight+Moving Target,3407395594
1239,Defiance of Yasmin (Harrowed),preferred,Sniper Rifle,Kinetic,0,1,1,0,"Ensemble, Firefly, Stopping Power","Aggregate Charge, Firing Line, Slickdraw",2,Ensemble+Slickdraw | Firing Line+Stopping Power,3503019618
1240,Belisarius-D,preferred,Pulse Rifle,Strand,1,0,0,1,"Dragonfly, Slice","Firefly, Hatchling",2,Dragonfly+Hatchling | Firefly+Slice,747743637
1241,Autumn Wind,preferred,Pulse Rifle,Kinetic,1,0,0,1,"Envious Assassin, Rangefinder, Shot Swap","Focused Fury, Moving Target, Thresh",2,Envious Assassin+Thresh | Focused Fury+Shot Swap,3110377595
1242,Ammit AR2,preferred,Auto Rifle,Solar,1,0,1,1,"Ambitious Assassin, Dynamic Sway Reduction, Surplus","Adaptive Munitions, Empty Traits Socket, One for All",2,Adaptive Munitions+Ambitious Assassin | Dynamic Sway Reduction+Empty Traits Socket,2119346509
1243,Acosmic,preferred,Grenade Launcher,Void,1,0,0,1,"Slickdraw, Withering Gaze","Deconstruct, Destabilizing Rounds",2,Deconstruct+Withering Gaze | Destabilizing Rounds+Slickdraw,1106017703
1244,Acasia's Dejection (Adept),preferred,Trace Rifle,Solar,0,1,1,0,"Burning Ambition, Collective Demolition, Hip-Fire Grip","Detonator Beam, Frenzy, Paracausal Affinity",2,Burning Ambition+Frenzy | Hip-Fire Grip+Paracausal Affinity,3493494807
1245,Aberrant Action,preferred,Sidearm,Solar,1,0,1,1,"Pugilist, Strategist","Golden Tricorn, Reverberation",2,Golden Tricorn+Strategist | Pugilist+Reverberation,2198166292
1246,The Slammer,preferred,Sword,Stasis,1,0,0,1,Thresh,"Collective Action, One for All",2,Collective Action+Thresh | One for All+Thresh,2889501828
1247,Something New,preferred,Hand Cannon,Stasis,1,0,0,1,"Subsistence, Wellspring","Harmony, Headstone",2,Harmony+Wellspring | Headstone+Subsistence,3240434620
1248,Shayura's Wrath,preferred,Submachine Gun,Void,1,0,0,1,"Killing Wind, Tunnel Vision","Celerity, Snapshot Sights",2,Celerity+Killing Wind | Snapshot Sights+Tunnel Vision,3682803680
1249,Qua Xaphan V,preferred,Machine Gun,Void,1,0,0,1,"Clown Cartridge, Field Prep, Heating Up","Firing Line, Target Lock, Wellspring",2,Clown Cartridge+Wellspring | Field Prep+Wellspring,1975125963
1250,Nox Perennial V,preferred,Fusion Rifle,Strand,1,0,0,1,Threat Detector,"Hatchling, Kickstart",2,Hatchling+Threat Detector | Kickstart+Threat Detector,2767393525
1251,Gunburn,preferred,Submachine Gun,Kinetic,1,0,0,1,"Stats for All, Threat Detector","Kinetic Tremors, Target Lock",2,Kinetic Tremors+Threat Detector | Stats for All+Target Lock,3431536253
1252,Bottom Dollar,preferred,Hand Cannon,Void,1,0,0,1,"Fourth Time's the Charm, Pulse Monitor, Rapid Hit","Demolitionist, Explosive Payload, High-Impact Reserves",2,Demolitionist+Fourth Time's the Charm | High-Impact Reserves+Pulse Monitor,2953199259
1253,Borrowed Time,preferred,Submachine Gun,Solar,1,0,0,1,"Dynamic Sway Reduction, Firmly Planted, Rangefinder","Dragonfly, One for All, Swashbuckler",2,Dragonfly+Firmly Planted | Rangefinder+Swashbuckler,875848769
1254,Veles-X,preferred,Pulse Rifle,Void,1,0,0,1,Wellspring,Withering Gaze,1,Wellspring+Withering Gaze,438540299
1255,The Ringing Nail,preferred,Auto Rifle,Solar,1,0,0,1,Incandescent,Sword Logic,1,Incandescent+Sword Logic,4206550094
1256,The Palindrome,preferred,Hand Cannon,Arc,1,0,0,1,Collective Demolition,Rolling Storm,1,Collective Demolition+Rolling Storm,3303271523
1257,The Martlet,preferred,Pulse Rifle,Void,1,0,0,1,Loose Change,Desperado,1,Desperado+Loose Change,877384
1258,The Immortal,preferred,Submachine Gun,Strand,1,0,0,1,Rangefinder,Transcendent Moment,1,Rangefinder+Transcendent Moment,2872063099
1259,Tarnished Mettle,preferred,Scout Rifle,Arc,1,0,1,1,Steady Hands,Explosive Payload,1,Explosive Payload+Steady Hands,2218569744
1260,Sublimation,preferred,Scout Rifle,Arc,1,0,0,1,Sympathetic Arsenal,Precision Instrument,1,Precision Instrument+Sympathetic Arsenal,1674692344
1261,Stryker's Sure-Hand,preferred,Sword,Void,1,0,0,1,"Assassin's Blade, Rampage, Relentless Strikes","Destabilizing Rounds, Flash Counter, Whirlwind Blade",1,Rampage+Whirlwind Blade,2490460292
1262,Steelfeather Repeater,preferred,Auto Rifle,Kinetic,1,0,0,1,Subsistence,All-Star,1,All-Star+Subsistence,771811870
1263,Solemn Remembrance,preferred,Hand Cannon,Stasis,1,0,0,1,Headstone,Precision Instrument,1,Headstone+Precision Instrument,4116518582
1264,Seraphine Haze,preferred,Submachine Gun,Stasis,1,0,0,1,Subsistence,Crystalline Corpsebloom,1,Crystalline Corpsebloom+Subsistence,1524387902
1265,Sarpedon-D,preferred,Hand Cannon,Arc,1,0,0,1,Trickle Charge,Desperate Measures,1,Desperate Measures+Trickle Charge,3318545829
1266,Returned Memory,preferred,Sidearm,Solar,1,0,0,1,Blast Distributor,Incandescent,1,Blast Distributor+Incandescent,4049127142
1267,Reed's Regret,preferred,Linear Fusion Rifle,Stasis,1,0,0,1,Triple Tap,Successful Warm-Up,1,Successful Warm-Up+Triple Tap,3267997292
1268,Reckless Endangerment,preferred,Shotgun,Kinetic,1,0,0,1,Bewildering Burst,Trench Barrel,1,Bewildering Burst+Trench Barrel,3085559077
1269,Rapacious Appetite,preferred,Submachine Gun,Stasis,1,0,1,1,Well-Rounded,Cascade Point,1,Cascade Point+Well-Rounded,1081724548
1270,Psi Aeterna IV,preferred,Pulse Rifle,Arc,1,0,0,1,Trickle Charge,Elemental Honing,1,Elemental Honing+Trickle Charge,3556730800
1271,Permafrost,preferred,Grenade Launcher,Stasis,1,0,0,1,Rimestealer,Wellspring,1,Rimestealer+Wellspring,2922964484
1272,Patron of Lost Causes,preferred,Scout Rifle,Kinetic,1,0,0,1,Full Auto Trigger System,Osmosis,1,Full Auto Trigger System+Osmosis,2723241847
1273,Nox Sidereal IV,preferred,Fusion Rifle,Stasis,1,0,0,1,Stats for All,Reservoir Burst,1,Reservoir Burst+Stats for All,2875763009
1274,Jorum's Claw,preferred,Pulse Rifle,Solar,1,0,0,1,Iron Grip,Headseeker,1,Headseeker+Iron Grip,62937067
1275,Indebted Kindness,preferred,Sidearm,Arc,1,0,0,1,Deconstruct,Voltshot,1,Deconstruct+Voltshot,2554513694
1276,Forced Memorializer,preferred,Scout Rifle,Kinetic,1,0,0,1,Shoot to Loot,Ancillary Ordinance,1,Ancillary Ordinance+Shoot to Loot,1197073834
1277,Felwinter's Lie,preferred,Shotgun,Solar,1,0,0,1,Threat Detector,Iron Reach,1,Iron Reach+Threat Detector,218787950
1278,Eye of Sol,preferred,Sniper Rifle,Kinetic,1,0,0,1,No Distractions,Deconstruct,1,Deconstruct+No Distractions,1401300690
1279,Ded Gramarye IV,preferred,Shotgun,Arc,1,0,0,1,Surplus,Voltshot,1,Surplus+Voltshot,870893339
1280,Convened Recurve,preferred,Combat Bow,Void,1,0,0,1,Withering Gaze,Adagio,1,Adagio+Withering Gaze,3667861447
1281,Boomslang-4fr,preferred,Linear Fusion Rifle,Arc,1,0,0,1,Transcendent Moment,Jolting Feedback,1,Jolting Feedback+Transcendent Moment,3926153598
1282,Anamnesis (Adept),preferred,Combat Bow,Void,0,1,0,1,To the Pain,Explosive Head,1,Explosive Head+To the Pain,3949253499
1283,Aisha's Care,preferred,Pulse Rifle,Strand,1,0,0,1,Gutshot Straight,Hatchling,1,Gutshot Straight+Hatchling,3969379530
1284,Ahab Char,preferred,Auto Rifle,Solar,1,0,0,1,Transcendent Moment,Kill Clip,1,Kill Clip+Transcendent Moment,1411560894
1285,Abyss Defiant (Adept),preferred,Auto Rifle,Solar,0,1,1,0,"Burning Ambition, Outlaw, Proximity Power","Collective Action, Collective Pugilism, Eye of the Storm",1,Collective Action+Proximity Power,3782662983
1286,A Good Shout,preferred,Combat Bow,Void,1,0,0,1,Built to Blast,Rampage,1,Built to Blast+Rampage,3615748501
1287,Timeworn Wayfarer,preferred,Scout Rifle,Solar,1,0,1,1,To the Pain,High Ground,1,High Ground+To the Pain,1058098236
1288,The Messenger,preferred,Pulse Rifle,Kinetic,1,0,0,1,Under-Over,Headseeker,1,Headseeker+Under-Over,3796795102
1289,Rufus's Fury (Adept),preferred,Auto Rifle,Strand,0,1,1,0,Thresh,Hatchling,1,Hatchling+Thresh,342514437
1290,Round Robin,preferred,Hand Cannon,Strand,1,0,1,1,"Envious Assassin, Fourth Time's the Charm, Killing Wind","Adagio, Golden Tricorn Enhanced, Pugilist",1,Fourth Time's the Charm+Pugilist,2034215657
1291,Retraced Path,preferred,Trace Rifle,Solar,1,0,1,1,Shoot to Loot,Golden Tricorn Enhanced,1,Golden Tricorn Enhanced+Shoot to Loot,548958835
1292,Phoneutria Fera,preferred,Hand Cannon,Solar,1,0,0,1,Threat Remover,Swashbuckler,1,Swashbuckler+Threat Remover,3804242795
1293,Pardon Our Dust,preferred,Grenade Launcher,Kinetic,1,0,1,1,Pulse Monitor,Turnabout,1,Pulse Monitor+Turnabout,3849810018
1294,Oxygen SR3,preferred,Scout Rifle,Solar,1,0,0,1,Pugilist,Collective Pugilism,1,Collective Pugilism+Pugilist,4104613038
1295,Last Foray,preferred,Sniper Rifle,Solar,1,0,0,1,Rewind Rounds,Explosive Payload,1,Explosive Payload+Rewind Rounds,4118936670
1296,Frontier's Cry,preferred,Hand Cannon,Solar,1,0,0,1,Tunnel Vision,One for All,1,One for All+Tunnel Vision,3203303472
1297,Forgiveness,preferred,Sidearm,Arc,1,0,0,1,Zen Moment,Surrounded,1,Surrounded+Zen Moment,1552443158
1298,Eighty-Six,preferred,Sword,Strand,1,0,0,1,Tireless Blade,Attrition Orbs,1,Attrition Orbs+Tireless Blade,2344383760
1299,Division (Adept),preferred,Sidearm,Arc,0,1,0,1,Pugilist,Voltshot,1,Pugilist+Voltshot,3734001727
1300,Different Times,preferred,Pulse Rifle,Strand,1,0,1,1,Offhand Strike,Collective Action,1,Collective Action+Offhand Strike,3016891299
1301,Aurvandil FR6,preferred,Fusion Rifle,Stasis,1,0,0,1,Slideways,Golden Tricorn,1,Golden Tricorn+Slideways,3786215462
1302,Double-Edged Answer,preferred,Sword,Void,1,0,0,1,"Flash Counter, Pugilist, Repulsor Brace","Assassin's Blade, Destabilizing Rounds, Valiant Charge",6,Assassin's Blade+Pugilist | Assassin's Blade+Repulsor Brace | Destabilizing Rounds+Flash Counter | Flash Counter+Valiant Charge | Pugilist+Valiant Charge | Repulsor Brace+Valiant Charge,105164264
1303,Volta Bracket,preferred,Sniper Rifle,Strand,1,0,1,1,"Envious Assassin, Perfect Float, Triple Tap","Mega Kill Clip, Rewind Rounds, Under Pressure",5,Envious Assassin+Mega Kill Clip | Mega Kill Clip+Perfect Float | Mega Kill Clip+Triple Tap | Perfect Float+Under Pressure | Triple Tap+Under Pressure,3920310144
1304,Embraced Identity,preferred,Sniper Rifle,Void,1,0,1,1,"Destabilizing Rounds, Empty Traits Socket, Permeability","Aggregate Charge, High Ground, Redirection",5,Aggregate Charge+Empty Traits Socket | Destabilizing Rounds+High Ground | Destabilizing Rounds+Redirection | Empty Traits Socket+Redirection | Permeability+Redirection,2821677368
1305,Smite of Merain (Harrowed),preferred,Pulse Rifle,Kinetic,0,1,1,0,"Ancillary Ordinance, Focused Fury, Pugilist","Adhesive Ordnance, All-Star, One for All",4,Adhesive Ordnance+Pugilist | All-Star+Pugilist | Ancillary Ordinance+One for All | Focused Fury+One for All,3407395594
1306,Joxer's Longsword,preferred,Pulse Rifle,Void,1,0,0,1,"Closing Time, Enlightened Action, Strategist","Desperado, Under Pressure, Withering Gaze",4,Closing Time+Desperado | Closing Time+Withering Gaze | Enlightened Action+Under Pressure | Strategist+Under Pressure,157601190
1307,Hushed Whisper,preferred,Combat Bow,Strand,1,0,0,1,"Snapshot Sights, Successful Warm-Up, Tear","Collective Action, Collective Pugilism, Hatchling",4,Collective Action+Successful Warm-Up | Collective Pugilism+Tear | Hatchling+Snapshot Sights | Hatchling+Successful Warm-Up,3574168117
1308,Strident Whistle,preferred,Combat Bow,Solar,1,0,0,1,"Archer's Tempo, Sneak Bow, Well-Rounded","Cornered, Explosive Head, Opening Shot",4,Archer's Tempo+Opening Shot | Explosive Head+Well-Rounded | Opening Shot+Sneak Bow | Opening Shot+Well-Rounded,2591241074
1309,Retrofuturist,preferred,Shotgun,Void,1,0,0,1,"Dual Loader, Hip-Fire Grip, Shot Swap","Envious Assassin, High Ground, Trench Barrel",4,Dual Loader+Envious Assassin | Envious Assassin+Hip-Fire Grip | High Ground+Hip-Fire Grip | Shot Swap+Trench Barrel,1612781792
1310,Qua Xaphan V,preferred,Machine Gun,Void,1,0,0,1,"Heating Up, Offhand Strike, Slideways","Destabilizing Rounds, Firing Line, Target Lock",4,Destabilizing Rounds+Heating Up | Firing Line+Offhand Strike | Firing Line+Slideways | Slideways+Target Lock,1975125963
1311,Deliverance (Adept),preferred,Fusion Rifle,Stasis,0,1,1,0,"Compulsive Reloader, Cornered, Crystalline Corpsebloom","Controlled Burst, Harmony, Surrounded",4,Compulsive Reloader+Surrounded | Cornered+Harmony | Crystalline Corpsebloom+Harmony | Crystalline Corpsebloom+Surrounded,2943293195
1312,Corrective Measure (Timelost),preferred,Machine Gun,Void,0,1,1,0,"Dimensional Shift, Redirection, Subsistence","Demoralize, High-Impact Reserves, Withering Gaze",4,Demoralize+Redirection | Demoralize+Subsistence | High-Impact Reserves+Redirection | Subsistence+Withering Gaze,2334480463
1313,Blowout,preferred,Rocket Launcher,Arc,1,0,0,1,"Genesis, Sympathetic Arsenal, Thresh","Cluster Bomb, Golden Tricorn Enhanced, Harmony",4,Cluster Bomb+Genesis | Golden Tricorn Enhanced+Sympathetic Arsenal | Golden Tricorn Enhanced+Thresh | Harmony+Sympathetic Arsenal,1903182562
1314,Iterative Loop,preferred,Fusion Rifle,Arc,1,0,1,1,"Compulsive Reloader, Supercharged Magazine, Under Pressure","Adagio, Adrenaline Junkie, Empty Traits Socket",4,Adagio+Supercharged Magazine | Adagio+Under Pressure | Adrenaline Junkie+Supercharged Magazine | Adrenaline Junkie+Under Pressure,1289796511
1315,Xenoclast IV,preferred,Shotgun,Arc,1,0,0,1,"Dual Loader, Genesis, Slideways","One-Two Punch, Rampage, Trench Barrel",3,Dual Loader+Rampage | Genesis+One-Two Punch | Slideways+Trench Barrel,963732594
1316,Vision of Confluence (Timelost),preferred,Scout Rifle,Solar,0,1,1,0,"Heal Clip, Incandescent, Tunnel Vision","Burning Ambition, Desperate Measures, Paracausal Affinity",3,Burning Ambition+Tunnel Vision | Desperate Measures+Incandescent | Heal Clip+Paracausal Affinity,337578911
1317,The Call,preferred,Sidearm,Strand,1,0,1,1,"Reconstruction, Slice, Stats for All","Desperate Measures, Empty Traits Socket, Multikill Clip",3,Desperate Measures+Stats for All | Empty Traits Socket+Slice | Multikill Clip+Reconstruction,3947966653
1318,Tempered Dynamo,preferred,Fusion Rifle,Arc,1,0,0,1,"Backup Plan, Kickstart, Opening Shot","Closing Time, Kill Clip, Rampage",3,Backup Plan+Kill Clip | Closing Time+Opening Shot | Kickstart+Rampage,2925315757
1319,Swordbreaker (Adept),preferred,Shotgun,Strand,0,1,1,0,"Elemental Capacitor, Fragile Focus, Paracausal Affinity","Barrel Constrictor, One-Two Punch, Surrounded",3,Elemental Capacitor+Surrounded | Fragile Focus+One-Two Punch | Paracausal Affinity+Surrounded,1239700299
1320,Prolonged Engagement,preferred,Submachine Gun,Stasis,1,0,0,1,"Dynamic Sway Reduction, Heating Up, Perfect Float","Encore, Gutshot Straight, Rangefinder",3,Encore+Heating Up | Encore+Perfect Float | Perfect Float+Rangefinder,2349907931
1321,Oversoul Edict (Adept),preferred,Pulse Rifle,Arc,0,1,1,0,"Eddy Current, Perpetual Motion, Rolling Storm","Gear Shift, Headseeker, Moving Target",3,Eddy Current+Moving Target | Gear Shift+Perpetual Motion | Headseeker+Rolling Storm,578105049
1322,Non-Denouement (Adept),preferred,Combat Bow,Arc,0,1,1,0,"Archer's Tempo, Impulse Amplifier, Shoot to Loot","Archer's Gambit, Chaos Reshaped, Desperate Measures",3,Archer's Gambit+Shoot to Loot | Archer's Tempo+Desperate Measures | Chaos Reshaped+Shoot to Loot,1039915310
1323,Lubrae's Ruin (Adept),preferred,Glaive,Solar,0,1,1,0,"Close to Melee, Killing Wind, Tilting at Windmills","Bait and Switch, Incandescent, Surrounded",3,Bait and Switch+Killing Wind | Bait and Switch+Tilting at Windmills | Close to Melee+Surrounded,1466006054
1324,Keraunios,preferred,Trace Rifle,Arc,1,0,0,1,"Rapid Hit, Trickle Charge","Butterfly, Killing Tally, Target Lock",3,Butterfly+Trickle Charge | Killing Tally+Rapid Hit | Target Lock+Trickle Charge,2386208942
1325,Imminence (Adept),preferred,Submachine Gun,Strand,0,1,1,0,"Ambitious Assassin, Enlightened Action, Tear","Chaos Reshaped, Desperate Measures, Paracausal Affinity",3,Chaos Reshaped+Tear | Desperate Measures+Tear | Enlightened Action+Paracausal Affinity,3951511045
1326,Doom of Chelchis (Harrowed),preferred,Scout Rifle,Void,0,1,1,0,"Demoralize, Firefly, Steady Hands","Eye of the Storm, One for All, Withering Gaze",3,Demoralize+One for All | Eye of the Storm+Firefly | Steady Hands+Withering Gaze,1184692845
1327,Cynosure,preferred,Rocket Launcher,Strand,1,0,0,1,"Clown Cartridge, Danger Zone, Sympathetic Arsenal","Cluster Bomb, Desperate Measures, Quickdraw",3,Clown Cartridge+Cluster Bomb | Danger Zone+Desperate Measures | Desperate Measures+Sympathetic Arsenal,694275488
1328,Chain of Command,preferred,Machine Gun,Stasis,1,0,0,1,"Adrenaline Junkie, Headstone, Osmosis","Adaptive Munitions, Desperate Measures, Meganeura",3,Adrenaline Junkie+Desperate Measures | Headstone+Meganeura | Meganeura+Osmosis,1716620044
1329,Bold Endings,preferred,Hand Cannon,Stasis,1,0,1,1,"Opening Shot, Rimestealer, To the Pain","Collective Action, Crystalline Corpsebloom, Golden Tricorn Enhanced",3,Collective Action+Rimestealer | Crystalline Corpsebloom+To the Pain | Golden Tricorn Enhanced+Opening Shot,496728945
1330,Bellowing Giant,preferred,Rocket Launcher,Void,1,0,0,1,"Impromptu Ammunition, Overflow, Tracking Module","Clown Cartridge, Cluster Bomb, Collective Demolition",3,Clown Cartridge+Overflow | Cluster Bomb+Impromptu Ammunition | Collective Demolition+Tracking Module,1889005379
1331,Bad Omens,preferred,Rocket Launcher,Void,1,0,0,1,"Auto-Loading Holster, Perpetual Motion, Tracking Module","Kill Clip, Quickdraw, Withering Gaze",3,Auto-Loading Holster+Withering Gaze | Kill Clip+Tracking Module | Perpetual Motion+Quickdraw,1996201272
1332,Axial Lacuna,preferred,Fusion Rifle,Solar,1,0,1,1,"Cornered, Empty Traits Socket, Firmly Planted","Controlled Burst, Incandescent, Reservoir Burst",3,Cornered+Incandescent | Empty Traits Socket+Reservoir Burst | Firmly Planted+Incandescent,3867373351
1333,Abyss Defiant (Adept),preferred,Auto Rifle,Solar,0,1,1,0,"Burning Ambition, Outlaw, Reconstruction","Eye of the Storm, Swashbuckler, Sword Logic",3,Burning Ambition+Swashbuckler | Eye of the Storm+Reconstruction | Outlaw+Sword Logic,3782662983
1334,Yesteryear,preferred,Pulse Rifle,Void,1,0,0,1,"Compulsive Reloader, Heating Up, Outlaw","Dragonfly, Repulsor Brace, Under-Over",3,Heating Up+Repulsor Brace | Outlaw+Repulsor Brace | Outlaw+Under-Over,4028000428
1335,Thin Precipice,preferred,Sword,Strand,1,0,1,1,"Duelist's Trance, Flash Counter, Valiant Charge","Counterattack, Golden Tricorn, Harmony",3,Duelist's Trance+Golden Tricorn | Flash Counter+Harmony | Harmony+Valiant Charge,4066778670
1336,Tatara Gaze,preferred,Sniper Rifle,Arc,1,0,0,1,"Light Touch, Quickdraw, Rewind Rounds","Box Breathing, Triple Tap, Voltshot",3,Box Breathing+Rewind Rounds | Light Touch+Triple Tap | Quickdraw+Voltshot,3595694326
1337,Song of Ir Yût (Adept),preferred,Machine Gun,Arc,0,1,1,0,"Jolting Feedback, Rewind Rounds, Unrelenting","Elemental Capacitor, Sword Logic, Target Lock",3,Elemental Capacitor+Rewind Rounds | Jolting Feedback+Target Lock | Sword Logic+Unrelenting,407511664
1338,Servant Leader,preferred,Scout Rifle,Kinetic,1,0,0,1,"Hip-Fire Grip, Pulse Monitor, Shoot to Loot","Harmony, Osmosis, Thresh",3,Harmony+Pulse Monitor | Hip-Fire Grip+Osmosis | Shoot to Loot+Thresh,1107446438
1339,Royal Entry,preferred,Rocket Launcher,Void,1,0,0,1,"Genesis, Impulse Amplifier, Pulse Monitor","Ambitious Assassin, Chain Reaction, Lasting Impression",3,Ambitious Assassin+Impulse Amplifier | Ambitious Assassin+Pulse Monitor | Genesis+Lasting Impression,2448907086
1340,Reghusk's Pledge,preferred,Auto Rifle,Void,1,0,0,1,"Built to Blast, Destabilizing Rounds, Impromptu Ammunition","Golden Tricorn, Kill Clip, Swashbuckler",3,Built to Blast+Kill Clip | Destabilizing Rounds+Swashbuckler | Golden Tricorn+Impromptu Ammunition,2370525224
1341,Rapid Growth,preferred,Sniper Rifle,Arc,1,0,0,1,"Lucky Shot, Snapshot Sights, Supercharged Magazine","Binary Orbit, Jolting Feedback, Rolling Storm",3,Binary Orbit+Supercharged Magazine | Jolting Feedback+Lucky Shot | Rolling Storm+Snapshot Sights,3856342856
1342,Praedyth's Revenge (Timelost),preferred,Sniper Rifle,Kinetic,0,1,1,0,"Fourth Time's the Charm, Kinetic Tremors, No Distractions","Closing Time, Elemental Honing, Firefly",3,Closing Time+Kinetic Tremors | Elemental Honing+Kinetic Tremors | Firefly+Fourth Time's the Charm,2362652544
1343,Positive Outlook,preferred,Auto Rifle,Void,1,0,0,1,"Invisible Hand, Steady Hands, Surplus","Cascade Point, Pugilist, Repulsor Brace",3,Cascade Point+Steady Hands | Pugilist+Surplus | Repulsor Brace+Surplus,491078457
1344,Phyllotactic Spiral,preferred,Pulse Rifle,Arc,1,0,1,1,"Compulsive Reloader, Empty Traits Socket, Shot Swap","Desperado, Elemental Capacitor, Rolling Storm",3,Compulsive Reloader+Elemental Capacitor | Desperado+Empty Traits Socket | Empty Traits Socket+Rolling Storm,3635821806
1345,No Hesitation,preferred,Auto Rifle,Solar,1,0,1,1,"Ensemble, Overflow, Physic","Desperate Measures, Disruption Break, Incandescent",3,Desperate Measures+Ensemble | Ensemble+Incandescent | Incandescent+Physic,1801007332
1346,Zaouli's Bane (Harrowed),preferred,Hand Cannon,Solar,0,1,1,0,"Gutshot Straight, Opening Shot, Well-Rounded","Chaos Reshaped, Firefly, Focused Fury",3,Chaos Reshaped+Gutshot Straight | Firefly+Well-Rounded | Focused Fury+Opening Shot,291092617
1347,Mykel's Reverence (Adept),preferred,Sidearm,Strand,0,1,1,0,"Collective Demolition, Elemental Capacitor, Thresh","Binary Orbit, Offhand Strike, Swashbuckler",3,Binary Orbit+Thresh | Collective Demolition+Swashbuckler | Swashbuckler+Thresh,1986287028
1348,Midha's Reckoning (Harrowed),preferred,Fusion Rifle,Arc,0,1,1,0,"Cornered, Unrelenting, Voltshot","Closing Time, Reservoir Burst, Tap the Trigger",3,Closing Time+Unrelenting | Cornered+Tap the Trigger | Reservoir Burst+Voltshot,3904516037
1349,Finite Impactor,preferred,Hand Cannon,Solar,1,0,0,1,"Enlightened Action, Fragile Focus, Heal Clip","Heating Up, Moving Target, Rapid Hit",3,Enlightened Action+Moving Target | Fragile Focus+Rapid Hit | Heal Clip+Heating Up,1917334929
1350,Fatebringer (Timelost),preferred,Hand Cannon,Kinetic,0,1,1,0,"Opening Shot, Osmosis, Stopping Power","Eye of the Storm, Frenzy, Magnificent Howl",3,Eye of the Storm+Stopping Power | Frenzy+Osmosis | Magnificent Howl+Opening Shot,4219826183
1351,Exile's Curse,preferred,Fusion Rifle,Arc,1,0,0,1,"Grave Robber, No Distractions, Slideshot","Backup Plan, Celerity, Feeding Frenzy",3,Backup Plan+Slideshot | Celerity+Grave Robber | Feeding Frenzy+Slideshot,679281855
1352,Burden of Guilt,preferred,Fusion Rifle,Stasis,1,0,0,1,"Eye of the Storm, Lone Wolf, Perpetual Motion","Controlled Burst, Crystalline Corpsebloom, High-Impact Reserves",3,Controlled Burst+Perpetual Motion | Crystalline Corpsebloom+Lone Wolf | Eye of the Storm+High-Impact Reserves,976459525
1353,Briar's Contempt (Adept),preferred,Linear Fusion Rifle,Solar,0,1,1,0,"Rapid Hit, Reconstruction, Rewind Rounds","Adagio, Aggregate Charge, Focused Fury",3,Adagio+Reconstruction | Aggregate Charge+Rapid Hit | Focused Fury+Rewind Rounds,2890082420
1354,Anonymous Autumn,preferred,Sidearm,Arc,1,0,0,1,"Attrition Orbs, Discord, To the Pain","Adagio, Multikill Clip, Voltshot",3,Attrition Orbs+Voltshot | Discord+Multikill Clip | Multikill Clip+To the Pain,1644501332
1355,Unending Tempest,preferred,Submachine Gun,Stasis,1,0,0,1,"Enlightened Action, Gutshot Straight, Shot Swap","Fragile Focus, Harmony, Tap the Trigger",3,Enlightened Action+Fragile Focus | Gutshot Straight+Harmony | Shot Swap+Tap the Trigger,2510526114
1356,Albedo Wing,preferred,Glaive,Arc,1,0,0,1,"Immovable Object, Keep Away, Replenishing Aegis","Attrition Orbs, Close to Melee, Deconstruct",3,Close to Melee+Keep Away | Deconstruct+Immovable Object | Deconstruct+Keep Away,2680976411
1357,Riptide,preferred,Fusion Rifle,Stasis,1,0,0,1,"Auto-Loading Holster, Compulsive Reloader, Perpetual Motion","Cornered, Golden Tricorn, Unrelenting",3,Auto-Loading Holster+Cornered | Compulsive Reloader+Golden Tricorn | Perpetual Motion+Unrelenting,2715240478
1358,Laser Painter,preferred,Linear Fusion Rifle,Strand,1,0,0,1,"Encore, Ensemble, Invisible Hand","Box Breathing, High-Impact Reserves, Hip-Fire Grip",3,Box Breathing+Encore | Ensemble+High-Impact Reserves | Ensemble+Hip-Fire Grip,3221722018
1359,Albruna-D,preferred,Sniper Rifle,Arc,1,0,0,1,"Air Assault, Explosive Payload, Wellspring","Cascade Point, Golden Tricorn Enhanced, Under-Over",4,Air Assault+Golden Tricorn Enhanced | Cascade Point+Explosive Payload | Cascade Point+Wellspring | Explosive Payload+Golden Tricorn Enhanced,676270382
1360,Pure Poetry,preferred,Hand Cannon,Kinetic,1,0,0,1,"Air Assault, Fragile Focus, Perpetual Motion","Elemental Capacitor, Harmony, Under-Over",3,Air Assault+Elemental Capacitor | Fragile Focus+Harmony | Perpetual Motion+Under-Over,2671639706
1361,Origin Story,preferred,Auto Rifle,Kinetic,1,0,0,1,"Discord, Strategist, Threat Detector","Gutshot Straight, High Ground, Onslaught",3,Discord+Gutshot Straight | High Ground+Threat Detector | Onslaught+Threat Detector,2826850739
1362,Locus Locutus,preferred,Sniper Rifle,Stasis,1,0,1,1,"Overflow, Surplus, Wellspring","Firing Line, Opening Shot, Under-Over",3,Firing Line+Overflow | Opening Shot+Wellspring | Surplus+Under-Over,4132072834
1363,Herod-C,preferred,Auto Rifle,Stasis,1,0,0,1,"Compulsive Reloader, Heating Up, Hip-Fire Grip","Moving Target, Tap the Trigger, Turnabout",3,Compulsive Reloader+Tap the Trigger | Heating Up+Moving Target | Hip-Fire Grip+Turnabout,2065366342
1364,Chivalric Fire,preferred,Sword,Void,1,0,0,1,"Repulsor Brace, Sharp Harvest, Strategist","Destabilizing Rounds, Energy Transfer, Whirlwind Blade",3,Destabilizing Rounds+Sharp Harvest | Energy Transfer+Strategist | Repulsor Brace+Whirlwind Blade,938936806
1365,Stryker's Sure-Hand,preferred,Sword,Void,1,0,0,1,"Assassin's Blade, Relentless Strikes, Tireless Blade","Flash Counter, Impromptu Ammunition, Redirection",3,Assassin's Blade+Redirection | Flash Counter+Tireless Blade | Impromptu Ammunition+Relentless Strikes,2490460292
1366,Bygones,preferred,Pulse Rifle,Kinetic,1,0,0,1,"Perpetual Motion, Rangefinder, Zen Moment","Kinetic Tremors, Osmosis, Vorpal Weapon",3,Kinetic Tremors+Zen Moment | Osmosis+Perpetual Motion | Rangefinder+Vorpal Weapon,2199554524
1367,The Third Axiom,preferred,Pulse Rifle,Arc,1,0,0,1,"Killing Wind, Slideshot, Slideways","Headseeker, Sympathetic Arsenal, Thresh",3,Headseeker+Slideshot | Killing Wind+Sympathetic Arsenal | Slideways+Sympathetic Arsenal,3744058588
1368,Fortissimo-11,preferred,Shotgun,Kinetic,1,0,0,1,"Steady Hands, Subsistence, Threat Detector","Focused Fury, Moving Target, Wellspring",3,Focused Fury+Threat Detector | Moving Target+Steady Hands | Subsistence+Wellspring,963732595
1369,Watchful Eye,preferred,Machine Gun,Arc,1,0,0,1,"Mulligan, Wellspring","Surrounded, Target Lock",2,Mulligan+Surrounded | Target Lock+Wellspring,3058845782
1370,Trinary System,preferred,Fusion Rifle,Solar,1,0,0,1,"Firmly Planted, Slideways, Surplus","Backup Plan, Multikill Clip, Tap the Trigger",2,Backup Plan+Surplus | Slideways+Tap the Trigger,3258665412
1371,The Beacon,preferred,Fusion Rifle,Solar,1,0,0,1,"Overflow, Rewind Rounds","Burning Ambition, Controlled Burst",2,Burning Ambition+Overflow | Controlled Burst+Rewind Rounds,2161618499
1372,Summum Bonum (Adept),preferred,Sword,Arc,0,1,1,0,"Deconstruct, Sharp Harvest","Bait and Switch, Vorpal Weapon",2,Bait and Switch+Sharp Harvest | Deconstruct+Vorpal Weapon,2001697739
1373,Someday,preferred,Shotgun,Kinetic,1,0,1,1,"Dual Loader, Lead from Gold, One-Two Punch","Barrel Constrictor, Cascade Point, Closing Time",2,Barrel Constrictor+Lead from Gold | Cascade Point+Dual Loader,3232203524
1374,Semiotician,preferred,Rocket Launcher,Strand,1,0,1,1,"Impulse Amplifier, Perpetual Motion","Bipod, Pugilist",2,Bipod+Perpetual Motion | Impulse Amplifier+Pugilist,2922749929
1375,Parabellum,preferred,Submachine Gun,Solar,1,0,0,1,"Light Touch, Rewind Rounds","Adagio, Collective Action",2,Adagio+Light Touch | Collective Action+Rewind Rounds,3769072067
1376,Nightshade,preferred,Pulse Rifle,Strand,1,0,0,1,"Moving Target, Under Pressure","Feeding Frenzy, Moving Target",2,Feeding Frenzy+Under Pressure | Moving Target,1559068369
1377,Nessa's Oblation (Adept),preferred,Shotgun,Void,0,1,1,0,"Compulsive Reloader, Proximity Power","Focused Fury, Paracausal Affinity",2,Compulsive Reloader+Paracausal Affinity | Focused Fury+Proximity Power,522366885
1378,Koraxis's Distress (Adept),preferred,Grenade Launcher,Strand,0,1,1,0,"Envious Arsenal, Reconstruction","Chaos Reshaped, Wellspring",2,Chaos Reshaped+Envious Arsenal | Reconstruction+Wellspring,495442100
1379,Ill Omen,preferred,Sword,Stasis,1,0,1,1,"Strategist, Valiant Charge","En Garde, Vorpal Weapon",2,En Garde+Strategist | Valiant Charge+Vorpal Weapon,3794274730
1380,Forthcoming Deviance (Adept),preferred,Glaive,Void,0,1,1,0,"Demolitionist, Dimensional Shift, Disruption Break","Chaos Reshaped, Close to Melee, Collective Action",2,Close to Melee+Demolitionist | Close to Melee+Dimensional Shift,3123651616
1381,False Idols,preferred,Sword,Solar,1,0,1,1,"Eager Edge, Flash Counter","Bait and Switch, Empty Traits Socket",2,Bait and Switch+Flash Counter | Eager Edge+Empty Traits Socket,4207120603
1382,Dimensional Hypotrochoid,preferred,Grenade Launcher,Stasis,1,0,1,1,"Empty Traits Socket, Envious Arsenal, Shot Swap","Chain Reaction, Crystalline Corpsebloom, Turnabout",2,Chain Reaction+Shot Swap | Envious Arsenal+Turnabout,1311684613
1383,Crowd Pleaser,preferred,Grenade Launcher,Void,1,0,0,1,"Grave Robber, Pulse Monitor",Quickdraw,2,Grave Robber+Quickdraw | Pulse Monitor+Quickdraw,3565520715
1384,Critical Anomaly (Adept),preferred,Sniper Rifle,Stasis,0,1,1,0,"Built to Blast, Chill Clip, Crystalline Corpsebloom","Elemental Honing, Firing Line, Mega Kill Clip",2,Built to Blast+Mega Kill Clip | Crystalline Corpsebloom+Elemental Honing,172461430
1385,Cataclysmic (Adept),preferred,Linear Fusion Rifle,Solar,0,1,1,0,"Burning Ambition, Sleight of Hand, Successful Warm-Up","Adaptive Munitions, Aggregate Charge, Clown Cartridge",2,Adaptive Munitions+Burning Ambition | Aggregate Charge+Sleight of Hand,2886339027
1386,Veiled Threat,preferred,Auto Rifle,Stasis,1,0,1,1,"Attrition Orbs, Loose Change, Shoot to Loot","Gutshot Straight, Headstone, Moving Target",2,Attrition Orbs+Moving Target | Headstone+Loose Change,3685470415
1387,Submission (Adept),preferred,Submachine Gun,Kinetic,0,1,1,0,"Closing Time, Kinetic Tremors, Perpetual Motion","Frenzy, Harmony, Killing Wind",2,Closing Time+Frenzy | Harmony+Kinetic Tremors,1941816543
1388,Resounding,preferred,Fusion Rifle,Strand,1,0,0,1,"Subsistence, Threat Detector","Reservoir Burst, Strategist",2,Reservoir Burst+Threat Detector | Strategist+Subsistence,3273807888
1389,Pointed Inquiry,preferred,Scout Rifle,Void,1,0,1,1,"Empty Traits Socket, Firmly Planted, Genesis","Demolitionist, Demoralize, Focused Fury",2,Demoralize+Empty Traits Socket | Firmly Planted+Focused Fury,297296830
1390,Qullim's Terminus (Harrowed),preferred,Machine Gun,Stasis,0,1,1,0,"Demolitionist, Enlightened Action, Unrelenting","Crystalline Corpsebloom, Firefly, Killing Tally",2,Crystalline Corpsebloom+Enlightened Action | Firefly+Unrelenting,3248429089
1391,King Orfeo,preferred,Combat Bow,Arc,1,0,0,1,"Explosive Head, Impulse Amplifier","Meganeura, Swashbuckler",2,Explosive Head+Swashbuckler | Impulse Amplifier+Meganeura,3481382332
1392,Fang of Ir Yût (Adept),preferred,Scout Rifle,Strand,0,1,1,0,"Killing Wind, Rewind Rounds, Surplus","Hatchling, High Ground, Sword Logic",2,Hatchling+Killing Wind | Surplus+Sword Logic,128782990
1393,Round Robin,preferred,Hand Cannon,Strand,1,0,1,1,"Envious Assassin, Slideshot, Tear","Golden Tricorn Enhanced, Harmony, Kill Clip",3,Envious Assassin+Kill Clip | Golden Tricorn Enhanced+Slideshot | Harmony+Tear,2034215657
1394,Crisis Inverted,preferred,Hand Cannon,Arc,1,0,0,1,"Heating Up, Rapid Hit, Steady Hands","Adaptive Munitions, Opening Shot, Rangefinder",2,Adaptive Munitions+Steady Hands | Heating Up+Opening Shot,2888266564
1395,Autumn Wind,preferred,Pulse Rifle,Kinetic,1,0,0,1,"Perfect Float, Perpetual Motion, Shot Swap","Focused Fury, Headseeker, Moving Target",2,Focused Fury+Perfect Float | Headseeker+Shot Swap,3110377595
1396,Acasia's Dejection (Adept),preferred,Trace Rifle,Solar,0,1,1,0,"Collective Demolition, Keep Away","Detonator Beam, Target Lock",2,Collective Demolition+Target Lock | Detonator Beam+Keep Away,3493494807
1397,No Feelings,preferred,Scout Rifle,Arc,1,0,0,1,"Outlaw, Rolling Storm","Box Breathing, Meganeura",2,Box Breathing+Outlaw | Meganeura+Rolling Storm,2979764077
1398,Insidious (Adept),preferred,Pulse Rifle,Arc,0,1,1,0,"Frenzy, Heating Up, Sleight of Hand","Adaptive Munitions, Adrenaline Junkie, Bait and Switch",2,Adrenaline Junkie+Sleight of Hand | Bait and Switch+Heating Up,786352912
1399,Bottom Dollar,preferred,Hand Cannon,Void,1,0,0,1,"Rapid Hit, Surplus","Explosive Payload, Thresh",2,Explosive Payload+Surplus | Rapid Hit+Thresh,2953199259
1400,Luna Regolith III,preferred,Sniper Rifle,Solar,1,0,0,1,"Clown Cartridge, Heal Clip, Perfect Float","Cascade Point, Demolitionist, Firing Line",2,Demolitionist+Perfect Float | Firing Line+Heal Clip,1948035256
1401,Unwavering Duty,preferred,Machine Gun,Solar,1,0,0,1,Auto-Loading Holster,Target Lock,1,Auto-Loading Holster+Target Lock,3489054606
1402,The Title,preferred,Submachine Gun,Void,1,0,0,1,To the Pain,Under Pressure,1,To the Pain+Under Pressure,4106258882
1403,The Spiteful Fang,preferred,Combat Bow,Stasis,1,0,0,1,"Archer's Tempo, Headstone, Impulse Amplifier","Archer's Gambit, Explosive Head, Firefly",1,Firefly+Impulse Amplifier,1704597062
1404,Solemn Lie,preferred,Hand Cannon,Arc,1,0,0,1,Trickle Charge,Snapshot Sights,1,Snapshot Sights+Trickle Charge,1041028435
1405,Salvager's Salvo,preferred,Grenade Launcher,Arc,1,0,0,1,Unrelenting,Rolling Storm,1,Rolling Storm+Unrelenting,2461640837
1406,Nullify (Adept),preferred,Pulse Rifle,Solar,0,1,1,0,Heal Clip,Multikill Clip,1,Heal Clip+Multikill Clip,892183998
1407,Hezen Vengeance (Timelost),preferred,Rocket Launcher,Solar,0,1,1,0,Cluster Bomb,Vorpal Weapon,1,Cluster Bomb+Vorpal Weapon,3623686757
1408,Found Verdict (Timelost),preferred,Shotgun,Arc,0,1,1,0,"Aggregate Charge, Barrel Constrictor, Rewind Rounds","Binary Orbit, Desperate Measures, Gear Shift",1,Aggregate Charge+Binary Orbit,851296754
1409,Doomsday,preferred,Grenade Launcher,Arc,1,0,0,1,Supercharged Magazine,Quickdraw,1,Quickdraw+Supercharged Magazine,713132408
1410,Defiance of Yasmin (Harrowed),preferred,Sniper Rifle,Kinetic,0,1,1,0,"Firefly, Lead from Gold, Osmosis","Aggregate Charge, All-Star, Demolitionist",1,All-Star+Firefly,3503019618
1411,Cry Mutiny,preferred,Grenade Launcher,Solar,1,0,0,1,Reverberation,Full Court,1,Full Court+Reverberation,768696858
1412,Breakneck,preferred,Auto Rifle,Kinetic,1,0,0,1,"Dynamic Sway Reduction, Encore, Enlightened Action","Attrition Orbs, Offhand Strike, Onslaught",1,Dynamic Sway Reduction+Offhand Strike,2026755633
1413,Ammit AR2,preferred,Auto Rifle,Solar,1,0,1,1,Turnabout,One for All,1,One for All+Turnabout,2119346509
1414,Wicked Sister,preferred,Grenade Launcher,Strand,1,0,0,1,"Clown Cartridge, Danger Zone, Envious Arsenal","Cascade Point, Demolitionist, Reverberation",1,Envious Arsenal+Reverberation,2039776723
1415,Ragnhild-D,preferred,Shotgun,Kinetic,1,0,1,1,Perpetual Motion,Thresh,1,Perpetual Motion+Thresh,4225322581
1416,Ecliptic Distaff,preferred,Glaive,Void,1,0,0,1,Repulsor Brace,Chaos Reshaped,1,Chaos Reshaped+Repulsor Brace,1942143745
1417,Borrowed Time,preferred,Submachine Gun,Solar,1,0,0,1,Dynamic Sway Reduction,Thresh,1,Dynamic Sway Reduction+Thresh,875848769
1418,Afterlight (Adept),preferred,Fusion Rifle,Void,0,1,0,1,Discord,Swashbuckler,1,Discord+Swashbuckler,3953163559
1419,Abyssal Edge,preferred,Sword,Strand,1,0,0,1,Valiant Charge,Hatchling,1,Hatchling+Valiant Charge,4221591387
1420,Corrective Measure (Timelost),preferred,Machine Gun,Void,0,1,1,0,"Dimensional Shift, Dynamic Sway Reduction, Firefly","High-Impact Reserves, Killing Tally, Withering Gaze",4,Dimensional Shift+Killing Tally | Dynamic Sway Reduction+High-Impact Reserves | Firefly+High-Impact Reserves | Firefly+Killing Tally,2334480463
1421,Volta Bracket,preferred,Sniper Rifle,Strand,1,0,1,1,"Firmly Planted, Keep Away, Lucky Shot","Cascade Point, Empty Traits Socket, Rewind Rounds",3,Cascade Point+Firmly Planted | Empty Traits Socket+Lucky Shot | Keep Away+Rewind Rounds,3920310144
1422,Vision of Confluence (Timelost),preferred,Scout Rifle,Solar,0,1,1,0,"Outlaw, Tunnel Vision, Zen Moment","Elemental Honing, Master of Arms, Paracausal Affinity",3,Elemental Honing+Outlaw | Master of Arms+Tunnel Vision | Paracausal Affinity+Zen Moment,337578911
1423,Submission (Adept),preferred,Submachine Gun,Kinetic,0,1,1,0,"Kinetic Tremors, Sleight of Hand, Steady Hands","Harmony, Killing Wind, Swashbuckler",3,Killing Wind+Sleight of Hand | Killing Wind+Steady Hands | Kinetic Tremors+Swashbuckler,1941816543
1424,Someday,preferred,Shotgun,Kinetic,1,0,1,1,"One-Two Punch, Slickdraw, Strategist","Closing Time, Collective Action, Frenzy",3,Closing Time+Strategist | Collective Action+Slickdraw | Frenzy+One-Two Punch,3232203524
1425,Smite of Merain (Harrowed),preferred,Pulse Rifle,Kinetic,0,1,1,0,"Ancillary Ordinance, Bewildering Burst, Stats for All","Adhesive Ordnance, All-Star, Swashbuckler",3,Adhesive Ordnance+Stats for All | All-Star+Stats for All | Ancillary Ordinance+Swashbuckler,3407395594
1426,No Hesitation,preferred,Auto Rifle,Solar,1,0,1,1,"Overflow, Physic, Target Lock","Attrition Orbs, Chaos Reshaped, Disruption Break",3,Attrition Orbs+Overflow | Chaos Reshaped+Physic | Disruption Break+Target Lock,1801007332
1427,Lubrae's Ruin (Adept),preferred,Glaive,Solar,0,1,1,0,"Frenzy, Immovable Object, Killing Wind","Incandescent, Surrounded, Swashbuckler",3,Frenzy+Surrounded | Frenzy+Swashbuckler | Immovable Object+Surrounded,1466006054
1428,Fang of Ir Yût (Adept),preferred,Scout Rifle,Strand,0,1,1,0,"Rewind Rounds, Tear, Tunnel Vision","High Ground, Meganeura, Sword Logic",3,High Ground+Tear | Meganeura+Rewind Rounds | Sword Logic+Tunnel Vision,128782990
1429,Embraced Identity,preferred,Sniper Rifle,Void,1,0,1,1,"Permeability, Reconstruction, Vorpal Weapon","Aggregate Charge, Elemental Honing, High Ground",3,Aggregate Charge+Vorpal Weapon | Elemental Honing+Permeability | High Ground+Vorpal Weapon,2821677368
1430,Axial Lacuna,preferred,Fusion Rifle,Solar,1,0,1,1,"Cornered, Firmly Planted, Heal Clip","Controlled Burst, Desperate Measures, Empty Traits Socket",3,Controlled Burst+Heal Clip | Cornered+Empty Traits Socket | Desperate Measures+Firmly Planted,3867373351
1431,Albruna-D,preferred,Sniper Rifle,Arc,1,0,0,1,"Air Assault, Elemental Capacitor, Field Prep","High-Impact Reserves, Slickdraw, Snapshot Sights",3,Air Assault+Snapshot Sights | Elemental Capacitor+High-Impact Reserves | Field Prep+Slickdraw,676270382
1432,Riptide,preferred,Fusion Rifle,Stasis,1,0,0,1,"Auto-Loading Holster, Compulsive Reloader, Stats for All","Cornered, Golden Tricorn Enhanced, Successful Warm-Up",3,Auto-Loading Holster+Golden Tricorn Enhanced | Cornered+Stats for All | Stats for All+Successful Warm-Up,2715240478
1433,Retrofuturist,preferred,Shotgun,Void,1,0,0,1,"Loose Change, Pugilist, Pulse Monitor","Barrel Constrictor, Deconstruct, Envious Assassin",3,Barrel Constrictor+Pugilist | Deconstruct+Loose Change | Envious Assassin+Pulse Monitor,1612781792
1434,Swordbreaker (Adept),preferred,Shotgun,Strand,0,1,1,0,"Elemental Capacitor, Paracausal Affinity, Slice","Golden Tricorn, One-Two Punch, Opening Shot",3,Golden Tricorn+Paracausal Affinity | One-Two Punch+Slice | Opening Shot+Paracausal Affinity,1239700299
1435,Qua Xaphan V,preferred,Machine Gun,Void,1,0,0,1,"Clown Cartridge, Surplus, Triple Tap","Dragonfly, Elemental Capacitor, Target Lock",3,Clown Cartridge+Dragonfly | Elemental Capacitor+Triple Tap | Surplus+Target Lock,1975125963
1436,Pointed Inquiry,preferred,Scout Rifle,Void,1,0,1,1,"Genesis, Rapid Hit, Repulsor Brace","Demolitionist, Precision Instrument, Turnabout",3,Demolitionist+Repulsor Brace | Genesis+Precision Instrument | Rapid Hit+Turnabout,297296830
1437,Insidious (Adept),preferred,Pulse Rifle,Arc,0,1,1,0,"Frenzy, Rolling Storm, Sleight of Hand","Adaptive Munitions, Rampage, Voltshot",3,Adaptive Munitions+Rolling Storm | Frenzy+Rampage | Sleight of Hand+Voltshot,786352912
1438,Laser Painter,preferred,Linear Fusion Rifle,Strand,1,0,0,1,"Clown Cartridge, Invisible Hand, No Distractions","High-Impact Reserves, Hip-Fire Grip, Unrelenting",3,High-Impact Reserves+No Distractions | Hip-Fire Grip+No Distractions | Invisible Hand+Unrelenting,3221722018
1439,Joxer's Longsword,preferred,Pulse Rifle,Void,1,0,0,1,"Demolitionist, Pugilist, Strategist","High-Impact Reserves, Withering Gaze, Zen Moment",3,Demolitionist+Withering Gaze | Pugilist+Zen Moment | Strategist+Zen Moment,157601190
1440,Zaouli's Bane (Harrowed),preferred,Hand Cannon,Solar,0,1,1,0,"Redirection, Well-Rounded","Incandescent, Meganeura",2,Incandescent+Redirection | Meganeura+Well-Rounded,291092617
1441,Veiled Threat,preferred,Auto Rifle,Stasis,1,0,1,1,"Shoot to Loot, To the Pain","Gutshot Straight, Surrounded",2,Gutshot Straight+To the Pain | Shoot to Loot+Surrounded,3685470415
1442,Thin Precipice,preferred,Sword,Strand,1,0,1,1,"Steady Hands, Tireless Blade","Counterattack, Golden Tricorn",2,Counterattack+Steady Hands | Golden Tricorn+Tireless Blade,4066778670
1443,Strident Whistle,preferred,Combat Bow,Solar,1,0,0,1,"Archer's Tempo, Quickdraw, Sneak Bow","Cornered, Explosive Head, Successful Warm-Up",2,Archer's Tempo+Successful Warm-Up | Cornered+Quickdraw,2591241074
1444,Royal Entry,preferred,Rocket Launcher,Void,1,0,0,1,"Impulse Amplifier, Moving Target, Pulse Monitor","Chain Reaction, Clown Cartridge, Lasting Impression",2,Chain Reaction+Moving Target | Clown Cartridge+Pulse Monitor,2448907086
1445,Pure Poetry,preferred,Hand Cannon,Kinetic,1,0,0,1,"Air Assault, Fragile Focus, Shoot to Loot","Multikill Clip, Pugilist, Rampage",2,Air Assault+Rampage | Fragile Focus+Multikill Clip,2671639706
1446,Oversoul Edict (Adept),preferred,Pulse Rifle,Arc,0,1,1,0,"Eye of the Storm, Perpetual Motion, Rolling Storm","High Ground, Jolting Feedback, Swashbuckler",2,Eye of the Storm+Jolting Feedback | High Ground+Rolling Storm,578105049
1447,Mykel's Reverence (Adept),preferred,Sidearm,Strand,0,1,1,0,"Collective Demolition, Elemental Capacitor, Perfect Float","Binary Orbit, Master of Arms, Offhand Strike",2,Binary Orbit+Perfect Float | Elemental Capacitor+Master of Arms,1986287028
1448,Imminence (Adept),preferred,Submachine Gun,Strand,0,1,1,0,"Ambitious Assassin, Perpetual Motion","Strategist, Target Lock",2,Ambitious Assassin+Target Lock | Perpetual Motion+Strategist,3951511045
1449,Forthcoming Deviance (Adept),preferred,Glaive,Void,0,1,1,0,"Disruption Break, Immovable Object, Impulse Amplifier","Collective Action, Collective Demolition, Unstoppable Force",2,Collective Action+Immovable Object | Collective Demolition+Impulse Amplifier,3123651616
1450,Exile's Curse,preferred,Fusion Rifle,Arc,1,0,0,1,"Killing Wind, No Distractions, Pulse Monitor","Backup Plan, Disruption Break, Feeding Frenzy",2,Backup Plan+Pulse Monitor | Disruption Break+No Distractions,679281855
1451,Double-Edged Answer,preferred,Sword,Void,1,0,0,1,"Demolitionist, En Garde, Energy Transfer","Attrition Orbs, Counterattack, Destabilizing Rounds",2,Counterattack+Demolitionist | Destabilizing Rounds+Energy Transfer,105164264
1452,Deliverance (Adept),preferred,Fusion Rifle,Stasis,0,1,1,0,"Demolitionist, Lone Wolf, Sleight of Hand","Chain Reaction, Chill Clip, Controlled Burst",2,Chain Reaction+Lone Wolf | Chill Clip+Demolitionist,2943293195
1453,Defiance of Yasmin (Harrowed),preferred,Sniper Rifle,Kinetic,0,1,1,0,"Lead from Gold, Osmosis, Shoot to Loot","Aggregate Charge, Demolitionist, Firing Line",2,Aggregate Charge+Shoot to Loot | Firing Line+Osmosis,3503019618
1454,Critical Anomaly (Adept),preferred,Sniper Rifle,Stasis,0,1,1,0,"Chill Clip, Opening Shot, Rampage","Firing Line, Snapshot Sights, Triple Tap",2,Chill Clip+Triple Tap | Firing Line+Opening Shot,172461430
1455,Albedo Wing,preferred,Glaive,Arc,1,0,0,1,"Clown Cartridge, Field Prep, Replenishing Aegis","Attrition Orbs, Demolitionist, Golden Tricorn",2,Attrition Orbs+Field Prep | Demolitionist+Replenishing Aegis,2680976411
1456,Yesteryear,preferred,Pulse Rifle,Void,1,0,0,1,"Compulsive Reloader, Under Pressure, Well-Rounded","Desperado, Dragonfly, Pugilist",2,Desperado+Well-Rounded | Dragonfly+Well-Rounded,4028000428
1457,Trinary System,preferred,Fusion Rifle,Solar,1,0,0,1,"Firmly Planted, Under Pressure","Multikill Clip, Unrelenting",2,Firmly Planted+Unrelenting | Multikill Clip+Under Pressure,3258665412
1458,The Spiteful Fang,preferred,Combat Bow,Stasis,1,0,0,1,"Archer's Tempo, Headstone, Perfect Float","Archer's Gambit, Explosive Head, Golden Tricorn Enhanced",2,Archer's Gambit+Perfect Float | Golden Tricorn Enhanced+Headstone,1704597062
1459,Prolonged Engagement,preferred,Submachine Gun,Stasis,1,0,0,1,"Air Assault, Dynamic Sway Reduction, Eye of the Storm","Adagio, Gutshot Straight, Headstone",2,Adagio+Dynamic Sway Reduction | Air Assault+Headstone,2349907931
1460,Phyllotactic Spiral,preferred,Pulse Rifle,Arc,1,0,1,1,"Compulsive Reloader, Hip-Fire Grip, Shot Swap","Desperado, Gutshot Straight, Harmony",2,Compulsive Reloader+Gutshot Straight | Desperado+Hip-Fire Grip,3635821806
1461,Origin Story,preferred,Auto Rifle,Kinetic,1,0,0,1,"Demolitionist, Feeding Frenzy, Strategist","Gutshot Straight, High Ground, Onslaught",2,Demolitionist+Onslaught | Feeding Frenzy+Gutshot Straight,2826850739
1462,Luna Regolith III,preferred,Sniper Rifle,Solar,1,0,0,1,"Clown Cartridge, No Distractions, Perfect Float","Cascade Point, Explosive Payload, Eye of the Storm",2,Clown Cartridge+Eye of the Storm | Explosive Payload+No Distractions,1948035256
1463,Iterative Loop,preferred,Fusion Rifle,Arc,1,0,1,1,"Compulsive Reloader, Grave Robber, Killing Wind","Adagio, Closing Time, Empty Traits Socket",2,Closing Time+Compulsive Reloader | Empty Traits Socket+Grave Robber,1289796511
1464,Dimensional Hypotrochoid,preferred,Grenade Launcher,Stasis,1,0,1,1,"Empty Traits Socket, Field Prep, Genesis","Crystalline Corpsebloom, Disruption Break, One for All",2,Crystalline Corpsebloom+Field Prep | Disruption Break+Empty Traits Socket,1311684613
1465,Blowout,preferred,Rocket Launcher,Arc,1,0,0,1,"Danger Zone, Sympathetic Arsenal, Tracking Module","Adrenaline Junkie, Cluster Bomb, Disruption Break",2,Adrenaline Junkie+Tracking Module | Disruption Break+Tracking Module,1903182562
1466,Cynosure,preferred,Rocket Launcher,Strand,1,0,0,1,"Overflow, Slice, Sympathetic Arsenal","Bipod, Hatchling, Quickdraw",2,Bipod+Sympathetic Arsenal | Overflow+Quickdraw,694275488
1467,Anonymous Autumn,preferred,Sidearm,Arc,1,0,0,1,"Offhand Strike, Strategist, To the Pain","Adagio, Adrenaline Junkie, Rampage",2,Adrenaline Junkie+To the Pain | Rampage+Strategist,1644501332
1468,Wicked Sister,preferred,Grenade Launcher,Strand,1,0,0,1,"Clown Cartridge, Danger Zone, Unrelenting","Cascade Point, Demolitionist, Explosive Light",1,Demolitionist+Unrelenting,2039776723
1469,The Third Axiom,preferred,Pulse Rifle,Arc,1,0,0,1,Zen Moment,Thresh,1,Thresh+Zen Moment,3744058588
1470,Reghusk's Pledge,preferred,Auto Rifle,Void,1,0,0,1,Proximity Power,Zen Moment,1,Proximity Power+Zen Moment,2370525224
1471,Qullim's Terminus (Harrowed),preferred,Machine Gun,Stasis,0,1,1,0,"Demolitionist, Enlightened Action, Unrelenting","Eye of the Storm, Firefly, Killing Tally",1,Eye of the Storm+Unrelenting,3248429089
1472,Positive Outlook,preferred,Auto Rifle,Void,1,0,0,1,"Invisible Hand, Tap the Trigger, Tunnel Vision","Destabilizing Rounds, Kill Clip, Repulsor Brace",1,Invisible Hand+Kill Clip,491078457
1473,Non-Denouement (Adept),preferred,Combat Bow,Arc,0,1,1,0,"Archer's Tempo, Dragonfly, Opening Shot","Archer's Gambit, Chaos Reshaped, Gear Shift",1,Dragonfly+Gear Shift,1039915310
1474,Midha's Reckoning (Harrowed),preferred,Fusion Rifle,Arc,0,1,1,0,"Backup Plan, Cornered, Field Prep","Closing Time, Gear Shift, Golden Tricorn Enhanced",1,Cornered+Golden Tricorn Enhanced,3904516037
1475,Hushed Whisper,preferred,Combat Bow,Strand,1,0,0,1,Tear,Explosive Head,1,Explosive Head+Tear,3574168117
1476,Found Verdict (Timelost),preferred,Shotgun,Arc,0,1,1,0,"Barrel Constrictor, Rewind Rounds, Slideshot","Desperate Measures, Elemental Honing, Gear Shift",1,Gear Shift+Slideshot,851296754
1477,Fatebringer (Timelost),preferred,Hand Cannon,Kinetic,0,1,1,0,To the Pain,Magnificent Howl,1,Magnificent Howl+To the Pain,4219826183
1478,Doom of Chelchis (Harrowed),preferred,Scout Rifle,Void,0,1,1,0,"Destabilizing Rounds, Rangefinder, Stats for All","Frenzy, Meganeura, One for All",1,Destabilizing Rounds+Frenzy,1184692845
1479,Crisis Inverted,preferred,Hand Cannon,Arc,1,0,0,1,Tunnel Vision,Rangefinder,1,Rangefinder+Tunnel Vision,2888266564
1480,Chivalric Fire,preferred,Sword,Void,1,0,0,1,Tilting at Windmills,Energy Transfer,1,Energy Transfer+Tilting at Windmills,938936806
1481,Chain of Command,preferred,Machine Gun,Stasis,1,0,0,1,Subsistence,Adaptive Munitions,1,Adaptive Munitions+Subsistence,1716620044
1482,Cataclysmic (Adept),preferred,Linear Fusion Rifle,Solar,0,1,1,0,"Compulsive Reloader, Fourth Time's the Charm, Successful Warm-Up","Adaptive Munitions, Aggregate Charge, Box Breathing",1,Box Breathing+Successful Warm-Up,2886339027
1483,Burden of Guilt,preferred,Fusion Rifle,Stasis,1,0,0,1,Rimestealer,Kickstart,1,Kickstart+Rimestealer,976459525
1484,Breakneck,preferred,Auto Rifle,Kinetic,1,0,0,1,"Encore, Enlightened Action, Feeding Frenzy","Attrition Orbs, Deconstruct, Onslaught",1,Attrition Orbs+Feeding Frenzy,2026755633
1485,Autumn Wind,preferred,Pulse Rifle,Kinetic,1,0,0,1,Tunnel Vision,Moving Target,1,Moving Target+Tunnel Vision,3110377595
1486,Unending Tempest,preferred,Submachine Gun,Stasis,1,0,0,1,Shot Swap,Target Lock,1,Shot Swap+Target Lock,2510526114
1487,Servant Leader,preferred,Scout Rifle,Kinetic,1,0,0,1,Shoot to Loot,Unrelenting,1,Shoot to Loot+Unrelenting,1107446438
1488,Bold Endings,preferred,Hand Cannon,Stasis,1,0,1,1,"Air Trigger, Loose Change, Opening Shot","Crystalline Corpsebloom, Demolitionist, Desperate Measures",1,Desperate Measures+Opening Shot,496728945
1489,Lubrae's Ruin (Adept),preferred,Glaive,Solar,0,1,1,0,"Killing Wind, Sleight of Hand, Steady Hands","Incandescent, Unrelenting, Unstoppable Force",5,Incandescent+Sleight of Hand | Incandescent+Steady Hands | Killing Wind+Unstoppable Force | Sleight of Hand+Unrelenting | Steady Hands+Unstoppable Force,1466006054
1490,Strident Whistle,preferred,Combat Bow,Solar,1,0,0,1,"Archer's Tempo, Sneak Bow, Surplus","Cornered, Explosive Head, Rampage",4,Archer's Tempo+Rampage | Cornered+Surplus | Explosive Head+Surplus | Rampage+Sneak Bow,2591241074
1491,Smite of Merain (Harrowed),preferred,Pulse Rifle,Kinetic,0,1,1,0,"Ancillary Ordinance, Bewildering Burst, Focused Fury","Gutshot Straight, Swashbuckler, Vorpal Weapon",3,Ancillary Ordinance+Vorpal Weapon | Bewildering Burst+Gutshot Straight | Focused Fury+Swashbuckler,3407395594
1492,Royal Entry,preferred,Rocket Launcher,Void,1,0,0,1,"Impulse Amplifier, Quickdraw, Rangefinder","Chain Reaction, Lasting Impression, Thresh",3,Chain Reaction+Rangefinder | Impulse Amplifier+Thresh | Lasting Impression+Quickdraw,2448907086
1493,No Hesitation,preferred,Auto Rifle,Solar,1,0,1,1,"Overflow, Physic, Target Lock","Circle of Life, Desperate Measures, Elemental Honing",3,Circle of Life+Overflow | Desperate Measures+Target Lock | Elemental Honing+Physic,1801007332
1494,Mykel's Reverence (Adept),preferred,Sidearm,Strand,0,1,1,0,"Collective Demolition, Rewind Rounds, Unrelenting","Offhand Strike, Tap the Trigger",3,Collective Demolition+Tap the Trigger | Offhand Strike+Rewind Rounds | Offhand Strike+Unrelenting,1986287028
1495,Forthcoming Deviance (Adept),preferred,Glaive,Void,0,1,1,0,"Disruption Break, Reconstruction, Replenishing Aegis","Collective Action, Unstoppable Force, Vorpal Weapon",3,Collective Action+Replenishing Aegis | Disruption Break+Vorpal Weapon | Reconstruction+Unstoppable Force,3123651616
1496,Embraced Identity,preferred,Sniper Rifle,Void,1,0,1,1,"Demolitionist, Reconstruction, Withering Gaze","Box Breathing, Elemental Honing, Empty Traits Socket",3,Box Breathing+Demolitionist | Elemental Honing+Withering Gaze | Empty Traits Socket+Withering Gaze,2821677368
1497,Double-Edged Answer,preferred,Sword,Void,1,0,0,1,"En Garde, Pugilist, Thresh","Attrition Orbs, One for All, Vorpal Weapon",3,Attrition Orbs+Thresh | En Garde+One for All | En Garde+Vorpal Weapon,105164264
1498,Critical Anomaly (Adept),preferred,Sniper Rifle,Stasis,0,1,1,0,"Built to Blast, Rampage, Reconstruction","Chaos Reshaped, Elemental Honing, Snapshot Sights",3,Chaos Reshaped+Rampage | Elemental Honing+Rampage | Reconstruction+Snapshot Sights,172461430
1499,Albedo Wing,preferred,Glaive,Arc,1,0,0,1,"Clown Cartridge, Immovable Object, Replenishing Aegis","Golden Tricorn, High-Impact Reserves, Lead from Gold",3,Clown Cartridge+Lead from Gold | Golden Tricorn+Immovable Object | High-Impact Reserves+Replenishing Aegis,2680976411
1500,Origin Story,preferred,Auto Rifle,Kinetic,1,0,0,1,"Fragile Focus, Hip-Fire Grip, Strategist","High Ground, Onslaught, Target Lock",3,Fragile Focus+High Ground | Hip-Fire Grip+Onslaught | Strategist+Target Lock,2826850739
1501,Breakneck,preferred,Auto Rifle,Kinetic,1,0,0,1,"Encore, Enlightened Action, Eye of the Storm","Deconstruct, Kinetic Tremors, Offhand Strike",3,Encore+Kinetic Tremors | Enlightened Action+Kinetic Tremors | Eye of the Storm+Offhand Strike,2026755633
1502,Luna Regolith III,preferred,Sniper Rifle,Solar,1,0,0,1,"Perfect Float, Quickdraw, Snapshot Sights","Cascade Point, Firing Line, Incandescent",3,Cascade Point+Snapshot Sights | Firing Line+Quickdraw | Incandescent+Perfect Float,1948035256
1503,Volta Bracket,preferred,Sniper Rifle,Strand,1,0,1,1,"Shoot to Loot, Subsistence","Firing Line, Rewind Rounds",2,Firing Line+Subsistence | Rewind Rounds+Shoot to Loot,3920310144
1504,Qullim's Terminus (Harrowed),preferred,Machine Gun,Stasis,0,1,1,0,"Demolitionist, Enlightened Action, Ensemble","Firefly, Firing Line, Killing Tally",2,Demolitionist+Firing Line | Ensemble+Killing Tally,3248429089
1505,Qua Xaphan V,preferred,Machine Gun,Void,1,0,0,1,"Encore, Field Prep, Heating Up","Cascade Point, Destabilizing Rounds, Dragonfly",2,Cascade Point+Heating Up | Dragonfly+Field Prep,1975125963
1506,Oversoul Edict (Adept),preferred,Pulse Rifle,Arc,0,1,1,0,"Perpetual Motion, Supercharged Magazine","Swashbuckler, Voltshot",2,Perpetual Motion+Voltshot | Supercharged Magazine+Swashbuckler,578105049
1507,Iterative Loop,preferred,Fusion Rifle,Arc,1,0,1,1,"Killing Wind, Slickdraw, Successful Warm-Up","Adagio, Demolitionist, Empty Traits Socket",2,Demolitionist+Slickdraw | Empty Traits Socket+Successful Warm-Up,1289796511
1508,Deliverance (Adept),preferred,Fusion Rifle,Stasis,0,1,1,0,"Sleight of Hand, Steady Hands","Controlled Burst, Successful Warm-Up",2,Controlled Burst+Steady Hands | Sleight of Hand+Successful Warm-Up,2943293195
1509,Defiance of Yasmin (Harrowed),preferred,Sniper Rifle,Kinetic,0,1,1,0,"Lead from Gold, Stopping Power","Demolitionist, Slickdraw",2,Demolitionist+Stopping Power | Lead from Gold+Slickdraw,3503019618
1510,Bold Endings,preferred,Hand Cannon,Stasis,1,0,1,1,"Air Trigger, Loose Change, Rapid Hit","Crystalline Corpsebloom, Demolitionist, Dragonfly",2,Crystalline Corpsebloom+Rapid Hit | Dragonfly+Loose Change,496728945
1511,Blowout,preferred,Rocket Launcher,Arc,1,0,0,1,"Danger Zone, Stats for All, Sympathetic Arsenal","Cluster Bomb, Golden Tricorn, Harmony",2,Cluster Bomb+Stats for All | Danger Zone+Golden Tricorn,1903182562
1512,Anonymous Autumn,preferred,Sidearm,Arc,1,0,0,1,"Offhand Strike, Zen Moment","Adagio, Voltshot",2,Adagio+Zen Moment | Offhand Strike+Voltshot,1644501332
1513,Albruna-D,preferred,Sniper Rifle,Arc,1,0,0,1,"Elemental Capacitor, Ensemble, Explosive Payload","Cascade Point, Firing Line, Under-Over",2,Cascade Point+Ensemble | Elemental Capacitor+Firing Line,676270382
1514,Riptide,preferred,Fusion Rifle,Stasis,1,0,0,1,"Compulsive Reloader, Well-Rounded","Unrelenting, Wellspring",2,Compulsive Reloader+Wellspring | Unrelenting+Well-Rounded,2715240478
1515,Yesteryear,preferred,Pulse Rifle,Void,1,0,0,1,"Ambitious Assassin, Heating Up, Perpetual Motion","Dragonfly, Pugilist, Repulsor Brace",3,Ambitious Assassin+Dragonfly | Heating Up+Pugilist | Perpetual Motion+Repulsor Brace,4028000428
1516,Prolonged Engagement,preferred,Submachine Gun,Stasis,1,0,0,1,"Eye of the Storm, Fourth Time's the Charm, Offhand Strike","Gutshot Straight, Rangefinder, Thresh",3,Eye of the Storm+Thresh | Fourth Time's the Charm+Rangefinder | Gutshot Straight+Offhand Strike,2349907931
1517,Positive Outlook,preferred,Auto Rifle,Void,1,0,0,1,"Invisible Hand, Tap the Trigger, Tunnel Vision","Cascade Point, Destabilizing Rounds, Vorpal Weapon",3,Cascade Point+Tunnel Vision | Invisible Hand+Vorpal Weapon | Tap the Trigger+Vorpal Weapon,491078457
1518,Laser Painter,preferred,Linear Fusion Rifle,Strand,1,0,0,1,"Clown Cartridge, Encore, Invisible Hand","Box Breathing, Demolitionist, Unrelenting",2,Demolitionist+Invisible Hand | Encore+Unrelenting,3221722018
1519,Pure Poetry,preferred,Hand Cannon,Kinetic,1,0,0,1,"Shoot to Loot, Tunnel Vision","Pugilist, Under-Over",2,Pugilist+Tunnel Vision | Shoot to Loot+Under-Over,2671639706
1520,Phyllotactic Spiral,preferred,Pulse Rifle,Arc,1,0,1,1,"Shot Swap, Trickle Charge, Tunnel Vision","Harmony, Kill Clip, Rolling Storm",2,Harmony+Trickle Charge | Kill Clip+Shot Swap,3635821806
1521,Exile's Curse,preferred,Fusion Rifle,Arc,1,0,0,1,"Killing Wind, Threat Detector","Feeding Frenzy, Kickstart",2,Feeding Frenzy+Threat Detector | Kickstart+Killing Wind,679281855
1522,Doom of Chelchis (Harrowed),preferred,Scout Rifle,Void,0,1,1,0,"Rangefinder, Stats for All, Steady Hands","Meganeura, One for All, Repulsor Brace",2,Meganeura+Steady Hands | Repulsor Brace+Stats for All,1184692845
1523,Dimensional Hypotrochoid,preferred,Grenade Launcher,Stasis,1,0,1,1,"Genesis, Rimestealer, Shot Swap","Crystalline Corpsebloom, One for All, Pugilist",2,Genesis+Pugilist | One for All+Shot Swap,1311684613
1524,Retrofuturist,preferred,Shotgun,Void,1,0,0,1,"Dual Loader, Quickdraw, Stats for All","High Ground, Snapshot Sights, Trench Barrel",2,Quickdraw+Trench Barrel | Stats for All+Trench Barrel,1612781792
1525,The Spiteful Fang,preferred,Combat Bow,Stasis,1,0,0,1,Rimestealer,Explosive Head,1,Explosive Head+Rimestealer,1704597062
1526,Swordbreaker (Adept),preferred,Shotgun,Strand,0,1,1,0,Elemental Capacitor,Sword Logic,1,Elemental Capacitor+Sword Logic,1239700299
1527,Someday,preferred,Shotgun,Kinetic,1,0,1,1,Threat Detector,Recombination,1,Recombination+Threat Detector,3232203524
1528,Non-Denouement (Adept),preferred,Combat Bow,Arc,0,1,1,0,"Archer's Tempo, Hip-Fire Grip, Impulse Amplifier","Archer's Gambit, Chaos Reshaped, Explosive Head",1,Archer's Gambit+Hip-Fire Grip,1039915310
1529,Midha's Reckoning (Harrowed),preferred,Fusion Rifle,Arc,0,1,1,0,"Backup Plan, Field Prep, Unrelenting","Closing Time, Gear Shift, Successful Warm-Up",1,Successful Warm-Up+Unrelenting,3904516037
1530,Joxer's Longsword,preferred,Pulse Rifle,Void,1,0,0,1,"Dragonfly, Enlightened Action, Gutshot Straight","Demoralize, Desperado, High-Impact Reserves",1,Enlightened Action+High-Impact Reserves,157601190
1531,Found Verdict (Timelost),preferred,Shotgun,Arc,0,1,1,0,"Barrel Constrictor, Rewind Rounds, Supercharged Magazine","Desperate Measures, Elemental Honing, Gear Shift",1,Desperate Measures+Supercharged Magazine,851296754
1532,Corrective Measure (Timelost),preferred,Machine Gun,Void,0,1,1,0,"Collective Demolition, Destabilizing Rounds, Dimensional Shift","Adrenaline Junkie, Aggregate Charge, Butterfly",1,Adrenaline Junkie+Destabilizing Rounds,2334480463
1533,Cataclysmic (Adept),preferred,Linear Fusion Rifle,Solar,0,1,1,0,"Compulsive Reloader, Fourth Time's the Charm, Sleight of Hand","Adaptive Munitions, Aggregate Charge, Clown Cartridge",1,Clown Cartridge+Fourth Time's the Charm,2886339027
1534,Axial Lacuna,preferred,Fusion Rifle,Solar,1,0,1,1,Keep Away,Kickstart,1,Keep Away+Kickstart,3867373351
1535,Wicked Sister,preferred,Grenade Launcher,Strand,1,0,0,1,"Clown Cartridge, Danger Zone, Envious Assassin","Cascade Point, Explosive Light, Hatchling",1,Clown Cartridge+Hatchling,2039776723
1536,Cynosure,preferred,Rocket Launcher,Strand,1,0,0,1,"Danger Zone, Impulse Amplifier, Slice","Chain Reaction, Cluster Bomb, Quickdraw",2,Cluster Bomb+Slice | Impulse Amplifier+Quickdraw,694275488
1537,Submission (Adept),preferred,Submachine Gun,Kinetic,0,1,1,0,Turnabout,Harmony,1,Harmony+Turnabout,1941816543
1538,Embraced Identity,preferred,Sniper Rifle,Void,1,0,1,1,"Opening Shot, Permeability, Reconstruction","Fourth Time's the Charm, High Ground, Moving Target",3,Fourth Time's the Charm+Reconstruction | High Ground+Opening Shot | Moving Target+Reconstruction,2821677368
1539,Bold Endings,preferred,Hand Cannon,Stasis,1,0,1,1,"Air Trigger, Rimestealer, To the Pain","Demolitionist, Eye of the Storm, Golden Tricorn",3,Air Trigger+Golden Tricorn | Demolitionist+To the Pain | Eye of the Storm+Rimestealer,496728945
1540,Albruna-D,preferred,Sniper Rifle,Arc,1,0,0,1,"Explosive Payload, Field Prep, Moving Target","Harmony, Slickdraw, Under-Over",3,Explosive Payload+Harmony | Field Prep+Under-Over | Moving Target+Under-Over,676270382
1541,Positive Outlook,preferred,Auto Rifle,Void,1,0,0,1,"Invisible Hand, Steady Hands, Surplus","Destabilizing Rounds, Elemental Capacitor, Eye of the Storm",3,Destabilizing Rounds+Steady Hands | Destabilizing Rounds+Surplus | Elemental Capacitor+Invisible Hand,491078457
1542,Qullim's Terminus (Harrowed),preferred,Machine Gun,Stasis,0,1,1,0,"Enlightened Action, Heating Up, Slickdraw","Firefly, Focused Fury, Headstone",2,Firefly+Heating Up | Focused Fury+Slickdraw,3248429089
1543,Qua Xaphan V,preferred,Machine Gun,Void,1,0,0,1,"Encore, Killing Wind, Offhand Strike","Elemental Capacitor, Firing Line, Target Lock",2,Elemental Capacitor+Encore | Firing Line+Killing Wind,1975125963
1544,Phyllotactic Spiral,preferred,Pulse Rifle,Arc,1,0,1,1,"Tunnel Vision, Under-Over","Rolling Storm, Voltshot",2,Rolling Storm+Under-Over | Tunnel Vision+Voltshot,3635821806
1545,Lubrae's Ruin (Adept),preferred,Glaive,Solar,0,1,1,0,"Close to Melee, Immovable Object, Tilting at Windmills","Chaos Reshaped, Swashbuckler, Wellspring",2,Swashbuckler+Tilting at Windmills | Tilting at Windmills+Wellspring,1466006054
1546,Found Verdict (Timelost),preferred,Shotgun,Arc,0,1,1,0,"Barrel Constrictor, Rewind Rounds, Threat Detector","Elemental Honing, Gear Shift, One-Two Punch",2,Gear Shift+Threat Detector | One-Two Punch+Rewind Rounds,851296754
1547,Doom of Chelchis (Harrowed),preferred,Scout Rifle,Void,0,1,1,0,"Rangefinder, Vorpal Weapon","One for All, Withering Gaze",2,One for All+Vorpal Weapon | Rangefinder+Withering Gaze,1184692845
1548,Dimensional Hypotrochoid,preferred,Grenade Launcher,Stasis,1,0,1,1,"Rimestealer, Threat Detector","Crystalline Corpsebloom, Turnabout",2,Crystalline Corpsebloom+Threat Detector | Rimestealer+Turnabout,1311684613
1549,Cataclysmic (Adept),preferred,Linear Fusion Rifle,Solar,0,1,1,0,"Compulsive Reloader, Sleight of Hand, Slideshot","Adaptive Munitions, Aggregate Charge, Elemental Honing",2,Adaptive Munitions+Slideshot | Compulsive Reloader+Elemental Honing,2886339027
1550,Breakneck,preferred,Auto Rifle,Kinetic,1,0,0,1,"Dynamic Sway Reduction, Encore, Shoot to Loot","Deconstruct, Onslaught, Tap the Trigger",2,Deconstruct+Shoot to Loot | Encore+Tap the Trigger,2026755633
1551,Yesteryear,preferred,Pulse Rifle,Void,1,0,0,1,Under Pressure,Under-Over,1,Under Pressure+Under-Over,4028000428
1552,Strident Whistle,preferred,Combat Bow,Solar,1,0,0,1,"Archer's Tempo, Ensemble, Sneak Bow","Explosive Head, Successful Warm-Up, Turnabout",1,Ensemble+Explosive Head,2591241074
1553,Royal Entry,preferred,Rocket Launcher,Void,1,0,0,1,Threat Detector,Lasting Impression,1,Lasting Impression+Threat Detector,2448907086
1554,Retrofuturist,preferred,Shotgun,Void,1,0,0,1,"Dual Loader, Feeding Frenzy, Loose Change","Barrel Constrictor, High Ground, Snapshot Sights",1,Loose Change+Snapshot Sights,1612781792
1555,Non-Denouement (Adept),preferred,Combat Bow,Arc,0,1,1,0,"Archer's Tempo, Impulse Amplifier, Successful Warm-Up","Chaos Reshaped, Explosive Head, Gear Shift",1,Chaos Reshaped+Successful Warm-Up,1039915310
1556,Midha's Reckoning (Harrowed),preferred,Fusion Rifle,Arc,0,1,1,0,"Backup Plan, Field Prep, Pugilist","Closing Time, Gear Shift, Kickstart",1,Closing Time+Pugilist,3904516037
1557,Laser Painter,preferred,Linear Fusion Rifle,Strand,1,0,0,1,"Fragile Focus, Invisible Hand, Moving Target","Box Breathing, High-Impact Reserves, Hip-Fire Grip",1,Box Breathing+Moving Target,3221722018
1558,Joxer's Longsword,preferred,Pulse Rifle,Void,1,0,0,1,"Dragonfly, Gutshot Straight, Killing Wind","Demoralize, Desperado, Destabilizing Rounds",1,Destabilizing Rounds+Gutshot Straight,157601190
1559,Iterative Loop,preferred,Fusion Rifle,Arc,1,0,1,1,Well-Rounded,Adagio,1,Adagio+Well-Rounded,1289796511
1560,Double-Edged Answer,preferred,Sword,Void,1,0,0,1,Pugilist,Whirlwind Blade,1,Pugilist+Whirlwind Blade,105164264
1561,Critical Anomaly (Adept),preferred,Sniper Rifle,Stasis,0,1,1,0,"Built to Blast, Chill Clip, Crystalline Corpsebloom","Explosive Payload, Headstone, Mega Kill Clip",1,Chill Clip+Explosive Payload,172461430
1562,Corrective Measure (Timelost),preferred,Machine Gun,Void,0,1,1,0,"Collective Demolition, Dimensional Shift, Dynamic Sway Reduction","Aggregate Charge, Butterfly, Elemental Honing",1,Aggregate Charge+Dynamic Sway Reduction,2334480463
1563,Wicked Sister,preferred,Grenade Launcher,Strand,1,0,0,1,"Clown Cartridge, Danger Zone, Envious Assassin","Cascade Point, Explosive Light, High Ground",1,Danger Zone+High Ground,2039776723
1564,Cynosure,preferred,Rocket Launcher,Strand,1,0,0,1,"Overflow, Reconstruction, Slice","Chain Reaction, Hatchling, Lasting Impression",1,Lasting Impression+Slice,694275488
1565,Blowout,preferred,Rocket Launcher,Arc,1,0,0,1,"Danger Zone, Sympathetic Arsenal, Thresh","Adrenaline Junkie, Chain Reaction, Lasting Impression",1,Chain Reaction+Sympathetic Arsenal,1903182562
1566,Qullim's Terminus (Harrowed),preferred,Machine Gun,Stasis,0,1,1,0,"Enlightened Action, Stats for All, Unrelenting","Headstone, Killing Tally, Wellspring",3,Enlightened Action+Wellspring | Headstone+Unrelenting | Killing Tally+Stats for All,3248429089
1567,Lubrae's Ruin (Adept),preferred,Glaive,Solar,0,1,1,0,"Close to Melee, Immovable Object, Killing Wind","Chaos Reshaped, Unrelenting, Vorpal Weapon",3,Chaos Reshaped+Killing Wind | Close to Melee+Vorpal Weapon | Immovable Object+Unrelenting,1466006054
1568,Found Verdict (Timelost),preferred,Shotgun,Arc,0,1,1,0,"Barrel Constrictor, Rewind Rounds, Threat Remover","Elemental Honing, Trench Barrel, Voltshot",3,Barrel Constrictor+Voltshot | Elemental Honing+Threat Remover | Rewind Rounds+Trench Barrel,851296754
1569,Cynosure,preferred,Rocket Launcher,Strand,1,0,0,1,"Overflow, Reconstruction, Tracking Module","Hatchling, Quickdraw, Reverberation",3,Hatchling+Tracking Module | Overflow+Reverberation | Quickdraw+Reconstruction,694275488
1570,Cataclysmic (Adept),preferred,Linear Fusion Rifle,Solar,0,1,1,0,"Sleight of Hand, Successful Warm-Up, Surplus","Aggregate Charge, High-Impact Reserves, Turnabout",3,Aggregate Charge+Surplus | High-Impact Reserves+Sleight of Hand | Successful Warm-Up+Turnabout,2886339027
1571,Qua Xaphan V,preferred,Machine Gun,Void,1,0,0,1,"Offhand Strike, Triple Tap, Under Pressure","Target Lock, Thresh, Wellspring",3,Offhand Strike+Wellspring | Target Lock+Under Pressure | Thresh+Triple Tap,1975125963
1572,Wicked Sister,preferred,Grenade Launcher,Strand,1,0,0,1,"Clown Cartridge, Envious Assassin, Slice","Cascade Point, Explosive Light, One for All",2,Cascade Point+Slice | Clown Cartridge+One for All,2039776723
1573,Laser Painter,preferred,Linear Fusion Rifle,Strand,1,0,0,1,"Fragile Focus, Invisible Hand, Rapid Hit","High-Impact Reserves, Hip-Fire Grip, Unrelenting",2,Fragile Focus+Unrelenting | Hip-Fire Grip+Rapid Hit,3221722018
1574,Critical Anomaly (Adept),preferred,Sniper Rifle,Stasis,0,1,1,0,"Built to Blast, Crystalline Corpsebloom, Opening Shot","Headstone, Mega Kill Clip, Snapshot Sights",2,Crystalline Corpsebloom+Snapshot Sights | Mega Kill Clip+Opening Shot,172461430
1575,Corrective Measure (Timelost),preferred,Machine Gun,Void,0,1,1,0,"Collective Demolition, Dimensional Shift, Redirection","Butterfly, Elemental Honing, One for All",2,Dimensional Shift+One for All | Elemental Honing+Redirection,2334480463
1576,Albruna-D,preferred,Sniper Rifle,Arc,1,0,0,1,"Perpetual Motion, Wellspring","Slickdraw, Snapshot Sights",2,Perpetual Motion+Slickdraw | Snapshot Sights+Wellspring,676270382
1577,Strident Whistle,preferred,Combat Bow,Solar,1,0,0,1,"Archer's Tempo, Killing Wind, Sneak Bow","Explosive Head, Successful Warm-Up, Turnabout",1,Killing Wind+Successful Warm-Up,2591241074
1578,Retrofuturist,preferred,Shotgun,Void,1,0,0,1,"Dual Loader, Feeding Frenzy, Pugilist","Barrel Constrictor, Deconstruct, High Ground",1,High Ground+Pugilist,1612781792
1579,Non-Denouement (Adept),preferred,Combat Bow,Arc,0,1,1,0,"Archer's Tempo, Impulse Amplifier, Opening Shot","Explosive Head, Gear Shift, Moving Target",1,Impulse Amplifier+Moving Target,1039915310
1580,Midha's Reckoning (Harrowed),preferred,Fusion Rifle,Arc,0,1,1,0,"Backup Plan, Field Prep, Hip-Fire Grip","Gear Shift, Kickstart, Reservoir Burst",1,Hip-Fire Grip+Reservoir Burst,3904516037
1581,Joxer's Longsword,preferred,Pulse Rifle,Void,1,0,0,1,"Dragonfly, Killing Wind, Lone Wolf","Demoralize, Desperado, Under Pressure",1,Lone Wolf+Under Pressure,157601190
1582,Embraced Identity,preferred,Sniper Rifle,Void,1,0,1,1,Permeability,Precision Instrument,1,Permeability+Precision Instrument,2821677368
1583,Blowout,preferred,Rocket Launcher,Arc,1,0,0,1,"Danger Zone, Sympathetic Arsenal, Thresh","Adrenaline Junkie, Golden Tricorn, Lasting Impression",1,Golden Tricorn+Thresh,1903182562
1584,Positive Outlook,preferred,Auto Rifle,Void,1,0,0,1,Tap the Trigger,Eye of the Storm,1,Eye of the Storm+Tap the Trigger,491078457
1585,Breakneck,preferred,Auto Rifle,Kinetic,1,0,0,1,"Dynamic Sway Reduction, Enlightened Action, Feeding Frenzy","Attrition Orbs, Demolitionist, Onslaught",1,Demolitionist+Enlightened Action,2026755633
1586,Strident Whistle,preferred,Combat Bow,Solar,1,0,0,1,"Archer's Tempo, Moving Target, Sneak Bow","Explosive Head, Turnabout, Wellspring",3,Archer's Tempo+Wellspring | Explosive Head+Moving Target | Sneak Bow+Wellspring,2591241074
1587,Wicked Sister,preferred,Grenade Launcher,Strand,1,0,0,1,"Envious Assassin, Strategist","Explosive Light, Reverberation",2,Envious Assassin+Reverberation | Explosive Light+Strategist,2039776723
1588,Non-Denouement (Adept),preferred,Combat Bow,Arc,0,1,1,0,"Archer's Tempo, Opening Shot, Shoot to Loot","Explosive Head, Gear Shift, One for All",2,Archer's Tempo+One for All | Gear Shift+Shoot to Loot,1039915310
1589,Laser Painter,preferred,Linear Fusion Rifle,Strand,1,0,0,1,"Invisible Hand, Stats for All","High-Impact Reserves, Wellspring",2,High-Impact Reserves+Stats for All | Invisible Hand+Wellspring,3221722018
1590,Critical Anomaly (Adept),preferred,Sniper Rifle,Stasis,0,1,1,0,"Built to Blast, Reconstruction","Headstone, Triple Tap",2,Built to Blast+Triple Tap | Headstone+Reconstruction,172461430
1591,Corrective Measure (Timelost),preferred,Machine Gun,Void,0,1,1,0,"Collective Demolition, Subsistence","Butterfly, Withering Gaze",2,Butterfly+Subsistence | Collective Demolition+Withering Gaze,2334480463
1592,Retrofuturist,preferred,Shotgun,Void,1,0,0,1,"Dual Loader, Feeding Frenzy, Pulse Monitor","Barrel Constrictor, Deconstruct, Envious Assassin",1,Envious Assassin+Feeding Frenzy,1612781792
1593,Midha's Reckoning (Harrowed),preferred,Fusion Rifle,Arc,0,1,1,0,"Backup Plan, Field Prep, Under Pressure","Gear Shift, Kickstart, Surrounded",1,Surrounded+Under Pressure,3904516037
1594,Lubrae's Ruin (Adept),preferred,Glaive,Solar,0,1,1,0,Turnabout,Wellspring,1,Turnabout+Wellspring,1466006054
1595,Joxer's Longsword,preferred,Pulse Rifle,Void,1,0,0,1,"Dragonfly, Killing Wind, Pugilist","Demoralize, Desperado, Headseeker",1,Desperado+Pugilist,157601190
1596,Breakneck,preferred,Auto Rifle,Kinetic,1,0,0,1,"Dynamic Sway Reduction, Feeding Frenzy, Heating Up","Attrition Orbs, Deconstruct, Onslaught",1,Heating Up+Onslaught,2026755633
1597,Blowout,preferred,Rocket Launcher,Arc,1,0,0,1,"Danger Zone, Ensemble, Sympathetic Arsenal","Adrenaline Junkie, Cluster Bomb, Lasting Impression",1,Cluster Bomb+Ensemble,1903182562
1598,Non-Denouement (Adept),preferred,Combat Bow,Arc,0,1,1,0,"Opening Shot, Strategist","Explosive Head, Voltshot",2,Explosive Head+Strategist | Opening Shot+Voltshot,1039915310
1599,Midha's Reckoning (Harrowed),preferred,Fusion Rifle,Arc,0,1,1,0,"Backup Plan, Field Prep, Voltshot","Gear Shift, Kickstart, Tap the Trigger",2,Field Prep+Tap the Trigger | Kickstart+Voltshot,3904516037
1600,Strident Whistle,preferred,Combat Bow,Solar,1,0,0,1,"Archer's Tempo, No Distractions, Sneak Bow","Adrenaline Junkie, Cornered, Turnabout",1,Adrenaline Junkie+Sneak Bow,2591241074
1601,Retrofuturist,preferred,Shotgun,Void,1,0,0,1,"Dual Loader, Pulse Monitor, Quickdraw","Barrel Constrictor, Deconstruct, Frenzy",1,Frenzy+Quickdraw,1612781792
1602,Joxer's Longsword,preferred,Pulse Rifle,Void,1,0,0,1,"Dragonfly, Killing Wind, Repulsor Brace","Demoralize, Headseeker, High-Impact Reserves",1,High-Impact Reserves+Repulsor Brace,157601190
1603,Breakneck,preferred,Auto Rifle,Kinetic,1,0,0,1,"Dynamic Sway Reduction, Feeding Frenzy, Pugilist","Attrition Orbs, Deconstruct, Offhand Strike",1,Feeding Frenzy+Offhand Strike,2026755633
1604,Blowout,preferred,Rocket Launcher,Arc,1,0,0,1,"Danger Zone, Genesis, Sympathetic Arsenal","Adrenaline Junkie, Disruption Break, Lasting Impression",1,Adrenaline Junkie+Genesis,1903182562
1605,Retrofuturist,preferred,Shotgun,Void,1,0,0,1,"Dual Loader, Pulse Monitor, Shot Swap","Barrel Constrictor, Deconstruct, High Ground",2,Barrel Constrictor+Shot Swap | High Ground+Pulse Monitor,1612781792
1606,Midha's Reckoning (Harrowed),preferred,Fusion Rifle,Arc,0,1,1,0,"Backup Plan, Well-Rounded","Gear Shift, Vorpal Weapon",2,Backup Plan+Vorpal Weapon | Gear Shift+Well-Rounded,3904516037
1607,Joxer's Longsword,preferred,Pulse Rifle,Void,1,0,0,1,"Dragonfly, Killing Wind, Rewind Rounds","Demoralize, Headseeker, Swashbuckler",2,Dragonfly+Swashbuckler | Headseeker+Rewind Rounds,157601190
1608,Breakneck,preferred,Auto Rifle,Kinetic,1,0,0,1,"Dynamic Sway Reduction, Pugilist, Shoot to Loot","Attrition Orbs, Deconstruct, Onslaught",2,Attrition Orbs+Shoot to Loot | Onslaught+Pugilist,2026755633
1609,Strident Whistle,preferred,Combat Bow,Solar,1,0,0,1,"Archer's Tempo, No Distractions, Sneak Bow","Cornered, Dragonfly, Turnabout",1,Dragonfly+Sneak Bow,2591241074
1610,Blowout,preferred,Rocket Launcher,Arc,1,0,0,1,"Danger Zone, Impulse Amplifier, Sympathetic Arsenal","Disruption Break, Explosive Light, Lasting Impression",1,Disruption Break+Impulse Amplifier,1903182562
1611,Retrofuturist,preferred,Shotgun,Void,1,0,0,1,"Dual Loader, Stats for All, Unrelenting","Deconstruct, One for All, Snapshot Sights",3,Deconstruct+Stats for All | Dual Loader+One for All | Snapshot Sights+Unrelenting,1612781792
1612,Joxer's Longsword,preferred,Pulse Rifle,Void,1,0,0,1,"Killing Wind, Strategist","Demoralize, Withering Gaze",2,Demoralize+Strategist | Killing Wind+Withering Gaze,157601190
1613,Breakneck,preferred,Auto Rifle,Kinetic,1,0,0,1,"Dynamic Sway Reduction, Subsistence","Deconstruct, Osmosis",2,Deconstruct+Subsistence | Dynamic Sway Reduction+Osmosis,2026755633
1614,Blowout,preferred,Rocket Launcher,Arc,1,0,0,1,"Danger Zone, Stats for All, Sympathetic Arsenal","Explosive Light, Frenzy, Lasting Impression",2,Frenzy+Sympathetic Arsenal | Lasting Impression+Stats for All,1903182562
1615,Strident Whistle,preferred,Combat Bow,Solar,1,0,0,1,"Archer's Tempo, No Distractions, Perpetual Motion","Cornered, Explosive Head, Turnabout",1,Explosive Head+Perpetual Motion,2591241074
1616,Strident Whistle,preferred,Combat Bow,Solar,1,0,0,1,"Archer's Tempo, No Distractions, Quickdraw","Cornered, Incandescent, Turnabout",2,Archer's Tempo+Incandescent | Quickdraw+Turnabout,2591241074
1617,Blowout,preferred,Rocket Launcher,Arc,1,0,0,1,"Danger Zone, Sympathetic Arsenal, Thresh","Explosive Light, Golden Tricorn Enhanced, Harmony",2,Danger Zone+Golden Tricorn Enhanced | Explosive Light+Thresh,1903182562
1618,Strident Whistle,preferred,Combat Bow,Solar,1,0,0,1,"No Distractions, Rangefinder, Shoot to Loot","Cornered, Successful Warm-Up, Turnabout",3,Cornered+Shoot to Loot | No Distractions+Successful Warm-Up | Rangefinder+Turnabout,2591241074
1619,Blowout,preferred,Rocket Launcher,Arc,1,0,0,1,"Sympathetic Arsenal, Tracking Module, Turnabout","Harmony, Lasting Impression, Vorpal Weapon",3,Harmony+Tracking Module | Lasting Impression+Turnabout | Sympathetic Arsenal+Vorpal Weapon,1903182562
1620,Strident Whistle,preferred,Combat Bow,Solar,1,0,0,1,Sneak Bow,Vorpal Weapon,1,Sneak Bow+Vorpal Weapon,2591241074
1621,Zealot's Reward,fallback,Fusion Rifle,Void,0,0,1,0,Under Pressure,Dimensional Shift,1,Dimensional Shift+Under Pressure,2720651699
1622,Yarovit MG4,fallback,Submachine Gun,Stasis,0,0,0,1,Encore,Zen Moment,1,Encore+Zen Moment,3959549446
1623,Wolftone Draw,fallback,Combat Bow,Arc,0,0,0,1,Threat Detector,Cornered,1,Cornered+Threat Detector,3472875143
1624,Without Remorse,fallback,Shotgun,Solar,0,0,1,0,Steady Hands,Fragile Focus,1,Fragile Focus+Steady Hands,1478986057
1625,Whispering Slab,fallback,Combat Bow,Kinetic,0,0,0,1,Lone Wolf,Gutshot Straight,1,Gutshot Straight+Lone Wolf,690341468
1626,Warlord's Spear,fallback,Trace Rifle,Arc,0,0,0,1,Loose Change,Fourth Time's the Charm,1,Fourth Time's the Charm+Loose Change,1968711238
1627,Veleda-F,fallback,Sniper Rifle,Void,0,0,0,1,Snapshot Sights,Destabilizing Rounds,1,Destabilizing Rounds+Snapshot Sights,4200122994
1628,Vantage Point,fallback,Pulse Rifle,Arc,0,0,0,1,To the Pain,High-Impact Reserves,1,High-Impact Reserves+To the Pain,3830941962
1629,Under Your Skin,fallback,Combat Bow,Void,0,0,1,0,Unrelenting,Explosive Head,1,Explosive Head+Unrelenting,232928045
1630,Tyranny of Heaven,fallback,Combat Bow,Solar,0,0,1,0,Wellspring,Adagio,1,Adagio+Wellspring,3388655311
1631,Typhon GL5,fallback,Grenade Launcher,Stasis,0,0,0,1,Steady Hands,Explosive Light,1,Explosive Light+Steady Hands,3568377122
1632,Trustee,fallback,Scout Rifle,Solar,0,0,1,0,Zen Moment,Meganeura,1,Meganeura+Zen Moment,1392919471
1633,Tripwire Canary,fallback,Combat Bow,Arc,0,0,1,0,Sneak Bow,Under-Over,1,Sneak Bow+Under-Over,3849444474
1634,Transfiguration,fallback,Scout Rifle,Kinetic,0,0,1,0,Rewind Rounds,Ancillary Ordinance,1,Ancillary Ordinance+Rewind Rounds,3885259140
1635,Throne-Cleaver,fallback,Sword,Solar,0,0,1,0,Tireless Blade,Pugilist,1,Pugilist+Tireless Blade,3371413059
1636,Thoughtless,fallback,Sniper Rifle,Stasis,0,0,1,0,Steady Hands,Quickdraw,1,Quickdraw+Steady Hands,4067556514
1637,The Vision,fallback,Sidearm,Arc,0,0,0,1,Full Auto Trigger System,Sympathetic Arsenal,1,Full Auto Trigger System+Sympathetic Arsenal,2414141462
1638,The Supremacy,fallback,Sniper Rifle,Kinetic,0,0,1,0,Rewind Rounds,Bewildering Burst,1,Bewildering Burst+Rewind Rounds,2884596447
1639,The Showrunner,fallback,Submachine Gun,Kinetic,0,0,0,1,Well-Rounded,Air Assault,1,Air Assault+Well-Rounded,1999754402
1640,The Guiding Sight,fallback,Scout Rifle,Strand,0,0,0,1,Tunnel Vision,Encore,1,Encore+Tunnel Vision,1161561386
1641,The Eremite,fallback,Fusion Rifle,Solar,0,0,1,1,Slickdraw,Cornered,1,Cornered+Slickdraw,3347946548
1642,The Epicurean,fallback,Fusion Rifle,Void,0,0,1,0,Well-Rounded,Backup Plan,1,Backup Plan+Well-Rounded,2263839058
1643,The Enigma,fallback,Glaive,Void,0,0,1,0,Tilting at Windmills,Thresh,1,Thresh+Tilting at Windmills,2595497736
1644,The Domino,fallback,Sniper Rifle,Solar,0,0,0,1,Subsistence,Mulligan,1,Mulligan+Subsistence,2800870005
1645,Techeun Force,fallback,Fusion Rifle,Arc,0,0,1,0,Slideways,Rangefinder,1,Rangefinder+Slideways,3591141932
1646,Tears of Contrition,fallback,Scout Rifle,Kinetic,0,0,1,0,Well-Rounded,Fourth Time's the Charm,1,Fourth Time's the Charm+Well-Rounded,1366394399
1647,Tarnation,fallback,Grenade Launcher,Arc,0,0,1,0,Pulse Monitor,Explosive Light,1,Explosive Light+Pulse Monitor,2721157927
1648,Targeted Redaction,fallback,Hand Cannon,Void,0,0,1,1,Well-Rounded,Keep Away,1,Keep Away+Well-Rounded,3890055324
1649,Tarantula,fallback,Linear Fusion Rifle,Arc,0,0,0,1,Pulse Monitor,Box Breathing,1,Box Breathing+Pulse Monitor,3335343363
1650,Swarm of the Raven,fallback,Grenade Launcher,Void,0,0,0,1,Slickdraw,Genesis,1,Genesis+Slickdraw,433905699
1651,Suspectum-4fr,fallback,Linear Fusion Rifle,Stasis,0,0,0,1,Headstone,High Ground,1,Headstone+High Ground,3615421669
1652,Supercluster,fallback,Shotgun,Strand,0,0,1,0,Slideshot,Deconstruct,1,Deconstruct+Slideshot,92459755
1653,Succession,fallback,Sniper Rifle,Kinetic,0,0,1,0,Stopping Power,Thresh,1,Stopping Power+Thresh,2990047042
1654,Subjunctive,fallback,Submachine Gun,Arc,0,0,1,0,Under Pressure,Permeability,1,Permeability+Under Pressure,1447836603
1655,Speleologist,fallback,Machine Gun,Solar,0,0,1,0,Slideways,Strategist,1,Slideways+Strategist,412251536
1656,Sovereignty,fallback,Sniper Rifle,Void,0,0,0,1,Steady Hands,Precision Instrument,1,Precision Instrument+Steady Hands,3818198556
1657,Sojourner's Tale,fallback,Shotgun,Solar,0,0,0,1,Quickdraw,Air Trigger,1,Air Trigger+Quickdraw,2130875369
1658,Snorri FR5,fallback,Fusion Rifle,Void,0,0,0,1,Surplus,Reservoir Burst,1,Reservoir Burst+Surplus,4114929480
1659,Shepherd's Watch,fallback,Sniper Rifle,Kinetic,0,0,0,1,Tunnel Vision,Firing Line,1,Firing Line+Tunnel Vision,3743729616
1660,Shattered Cipher,fallback,Machine Gun,Void,0,0,0,1,Tunnel Vision,Zen Moment,1,Tunnel Vision+Zen Moment,2434225986
1661,Senuna SI6,fallback,Sidearm,Stasis,0,0,0,1,Envious Assassin,Gutshot Straight,1,Envious Assassin+Gutshot Straight,5159537
1662,Scatter Signal,fallback,Fusion Rifle,Strand,0,0,1,0,Surplus,Deconstruct,1,Deconstruct+Surplus,2558925366
1663,Scalar Potential,fallback,Pulse Rifle,Arc,0,0,1,0,Permeability,Headseeker,1,Headseeker+Permeability,2563668388
1664,Sailspy Pitchglass,fallback,Linear Fusion Rifle,Arc,0,0,1,1,Rapid Hit,Heating Up,1,Heating Up+Rapid Hit,1184309824
1665,Sacred Provenance,fallback,Pulse Rifle,Kinetic,0,0,1,0,Stopping Power,Kill Clip,1,Kill Clip+Stopping Power,2241507890
1666,Royal Executioner,fallback,Fusion Rifle,Solar,0,0,1,0,Firmly Planted,Killing Wind,1,Firmly Planted+Killing Wind,1720503118
1667,Royal Chase,fallback,Scout Rifle,Void,0,0,0,1,Slideways,Quickdraw,1,Quickdraw+Slideways,2776503072
1668,Ros Arago IV,fallback,Auto Rifle,Void,0,0,0,1,Slickdraw,Onslaught,1,Onslaught+Slickdraw,3583275737
1669,Revoker,fallback,Sniper Rifle,Kinetic,0,0,0,1,Snapshot Sights,Reversal of Fortune,1,Reversal of Fortune+Snapshot Sights,654608616
1670,Regnant,fallback,Grenade Launcher,Void,0,0,1,0,Thresh,Cascade Point,1,Cascade Point+Thresh,268260372
1671,Red Herring,fallback,Rocket Launcher,Void,0,0,1,0,Tracking Module,Snapshot Sights,1,Snapshot Sights+Tracking Module,3175851496
1672,Recurrent Impact,fallback,Machine Gun,Stasis,0,0,1,0,Genesis,Tap the Trigger,1,Genesis+Tap the Trigger,1572896086
1673,Reckless Oracle,fallback,Auto Rifle,Void,0,0,1,0,Tap the Trigger,Paracausal Affinity,1,Paracausal Affinity+Tap the Trigger,1992309064
1674,Razor's Edge,fallback,Sword,Void,0,0,0,1,Duelist's Trance,Thresh,1,Duelist's Trance+Thresh,1796949035
1675,Raconteur,fallback,Combat Bow,Stasis,0,0,1,0,Wellspring,Successful Warm-Up,1,Successful Warm-Up+Wellspring,45643573
1676,Qua Furor V,fallback,Machine Gun,Stasis,0,0,0,1,Recycled Energy,Tap the Trigger,1,Recycled Energy+Tap the Trigger,751880654
1677,Psi Hermetic V,fallback,Pulse Rifle,Stasis,0,0,0,1,Outlaw,Perpetual Motion,1,Outlaw+Perpetual Motion,358788212
1678,Prophet of Doom,fallback,Shotgun,Arc,0,0,1,0,Threat Remover,Jolting Feedback,1,Jolting Feedback+Threat Remover,2145441168
1679,Prodigal Return,fallback,Grenade Launcher,Arc,0,0,1,0,Turnabout,Voltshot,1,Turnabout+Voltshot,268260373
1680,Pro Memoria,fallback,Machine Gun,Strand,0,0,1,0,To the Pain,Mega Kill Clip,1,Mega Kill Clip+To the Pain,3605603507
1681,Posterity,fallback,Hand Cannon,Arc,0,0,1,0,Wellspring,Focused Fury,1,Focused Fury+Wellspring,3281285075
1682,Pleiades Corrector,fallback,Scout Rifle,Solar,0,0,0,1,Surplus,Shield Disorient,1,Shield Disorient+Surplus,3556999246
1683,Planck's Stride,fallback,Machine Gun,Arc,0,0,1,1,Slickdraw,Tap the Trigger,1,Slickdraw+Tap the Trigger,820890091
1684,Pizzicato-22,fallback,Submachine Gun,Kinetic,0,0,0,1,Perpetual Motion,Threat Detector,1,Perpetual Motion+Threat Detector,4100775158
1685,Persuader,fallback,Sniper Rifle,Void,0,0,0,1,Surplus,Triple Tap,1,Surplus+Triple Tap,781498181
1686,Path of Least Resistance,fallback,Trace Rifle,Arc,0,0,1,0,Adaptive Munitions,Voltshot,1,Adaptive Munitions+Voltshot,2827764482
1687,Optative,fallback,Hand Cannon,Void,0,0,1,0,Permeability,Zen Moment,1,Permeability+Zen Moment,2817683783
1688,Omniscient Eye,fallback,Sniper Rifle,Solar,0,0,1,0,No Distractions,Burning Ambition,1,Burning Ambition+No Distractions,147444292
1689,Noxious Vetiver,fallback,Submachine Gun,Arc,0,0,0,1,Unrelenting,Desperate Measures,1,Desperate Measures+Unrelenting,825495813
1690,Nezarec's Whisper,fallback,Glaive,Arc,0,0,1,0,Tilting at Windmills,Turnabout,1,Tilting at Windmills+Turnabout,254636484
1691,Neoptolemus II,fallback,Combat Bow,Kinetic,0,0,0,1,To the Pain,Wellspring,1,To the Pain+Wellspring,2848549302
1692,Negative Space,fallback,Sword,Solar,0,0,0,1,Tireless Blade,Disruption Break,1,Disruption Break+Tireless Blade,3629968765
1693,Nation of Beasts,fallback,Hand Cannon,Arc,0,0,1,0,Trickle Charge,Offhand Strike,1,Offhand Strike+Trickle Charge,70083888
1694,Memory Interdict,fallback,Grenade Launcher,Void,0,0,0,1,Impulse Amplifier,Elemental Capacitor,1,Elemental Capacitor+Impulse Amplifier,3165547384
1695,Martyr's Retribution,fallback,Grenade Launcher,Solar,0,0,0,1,Pulse Monitor,Lead from Gold,1,Lead from Gold+Pulse Monitor,3850168899
1696,Marsilion-C,fallback,Grenade Launcher,Solar,0,0,0,1,Turnabout,Full Court,1,Full Court+Turnabout,867154247
1697,Marcato-45,fallback,Machine Gun,Strand,0,0,0,1,Triple Tap,Onslaught,1,Onslaught+Triple Tap,4233375372
1698,Lodbrok-C,fallback,Auto Rifle,Kinetic,0,0,0,1,Osmosis,Wellspring,1,Osmosis+Wellspring,2328531378
1699,Line in the Sand,fallback,Linear Fusion Rifle,Arc,0,0,0,1,Under Pressure,Clown Cartridge,1,Clown Cartridge+Under Pressure,946443267
1700,Likely Suspect,fallback,Fusion Rifle,Void,0,0,1,0,Slideways,Turnabout,1,Slideways+Turnabout,1994645182
1701,Lethophobia,fallback,Combat Bow,Void,0,0,1,0,Successful Warm-Up,Surrounded,1,Successful Warm-Up+Surrounded,3710082365
1702,Legato-11,fallback,Shotgun,Solar,0,0,0,1,Triple Tap,Offhand Strike,1,Offhand Strike+Triple Tap,3753063346
1703,Judgment of Kelgorath,fallback,Glaive,Solar,0,0,1,0,Tilting at Windmills,Impulse Amplifier,1,Impulse Amplifier+Tilting at Windmills,2978226043
1704,Jian 7 Rifle,fallback,Pulse Rifle,Arc,0,0,0,1,Firmly Planted,Outlaw,1,Firmly Planted+Outlaw,1162247618
1705,Jararaca-3sr,fallback,Scout Rifle,Stasis,0,0,0,1,Perfect Float,Snapshot Sights,1,Perfect Float+Snapshot Sights,1851521408
1706,Iota Draconis,fallback,Fusion Rifle,Solar,0,0,0,1,Lead from Gold,High-Impact Reserves,1,High-Impact Reserves+Lead from Gold,3044460004
1707,Imperial Needle,fallback,Combat Bow,Void,0,0,0,1,Sneak Bow,Thresh,1,Sneak Bow+Thresh,3460122497
1708,Imperative,fallback,Scout Rifle,Kinetic,0,0,1,0,Well-Rounded,Deconstruct,1,Deconstruct+Well-Rounded,2045811635
1709,Ignition Code,fallback,Grenade Launcher,Kinetic,0,0,0,1,Steady Hands,Strategist,1,Steady Hands+Strategist,2761869150
1710,IKELOS_SR_v1.0.3,fallback,Sniper Rifle,Solar,0,0,1,0,Perpetual Motion,Box Breathing,1,Box Breathing+Perpetual Motion,2302346155
1711,IKELOS_SG_v1.0.3,fallback,Shotgun,Solar,0,0,1,0,Turnabout,Trench Barrel,1,Trench Barrel+Turnabout,1168625549
1712,IKELOS_HC_v1.0.3,fallback,Hand Cannon,Void,0,0,1,0,Air Assault,Adaptive Munitions,1,Adaptive Munitions+Air Assault,1731355324
1713,Hoosegow,fallback,Rocket Launcher,Arc,0,0,0,1,Tracking Module,Rangefinder,1,Rangefinder+Tracking Module,3669616453
1714,Honor's Edge,fallback,Sword,Arc,0,0,0,1,Tireless Blade,Shattering Blade,1,Shattering Blade+Tireless Blade,2857348871
1715,Hollow Words,fallback,Fusion Rifle,Arc,0,0,0,1,Steady Hands,Rolling Storm,1,Rolling Storm+Steady Hands,342027677
1716,Hollow Denial,fallback,Trace Rifle,Void,0,0,1,0,Rangefinder,Killing Tally,1,Killing Tally+Rangefinder,2323544076
1717,Heritage,fallback,Shotgun,Kinetic,0,0,1,0,Slideshot,Recombination,1,Recombination+Slideshot,4248569242
1718,Harsh Language,fallback,Grenade Launcher,Void,0,0,0,1,Wellspring,Disruption Break,1,Disruption Break+Wellspring,1606497639
1719,Hand in Hand,fallback,Shotgun,Arc,0,0,0,1,Shot Swap,One-Two Punch,1,One-Two Punch+Shot Swap,664109750
1720,Goldtusk,fallback,Sword,Arc,0,0,1,0,Assassin's Blade,Harmony,1,Assassin's Blade+Harmony,3371413057
1721,Geodetic HSm,fallback,Sword,Void,0,0,0,1,Repulsor Brace,En Garde,1,En Garde+Repulsor Brace,3637669759
1722,Gallu RR3,fallback,Sniper Rifle,Arc,0,0,0,1,Overflow,Turnabout,1,Overflow+Turnabout,617501162
1723,Friction Fire,fallback,Submachine Gun,Kinetic,0,0,0,1,Subsistence,Slideways,1,Slideways+Subsistence,1513993763
1724,Forge's Pledge,fallback,Pulse Rifle,Solar,0,0,0,1,Surplus,Iron Grip,1,Iron Grip+Surplus,1076810832
1725,Forensic Nightmare,fallback,Submachine Gun,Stasis,0,0,1,0,Under Pressure,Sword Logic,1,Sword Logic+Under Pressure,1526296434
1726,Fixed Odds,fallback,Machine Gun,Solar,0,0,1,0,Under Pressure,Killing Tally,1,Killing Tally+Under Pressure,2194955522
1727,Firefright,fallback,Auto Rifle,Kinetic,0,0,1,0,Hip-Fire Grip,Mulligan,1,Hip-Fire Grip+Mulligan,2778013407
1728,Fire and Forget,fallback,Linear Fusion Rifle,Stasis,0,0,1,0,Rangefinder,Chill Clip,1,Chill Clip+Rangefinder,2272041093
1729,Fioritura-59,fallback,Sidearm,Void,0,0,0,1,Hip-Fire Grip,Repulsor Brace,1,Hip-Fire Grip+Repulsor Brace,2566006935
1730,Fel Taradiddle,fallback,Combat Bow,Kinetic,0,0,1,0,To the Pain,Thresh,1,Thresh+To the Pain,1399109800
1731,Father's Sins,fallback,Sniper Rifle,Void,0,0,1,0,Triple Tap,Withering Gaze,1,Triple Tap+Withering Gaze,3865728990
1732,Farewell,fallback,Sidearm,Kinetic,0,0,0,1,Full Auto Trigger System,Unrelenting,1,Full Auto Trigger System+Unrelenting,541188001
1733,False Promises,fallback,Auto Rifle,Stasis,0,0,0,1,Surplus,Zen Moment,1,Surplus+Zen Moment,1390080550
1734,Faith-Keeper,fallback,Rocket Launcher,Void,0,0,1,1,Strategist,Lasting Impression,1,Lasting Impression+Strategist,4195186942
1735,Exuviae,fallback,Hand Cannon,Stasis,0,0,0,1,Stats for All,Redirection,1,Redirection+Stats for All,2823644677
1736,Enyo-D,fallback,Submachine Gun,Kinetic,0,0,0,1,Well-Rounded,Sympathetic Arsenal,1,Sympathetic Arsenal+Well-Rounded,1601177201
1737,Enigma's Draw,fallback,Sidearm,Kinetic,0,0,0,1,Grave Robber,Rapid Hit,1,Grave Robber+Rapid Hit,1723380073
1738,Empirical Evidence,fallback,Sidearm,Kinetic,0,0,1,0,Pulse Monitor,Kinetic Tremors,1,Kinetic Tremors+Pulse Monitor,2607304614
1739,Doomed Petitioner,fallback,Linear Fusion Rifle,Void,0,0,1,0,Threat Detector,Loose Change,1,Loose Change+Threat Detector,1501688142
1740,Distant Tumulus,fallback,Sniper Rifle,Solar,0,0,0,1,Pulse Monitor,Outlaw,1,Outlaw+Pulse Monitor,2807687156
1741,Disparity,fallback,Pulse Rifle,Stasis,0,0,1,0,No Distractions,Headseeker,1,Headseeker+No Distractions,1751893422
1742,Dire Promise,fallback,Hand Cannon,Kinetic,0,0,0,1,Snapshot Sights,Osmosis,1,Osmosis+Snapshot Sights,2742838701
1743,Death's Razor,fallback,Sword,Void,0,0,1,0,Counterattack,Whirlwind Blade,1,Counterattack+Whirlwind Blade,3371413056
1744,Deafening Whisper,fallback,Grenade Launcher,Void,0,0,0,1,Surplus,Auto-Loading Holster,1,Auto-Loading Holster+Surplus,981718087
1745,Deadpan Delivery,fallback,Shotgun,Arc,0,0,0,1,Surplus,Barrel Constrictor,1,Barrel Constrictor+Surplus,1296429091
1746,Dark Decider,fallback,Auto Rifle,Arc,0,0,0,1,Iron Grip,Voltshot,1,Iron Grip+Voltshot,540880995
1747,Crux Termination IV,fallback,Rocket Launcher,Arc,0,0,0,1,Slideshot,Tracking Module,1,Slideshot+Tracking Module,1719687748
1748,Cruoris FR4,fallback,Fusion Rifle,Arc,0,0,0,1,Stats for All,Kickstart,1,Kickstart+Stats for All,891996636
1749,Corrasion,fallback,Pulse Rifle,Arc,0,0,1,1,High-Impact Reserves,Swashbuckler,1,High-Impact Reserves+Swashbuckler,2126178511
1750,Coronach-22,fallback,Auto Rifle,Solar,0,0,0,1,Zen Moment,Under-Over,1,Under-Over+Zen Moment,355382946
1751,Controlling Vision,fallback,Sidearm,Kinetic,0,0,0,1,Surplus,Offhand Strike,1,Offhand Strike+Surplus,423343404
1752,Commemoration,fallback,Machine Gun,Void,0,0,1,0,Zen Moment,Killing Tally,1,Killing Tally+Zen Moment,4230965989
1753,Come to Pass,fallback,Auto Rifle,Arc,0,0,1,0,Triple Tap,Rolling Storm,1,Rolling Storm+Triple Tap,927567426
1754,Combined Action,fallback,Hand Cannon,Arc,0,0,0,1,Zen Moment,Timed Payload,1,Timed Payload+Zen Moment,1331824604
1755,Code Duello,fallback,Rocket Launcher,Solar,0,0,0,1,Surplus,Cluster Bomb,1,Cluster Bomb+Surplus,2496242052
1756,Chronophage,fallback,Trace Rifle,Void,0,0,1,1,Shoot to Loot,Fragile Focus,1,Fragile Focus+Shoot to Loot,1886840007
1757,Chattering Bone,fallback,Pulse Rifle,Kinetic,0,0,1,0,Under Pressure,Bewildering Burst,1,Bewildering Burst+Under Pressure,501329015
1758,Cantata-57,fallback,Hand Cannon,Arc,0,0,0,1,Rapid Hit,Timed Payload,1,Rapid Hit+Timed Payload,372697604
1759,CALUS Mini-Tool,fallback,Submachine Gun,Solar,0,0,1,0,Slideways,Feeding Frenzy,1,Feeding Frenzy+Slideways,2490988246
1760,Bump in the Night,fallback,Rocket Launcher,Stasis,0,0,1,0,Tracking Module,Unrelenting,1,Tracking Module+Unrelenting,1959650777
1761,Brya's Love,fallback,Scout Rifle,Void,0,0,1,0,No Distractions,Pugilist,1,No Distractions+Pugilist,2779821308
1762,Boudica-C,fallback,Sidearm,Kinetic,0,0,0,1,Stats for All,Osmosis,1,Osmosis+Stats for All,1916287826
1763,Boondoggle Mk. 55,fallback,Submachine Gun,Kinetic,0,0,0,1,To the Pain,Killing Wind,1,Killing Wind+To the Pain,32287609
1764,Blood Feud,fallback,Submachine Gun,Stasis,0,0,1,0,Triple Tap,Well-Rounded,1,Triple Tap+Well-Rounded,1509167284
1765,Bitter/Sweet,fallback,Grenade Launcher,Arc,0,0,0,1,Reverberation,Killing Tally,1,Killing Tally+Reverberation,2599338625
1766,Berenger's Memory,fallback,Grenade Launcher,Void,0,0,0,1,Quickdraw,Shield Disorient,1,Quickdraw+Shield Disorient,407621213
1767,Bequest,fallback,Sword,Arc,0,0,1,0,Wellspring,Flash Counter,1,Flash Counter+Wellspring,3366545721
1768,Beloved,fallback,Sniper Rifle,Solar,0,0,1,0,Snapshot Sights,Turnabout,1,Snapshot Sights+Turnabout,3107853529
1769,Battle Scar,fallback,Pulse Rifle,Kinetic,0,0,0,1,Shot Swap,Kinetic Tremors,1,Kinetic Tremors+Shot Swap,2099894368
1770,Austringer,fallback,Hand Cannon,Kinetic,0,0,1,0,Eye of the Storm,Rampage,1,Eye of the Storm+Rampage,3055790362
1771,Arsenic Bite-4b,fallback,Combat Bow,Arc,0,0,0,1,Sneak Bow,Sneak Bow,1,Sneak Bow,720351795
1772,Appetence,fallback,Trace Rifle,Stasis,0,0,1,0,Slideways,Attrition Orbs,1,Attrition Orbs+Slideways,4153087276
1773,Apex Predator,fallback,Rocket Launcher,Solar,0,0,1,0,Tracking Module,Surrounded,1,Surrounded+Tracking Module,1851777734
1774,Annual Skate,fallback,Hand Cannon,Solar,0,0,0,1,Triple Tap,Multikill Clip,1,Multikill Clip+Triple Tap,6857689
1775,Ancient Gospel,fallback,Hand Cannon,Void,0,0,1,0,Repulsor Brace,To the Pain,1,Repulsor Brace+To the Pain,963574173
1776,Age-Old Bond,fallback,Auto Rifle,Void,0,0,1,0,Tap the Trigger,Harmony,1,Harmony+Tap the Trigger,424291879
1777,Adverse Possession IX,fallback,Scout Rifle,Arc,0,0,0,1,Threat Detector,Keep Away,1,Keep Away+Threat Detector,1890332078
1778,Adhortative,fallback,Pulse Rifle,Solar,0,0,1,0,Loose Change,Disruption Break,1,Disruption Break+Loose Change,2993554824
1779,Accrued Redemption,fallback,Combat Bow,Kinetic,0,0,1,0,Wellspring,Precision Instrument,1,Precision Instrument+Wellspring,3621336854
1780,Until Its Return,fallback,Shotgun,Strand,0,0,1,0,Well-Rounded,Collective Action,1,Collective Action+Well-Rounded,2883484461
1781,Threaded Needle,fallback,Linear Fusion Rifle,Void,0,0,0,1,Clown Cartridge,Multikill Clip,1,Clown Cartridge+Multikill Clip,3075224551
1782,The Number,fallback,Auto Rifle,Arc,0,0,0,1,Under Pressure,Sympathetic Arsenal,1,Sympathetic Arsenal+Under Pressure,2492081469
1783,Sweet Sorrow,fallback,Auto Rifle,Arc,0,0,1,0,Triple Tap,Turnabout,1,Triple Tap+Turnabout,1248372789
1784,Stochastic Variable,fallback,Submachine Gun,Arc,0,0,0,1,Zen Moment,Wellspring,1,Wellspring+Zen Moment,2272470786
1785,Staccato-46,fallback,Scout Rifle,Solar,0,0,0,1,Well-Rounded,Explosive Payload,1,Explosive Payload+Well-Rounded,4019668921
1786,Retrofit Escapade,fallback,Machine Gun,Void,0,0,1,0,Turnabout,Rampage,1,Rampage+Turnabout,3103325054
1787,Quickfang,fallback,Sword,Void,0,0,0,1,Thresh,Flash Counter,1,Flash Counter+Thresh,2782325300
1788,Piece of Mind,fallback,Pulse Rifle,Kinetic,0,0,1,0,Overflow,Moving Target,1,Moving Target+Overflow,2097055732
1789,Perses-D,fallback,Scout Rifle,Stasis,0,0,0,1,Stats for All,Explosive Payload,1,Explosive Payload+Stats for All,1019000888
1790,Perpetualis,fallback,Auto Rifle,Strand,0,0,1,0,Zen Moment,Offhand Strike,1,Offhand Strike+Zen Moment,392008588
1791,Old Sterling,fallback,Auto Rifle,Strand,0,0,0,1,Hip-Fire Grip,Hatchling,1,Hatchling+Hip-Fire Grip,3678653083
1792,Nature of the Beast,fallback,Hand Cannon,Arc,0,0,0,1,Snapshot Sights,Dragonfly,1,Dragonfly+Snapshot Sights,1835747805
1793,Nature Reclaimed,fallback,Scout Rifle,Solar,0,0,0,1,Killing Wind,Box Breathing,1,Box Breathing+Killing Wind,2639921391
1794,Lost Signal,fallback,Grenade Launcher,Stasis,0,0,1,1,Strategist,Wellspring,1,Strategist+Wellspring,1197771438
1795,Krait,fallback,Auto Rifle,Stasis,0,0,0,1,Overflow,Adagio,1,Adagio+Overflow,2852052802
1796,Just in Case,fallback,Sword,Solar,0,0,0,1,Wellspring,Thresh,1,Thresh+Wellspring,1139727256
1797,Irukandji,fallback,Sniper Rifle,Stasis,0,0,0,1,Under Pressure,Headstone,1,Headstone+Under Pressure,2673925403
1798,Interference VI,fallback,Grenade Launcher,Arc,0,0,0,1,Clown Cartridge,Swashbuckler,1,Clown Cartridge+Swashbuckler,2257180473
1799,Funnelweb,fallback,Submachine Gun,Void,0,0,0,1,Pulse Monitor,Rangefinder,1,Pulse Monitor+Rangefinder,3341893443
1800,Fugue-55,fallback,Sniper Rifle,Void,0,0,0,1,Lead from Gold,Box Breathing,1,Box Breathing+Lead from Gold,2233545123
1801,Eternity's Edge,fallback,Sword,Solar,0,0,0,1,Energy Transfer,Flash Counter,1,Energy Transfer+Flash Counter,2782325301
1802,Escape Velocity,fallback,Submachine Gun,Kinetic,0,0,0,1,Overflow,Osmosis,1,Osmosis+Overflow,1786797708
1803,Corsair's Wrath,fallback,Linear Fusion Rifle,Solar,0,0,0,1,Outlaw,Quickdraw,1,Outlaw+Quickdraw,2714022207
1804,Caretaker,fallback,Sword,Solar,0,0,1,0,Tireless Blade,Incandescent,1,Incandescent+Tireless Blade,2508948099
1805,Brigand's Law,fallback,Sidearm,Arc,0,0,1,1,Threat Detector,Sympathetic Arsenal,1,Sympathetic Arsenal+Threat Detector,1298815317
1806,Blast Battue,fallback,Grenade Launcher,Arc,0,0,0,1,Clown Cartridge,Disruption Break,1,Clown Cartridge+Disruption Break,2453357042
1807,Zealot's Reward,fallback,Fusion Rifle,Void,0,0,1,0,Subsistence,Kickstart,1,Kickstart+Subsistence,2720651699
1808,Wolftone Draw,fallback,Combat Bow,Arc,0,0,0,1,Sneak Bow,Demolitionist,1,Demolitionist+Sneak Bow,3472875143
1809,Without Remorse,fallback,Shotgun,Solar,0,0,1,0,Stats for All,One-Two Punch,1,One-Two Punch+Stats for All,1478986057
1810,Whispering Slab,fallback,Combat Bow,Kinetic,0,0,0,1,Archer's Tempo,High Ground,1,Archer's Tempo+High Ground,690341468
1811,Warlord's Spear,fallback,Trace Rifle,Arc,0,0,0,1,Loose Change,Detonator Beam,1,Detonator Beam+Loose Change,1968711238
1812,Veleda-F,fallback,Sniper Rifle,Void,0,0,0,1,Slickdraw,Withering Gaze,1,Slickdraw+Withering Gaze,4200122994
1813,Vantage Point,fallback,Pulse Rifle,Arc,0,0,0,1,Deconstruct,Swashbuckler,1,Deconstruct+Swashbuckler,3830941962
1814,Under Your Skin,fallback,Combat Bow,Void,0,0,1,0,Tunnel Vision,Successful Warm-Up,1,Successful Warm-Up+Tunnel Vision,232928045
1815,Tyranny of Heaven,fallback,Combat Bow,Solar,0,0,1,0,Successful Warm-Up,Incandescent,1,Incandescent+Successful Warm-Up,3388655311
1816,Typhon GL5,fallback,Grenade Launcher,Stasis,0,0,0,1,Genesis,Chill Clip,1,Chill Clip+Genesis,3568377122
1817,Trustee,fallback,Scout Rifle,Solar,0,0,1,0,Under Pressure,Redirection,1,Redirection+Under Pressure,1392919471
1818,Tripwire Canary,fallback,Combat Bow,Arc,0,0,1,0,Sneak Bow,Empty Traits Socket,1,Empty Traits Socket+Sneak Bow,3849444474
1819,Transfiguration,fallback,Scout Rifle,Kinetic,0,0,1,0,Rampage,Collective Action,1,Collective Action+Rampage,3885259140
1820,Throne-Cleaver,fallback,Sword,Solar,0,0,1,0,Thresh,Incandescent,1,Incandescent+Thresh,3371413059
1821,The Vision,fallback,Sidearm,Arc,0,0,0,1,Full Auto Trigger System,One for All,1,Full Auto Trigger System+One for All,2414141462
1822,The Supremacy,fallback,Sniper Rifle,Kinetic,0,0,1,0,Rapid Hit,Fourth Time's the Charm,1,Fourth Time's the Charm+Rapid Hit,2884596447
1823,The Showrunner,fallback,Submachine Gun,Kinetic,0,0,0,1,Overflow,Kinetic Tremors,1,Kinetic Tremors+Overflow,1999754402
1824,The Guiding Sight,fallback,Scout Rifle,Strand,0,0,0,1,Gutshot Straight,Precision Instrument,1,Gutshot Straight+Precision Instrument,1161561386
1825,The Eremite,fallback,Fusion Rifle,Solar,0,0,1,1,Pulse Monitor,Reservoir Burst,1,Pulse Monitor+Reservoir Burst,3347946548
1826,The Epicurean,fallback,Fusion Rifle,Void,0,0,1,0,Snapshot Sights,Cornered,1,Cornered+Snapshot Sights,2263839058
1827,The Enigma,fallback,Glaive,Void,0,0,1,0,Tilting at Windmills,Rampage,1,Rampage+Tilting at Windmills,2595497736
1828,The Domino,fallback,Sniper Rifle,Solar,0,0,0,1,Slideways,Mulligan,1,Mulligan+Slideways,2800870005
1829,Techeun Force,fallback,Fusion Rifle,Arc,0,0,1,0,Slideways,Aggregate Charge,1,Aggregate Charge+Slideways,3591141932
1830,Tears of Contrition,fallback,Scout Rifle,Kinetic,0,0,1,0,Triple Tap,Mulligan,1,Mulligan+Triple Tap,1366394399
1831,Tarnation,fallback,Grenade Launcher,Arc,0,0,1,0,Ensemble,Bait and Switch,1,Bait and Switch+Ensemble,2721157927
1832,Targeted Redaction,fallback,Hand Cannon,Void,0,0,1,1,Well-Rounded,Destabilizing Rounds,1,Destabilizing Rounds+Well-Rounded,3890055324
1833,Tarantula,fallback,Linear Fusion Rifle,Arc,0,0,0,1,Genesis,Kill Clip,1,Genesis+Kill Clip,3335343363
1834,Swarm of the Raven,fallback,Grenade Launcher,Void,0,0,0,1,Slickdraw,Full Court,1,Full Court+Slickdraw,433905699
1835,Suspectum-4fr,fallback,Linear Fusion Rifle,Stasis,0,0,0,1,Headstone,Firing Line,1,Firing Line+Headstone,3615421669
1836,Supercluster,fallback,Shotgun,Strand,0,0,1,0,Slideshot,Attrition Orbs,1,Attrition Orbs+Slideshot,92459755
1837,Succession,fallback,Sniper Rifle,Kinetic,0,0,1,0,Stopping Power,Snapshot Sights,1,Snapshot Sights+Stopping Power,2990047042
1838,Subjunctive,fallback,Submachine Gun,Arc,0,0,1,0,Threat Detector,Permeability,1,Permeability+Threat Detector,1447836603
1839,Speleologist,fallback,Machine Gun,Solar,0,0,1,0,Heal Clip,Strategist,1,Heal Clip+Strategist,412251536
1840,Sovereignty,fallback,Sniper Rifle,Void,0,0,0,1,No Distractions,Desperate Measures,1,Desperate Measures+No Distractions,3818198556
1841,Sojourner's Tale,fallback,Shotgun,Solar,0,0,0,1,Heal Clip,Air Trigger,1,Air Trigger+Heal Clip,2130875369
1842,Snorri FR5,fallback,Fusion Rifle,Void,0,0,0,1,Steady Hands,Reservoir Burst,1,Reservoir Burst+Steady Hands,4114929480
1843,Shattered Cipher,fallback,Machine Gun,Void,0,0,0,1,Heating Up,Zen Moment,1,Heating Up+Zen Moment,2434225986
1844,Scatter Signal,fallback,Fusion Rifle,Strand,0,0,1,0,Surplus,Controlled Burst,1,Controlled Burst+Surplus,2558925366
1845,Scalar Potential,fallback,Pulse Rifle,Arc,0,0,1,0,Permeability,Focused Fury,1,Focused Fury+Permeability,2563668388
1846,Sailspy Pitchglass,fallback,Linear Fusion Rifle,Arc,0,0,1,1,Outlaw,Heating Up,1,Heating Up+Outlaw,1184309824
1847,Sacred Provenance,fallback,Pulse Rifle,Kinetic,0,0,1,0,Stopping Power,Desperate Measures,1,Desperate Measures+Stopping Power,2241507890
1848,Royal Executioner,fallback,Fusion Rifle,Solar,0,0,1,0,Envious Assassin,Successful Warm-Up,1,Envious Assassin+Successful Warm-Up,1720503118
1849,Royal Chase,fallback,Scout Rifle,Void,0,0,0,1,No Distractions,Threat Detector,1,No Distractions+Threat Detector,2776503072
1850,Ros Arago IV,fallback,Auto Rifle,Void,0,0,0,1,Rewind Rounds,Under-Over,1,Rewind Rounds+Under-Over,3583275737
1851,Regnant,fallback,Grenade Launcher,Void,0,0,1,0,Repulsor Brace,Cascade Point,1,Cascade Point+Repulsor Brace,268260372
1852,Red Herring,fallback,Rocket Launcher,Void,0,0,1,0,Reconstruction,Turnabout,1,Reconstruction+Turnabout,3175851496
1853,Recurrent Impact,fallback,Machine Gun,Stasis,0,0,1,0,Genesis,Headstone,1,Genesis+Headstone,1572896086
1854,Reckless Oracle,fallback,Auto Rifle,Void,0,0,1,0,Tap the Trigger,One for All,1,One for All+Tap the Trigger,1992309064
1855,Raconteur,fallback,Combat Bow,Stasis,0,0,1,0,Archer's Tempo,Pugilist,1,Archer's Tempo+Pugilist,45643573
1856,Qua Furor V,fallback,Machine Gun,Stasis,0,0,0,1,Recycled Energy,Golden Tricorn Enhanced,1,Golden Tricorn Enhanced+Recycled Energy,751880654
1857,Psi Hermetic V,fallback,Pulse Rifle,Stasis,0,0,0,1,Heating Up,Perpetual Motion,1,Heating Up+Perpetual Motion,358788212
1858,Prophet of Doom,fallback,Shotgun,Arc,0,0,1,0,Threat Detector,Jolting Feedback,1,Jolting Feedback+Threat Detector,2145441168
1859,Prodigal Return,fallback,Grenade Launcher,Arc,0,0,1,0,Thresh,Voltshot,1,Thresh+Voltshot,268260373
1860,Pro Memoria,fallback,Machine Gun,Strand,0,0,1,0,To the Pain,Bait and Switch,1,Bait and Switch+To the Pain,3605603507
1861,Posterity,fallback,Hand Cannon,Arc,0,0,1,0,Wellspring,Explosive Payload,1,Explosive Payload+Wellspring,3281285075
1862,Pleiades Corrector,fallback,Scout Rifle,Solar,0,0,0,1,Subsistence,Shield Disorient,1,Shield Disorient+Subsistence,3556999246
1863,Planck's Stride,fallback,Machine Gun,Arc,0,0,1,1,Mulligan,Thresh,1,Mulligan+Thresh,820890091
1864,Pizzicato-22,fallback,Submachine Gun,Kinetic,0,0,0,1,Mulligan,Multikill Clip,1,Mulligan+Multikill Clip,4100775158
1865,Persuader,fallback,Sniper Rifle,Void,0,0,0,1,Perfect Float,Triple Tap,1,Perfect Float+Triple Tap,781498181
1866,Path of Least Resistance,fallback,Trace Rifle,Arc,0,0,1,0,Adaptive Munitions,Gutshot Straight,1,Adaptive Munitions+Gutshot Straight,2827764482
1867,Optative,fallback,Hand Cannon,Void,0,0,1,0,Permeability,Wellspring,1,Permeability+Wellspring,2817683783
1868,Omniscient Eye,fallback,Sniper Rifle,Solar,0,0,1,0,Mulligan,Snapshot Sights,1,Mulligan+Snapshot Sights,147444292
1869,Noxious Vetiver,fallback,Submachine Gun,Arc,0,0,0,1,Thresh,Jolting Feedback,1,Jolting Feedback+Thresh,825495813
1870,Nezarec's Whisper,fallback,Glaive,Arc,0,0,1,0,Tilting at Windmills,Adrenaline Junkie,1,Adrenaline Junkie+Tilting at Windmills,254636484
1871,Neoptolemus II,fallback,Combat Bow,Kinetic,0,0,0,1,To the Pain,Tunnel Vision,1,To the Pain+Tunnel Vision,2848549302
1872,Negative Space,fallback,Sword,Solar,0,0,0,1,Relentless Strikes,Disruption Break,1,Disruption Break+Relentless Strikes,3629968765
1873,Nation of Beasts,fallback,Hand Cannon,Arc,0,0,1,0,Opening Shot,Rolling Storm,1,Opening Shot+Rolling Storm,70083888
1874,Martyr's Retribution,fallback,Grenade Launcher,Solar,0,0,0,1,Genesis,Rangefinder,1,Genesis+Rangefinder,3850168899
1875,Marsilion-C,fallback,Grenade Launcher,Solar,0,0,0,1,Snapshot Sights,Impulse Amplifier,1,Impulse Amplifier+Snapshot Sights,867154247
1876,Marcato-45,fallback,Machine Gun,Strand,0,0,0,1,Threat Detector,Under-Over,1,Threat Detector+Under-Over,4233375372
1877,Lodbrok-C,fallback,Auto Rifle,Kinetic,0,0,0,1,Osmosis,Tap the Trigger,1,Osmosis+Tap the Trigger,2328531378
1878,Line in the Sand,fallback,Linear Fusion Rifle,Arc,0,0,0,1,Threat Detector,Firing Line,1,Firing Line+Threat Detector,946443267
1879,Likely Suspect,fallback,Fusion Rifle,Void,0,0,1,0,Slideways,Successful Warm-Up,1,Slideways+Successful Warm-Up,1994645182
1880,Lethophobia,fallback,Combat Bow,Void,0,0,1,0,Successful Warm-Up,Disruption Break,1,Disruption Break+Successful Warm-Up,3710082365
1881,Legato-11,fallback,Shotgun,Solar,0,0,0,1,To the Pain,Cascade Point,1,Cascade Point+To the Pain,3753063346
1882,Judgment of Kelgorath,fallback,Glaive,Solar,0,0,1,0,Tilting at Windmills,Harmony,1,Harmony+Tilting at Windmills,2978226043
1883,Jian 7 Rifle,fallback,Pulse Rifle,Arc,0,0,0,1,Disruption Break,Swashbuckler,1,Disruption Break+Swashbuckler,1162247618
1884,Iota Draconis,fallback,Fusion Rifle,Solar,0,0,0,1,Heating Up,Kickstart,1,Heating Up+Kickstart,3044460004
1885,Imperial Needle,fallback,Combat Bow,Void,0,0,0,1,Sneak Bow,Sympathetic Arsenal,1,Sneak Bow+Sympathetic Arsenal,3460122497
1886,Imperative,fallback,Scout Rifle,Kinetic,0,0,1,0,Well-Rounded,Attrition Orbs,1,Attrition Orbs+Well-Rounded,2045811635
1887,Ignition Code,fallback,Grenade Launcher,Kinetic,0,0,0,1,Steady Hands,Reverberation,1,Reverberation+Steady Hands,2761869150
1888,IKELOS_SR_v1.0.3,fallback,Sniper Rifle,Solar,0,0,1,0,Overflow,Slickdraw,1,Overflow+Slickdraw,2302346155
1889,IKELOS_SG_v1.0.3,fallback,Shotgun,Solar,0,0,1,0,Turnabout,One-Two Punch,1,One-Two Punch+Turnabout,1168625549
1890,Hoosegow,fallback,Rocket Launcher,Arc,0,0,0,1,Tracking Module,Demolitionist,1,Demolitionist+Tracking Module,3669616453
1891,Honor's Edge,fallback,Sword,Arc,0,0,0,1,Relentless Strikes,Shattering Blade,1,Relentless Strikes+Shattering Blade,2857348871
1892,Hollow Words,fallback,Fusion Rifle,Arc,0,0,0,1,Slickdraw,Rolling Storm,1,Rolling Storm+Slickdraw,342027677
1893,Hollow Denial,fallback,Trace Rifle,Void,0,0,1,0,Lead from Gold,Repulsor Brace,1,Lead from Gold+Repulsor Brace,2323544076
1894,Heritage,fallback,Shotgun,Kinetic,0,0,1,0,Slideshot,Offhand Strike,1,Offhand Strike+Slideshot,4248569242
1895,Harsh Language,fallback,Grenade Launcher,Void,0,0,0,1,Envious Assassin,Repulsor Brace,1,Envious Assassin+Repulsor Brace,1606497639
1896,Hand in Hand,fallback,Shotgun,Arc,0,0,0,1,Fragile Focus,Trench Barrel,1,Fragile Focus+Trench Barrel,664109750
1897,Goldtusk,fallback,Sword,Arc,0,0,1,0,Assassin's Blade,Counterattack,1,Assassin's Blade+Counterattack,3371413057
1898,Friction Fire,fallback,Submachine Gun,Kinetic,0,0,0,1,Field Prep,Slideways,1,Field Prep+Slideways,1513993763
1899,Forge's Pledge,fallback,Pulse Rifle,Solar,0,0,0,1,Auto-Loading Holster,Iron Grip,1,Auto-Loading Holster+Iron Grip,1076810832
1900,Forensic Nightmare,fallback,Submachine Gun,Stasis,0,0,1,0,Slideways,Crystalline Corpsebloom,1,Crystalline Corpsebloom+Slideways,1526296434
1901,Fixed Odds,fallback,Machine Gun,Solar,0,0,1,0,Quickdraw,Killing Tally,1,Killing Tally+Quickdraw,2194955522
1902,Firefright,fallback,Auto Rifle,Kinetic,0,0,1,0,Fragile Focus,Mulligan,1,Fragile Focus+Mulligan,2778013407
1903,Fire and Forget,fallback,Linear Fusion Rifle,Stasis,0,0,1,0,Perfect Float,Chill Clip,1,Chill Clip+Perfect Float,2272041093
1904,Fel Taradiddle,fallback,Combat Bow,Kinetic,0,0,1,0,To the Pain,Successful Warm-Up,1,Successful Warm-Up+To the Pain,1399109800
1905,Father's Sins,fallback,Sniper Rifle,Void,0,0,1,0,Shoot to Loot,Bait and Switch,1,Bait and Switch+Shoot to Loot,3865728990
1906,Farewell,fallback,Sidearm,Kinetic,0,0,0,1,Full Auto Trigger System,Frenzy,1,Frenzy+Full Auto Trigger System,541188001
1907,Faith-Keeper,fallback,Rocket Launcher,Void,0,0,1,1,Strategist,Bipod,1,Bipod+Strategist,4195186942
1908,Exuviae,fallback,Hand Cannon,Stasis,0,0,0,1,Rimestealer,Redirection,1,Redirection+Rimestealer,2823644677
1909,Enyo-D,fallback,Submachine Gun,Kinetic,0,0,0,1,Tunnel Vision,Sympathetic Arsenal,1,Sympathetic Arsenal+Tunnel Vision,1601177201
1910,Enigma's Draw,fallback,Sidearm,Kinetic,0,0,0,1,Full Auto Trigger System,Rapid Hit,1,Full Auto Trigger System+Rapid Hit,1723380073
1911,Empirical Evidence,fallback,Sidearm,Kinetic,0,0,1,0,Lone Wolf,Unrelenting,1,Lone Wolf+Unrelenting,2607304614
1912,Doomed Petitioner,fallback,Linear Fusion Rifle,Void,0,0,1,0,Reconstruction,Loose Change,1,Loose Change+Reconstruction,1501688142
1913,Distant Tumulus,fallback,Sniper Rifle,Solar,0,0,0,1,Pulse Monitor,Firing Line,1,Firing Line+Pulse Monitor,2807687156
1914,Disparity,fallback,Pulse Rifle,Stasis,0,0,1,0,No Distractions,Desperado,1,Desperado+No Distractions,1751893422
1915,Dire Promise,fallback,Hand Cannon,Kinetic,0,0,0,1,Overflow,Under Pressure,1,Overflow+Under Pressure,2742838701
1916,Death's Razor,fallback,Sword,Void,0,0,1,0,Counterattack,Vorpal Weapon,1,Counterattack+Vorpal Weapon,3371413056
1917,Deafening Whisper,fallback,Grenade Launcher,Void,0,0,0,1,Pulse Monitor,Threat Detector,1,Pulse Monitor+Threat Detector,981718087
1918,Deadpan Delivery,fallback,Shotgun,Arc,0,0,0,1,Overflow,Barrel Constrictor,1,Barrel Constrictor+Overflow,1296429091
1919,Dark Decider,fallback,Auto Rifle,Arc,0,0,0,1,Iron Grip,Rangefinder,1,Iron Grip+Rangefinder,540880995
1920,Crux Termination IV,fallback,Rocket Launcher,Arc,0,0,0,1,Slideshot,Explosive Light,1,Explosive Light+Slideshot,1719687748
1921,Cruoris FR4,fallback,Fusion Rifle,Arc,0,0,0,1,Recycled Energy,Successful Warm-Up,1,Recycled Energy+Successful Warm-Up,891996636
1922,Corrasion,fallback,Pulse Rifle,Arc,0,0,1,1,High-Impact Reserves,One for All,1,High-Impact Reserves+One for All,2126178511
1923,Coronach-22,fallback,Auto Rifle,Solar,0,0,0,1,Feeding Frenzy,Under-Over,1,Feeding Frenzy+Under-Over,355382946
1924,Controlling Vision,fallback,Sidearm,Kinetic,0,0,0,1,Slideways,Under Pressure,1,Slideways+Under Pressure,423343404
1925,Commemoration,fallback,Machine Gun,Void,0,0,1,0,Zen Moment,Firing Line,1,Firing Line+Zen Moment,4230965989
1926,Come to Pass,fallback,Auto Rifle,Arc,0,0,1,0,Triple Tap,Jolting Feedback,1,Jolting Feedback+Triple Tap,927567426
1927,Combined Action,fallback,Hand Cannon,Arc,0,0,0,1,Tunnel Vision,Air Assault,1,Air Assault+Tunnel Vision,1331824604
1928,Code Duello,fallback,Rocket Launcher,Solar,0,0,0,1,Surplus,Ambitious Assassin,1,Ambitious Assassin+Surplus,2496242052
1929,Chronophage,fallback,Trace Rifle,Void,0,0,1,1,Feeding Frenzy,Fragile Focus,1,Feeding Frenzy+Fragile Focus,1886840007
1930,Chattering Bone,fallback,Pulse Rifle,Kinetic,0,0,1,0,Stopping Power,Lone Wolf,1,Lone Wolf+Stopping Power,501329015
1931,Cantata-57,fallback,Hand Cannon,Arc,0,0,0,1,Heating Up,Timed Payload,1,Heating Up+Timed Payload,372697604
1932,CALUS Mini-Tool,fallback,Submachine Gun,Solar,0,0,1,0,Air Assault,Tap the Trigger,1,Air Assault+Tap the Trigger,2490988246
1933,Bump in the Night,fallback,Rocket Launcher,Stasis,0,0,1,0,Tracking Module,Chill Clip,1,Chill Clip+Tracking Module,1959650777
1934,Brya's Love,fallback,Scout Rifle,Void,0,0,1,0,Loose Change,Explosive Payload,1,Explosive Payload+Loose Change,2779821308
1935,Boondoggle Mk. 55,fallback,Submachine Gun,Kinetic,0,0,0,1,Closing Time,Tap the Trigger,1,Closing Time+Tap the Trigger,32287609
1936,Blood Feud,fallback,Submachine Gun,Stasis,0,0,1,0,Grave Robber,Well-Rounded,1,Grave Robber+Well-Rounded,1509167284
1937,Bitter/Sweet,fallback,Grenade Launcher,Arc,0,0,0,1,Reverberation,Harmony,1,Harmony+Reverberation,2599338625
1938,Berenger's Memory,fallback,Grenade Launcher,Void,0,0,0,1,Pulse Monitor,Shield Disorient,1,Pulse Monitor+Shield Disorient,407621213
1939,Bequest,fallback,Sword,Arc,0,0,1,0,Unrelenting,Flash Counter,1,Flash Counter+Unrelenting,3366545721
1940,Beloved,fallback,Sniper Rifle,Solar,0,0,1,0,Fourth Time's the Charm,Quickdraw,1,Fourth Time's the Charm+Quickdraw,3107853529
1941,Battle Scar,fallback,Pulse Rifle,Kinetic,0,0,0,1,Shot Swap,High-Impact Reserves,1,High-Impact Reserves+Shot Swap,2099894368
1942,Austringer,fallback,Hand Cannon,Kinetic,0,0,1,0,Compulsive Reloader,Zen Moment,1,Compulsive Reloader+Zen Moment,3055790362
1943,Arsenic Bite-4b,fallback,Combat Bow,Arc,0,0,0,1,Sneak Bow,Archer's Tempo,1,Archer's Tempo+Sneak Bow,720351795
1944,Appetence,fallback,Trace Rifle,Stasis,0,0,1,0,Clown Cartridge,Killing Tally,1,Clown Cartridge+Killing Tally,4153087276
1945,Apex Predator,fallback,Rocket Launcher,Solar,0,0,1,0,Tracking Module,Collective Action,1,Collective Action+Tracking Module,1851777734
1946,Annual Skate,fallback,Hand Cannon,Solar,0,0,0,1,Surplus,Timed Payload,1,Surplus+Timed Payload,6857689
1947,Ancient Gospel,fallback,Hand Cannon,Void,0,0,1,0,Rampage,Swashbuckler,1,Rampage+Swashbuckler,963574173
1948,Age-Old Bond,fallback,Auto Rifle,Void,0,0,1,0,Tap the Trigger,Focused Fury,1,Focused Fury+Tap the Trigger,424291879
1949,Adverse Possession IX,fallback,Scout Rifle,Arc,0,0,0,1,Threat Detector,Heating Up,1,Heating Up+Threat Detector,1890332078
1950,Adhortative,fallback,Pulse Rifle,Solar,0,0,1,0,Heal Clip,Deconstruct,1,Deconstruct+Heal Clip,2993554824
1951,Accrued Redemption,fallback,Combat Bow,Kinetic,0,0,1,0,Wellspring,Kinetic Tremors,1,Kinetic Tremors+Wellspring,3621336854
1952,Until Its Return,fallback,Shotgun,Strand,0,0,1,0,Offhand Strike,Trench Barrel,1,Offhand Strike+Trench Barrel,2883484461
1953,Thoughtless,fallback,Sniper Rifle,Stasis,0,0,1,0,Firmly Planted,Adagio,1,Adagio+Firmly Planted,4067556514
1954,The Number,fallback,Auto Rifle,Arc,0,0,0,1,Pulse Monitor,Sympathetic Arsenal,1,Pulse Monitor+Sympathetic Arsenal,2492081469
1955,Sweet Sorrow,fallback,Auto Rifle,Arc,0,0,1,0,Pulse Monitor,Empty Traits Socket,1,Empty Traits Socket+Pulse Monitor,1248372789
1956,Staccato-46,fallback,Scout Rifle,Solar,0,0,0,1,Compulsive Reloader,Incandescent,1,Compulsive Reloader+Incandescent,4019668921
1957,Senuna SI6,fallback,Sidearm,Stasis,0,0,0,1,Slickdraw,Headseeker,1,Headseeker+Slickdraw,5159537
1958,Retrofit Escapade,fallback,Machine Gun,Void,0,0,1,0,Empty Traits Socket,Rampage,1,Empty Traits Socket+Rampage,3103325054
1959,Razor's Edge,fallback,Sword,Void,0,0,0,1,Tireless Blade,Thresh,1,Thresh+Tireless Blade,1796949035
1960,Piece of Mind,fallback,Pulse Rifle,Kinetic,0,0,1,0,Overflow,Elemental Capacitor,1,Elemental Capacitor+Overflow,2097055732
1961,Perses-D,fallback,Scout Rifle,Stasis,0,0,0,1,Perpetual Motion,Explosive Payload,1,Explosive Payload+Perpetual Motion,1019000888
1962,Perpetualis,fallback,Auto Rifle,Strand,0,0,1,0,Hip-Fire Grip,Cascade Point,1,Cascade Point+Hip-Fire Grip,392008588
1963,Memory Interdict,fallback,Grenade Launcher,Void,0,0,0,1,Clown Cartridge,Danger Zone,1,Clown Cartridge+Danger Zone,3165547384
1964,Lost Signal,fallback,Grenade Launcher,Stasis,0,0,1,1,Strategist,Unrelenting,1,Strategist+Unrelenting,1197771438
1965,Just in Case,fallback,Sword,Solar,0,0,0,1,Relentless Strikes,Thresh,1,Relentless Strikes+Thresh,1139727256
1966,Irukandji,fallback,Sniper Rifle,Stasis,0,0,0,1,Fourth Time's the Charm,Firing Line,1,Firing Line+Fourth Time's the Charm,2673925403
1967,IKELOS_HC_v1.0.3,fallback,Hand Cannon,Void,0,0,1,0,Rapid Hit,Repulsor Brace,1,Rapid Hit+Repulsor Brace,1731355324
1968,Fioritura-59,fallback,Sidearm,Void,0,0,0,1,Tunnel Vision,Offhand Strike,1,Offhand Strike+Tunnel Vision,2566006935
1969,False Promises,fallback,Auto Rifle,Stasis,0,0,0,1,Loose Change,Rampage,1,Loose Change+Rampage,1390080550
1970,Caretaker,fallback,Sword,Solar,0,0,1,0,Relentless Strikes,Incandescent,1,Incandescent+Relentless Strikes,2508948099
1971,Brigand's Law,fallback,Sidearm,Arc,0,0,1,1,Steady Hands,Sympathetic Arsenal,1,Steady Hands+Sympathetic Arsenal,1298815317
1972,Boudica-C,fallback,Sidearm,Kinetic,0,0,0,1,Slickdraw,Multikill Clip,1,Multikill Clip+Slickdraw,1916287826
1973,Zealot's Reward,fallback,Fusion Rifle,Void,0,0,1,0,Subsistence,Dimensional Shift,1,Dimensional Shift+Subsistence,2720651699
1974,Wolftone Draw,fallback,Combat Bow,Arc,0,0,0,1,Sneak Bow,Adagio,1,Adagio+Sneak Bow,3472875143
1975,Without Remorse,fallback,Shotgun,Solar,0,0,1,0,Stats for All,Fragile Focus,1,Fragile Focus+Stats for All,1478986057
1976,Warlord's Spear,fallback,Trace Rifle,Arc,0,0,0,1,Hip-Fire Grip,Fourth Time's the Charm,1,Fourth Time's the Charm+Hip-Fire Grip,1968711238
1977,Veleda-F,fallback,Sniper Rifle,Void,0,0,0,1,Repulsor Brace,Firing Line,1,Firing Line+Repulsor Brace,4200122994
1978,Vantage Point,fallback,Pulse Rifle,Arc,0,0,0,1,Deconstruct,High-Impact Reserves,1,Deconstruct+High-Impact Reserves,3830941962
1979,Under Your Skin,fallback,Combat Bow,Void,0,0,1,0,Hip-Fire Grip,Adaptive Munitions,1,Adaptive Munitions+Hip-Fire Grip,232928045
1980,Tyranny of Heaven,fallback,Combat Bow,Solar,0,0,1,0,Pugilist,Archer's Gambit,1,Archer's Gambit+Pugilist,3388655311
1981,Trustee,fallback,Scout Rifle,Solar,0,0,1,0,Under Pressure,Meganeura,1,Meganeura+Under Pressure,1392919471
1982,Tripwire Canary,fallback,Combat Bow,Arc,0,0,1,0,Dragonfly,Under-Over,1,Dragonfly+Under-Over,3849444474
1983,Transfiguration,fallback,Scout Rifle,Kinetic,0,0,1,0,Rampage,Adrenaline Junkie,1,Adrenaline Junkie+Rampage,3885259140
1984,Throne-Cleaver,fallback,Sword,Solar,0,0,1,0,Flash Counter,Pugilist,1,Flash Counter+Pugilist,3371413059
1985,The Vision,fallback,Sidearm,Arc,0,0,0,1,Full Auto Trigger System,Disruption Break,1,Disruption Break+Full Auto Trigger System,2414141462
1986,The Supremacy,fallback,Sniper Rifle,Kinetic,0,0,1,0,Lucky Shot,Fourth Time's the Charm,1,Fourth Time's the Charm+Lucky Shot,2884596447
1987,The Showrunner,fallback,Submachine Gun,Kinetic,0,0,0,1,Overflow,Fragile Focus,1,Fragile Focus+Overflow,1999754402
1988,The Guiding Sight,fallback,Scout Rifle,Strand,0,0,0,1,Gutshot Straight,Encore,1,Encore+Gutshot Straight,1161561386
1989,The Eremite,fallback,Fusion Rifle,Solar,0,0,1,1,Pulse Monitor,Cornered,1,Cornered+Pulse Monitor,3347946548
1990,The Epicurean,fallback,Fusion Rifle,Void,0,0,1,0,Quickdraw,Repulsor Brace,1,Quickdraw+Repulsor Brace,2263839058
1991,The Enigma,fallback,Glaive,Void,0,0,1,0,Tilting at Windmills,Proximity Power,1,Proximity Power+Tilting at Windmills,2595497736
1992,The Domino,fallback,Sniper Rifle,Solar,0,0,0,1,Shot Swap,Mulligan,1,Mulligan+Shot Swap,2800870005
1993,Techeun Force,fallback,Fusion Rifle,Arc,0,0,1,0,Rewind Rounds,Rangefinder,1,Rangefinder+Rewind Rounds,3591141932
1994,Tears of Contrition,fallback,Scout Rifle,Kinetic,0,0,1,0,Perpetual Motion,Mulligan,1,Mulligan+Perpetual Motion,1366394399
1995,Tarnation,fallback,Grenade Launcher,Arc,0,0,1,0,Clown Cartridge,Turnabout,1,Clown Cartridge+Turnabout,2721157927
1996,Targeted Redaction,fallback,Hand Cannon,Void,0,0,1,1,Shot Swap,Explosive Payload,1,Explosive Payload+Shot Swap,3890055324
1997,Tarantula,fallback,Linear Fusion Rifle,Arc,0,0,0,1,Feeding Frenzy,Box Breathing,1,Box Breathing+Feeding Frenzy,3335343363
1998,Swarm of the Raven,fallback,Grenade Launcher,Void,0,0,0,1,Pulse Monitor,Genesis,1,Genesis+Pulse Monitor,433905699
1999,Suspectum-4fr,fallback,Linear Fusion Rifle,Stasis,0,0,0,1,Headstone,Box Breathing,1,Box Breathing+Headstone,3615421669
2000,Supercluster,fallback,Shotgun,Strand,0,0,1,0,Slice,Fragile Focus,1,Fragile Focus+Slice,92459755
2001,Succession,fallback,Sniper Rifle,Kinetic,0,0,1,0,Stopping Power,Recombination,1,Recombination+Stopping Power,2990047042
2002,Subjunctive,fallback,Submachine Gun,Arc,0,0,1,0,Shoot to Loot,Permeability,1,Permeability+Shoot to Loot,1447836603
2003,Speleologist,fallback,Machine Gun,Solar,0,0,1,0,Heal Clip,Killing Tally,1,Heal Clip+Killing Tally,412251536
2004,Sovereignty,fallback,Sniper Rifle,Void,0,0,0,1,Explosive Payload,Adrenaline Junkie,1,Adrenaline Junkie+Explosive Payload,3818198556
2005,Sojourner's Tale,fallback,Shotgun,Solar,0,0,0,1,Discord,Air Trigger,1,Air Trigger+Discord,2130875369
2006,Shattered Cipher,fallback,Machine Gun,Void,0,0,0,1,Field Prep,Zen Moment,1,Field Prep+Zen Moment,2434225986
2007,Scatter Signal,fallback,Fusion Rifle,Strand,0,0,1,0,Surplus,Attrition Orbs,1,Attrition Orbs+Surplus,2558925366
2008,Scalar Potential,fallback,Pulse Rifle,Arc,0,0,1,0,Overflow,Headseeker,1,Headseeker+Overflow,2563668388
2009,Sailspy Pitchglass,fallback,Linear Fusion Rifle,Arc,0,0,1,1,Ensemble,Voltshot,1,Ensemble+Voltshot,1184309824
2010,Sacred Provenance,fallback,Pulse Rifle,Kinetic,0,0,1,0,Steady Hands,Kinetic Tremors,1,Kinetic Tremors+Steady Hands,2241507890
2011,Royal Executioner,fallback,Fusion Rifle,Solar,0,0,1,0,Envious Assassin,Killing Wind,1,Envious Assassin+Killing Wind,1720503118
2012,Royal Chase,fallback,Scout Rifle,Void,0,0,0,1,Full Auto Trigger System,Quickdraw,1,Full Auto Trigger System+Quickdraw,2776503072
2013,Ros Arago IV,fallback,Auto Rifle,Void,0,0,0,1,Repulsor Brace,Onslaught,1,Onslaught+Repulsor Brace,3583275737
2014,Regnant,fallback,Grenade Launcher,Void,0,0,1,0,Rangefinder,Explosive Light,1,Explosive Light+Rangefinder,268260372
2015,Red Herring,fallback,Rocket Launcher,Void,0,0,1,0,Quickdraw,Golden Tricorn Enhanced,1,Golden Tricorn Enhanced+Quickdraw,3175851496
2016,Recurrent Impact,fallback,Machine Gun,Stasis,0,0,1,0,Field Prep,Headstone,1,Field Prep+Headstone,1572896086
2017,Reckless Oracle,fallback,Auto Rifle,Void,0,0,1,0,Tap the Trigger,Demoralize,1,Demoralize+Tap the Trigger,1992309064
2018,Raconteur,fallback,Combat Bow,Stasis,0,0,1,0,Archer's Tempo,Headstone,1,Archer's Tempo+Headstone,45643573
2019,Qua Furor V,fallback,Machine Gun,Stasis,0,0,0,1,Recycled Energy,Golden Tricorn,1,Golden Tricorn+Recycled Energy,751880654
2020,Psi Hermetic V,fallback,Pulse Rifle,Stasis,0,0,0,1,Enlightened Action,Perpetual Motion,1,Enlightened Action+Perpetual Motion,358788212
2021,Prophet of Doom,fallback,Shotgun,Arc,0,0,1,0,Supercharged Magazine,Barrel Constrictor,1,Barrel Constrictor+Supercharged Magazine,2145441168
2022,Prodigal Return,fallback,Grenade Launcher,Arc,0,0,1,0,Thresh,Danger Zone,1,Danger Zone+Thresh,268260373
2023,Pro Memoria,fallback,Machine Gun,Strand,0,0,1,0,Tear,Tap the Trigger,1,Tap the Trigger+Tear,3605603507
2024,Posterity,fallback,Hand Cannon,Arc,0,0,1,0,Voltshot,Redirection,1,Redirection+Voltshot,3281285075
2025,Pleiades Corrector,fallback,Scout Rifle,Solar,0,0,0,1,Outlaw,Shield Disorient,1,Outlaw+Shield Disorient,3556999246
2026,Planck's Stride,fallback,Machine Gun,Arc,0,0,1,1,Mulligan,Tap the Trigger,1,Mulligan+Tap the Trigger,820890091
2027,Pizzicato-22,fallback,Submachine Gun,Kinetic,0,0,0,1,Ensemble,Threat Detector,1,Ensemble+Threat Detector,4100775158
2028,Optative,fallback,Hand Cannon,Void,0,0,1,0,Permeability,Offhand Strike,1,Offhand Strike+Permeability,2817683783
2029,Omniscient Eye,fallback,Sniper Rifle,Solar,0,0,1,0,Mulligan,Precision Instrument,1,Mulligan+Precision Instrument,147444292
2030,Noxious Vetiver,fallback,Submachine Gun,Arc,0,0,0,1,Thresh,Desperate Measures,1,Desperate Measures+Thresh,825495813
2031,Nezarec's Whisper,fallback,Glaive,Arc,0,0,1,0,Tilting at Windmills,Adaptive Munitions,1,Adaptive Munitions+Tilting at Windmills,254636484
2032,Neoptolemus II,fallback,Combat Bow,Kinetic,0,0,0,1,To the Pain,Sneak Bow,1,Sneak Bow+To the Pain,2848549302
2033,Negative Space,fallback,Sword,Solar,0,0,0,1,Energy Transfer,Disruption Break,1,Disruption Break+Energy Transfer,3629968765
2034,Nation of Beasts,fallback,Hand Cannon,Arc,0,0,1,0,Opening Shot,Harmony,1,Harmony+Opening Shot,70083888
2035,Martyr's Retribution,fallback,Grenade Launcher,Solar,0,0,0,1,Genesis,Lead from Gold,1,Genesis+Lead from Gold,3850168899
2036,Marsilion-C,fallback,Grenade Launcher,Solar,0,0,0,1,Snapshot Sights,Danger Zone,1,Danger Zone+Snapshot Sights,867154247
2037,Marcato-45,fallback,Machine Gun,Strand,0,0,0,1,Steady Hands,Onslaught,1,Onslaught+Steady Hands,4233375372
2038,Lodbrok-C,fallback,Auto Rifle,Kinetic,0,0,0,1,Osmosis,Kill Clip,1,Kill Clip+Osmosis,2328531378
2039,Line in the Sand,fallback,Linear Fusion Rifle,Arc,0,0,0,1,Rapid Hit,Clown Cartridge,1,Clown Cartridge+Rapid Hit,946443267
2040,Likely Suspect,fallback,Fusion Rifle,Void,0,0,1,0,Firmly Planted,Destabilizing Rounds,1,Destabilizing Rounds+Firmly Planted,1994645182
2041,Lethophobia,fallback,Combat Bow,Void,0,0,1,0,Successful Warm-Up,Deconstruct,1,Deconstruct+Successful Warm-Up,3710082365
2042,Legato-11,fallback,Shotgun,Solar,0,0,0,1,Deconstruct,Offhand Strike,1,Deconstruct+Offhand Strike,3753063346
2043,Judgment of Kelgorath,fallback,Glaive,Solar,0,0,1,0,Shot Swap,Unstoppable Force,1,Shot Swap+Unstoppable Force,2978226043
2044,Jian 7 Rifle,fallback,Pulse Rifle,Arc,0,0,0,1,Disruption Break,Rampage,1,Disruption Break+Rampage,1162247618
2045,Iota Draconis,fallback,Fusion Rifle,Solar,0,0,0,1,Ensemble,Kickstart,1,Ensemble+Kickstart,3044460004
2046,Imperial Needle,fallback,Combat Bow,Void,0,0,0,1,Impulse Amplifier,Sympathetic Arsenal,1,Impulse Amplifier+Sympathetic Arsenal,3460122497
2047,Imperative,fallback,Scout Rifle,Kinetic,0,0,1,0,Triple Tap,Deconstruct,1,Deconstruct+Triple Tap,2045811635
2048,Ignition Code,fallback,Grenade Launcher,Kinetic,0,0,0,1,Slideshot,Strategist,1,Slideshot+Strategist,2761869150
2049,IKELOS_SR_v1.0.3,fallback,Sniper Rifle,Solar,0,0,1,0,Fourth Time's the Charm,Slickdraw,1,Fourth Time's the Charm+Slickdraw,2302346155
2050,Honor's Edge,fallback,Sword,Arc,0,0,0,1,Energy Transfer,Shattering Blade,1,Energy Transfer+Shattering Blade,2857348871
2051,Hollow Words,fallback,Fusion Rifle,Arc,0,0,0,1,Loose Change,Successful Warm-Up,1,Loose Change+Successful Warm-Up,342027677
2052,Hollow Denial,fallback,Trace Rifle,Void,0,0,1,0,Lead from Gold,Killing Tally,1,Killing Tally+Lead from Gold,2323544076
2053,Heritage,fallback,Shotgun,Kinetic,0,0,1,0,Redirection,Swashbuckler,1,Redirection+Swashbuckler,4248569242
2054,Hand in Hand,fallback,Shotgun,Arc,0,0,0,1,Dual Loader,Pugilist,1,Dual Loader+Pugilist,664109750
2055,Goldtusk,fallback,Sword,Arc,0,0,1,0,Assassin's Blade,Cold Steel,1,Assassin's Blade+Cold Steel,3371413057
2056,Friction Fire,fallback,Submachine Gun,Kinetic,0,0,0,1,Auto-Loading Holster,Sympathetic Arsenal,1,Auto-Loading Holster+Sympathetic Arsenal,1513993763
2057,Forensic Nightmare,fallback,Submachine Gun,Stasis,0,0,1,0,Rimestealer,Sympathetic Arsenal,1,Rimestealer+Sympathetic Arsenal,1526296434
2058,Fixed Odds,fallback,Machine Gun,Solar,0,0,1,0,Quickdraw,Focused Fury,1,Focused Fury+Quickdraw,2194955522
2059,Firefright,fallback,Auto Rifle,Kinetic,0,0,1,0,Fragile Focus,Adagio,1,Adagio+Fragile Focus,2778013407
2060,Fire and Forget,fallback,Linear Fusion Rifle,Stasis,0,0,1,0,Outlaw,Chill Clip,1,Chill Clip+Outlaw,2272041093
2061,Fel Taradiddle,fallback,Combat Bow,Kinetic,0,0,1,0,To the Pain,Cornered,1,Cornered+To the Pain,1399109800
2062,Father's Sins,fallback,Sniper Rifle,Void,0,0,1,0,Lone Wolf,Turnabout,1,Lone Wolf+Turnabout,3865728990
2063,Farewell,fallback,Sidearm,Kinetic,0,0,0,1,Full Auto Trigger System,Adrenaline Junkie,1,Adrenaline Junkie+Full Auto Trigger System,541188001
2064,Faith-Keeper,fallback,Rocket Launcher,Void,0,0,1,1,Repulsor Brace,Lasting Impression,1,Lasting Impression+Repulsor Brace,4195186942
2065,Exuviae,fallback,Hand Cannon,Stasis,0,0,0,1,Encore,Redirection,1,Encore+Redirection,2823644677
2066,Enyo-D,fallback,Submachine Gun,Kinetic,0,0,0,1,Fragile Focus,Sympathetic Arsenal,1,Fragile Focus+Sympathetic Arsenal,1601177201
2067,Empirical Evidence,fallback,Sidearm,Kinetic,0,0,1,0,Lone Wolf,Thresh,1,Lone Wolf+Thresh,2607304614
2068,Doomed Petitioner,fallback,Linear Fusion Rifle,Void,0,0,1,0,Permeability,Loose Change,1,Loose Change+Permeability,1501688142
2069,Distant Tumulus,fallback,Sniper Rifle,Solar,0,0,0,1,Lead from Gold,Outlaw,1,Lead from Gold+Outlaw,2807687156
2070,Disparity,fallback,Pulse Rifle,Stasis,0,0,1,0,Eye of the Storm,Desperado,1,Desperado+Eye of the Storm,1751893422
2071,Dire Promise,fallback,Hand Cannon,Kinetic,0,0,0,1,Overflow,Rangefinder,1,Overflow+Rangefinder,2742838701
2072,Death's Razor,fallback,Sword,Void,0,0,1,0,Counterattack,Surrounded,1,Counterattack+Surrounded,3371413056
2073,Deadpan Delivery,fallback,Shotgun,Arc,0,0,0,1,Elemental Capacitor,Trench Barrel,1,Elemental Capacitor+Trench Barrel,1296429091
2074,Dark Decider,fallback,Auto Rifle,Arc,0,0,0,1,Iron Grip,Gutshot Straight,1,Gutshot Straight+Iron Grip,540880995
2075,Crux Termination IV,fallback,Rocket Launcher,Arc,0,0,0,1,Reconstruction,Tracking Module,1,Reconstruction+Tracking Module,1719687748
2076,Cruoris FR4,fallback,Fusion Rifle,Arc,0,0,0,1,Recycled Energy,Rolling Storm,1,Recycled Energy+Rolling Storm,891996636
2077,Corrasion,fallback,Pulse Rifle,Arc,0,0,1,1,High-Impact Reserves,High Ground,1,High Ground+High-Impact Reserves,2126178511
2078,Coronach-22,fallback,Auto Rifle,Solar,0,0,0,1,Envious Assassin,Under-Over,1,Envious Assassin+Under-Over,355382946
2079,Controlling Vision,fallback,Sidearm,Kinetic,0,0,0,1,Slickdraw,Under Pressure,1,Slickdraw+Under Pressure,423343404
2080,Commemoration,fallback,Machine Gun,Void,0,0,1,0,Well-Rounded,Under Pressure,1,Under Pressure+Well-Rounded,4230965989
2081,Come to Pass,fallback,Auto Rifle,Arc,0,0,1,0,Trickle Charge,Wellspring,1,Trickle Charge+Wellspring,927567426
2082,Combined Action,fallback,Hand Cannon,Arc,0,0,0,1,Perfect Float,Timed Payload,1,Perfect Float+Timed Payload,1331824604
2083,Chronophage,fallback,Trace Rifle,Void,0,0,1,1,Elemental Capacitor,One for All,1,Elemental Capacitor+One for All,1886840007
2084,Chattering Bone,fallback,Pulse Rifle,Kinetic,0,0,1,0,Stopping Power,High-Impact Reserves,1,High-Impact Reserves+Stopping Power,501329015
2085,Cantata-57,fallback,Hand Cannon,Arc,0,0,0,1,Eye of the Storm,Timed Payload,1,Eye of the Storm+Timed Payload,372697604
2086,CALUS Mini-Tool,fallback,Submachine Gun,Solar,0,0,1,0,Air Assault,Feeding Frenzy,1,Air Assault+Feeding Frenzy,2490988246
2087,Blood Feud,fallback,Submachine Gun,Stasis,0,0,1,0,Ensemble,Well-Rounded,1,Ensemble+Well-Rounded,1509167284
2088,Bitter/Sweet,fallback,Grenade Launcher,Arc,0,0,0,1,Perpetual Motion,Killing Tally,1,Killing Tally+Perpetual Motion,2599338625
2089,Berenger's Memory,fallback,Grenade Launcher,Void,0,0,0,1,Clown Cartridge,Shield Disorient,1,Clown Cartridge+Shield Disorient,407621213
2090,Bequest,fallback,Sword,Arc,0,0,1,0,Thresh,Elemental Honing,1,Elemental Honing+Thresh,3366545721
2091,Battle Scar,fallback,Pulse Rifle,Kinetic,0,0,0,1,Perfect Float,Osmosis,1,Osmosis+Perfect Float,2099894368
2092,Austringer,fallback,Hand Cannon,Kinetic,0,0,1,0,Air Assault,Demolitionist,1,Air Assault+Demolitionist,3055790362
2093,Arsenic Bite-4b,fallback,Combat Bow,Arc,0,0,0,1,Snapshot Sights,Sneak Bow,1,Snapshot Sights+Sneak Bow,720351795
2094,Apex Predator,fallback,Rocket Launcher,Solar,0,0,1,0,Threat Detector,Reaper's Tithe,1,Reaper's Tithe+Threat Detector,1851777734
2095,Annual Skate,fallback,Hand Cannon,Solar,0,0,0,1,Slideshot,Timed Payload,1,Slideshot+Timed Payload,6857689
2096,Ancient Gospel,fallback,Hand Cannon,Void,0,0,1,0,Rampage,Precision Instrument,1,Precision Instrument+Rampage,963574173
2097,Age-Old Bond,fallback,Auto Rifle,Void,0,0,1,0,Meganeura,Target Lock,1,Meganeura+Target Lock,424291879
2098,Adverse Possession IX,fallback,Scout Rifle,Arc,0,0,0,1,Overflow,Sympathetic Arsenal,1,Overflow+Sympathetic Arsenal,1890332078
2099,Adhortative,fallback,Pulse Rifle,Solar,0,0,1,0,Attrition Orbs,Disruption Break,1,Attrition Orbs+Disruption Break,2993554824
2100,Accrued Redemption,fallback,Combat Bow,Kinetic,0,0,1,0,Tunnel Vision,Rapid Hit,1,Rapid Hit+Tunnel Vision,3621336854
2101,Whispering Slab,fallback,Combat Bow,Kinetic,0,0,0,1,Archer's Tempo,Gutshot Straight,1,Archer's Tempo+Gutshot Straight,690341468
2102,Until Its Return,fallback,Shotgun,Strand,0,0,1,0,Empty Traits Socket,Trench Barrel,1,Empty Traits Socket+Trench Barrel,2883484461
2103,Thoughtless,fallback,Sniper Rifle,Stasis,0,0,1,0,Compulsive Reloader,Quickdraw,1,Compulsive Reloader+Quickdraw,4067556514
2104,The Number,fallback,Auto Rifle,Arc,0,0,0,1,Field Prep,Sympathetic Arsenal,1,Field Prep+Sympathetic Arsenal,2492081469
2105,Staccato-46,fallback,Scout Rifle,Solar,0,0,0,1,Compulsive Reloader,Explosive Payload,1,Compulsive Reloader+Explosive Payload,4019668921
2106,Snorri FR5,fallback,Fusion Rifle,Void,0,0,0,1,Firmly Planted,Successful Warm-Up,1,Firmly Planted+Successful Warm-Up,4114929480
2107,Senuna SI6,fallback,Sidearm,Stasis,0,0,0,1,Slickdraw,Gutshot Straight,1,Gutshot Straight+Slickdraw,5159537
2108,Razor's Edge,fallback,Sword,Void,0,0,0,1,Energy Transfer,Thresh,1,Energy Transfer+Thresh,1796949035
2109,Lost Signal,fallback,Grenade Launcher,Stasis,0,0,1,1,Lead from Gold,Reverberation,1,Lead from Gold+Reverberation,1197771438
2110,Just in Case,fallback,Sword,Solar,0,0,0,1,Flash Counter,Incandescent,1,Flash Counter+Incandescent,1139727256
2111,IKELOS_SG_v1.0.3,fallback,Shotgun,Solar,0,0,1,0,Turnabout,Cascade Point,1,Cascade Point+Turnabout,1168625549
2112,IKELOS_HC_v1.0.3,fallback,Hand Cannon,Void,0,0,1,0,Offhand Strike,Repulsor Brace,1,Offhand Strike+Repulsor Brace,1731355324
2113,Harsh Language,fallback,Grenade Launcher,Void,0,0,0,1,Wellspring,Repulsor Brace,1,Repulsor Brace+Wellspring,1606497639
2114,Fioritura-59,fallback,Sidearm,Void,0,0,0,1,Threat Detector,Repulsor Brace,1,Repulsor Brace+Threat Detector,2566006935
2115,Deafening Whisper,fallback,Grenade Launcher,Void,0,0,0,1,Surplus,Threat Detector,1,Surplus+Threat Detector,981718087
2116,Caretaker,fallback,Sword,Solar,0,0,1,0,Energy Transfer,Incandescent,1,Energy Transfer+Incandescent,2508948099
2117,Bump in the Night,fallback,Rocket Launcher,Stasis,0,0,1,0,Tracking Module,Turnabout,1,Tracking Module+Turnabout,1959650777
2118,Brya's Love,fallback,Scout Rifle,Void,0,0,1,0,Rapid Hit,Pugilist,1,Pugilist+Rapid Hit,2779821308
2119,Brigand's Law,fallback,Sidearm,Arc,0,0,1,1,Pugilist,Sympathetic Arsenal,1,Pugilist+Sympathetic Arsenal,1298815317
2120,Beloved,fallback,Sniper Rifle,Solar,0,0,1,0,No Distractions,Empty Traits Socket,1,Empty Traits Socket+No Distractions,3107853529
2121,Appetence,fallback,Trace Rifle,Stasis,0,0,1,0,Slideways,Killing Tally,1,Killing Tally+Slideways,4153087276
2122,Zealot's Reward,fallback,Fusion Rifle,Void,0,0,1,0,Repulsor Brace,Reservoir Burst,1,Repulsor Brace+Reservoir Burst,2720651699
2123,Wolftone Draw,fallback,Combat Bow,Arc,0,0,0,1,Archer's Tempo,Demolitionist,1,Archer's Tempo+Demolitionist,3472875143
2124,Without Remorse,fallback,Shotgun,Solar,0,0,1,0,Field Prep,Fragile Focus,1,Field Prep+Fragile Focus,1478986057
2125,Warlord's Spear,fallback,Trace Rifle,Arc,0,0,0,1,Dynamic Sway Reduction,Fourth Time's the Charm,1,Dynamic Sway Reduction+Fourth Time's the Charm,1968711238
2126,Veleda-F,fallback,Sniper Rifle,Void,0,0,0,1,Lone Wolf,Firing Line,1,Firing Line+Lone Wolf,4200122994
2127,Vantage Point,fallback,Pulse Rifle,Arc,0,0,0,1,Deconstruct,Headseeker,1,Deconstruct+Headseeker,3830941962
2128,Under Your Skin,fallback,Combat Bow,Void,0,0,1,0,Firmly Planted,Explosive Head,1,Explosive Head+Firmly Planted,232928045
2129,Tyranny of Heaven,fallback,Combat Bow,Solar,0,0,1,0,Moving Target,Archer's Gambit,1,Archer's Gambit+Moving Target,3388655311
2130,Trustee,fallback,Scout Rifle,Solar,0,0,1,0,Under Pressure,Burning Ambition,1,Burning Ambition+Under Pressure,1392919471
2131,Tripwire Canary,fallback,Combat Bow,Arc,0,0,1,0,Archer's Tempo,Under-Over,1,Archer's Tempo+Under-Over,3849444474
2132,Transfiguration,fallback,Scout Rifle,Kinetic,0,0,1,0,Perfect Float,Ancillary Ordinance,1,Ancillary Ordinance+Perfect Float,3885259140
2133,Throne-Cleaver,fallback,Sword,Solar,0,0,1,0,Energy Transfer,Pugilist,1,Energy Transfer+Pugilist,3371413059
2134,The Vision,fallback,Sidearm,Arc,0,0,0,1,Ambitious Assassin,Sympathetic Arsenal,1,Ambitious Assassin+Sympathetic Arsenal,2414141462
2135,The Supremacy,fallback,Sniper Rifle,Kinetic,0,0,1,0,Lucky Shot,Focused Fury,1,Focused Fury+Lucky Shot,2884596447
2136,The Showrunner,fallback,Submachine Gun,Kinetic,0,0,0,1,Overflow,Air Assault,1,Air Assault+Overflow,1999754402
2137,The Eremite,fallback,Fusion Rifle,Solar,0,0,1,1,Pulse Monitor,Controlled Burst,1,Controlled Burst+Pulse Monitor,3347946548
2138,The Epicurean,fallback,Fusion Rifle,Void,0,0,1,0,Ensemble,Backup Plan,1,Backup Plan+Ensemble,2263839058
2139,The Enigma,fallback,Glaive,Void,0,0,1,0,Tilting at Windmills,Kill Clip,1,Kill Clip+Tilting at Windmills,2595497736
2140,The Domino,fallback,Sniper Rifle,Solar,0,0,0,1,Shoot to Loot,Mulligan,1,Mulligan+Shoot to Loot,2800870005
2141,Techeun Force,fallback,Fusion Rifle,Arc,0,0,1,0,Rewind Rounds,Kickstart,1,Kickstart+Rewind Rounds,3591141932
2142,Tears of Contrition,fallback,Scout Rifle,Kinetic,0,0,1,0,No Distractions,Mulligan,1,Mulligan+No Distractions,1366394399
2143,Tarnation,fallback,Grenade Launcher,Arc,0,0,1,0,Attrition Orbs,Turnabout,1,Attrition Orbs+Turnabout,2721157927
2144,Targeted Redaction,fallback,Hand Cannon,Void,0,0,1,1,Perfect Float,Keep Away,1,Keep Away+Perfect Float,3890055324
2145,Swarm of the Raven,fallback,Grenade Launcher,Void,0,0,0,1,Pulse Monitor,Full Court,1,Full Court+Pulse Monitor,433905699
2146,Suspectum-4fr,fallback,Linear Fusion Rifle,Stasis,0,0,0,1,Envious Assassin,Chill Clip,1,Chill Clip+Envious Assassin,3615421669
2147,Supercluster,fallback,Shotgun,Strand,0,0,1,0,Reconstruction,Fragile Focus,1,Fragile Focus+Reconstruction,92459755
2148,Succession,fallback,Sniper Rifle,Kinetic,0,0,1,0,Stopping Power,Osmosis,1,Osmosis+Stopping Power,2990047042
2149,Subjunctive,fallback,Submachine Gun,Arc,0,0,1,0,Hip-Fire Grip,Permeability,1,Hip-Fire Grip+Permeability,1447836603
2150,Speleologist,fallback,Machine Gun,Solar,0,0,1,0,Firmly Planted,Target Lock,1,Firmly Planted+Target Lock,412251536
2151,Sojourner's Tale,fallback,Shotgun,Solar,0,0,0,1,Auto-Loading Holster,Precision Instrument,1,Auto-Loading Holster+Precision Instrument,2130875369
2152,Scatter Signal,fallback,Fusion Rifle,Strand,0,0,1,0,Slice,Kickstart,1,Kickstart+Slice,2558925366
2153,Scalar Potential,fallback,Pulse Rifle,Arc,0,0,1,0,Loose Change,Focused Fury,1,Focused Fury+Loose Change,2563668388
2154,Sailspy Pitchglass,fallback,Linear Fusion Rifle,Arc,0,0,1,1,Ensemble,Heating Up,1,Ensemble+Heating Up,1184309824
2155,Sacred Provenance,fallback,Pulse Rifle,Kinetic,0,0,1,0,Steady Hands,Firefly,1,Firefly+Steady Hands,2241507890
2156,Ros Arago IV,fallback,Auto Rifle,Void,0,0,0,1,Permeability,Onslaught,1,Onslaught+Permeability,3583275737
2157,Regnant,fallback,Grenade Launcher,Void,0,0,1,0,Rangefinder,Cascade Point,1,Cascade Point+Rangefinder,268260372
2158,Red Herring,fallback,Rocket Launcher,Void,0,0,1,0,Killing Wind,Lasting Impression,1,Killing Wind+Lasting Impression,3175851496
2159,Reckless Oracle,fallback,Auto Rifle,Void,0,0,1,0,Subsistence,Paracausal Affinity,1,Paracausal Affinity+Subsistence,1992309064
2160,Qua Furor V,fallback,Machine Gun,Stasis,0,0,0,1,Recycled Energy,Dragonfly,1,Dragonfly+Recycled Energy,751880654
2161,Prophet of Doom,fallback,Shotgun,Arc,0,0,1,0,Slideways,Gear Shift,1,Gear Shift+Slideways,2145441168
2162,Prodigal Return,fallback,Grenade Launcher,Arc,0,0,1,0,Shot Swap,Demolitionist,1,Demolitionist+Shot Swap,268260373
2163,Pro Memoria,fallback,Machine Gun,Strand,0,0,1,0,Tear,Mega Kill Clip,1,Mega Kill Clip+Tear,3605603507
2164,Posterity,fallback,Hand Cannon,Arc,0,0,1,0,Voltshot,Gutshot Straight,1,Gutshot Straight+Voltshot,3281285075
2165,Pleiades Corrector,fallback,Scout Rifle,Solar,0,0,0,1,Fourth Time's the Charm,Sympathetic Arsenal,1,Fourth Time's the Charm+Sympathetic Arsenal,3556999246
2166,Planck's Stride,fallback,Machine Gun,Arc,0,0,1,1,Mulligan,One for All,1,Mulligan+One for All,820890091
2167,Optative,fallback,Hand Cannon,Void,0,0,1,0,Permeability,Kill Clip,1,Kill Clip+Permeability,2817683783
2168,Omniscient Eye,fallback,Sniper Rifle,Solar,0,0,1,0,Mulligan,Incandescent,1,Incandescent+Mulligan,147444292
2169,Noxious Vetiver,fallback,Submachine Gun,Arc,0,0,0,1,Heating Up,Redirection,1,Heating Up+Redirection,825495813
2170,Nezarec's Whisper,fallback,Glaive,Arc,0,0,1,0,Lead from Gold,Adaptive Munitions,1,Adaptive Munitions+Lead from Gold,254636484
2171,Neoptolemus II,fallback,Combat Bow,Kinetic,0,0,0,1,Strategist,Tunnel Vision,1,Strategist+Tunnel Vision,2848549302
2172,Nation of Beasts,fallback,Hand Cannon,Arc,0,0,1,0,Hip-Fire Grip,Collective Action,1,Collective Action+Hip-Fire Grip,70083888
2173,Marsilion-C,fallback,Grenade Launcher,Solar,0,0,0,1,Shot Swap,Full Court,1,Full Court+Shot Swap,867154247
2174,Marcato-45,fallback,Machine Gun,Strand,0,0,0,1,Attrition Orbs,Hatchling,1,Attrition Orbs+Hatchling,4233375372
2175,Lodbrok-C,fallback,Auto Rifle,Kinetic,0,0,0,1,Osmosis,Cascade Point,1,Cascade Point+Osmosis,2328531378
2176,Line in the Sand,fallback,Linear Fusion Rifle,Arc,0,0,0,1,Rapid Hit,Backup Plan,1,Backup Plan+Rapid Hit,946443267
2177,Likely Suspect,fallback,Fusion Rifle,Void,0,0,1,0,Firmly Planted,Collective Action,1,Collective Action+Firmly Planted,1994645182
2178,Lethophobia,fallback,Combat Bow,Void,0,0,1,0,Steady Hands,Explosive Head,1,Explosive Head+Steady Hands,3710082365
2179,Legato-11,fallback,Shotgun,Solar,0,0,0,1,Deconstruct,Cascade Point,1,Cascade Point+Deconstruct,3753063346
2180,Judgment of Kelgorath,fallback,Glaive,Solar,0,0,1,0,Shot Swap,Close to Melee,1,Close to Melee+Shot Swap,2978226043
2181,Imperial Needle,fallback,Combat Bow,Void,0,0,0,1,Impulse Amplifier,Opening Shot,1,Impulse Amplifier+Opening Shot,3460122497
2182,Imperative,fallback,Scout Rifle,Kinetic,0,0,1,0,Triple Tap,Attrition Orbs,1,Attrition Orbs+Triple Tap,2045811635
2183,Ignition Code,fallback,Grenade Launcher,Kinetic,0,0,0,1,Slideshot,Reverberation,1,Reverberation+Slideshot,2761869150
2184,Honor's Edge,fallback,Sword,Arc,0,0,0,1,En Garde,En Garde,1,En Garde,2857348871
2185,Hollow Denial,fallback,Trace Rifle,Void,0,0,1,0,Lead from Gold,Dragonfly,1,Dragonfly+Lead from Gold,2323544076
2186,Heritage,fallback,Shotgun,Kinetic,0,0,1,0,Redirection,Recombination,1,Recombination+Redirection,4248569242
2187,Goldtusk,fallback,Sword,Arc,0,0,1,0,Assassin's Blade,Adrenaline Junkie,1,Adrenaline Junkie+Assassin's Blade,3371413057
2188,Friction Fire,fallback,Submachine Gun,Kinetic,0,0,0,1,Auto-Loading Holster,Slideways,1,Auto-Loading Holster+Slideways,1513993763
2189,Forensic Nightmare,fallback,Submachine Gun,Stasis,0,0,1,0,Heating Up,Sympathetic Arsenal,1,Heating Up+Sympathetic Arsenal,1526296434
2190,Fixed Odds,fallback,Machine Gun,Solar,0,0,1,0,No Distractions,Rangefinder,1,No Distractions+Rangefinder,2194955522
2191,Firefright,fallback,Auto Rifle,Kinetic,0,0,1,0,Fourth Time's the Charm,Mulligan,1,Fourth Time's the Charm+Mulligan,2778013407
2192,Fire and Forget,fallback,Linear Fusion Rifle,Stasis,0,0,1,0,Headstone,Vorpal Weapon,1,Headstone+Vorpal Weapon,2272041093
2193,Fel Taradiddle,fallback,Combat Bow,Kinetic,0,0,1,0,To the Pain,Adhesive Ordnance,1,Adhesive Ordnance+To the Pain,1399109800
2194,Father's Sins,fallback,Sniper Rifle,Void,0,0,1,0,Light Touch,Turnabout,1,Light Touch+Turnabout,3865728990
2195,Faith-Keeper,fallback,Rocket Launcher,Void,0,0,1,1,Repulsor Brace,Bipod,1,Bipod+Repulsor Brace,4195186942
2196,Exuviae,fallback,Hand Cannon,Stasis,0,0,0,1,Encore,Explosive Payload,1,Encore+Explosive Payload,2823644677
2197,Empirical Evidence,fallback,Sidearm,Kinetic,0,0,1,0,Ensemble,Kinetic Tremors,1,Ensemble+Kinetic Tremors,2607304614
2198,Doomed Petitioner,fallback,Linear Fusion Rifle,Void,0,0,1,0,Keep Away,Loose Change,1,Keep Away+Loose Change,1501688142
2199,Distant Tumulus,fallback,Sniper Rifle,Solar,0,0,0,1,Genesis,Outlaw,1,Genesis+Outlaw,2807687156
2200,Dire Promise,fallback,Hand Cannon,Kinetic,0,0,0,1,Auto-Loading Holster,Osmosis,1,Auto-Loading Holster+Osmosis,2742838701
2201,Death's Razor,fallback,Sword,Void,0,0,1,0,Counterattack,Destabilizing Rounds,1,Counterattack+Destabilizing Rounds,3371413056
2202,Deadpan Delivery,fallback,Shotgun,Arc,0,0,0,1,Discord,Killing Wind,1,Discord+Killing Wind,1296429091
2203,Dark Decider,fallback,Auto Rifle,Arc,0,0,0,1,Iron Grip,Dragonfly,1,Dragonfly+Iron Grip,540880995
2204,Crux Termination IV,fallback,Rocket Launcher,Arc,0,0,0,1,Permeability,Tracking Module,1,Permeability+Tracking Module,1719687748
2205,Cruoris FR4,fallback,Fusion Rifle,Arc,0,0,0,1,Recycled Energy,Kickstart,1,Kickstart+Recycled Energy,891996636
2206,Corrasion,fallback,Pulse Rifle,Arc,0,0,1,1,High-Impact Reserves,Frenzy,1,Frenzy+High-Impact Reserves,2126178511
2207,Controlling Vision,fallback,Sidearm,Kinetic,0,0,0,1,Slickdraw,Threat Detector,1,Slickdraw+Threat Detector,423343404
2208,Commemoration,fallback,Machine Gun,Void,0,0,1,0,Well-Rounded,Redirection,1,Redirection+Well-Rounded,4230965989
2209,Come to Pass,fallback,Auto Rifle,Arc,0,0,1,0,Trickle Charge,Turnabout,1,Trickle Charge+Turnabout,927567426
2210,Combined Action,fallback,Hand Cannon,Arc,0,0,0,1,Perfect Float,Air Assault,1,Air Assault+Perfect Float,1331824604
2211,Chronophage,fallback,Trace Rifle,Void,0,0,1,1,Elemental Capacitor,High Ground,1,Elemental Capacitor+High Ground,1886840007
2212,Chattering Bone,fallback,Pulse Rifle,Kinetic,0,0,1,0,Stopping Power,Harmony,1,Harmony+Stopping Power,501329015
2213,Cantata-57,fallback,Hand Cannon,Arc,0,0,0,1,Compulsive Reloader,Timed Payload,1,Compulsive Reloader+Timed Payload,372697604
2214,Blood Feud,fallback,Submachine Gun,Stasis,0,0,1,0,Encore,Well-Rounded,1,Encore+Well-Rounded,1509167284
2215,Bitter/Sweet,fallback,Grenade Launcher,Arc,0,0,0,1,Loose Change,Explosive Light,1,Explosive Light+Loose Change,2599338625
2216,Bequest,fallback,Sword,Arc,0,0,1,0,Killing Wind,Flash Counter,1,Flash Counter+Killing Wind,3366545721
2217,Battle Scar,fallback,Pulse Rifle,Kinetic,0,0,0,1,Keep Away,Multikill Clip,1,Keep Away+Multikill Clip,2099894368
2218,Arsenic Bite-4b,fallback,Combat Bow,Arc,0,0,0,1,Rampage,Explosive Head,1,Explosive Head+Rampage,720351795
2219,Apex Predator,fallback,Rocket Launcher,Solar,0,0,1,0,Threat Detector,Explosive Light,1,Explosive Light+Threat Detector,1851777734
2220,Ancient Gospel,fallback,Hand Cannon,Void,0,0,1,0,Rampage,Demoralize,1,Demoralize+Rampage,963574173
2221,Age-Old Bond,fallback,Auto Rifle,Void,0,0,1,0,Meganeura,Rampage,1,Meganeura+Rampage,424291879
2222,Adverse Possession IX,fallback,Scout Rifle,Arc,0,0,0,1,Overflow,Keep Away,1,Keep Away+Overflow,1890332078
2223,Adhortative,fallback,Pulse Rifle,Solar,0,0,1,0,Air Assault,Moving Target,1,Air Assault+Moving Target,2993554824
2224,Accrued Redemption,fallback,Combat Bow,Kinetic,0,0,1,0,Tunnel Vision,Lone Wolf,1,Lone Wolf+Tunnel Vision,3621336854
2225,Tarantula,fallback,Linear Fusion Rifle,Arc,0,0,0,1,Firmly Planted,Box Breathing,1,Box Breathing+Firmly Planted,3335343363
2226,Sovereignty,fallback,Sniper Rifle,Void,0,0,0,1,Steady Hands,Desperate Measures,1,Desperate Measures+Steady Hands,3818198556
2227,Shattered Cipher,fallback,Machine Gun,Void,0,0,0,1,Slideways,Zen Moment,1,Slideways+Zen Moment,2434225986
2228,Royal Executioner,fallback,Fusion Rifle,Solar,0,0,1,0,Threat Detector,Successful Warm-Up,1,Successful Warm-Up+Threat Detector,1720503118
2229,Royal Chase,fallback,Scout Rifle,Void,0,0,0,1,Slideways,Threat Detector,1,Slideways+Threat Detector,2776503072
2230,Raconteur,fallback,Combat Bow,Stasis,0,0,1,0,Wellspring,Rampage,1,Rampage+Wellspring,45643573
2231,Pizzicato-22,fallback,Submachine Gun,Kinetic,0,0,0,1,Mulligan,Threat Detector,1,Mulligan+Threat Detector,4100775158
2232,Martyr's Retribution,fallback,Grenade Launcher,Solar,0,0,0,1,Threat Detector,Lead from Gold,1,Lead from Gold+Threat Detector,3850168899
2233,Iota Draconis,fallback,Fusion Rifle,Solar,0,0,0,1,Surplus,Kickstart,1,Kickstart+Surplus,3044460004
2234,IKELOS_SR_v1.0.3,fallback,Sniper Rifle,Solar,0,0,1,0,Empty Traits Socket,High-Impact Reserves,1,Empty Traits Socket+High-Impact Reserves,2302346155
2235,IKELOS_SG_v1.0.3,fallback,Shotgun,Solar,0,0,1,0,Pugilist,Cascade Point,1,Cascade Point+Pugilist,1168625549
2236,Hollow Words,fallback,Fusion Rifle,Arc,0,0,0,1,Slickdraw,Successful Warm-Up,1,Slickdraw+Successful Warm-Up,342027677
2237,Harsh Language,fallback,Grenade Launcher,Void,0,0,0,1,Shot Swap,Unrelenting,1,Shot Swap+Unrelenting,1606497639
2238,Hand in Hand,fallback,Shotgun,Arc,0,0,0,1,Fragile Focus,Cascade Point,1,Cascade Point+Fragile Focus,664109750
2239,Fioritura-59,fallback,Sidearm,Void,0,0,0,1,Threat Detector,Offhand Strike,1,Offhand Strike+Threat Detector,2566006935
2240,Farewell,fallback,Sidearm,Kinetic,0,0,0,1,Full Auto Trigger System,Thresh,1,Full Auto Trigger System+Thresh,541188001
2241,Enyo-D,fallback,Submachine Gun,Kinetic,0,0,0,1,Encore,Sympathetic Arsenal,1,Encore+Sympathetic Arsenal,1601177201
2242,Deafening Whisper,fallback,Grenade Launcher,Void,0,0,0,1,Lead from Gold,Auto-Loading Holster,1,Auto-Loading Holster+Lead from Gold,981718087
2243,Coronach-22,fallback,Auto Rifle,Solar,0,0,0,1,Shot Swap,Under-Over,1,Shot Swap+Under-Over,355382946
2244,Caretaker,fallback,Sword,Solar,0,0,1,0,Energy Transfer,Empty Traits Socket,1,Empty Traits Socket+Energy Transfer,2508948099
2245,CALUS Mini-Tool,fallback,Submachine Gun,Solar,0,0,1,0,Slideways,Empty Traits Socket,1,Empty Traits Socket+Slideways,2490988246
2246,Bump in the Night,fallback,Rocket Launcher,Stasis,0,0,1,0,Tracking Module,Empty Traits Socket,1,Empty Traits Socket+Tracking Module,1959650777
2247,Brya's Love,fallback,Scout Rifle,Void,0,0,1,0,No Distractions,Adagio,1,Adagio+No Distractions,2779821308
2248,Brigand's Law,fallback,Sidearm,Arc,0,0,1,1,Perpetual Motion,Sympathetic Arsenal,1,Perpetual Motion+Sympathetic Arsenal,1298815317
2249,Berenger's Memory,fallback,Grenade Launcher,Void,0,0,0,1,Field Prep,Shield Disorient,1,Field Prep+Shield Disorient,407621213
2250,Austringer,fallback,Hand Cannon,Kinetic,0,0,1,0,Air Assault,Zen Moment,1,Air Assault+Zen Moment,3055790362
2251,Appetence,fallback,Trace Rifle,Stasis,0,0,1,0,Slideways,Headstone,1,Headstone+Slideways,4153087276
2252,Annual Skate,fallback,Hand Cannon,Solar,0,0,0,1,No Distractions,Timed Payload,1,No Distractions+Timed Payload,6857689
2253,Zealot's Reward,fallback,Fusion Rifle,Void,0,0,1,0,Repulsor Brace,Kickstart,1,Kickstart+Repulsor Brace,2720651699
2254,Veleda-F,fallback,Sniper Rifle,Void,0,0,0,1,Deconstruct,Opening Shot,1,Deconstruct+Opening Shot,4200122994
2255,Vantage Point,fallback,Pulse Rifle,Arc,0,0,0,1,Deconstruct,Desperado,1,Deconstruct+Desperado,3830941962
2256,Under Your Skin,fallback,Combat Bow,Void,0,0,1,0,Archer's Tempo,Adaptive Munitions,1,Adaptive Munitions+Archer's Tempo,232928045
2257,Tyranny of Heaven,fallback,Combat Bow,Solar,0,0,1,0,Meganeura,Swashbuckler,1,Meganeura+Swashbuckler,3388655311
2258,Trustee,fallback,Scout Rifle,Solar,0,0,1,0,Surplus,Burning Ambition,1,Burning Ambition+Surplus,1392919471
2259,Transfiguration,fallback,Scout Rifle,Kinetic,0,0,1,0,Keep Away,Ancillary Ordinance,1,Ancillary Ordinance+Keep Away,3885259140
2260,Throne-Cleaver,fallback,Sword,Solar,0,0,1,0,Duelist's Trance,Pugilist,1,Duelist's Trance+Pugilist,3371413059
2261,The Supremacy,fallback,Sniper Rifle,Kinetic,0,0,1,0,Lucky Shot,Elemental Capacitor,1,Elemental Capacitor+Lucky Shot,2884596447
2262,The Showrunner,fallback,Submachine Gun,Kinetic,0,0,0,1,Heating Up,Air Assault,1,Air Assault+Heating Up,1999754402
2263,The Eremite,fallback,Fusion Rifle,Solar,0,0,1,1,Offhand Strike,Controlled Burst,1,Controlled Burst+Offhand Strike,3347946548
2264,The Enigma,fallback,Glaive,Void,0,0,1,0,Threat Detector,Unstoppable Force,1,Threat Detector+Unstoppable Force,2595497736
2265,The Domino,fallback,Sniper Rifle,Solar,0,0,0,1,Pulse Monitor,Mulligan,1,Mulligan+Pulse Monitor,2800870005
2266,Techeun Force,fallback,Fusion Rifle,Arc,0,0,1,0,Rewind Rounds,Backup Plan,1,Backup Plan+Rewind Rounds,3591141932
2267,Tears of Contrition,fallback,Scout Rifle,Kinetic,0,0,1,0,Compulsive Reloader,Mulligan,1,Compulsive Reloader+Mulligan,1366394399
2268,Targeted Redaction,fallback,Hand Cannon,Void,0,0,1,1,Invisible Hand,Keep Away,1,Invisible Hand+Keep Away,3890055324
2269,Swarm of the Raven,fallback,Grenade Launcher,Void,0,0,0,1,Pulse Monitor,Cascade Point,1,Cascade Point+Pulse Monitor,433905699
2270,Suspectum-4fr,fallback,Linear Fusion Rifle,Stasis,0,0,0,1,Ensemble,Fourth Time's the Charm,1,Ensemble+Fourth Time's the Charm,3615421669
2271,Supercluster,fallback,Shotgun,Strand,0,0,1,0,Lead from Gold,Attrition Orbs,1,Attrition Orbs+Lead from Gold,92459755
2272,Succession,fallback,Sniper Rifle,Kinetic,0,0,1,0,Slideways,Redirection,1,Redirection+Slideways,2990047042
2273,Speleologist,fallback,Machine Gun,Solar,0,0,1,0,Firmly Planted,Strategist,1,Firmly Planted+Strategist,412251536
2274,Scatter Signal,fallback,Fusion Rifle,Strand,0,0,1,0,Slice,Controlled Burst,1,Controlled Burst+Slice,2558925366
2275,Sailspy Pitchglass,fallback,Linear Fusion Rifle,Arc,0,0,1,1,Clown Cartridge,Heating Up,1,Clown Cartridge+Heating Up,1184309824
2276,Sacred Provenance,fallback,Pulse Rifle,Kinetic,0,0,1,0,Killing Wind,All-Star,1,All-Star+Killing Wind,2241507890
2277,Ros Arago IV,fallback,Auto Rifle,Void,0,0,0,1,Dynamic Sway Reduction,Under-Over,1,Dynamic Sway Reduction+Under-Over,3583275737
2278,Red Herring,fallback,Rocket Launcher,Void,0,0,1,0,Cluster Bomb,Golden Tricorn Enhanced,1,Cluster Bomb+Golden Tricorn Enhanced,3175851496
2279,Reckless Oracle,fallback,Auto Rifle,Void,0,0,1,0,Strategist,Repulsor Brace,1,Repulsor Brace+Strategist,1992309064
2280,Qua Furor V,fallback,Machine Gun,Stasis,0,0,0,1,Offhand Strike,Elemental Honing,1,Elemental Honing+Offhand Strike,751880654
2281,Prophet of Doom,fallback,Shotgun,Arc,0,0,1,0,Slideways,Barrel Constrictor,1,Barrel Constrictor+Slideways,2145441168
2282,Pro Memoria,fallback,Machine Gun,Strand,0,0,1,0,Tear,Frenzy,1,Frenzy+Tear,3605603507
2283,Posterity,fallback,Hand Cannon,Arc,0,0,1,0,Voltshot,Focused Fury,1,Focused Fury+Voltshot,3281285075
2284,Pleiades Corrector,fallback,Scout Rifle,Solar,0,0,0,1,Fourth Time's the Charm,Shield Disorient,1,Fourth Time's the Charm+Shield Disorient,3556999246
2285,Planck's Stride,fallback,Machine Gun,Arc,0,0,1,1,Mulligan,Harmony,1,Harmony+Mulligan,820890091
2286,Omniscient Eye,fallback,Sniper Rifle,Solar,0,0,1,0,Mulligan,Closing Time,1,Closing Time+Mulligan,147444292
2287,Nezarec's Whisper,fallback,Glaive,Arc,0,0,1,0,Impulse Amplifier,Adaptive Munitions,1,Adaptive Munitions+Impulse Amplifier,254636484
2288,Neoptolemus II,fallback,Combat Bow,Kinetic,0,0,0,1,Strategist,Sneak Bow,1,Sneak Bow+Strategist,2848549302
2289,Nation of Beasts,fallback,Hand Cannon,Arc,0,0,1,0,Gear Shift,Offhand Strike,1,Gear Shift+Offhand Strike,70083888
2290,Marsilion-C,fallback,Grenade Launcher,Solar,0,0,0,1,Perpetual Motion,Impulse Amplifier,1,Impulse Amplifier+Perpetual Motion,867154247
2291,Lodbrok-C,fallback,Auto Rifle,Kinetic,0,0,0,1,Osmosis,Adrenaline Junkie,1,Adrenaline Junkie+Osmosis,2328531378
2292,Line in the Sand,fallback,Linear Fusion Rifle,Arc,0,0,0,1,Rapid Hit,Auto-Loading Holster,1,Auto-Loading Holster+Rapid Hit,946443267
2293,Likely Suspect,fallback,Fusion Rifle,Void,0,0,1,0,Ensemble,Destabilizing Rounds,1,Destabilizing Rounds+Ensemble,1994645182
2294,Lethophobia,fallback,Combat Bow,Void,0,0,1,0,Steady Hands,Disruption Break,1,Disruption Break+Steady Hands,3710082365
2295,Judgment of Kelgorath,fallback,Glaive,Solar,0,0,1,0,Overflow,Impulse Amplifier,1,Impulse Amplifier+Overflow,2978226043
2296,Imperial Needle,fallback,Combat Bow,Void,0,0,0,1,Archer's Tempo,Sympathetic Arsenal,1,Archer's Tempo+Sympathetic Arsenal,3460122497
2297,Imperative,fallback,Scout Rifle,Kinetic,0,0,1,0,No Distractions,Attrition Orbs,1,Attrition Orbs+No Distractions,2045811635
2298,Ignition Code,fallback,Grenade Launcher,Kinetic,0,0,0,1,Slideshot,High Ground,1,High Ground+Slideshot,2761869150
2299,Hollow Denial,fallback,Trace Rifle,Void,0,0,1,0,Adaptive Munitions,Swashbuckler,1,Adaptive Munitions+Swashbuckler,2323544076
2300,Heritage,fallback,Shotgun,Kinetic,0,0,1,0,Redirection,Offhand Strike,1,Offhand Strike+Redirection,4248569242
2301,Forensic Nightmare,fallback,Submachine Gun,Stasis,0,0,1,0,Heating Up,Sword Logic,1,Heating Up+Sword Logic,1526296434
2302,Fixed Odds,fallback,Machine Gun,Solar,0,0,1,0,Encore,Rangefinder,1,Encore+Rangefinder,2194955522
2303,Firefright,fallback,Auto Rifle,Kinetic,0,0,1,0,Air Assault,Mulligan,1,Air Assault+Mulligan,2778013407
2304,Fire and Forget,fallback,Linear Fusion Rifle,Stasis,0,0,1,0,Headstone,Harmony,1,Harmony+Headstone,2272041093
2305,Fel Taradiddle,fallback,Combat Bow,Kinetic,0,0,1,0,Rangefinder,Adhesive Ordnance,1,Adhesive Ordnance+Rangefinder,1399109800
2306,Father's Sins,fallback,Sniper Rifle,Void,0,0,1,0,Light Touch,Focused Fury,1,Focused Fury+Light Touch,3865728990
2307,Empirical Evidence,fallback,Sidearm,Kinetic,0,0,1,0,Enlightened Action,Unrelenting,1,Enlightened Action+Unrelenting,2607304614
2308,Distant Tumulus,fallback,Sniper Rifle,Solar,0,0,0,1,Clown Cartridge,Outlaw,1,Clown Cartridge+Outlaw,2807687156
2309,Deadpan Delivery,fallback,Shotgun,Arc,0,0,0,1,Air Assault,Barrel Constrictor,1,Air Assault+Barrel Constrictor,1296429091
2310,Crux Termination IV,fallback,Rocket Launcher,Arc,0,0,0,1,Permeability,Quickdraw,1,Permeability+Quickdraw,1719687748
2311,Cruoris FR4,fallback,Fusion Rifle,Arc,0,0,0,1,Recycled Energy,Barrel Constrictor,1,Barrel Constrictor+Recycled Energy,891996636
2312,Corrasion,fallback,Pulse Rifle,Arc,0,0,1,1,High-Impact Reserves,Focused Fury,1,Focused Fury+High-Impact Reserves,2126178511
2313,Controlling Vision,fallback,Sidearm,Kinetic,0,0,0,1,Slickdraw,Offhand Strike,1,Offhand Strike+Slickdraw,423343404
2314,Commemoration,fallback,Machine Gun,Void,0,0,1,0,Well-Rounded,High-Impact Reserves,1,High-Impact Reserves+Well-Rounded,4230965989
2315,Come to Pass,fallback,Auto Rifle,Arc,0,0,1,0,Trickle Charge,Dragonfly,1,Dragonfly+Trickle Charge,927567426
2316,Combined Action,fallback,Hand Cannon,Arc,0,0,0,1,No Distractions,Voltshot,1,No Distractions+Voltshot,1331824604
2317,Chronophage,fallback,Trace Rifle,Void,0,0,1,1,Elemental Capacitor,Desperate Measures,1,Desperate Measures+Elemental Capacitor,1886840007
2318,Chattering Bone,fallback,Pulse Rifle,Kinetic,0,0,1,0,Stopping Power,Elemental Capacitor,1,Elemental Capacitor+Stopping Power,501329015
2319,Blood Feud,fallback,Submachine Gun,Stasis,0,0,1,0,Dynamic Sway Reduction,Well-Rounded,1,Dynamic Sway Reduction+Well-Rounded,1509167284
2320,Bitter/Sweet,fallback,Grenade Launcher,Arc,0,0,0,1,Attrition Orbs,Cascade Point,1,Attrition Orbs+Cascade Point,2599338625
2321,Bequest,fallback,Sword,Arc,0,0,1,0,Killing Wind,En Garde,1,En Garde+Killing Wind,3366545721
2322,Arsenic Bite-4b,fallback,Combat Bow,Arc,0,0,0,1,Quickdraw,Sneak Bow,1,Quickdraw+Sneak Bow,720351795
2323,Apex Predator,fallback,Rocket Launcher,Solar,0,0,1,0,Threat Detector,Collective Demolition,1,Collective Demolition+Threat Detector,1851777734
2324,Ancient Gospel,fallback,Hand Cannon,Void,0,0,1,0,Ensemble,To the Pain,1,Ensemble+To the Pain,963574173
2325,Age-Old Bond,fallback,Auto Rifle,Void,0,0,1,0,Meganeura,Kill Clip,1,Kill Clip+Meganeura,424291879
2326,Adverse Possession IX,fallback,Scout Rifle,Arc,0,0,0,1,Overflow,Heating Up,1,Heating Up+Overflow,1890332078
2327,Adhortative,fallback,Pulse Rifle,Solar,0,0,1,0,Air Assault,Headseeker,1,Air Assault+Headseeker,2993554824
2328,Accrued Redemption,fallback,Combat Bow,Kinetic,0,0,1,0,Tunnel Vision,Archer's Gambit,1,Archer's Gambit+Tunnel Vision,3621336854
2329,Wolftone Draw,fallback,Combat Bow,Arc,0,0,0,1,Sneak Bow,Frenzy,1,Frenzy+Sneak Bow,3472875143
2330,Without Remorse,fallback,Shotgun,Solar,0,0,1,0,Well-Rounded,Fragile Focus,1,Fragile Focus+Well-Rounded,1478986057
2331,Warlord's Spear,fallback,Trace Rifle,Arc,0,0,0,1,Loose Change,Target Lock,1,Loose Change+Target Lock,1968711238
2332,Tripwire Canary,fallback,Combat Bow,Arc,0,0,1,0,Sneak Bow,Swashbuckler,1,Sneak Bow+Swashbuckler,3849444474
2333,The Vision,fallback,Sidearm,Arc,0,0,0,1,Grave Robber,Sympathetic Arsenal,1,Grave Robber+Sympathetic Arsenal,2414141462
2334,The Epicurean,fallback,Fusion Rifle,Void,0,0,1,0,Well-Rounded,Moving Target,1,Moving Target+Well-Rounded,2263839058
2335,Tarnation,fallback,Grenade Launcher,Arc,0,0,1,0,Killing Wind,Explosive Light,1,Explosive Light+Killing Wind,2721157927
2336,Sovereignty,fallback,Sniper Rifle,Void,0,0,0,1,No Distractions,Withering Gaze,1,No Distractions+Withering Gaze,3818198556
2337,Scalar Potential,fallback,Pulse Rifle,Arc,0,0,1,0,Slickdraw,Under-Over,1,Slickdraw+Under-Over,2563668388
2338,Royal Executioner,fallback,Fusion Rifle,Solar,0,0,1,0,Slickdraw,Killing Wind,1,Killing Wind+Slickdraw,1720503118
2339,Regnant,fallback,Grenade Launcher,Void,0,0,1,0,Repulsor Brace,Pugilist,1,Pugilist+Repulsor Brace,268260372
2340,Raconteur,fallback,Combat Bow,Stasis,0,0,1,0,Wellspring,Gutshot Straight,1,Gutshot Straight+Wellspring,45643573
2341,Prodigal Return,fallback,Grenade Launcher,Arc,0,0,1,0,Turnabout,Danger Zone,1,Danger Zone+Turnabout,268260373
2342,Pizzicato-22,fallback,Submachine Gun,Kinetic,0,0,0,1,Mulligan,Swashbuckler,1,Mulligan+Swashbuckler,4100775158
2343,Optative,fallback,Hand Cannon,Void,0,0,1,0,Repulsor Brace,Under-Over,1,Repulsor Brace+Under-Over,2817683783
2344,Noxious Vetiver,fallback,Submachine Gun,Arc,0,0,0,1,Unrelenting,Redirection,1,Redirection+Unrelenting,825495813
2345,Marcato-45,fallback,Machine Gun,Strand,0,0,0,1,Slice,Under-Over,1,Slice+Under-Over,4233375372
2346,Legato-11,fallback,Shotgun,Solar,0,0,0,1,Deconstruct,Incandescent,1,Deconstruct+Incandescent,3753063346
2347,Fioritura-59,fallback,Sidearm,Void,0,0,0,1,Killing Wind,Repulsor Brace,1,Killing Wind+Repulsor Brace,2566006935
2348,Faith-Keeper,fallback,Rocket Launcher,Void,0,0,1,1,Repulsor Brace,Explosive Light,1,Explosive Light+Repulsor Brace,4195186942
2349,Enyo-D,fallback,Submachine Gun,Kinetic,0,0,0,1,Encore,Multikill Clip,1,Encore+Multikill Clip,1601177201
2350,Doomed Petitioner,fallback,Linear Fusion Rifle,Void,0,0,1,0,Threat Detector,Deconstruct,1,Deconstruct+Threat Detector,1501688142
2351,Dire Promise,fallback,Hand Cannon,Kinetic,0,0,0,1,Triple Tap,Osmosis,1,Osmosis+Triple Tap,2742838701
2352,Coronach-22,fallback,Auto Rifle,Solar,0,0,0,1,Shot Swap,Incandescent,1,Incandescent+Shot Swap,355382946
2353,Caretaker,fallback,Sword,Solar,0,0,1,0,Duelist's Trance,Incandescent,1,Duelist's Trance+Incandescent,2508948099
2354,CALUS Mini-Tool,fallback,Submachine Gun,Solar,0,0,1,0,Air Assault,Disruption Break,1,Air Assault+Disruption Break,2490988246
2355,Brigand's Law,fallback,Sidearm,Arc,0,0,1,1,Empty Traits Socket,Sympathetic Arsenal,1,Empty Traits Socket+Sympathetic Arsenal,1298815317
2356,Battle Scar,fallback,Pulse Rifle,Kinetic,0,0,0,1,Shot Swap,Osmosis,1,Osmosis+Shot Swap,2099894368
2357,Appetence,fallback,Trace Rifle,Stasis,0,0,1,0,Loose Change,Killing Tally,1,Killing Tally+Loose Change,4153087276
2358,Zealot's Reward,fallback,Fusion Rifle,Void,0,0,1,0,Lead from Gold,Dimensional Shift,1,Dimensional Shift+Lead from Gold,2720651699
2359,Veleda-F,fallback,Sniper Rifle,Void,0,0,0,1,Deconstruct,Firing Line,1,Deconstruct+Firing Line,4200122994
2360,Tyranny of Heaven,fallback,Combat Bow,Solar,0,0,1,0,Meganeura,One for All,1,Meganeura+One for All,3388655311
2361,Trustee,fallback,Scout Rifle,Solar,0,0,1,0,Reconstruction,Sympathetic Arsenal,1,Reconstruction+Sympathetic Arsenal,1392919471
2362,Transfiguration,fallback,Scout Rifle,Kinetic,0,0,1,0,Discord,Ancillary Ordinance,1,Ancillary Ordinance+Discord,3885259140
2363,The Supremacy,fallback,Sniper Rifle,Kinetic,0,0,1,0,Lucky Shot,Bewildering Burst,1,Bewildering Burst+Lucky Shot,2884596447
2364,The Showrunner,fallback,Submachine Gun,Kinetic,0,0,0,1,Grave Robber,Kinetic Tremors,1,Grave Robber+Kinetic Tremors,1999754402
2365,The Eremite,fallback,Fusion Rifle,Solar,0,0,1,1,Heal Clip,Pugilist,1,Heal Clip+Pugilist,3347946548
2366,The Enigma,fallback,Glaive,Void,0,0,1,0,Threat Detector,Proximity Power,1,Proximity Power+Threat Detector,2595497736
2367,The Domino,fallback,Sniper Rifle,Solar,0,0,0,1,Pulse Monitor,Incandescent,1,Incandescent+Pulse Monitor,2800870005
2368,Techeun Force,fallback,Fusion Rifle,Arc,0,0,1,0,Reconstruction,Rangefinder,1,Rangefinder+Reconstruction,3591141932
2369,Tears of Contrition,fallback,Scout Rifle,Kinetic,0,0,1,0,Auto-Loading Holster,Mulligan,1,Auto-Loading Holster+Mulligan,1366394399
2370,Targeted Redaction,fallback,Hand Cannon,Void,0,0,1,1,Invisible Hand,Explosive Payload,1,Explosive Payload+Invisible Hand,3890055324
2371,Swarm of the Raven,fallback,Grenade Launcher,Void,0,0,0,1,Field Prep,Genesis,1,Field Prep+Genesis,433905699
2372,Suspectum-4fr,fallback,Linear Fusion Rifle,Stasis,0,0,0,1,Enlightened Action,Fourth Time's the Charm,1,Enlightened Action+Fourth Time's the Charm,3615421669
2373,Supercluster,fallback,Shotgun,Strand,0,0,1,0,Fourth Time's the Charm,Fragile Focus,1,Fourth Time's the Charm+Fragile Focus,92459755
2374,Succession,fallback,Sniper Rifle,Kinetic,0,0,1,0,Slideways,Recombination,1,Recombination+Slideways,2990047042
2375,Scatter Signal,fallback,Fusion Rifle,Strand,0,0,1,0,Perpetual Motion,Attrition Orbs,1,Attrition Orbs+Perpetual Motion,2558925366
2376,Sacred Provenance,fallback,Pulse Rifle,Kinetic,0,0,1,0,Heating Up,All-Star,1,All-Star+Heating Up,2241507890
2377,Red Herring,fallback,Rocket Launcher,Void,0,0,1,0,Cluster Bomb,Golden Tricorn,1,Cluster Bomb+Golden Tricorn,3175851496
2378,Reckless Oracle,fallback,Auto Rifle,Void,0,0,1,0,Strategist,Paracausal Affinity,1,Paracausal Affinity+Strategist,1992309064
2379,Prophet of Doom,fallback,Shotgun,Arc,0,0,1,0,Reconstruction,Trench Barrel,1,Reconstruction+Trench Barrel,2145441168
2380,Pro Memoria,fallback,Machine Gun,Strand,0,0,1,0,Tear,Bait and Switch,1,Bait and Switch+Tear,3605603507
2381,Posterity,fallback,Hand Cannon,Arc,0,0,1,0,Trickle Charge,Unrelenting,1,Trickle Charge+Unrelenting,3281285075
2382,Omniscient Eye,fallback,Sniper Rifle,Solar,0,0,1,0,Mulligan,Burning Ambition,1,Burning Ambition+Mulligan,147444292
2383,Nezarec's Whisper,fallback,Glaive,Arc,0,0,1,0,Compulsive Reloader,Unstoppable Force,1,Compulsive Reloader+Unstoppable Force,254636484
2384,Neoptolemus II,fallback,Combat Bow,Kinetic,0,0,0,1,Strategist,Perfect Float,1,Perfect Float+Strategist,2848549302
2385,Nation of Beasts,fallback,Hand Cannon,Arc,0,0,1,0,Gear Shift,Kill Clip,1,Gear Shift+Kill Clip,70083888
2386,Marsilion-C,fallback,Grenade Launcher,Solar,0,0,0,1,Field Prep,Impulse Amplifier,1,Field Prep+Impulse Amplifier,867154247
2387,Lodbrok-C,fallback,Auto Rifle,Kinetic,0,0,0,1,Fragile Focus,Tap the Trigger,1,Fragile Focus+Tap the Trigger,2328531378
2388,Line in the Sand,fallback,Linear Fusion Rifle,Arc,0,0,0,1,Rangefinder,Firing Line,1,Firing Line+Rangefinder,946443267
2389,Likely Suspect,fallback,Fusion Rifle,Void,0,0,1,0,Dimensional Shift,Wellspring,1,Dimensional Shift+Wellspring,1994645182
2390,Lethophobia,fallback,Combat Bow,Void,0,0,1,0,Steady Hands,Deconstruct,1,Deconstruct+Steady Hands,3710082365
2391,Judgment of Kelgorath,fallback,Glaive,Solar,0,0,1,0,Immovable Object,Impulse Amplifier,1,Immovable Object+Impulse Amplifier,2978226043
2392,Ignition Code,fallback,Grenade Launcher,Kinetic,0,0,0,1,Permeability,Vorpal Weapon,1,Permeability+Vorpal Weapon,2761869150
2393,Heritage,fallback,Shotgun,Kinetic,0,0,1,0,Redirection,Cascade Point,1,Cascade Point+Redirection,4248569242
2394,Forensic Nightmare,fallback,Submachine Gun,Stasis,0,0,1,0,Grave Robber,Crystalline Corpsebloom,1,Crystalline Corpsebloom+Grave Robber,1526296434
2395,Fixed Odds,fallback,Machine Gun,Solar,0,0,1,0,Encore,Killing Tally,1,Encore+Killing Tally,2194955522
2396,Fel Taradiddle,fallback,Combat Bow,Kinetic,0,0,1,0,Perpetual Motion,Adhesive Ordnance,1,Adhesive Ordnance+Perpetual Motion,1399109800
2397,Father's Sins,fallback,Sniper Rifle,Void,0,0,1,0,Light Touch,Eye of the Storm,1,Eye of the Storm+Light Touch,3865728990
2398,Empirical Evidence,fallback,Sidearm,Kinetic,0,0,1,0,Enlightened Action,Thresh,1,Enlightened Action+Thresh,2607304614
2399,Crux Termination IV,fallback,Rocket Launcher,Arc,0,0,0,1,Permeability,Explosive Light,1,Explosive Light+Permeability,1719687748
2400,Cruoris FR4,fallback,Fusion Rifle,Arc,0,0,0,1,Eddy Current,Successful Warm-Up,1,Eddy Current+Successful Warm-Up,891996636
2401,Corrasion,fallback,Pulse Rifle,Arc,0,0,1,1,Air Trigger,High Ground,1,Air Trigger+High Ground,2126178511
2402,Controlling Vision,fallback,Sidearm,Kinetic,0,0,0,1,Fragile Focus,Under Pressure,1,Fragile Focus+Under Pressure,423343404
2403,Commemoration,fallback,Machine Gun,Void,0,0,1,0,Well-Rounded,Firing Line,1,Firing Line+Well-Rounded,4230965989
2404,Come to Pass,fallback,Auto Rifle,Arc,0,0,1,0,Trickle Charge,Adaptive Munitions,1,Adaptive Munitions+Trickle Charge,927567426
2405,Combined Action,fallback,Hand Cannon,Arc,0,0,0,1,No Distractions,Offhand Strike,1,No Distractions+Offhand Strike,1331824604
2406,Chronophage,fallback,Trace Rifle,Void,0,0,1,1,Auto-Loading Holster,Desperate Measures,1,Auto-Loading Holster+Desperate Measures,1886840007
2407,Chattering Bone,fallback,Pulse Rifle,Kinetic,0,0,1,0,Slideways,Lone Wolf,1,Lone Wolf+Slideways,501329015
2408,Blood Feud,fallback,Submachine Gun,Stasis,0,0,1,0,Ambitious Assassin,Well-Rounded,1,Ambitious Assassin+Well-Rounded,1509167284
2409,Bequest,fallback,Sword,Arc,0,0,1,0,Killing Wind,Assassin's Blade,1,Assassin's Blade+Killing Wind,3366545721
2410,Arsenic Bite-4b,fallback,Combat Bow,Arc,0,0,0,1,Quickdraw,Archer's Tempo,1,Archer's Tempo+Quickdraw,720351795
2411,Apex Predator,fallback,Rocket Launcher,Solar,0,0,1,0,Threat Detector,Bipod,1,Bipod+Threat Detector,1851777734
2412,Ancient Gospel,fallback,Hand Cannon,Void,0,0,1,0,Ensemble,Demoralize,1,Demoralize+Ensemble,963574173
2413,Age-Old Bond,fallback,Auto Rifle,Void,0,0,1,0,Meganeura,Harmony,1,Harmony+Meganeura,424291879
2414,Adverse Possession IX,fallback,Scout Rifle,Arc,0,0,0,1,Elemental Capacitor,Wellspring,1,Elemental Capacitor+Wellspring,1890332078
2415,Adhortative,fallback,Pulse Rifle,Solar,0,0,1,0,Air Assault,Deconstruct,1,Air Assault+Deconstruct,2993554824
2416,Accrued Redemption,fallback,Combat Bow,Kinetic,0,0,1,0,To the Pain,Archer's Gambit,1,Archer's Gambit+To the Pain,3621336854
2417,Wolftone Draw,fallback,Combat Bow,Arc,0,0,0,1,Impulse Amplifier,Cornered,1,Cornered+Impulse Amplifier,3472875143
2418,Warlord's Spear,fallback,Trace Rifle,Arc,0,0,0,1,Envious Assassin,Fourth Time's the Charm,1,Envious Assassin+Fourth Time's the Charm,1968711238
2419,Vantage Point,fallback,Pulse Rifle,Arc,0,0,0,1,To the Pain,Jolting Feedback,1,Jolting Feedback+To the Pain,3830941962
2420,Under Your Skin,fallback,Combat Bow,Void,0,0,1,0,Tunnel Vision,Explosive Head,1,Explosive Head+Tunnel Vision,232928045
2421,Tripwire Canary,fallback,Combat Bow,Arc,0,0,1,0,Slickdraw,Explosive Head,1,Explosive Head+Slickdraw,3849444474
2422,The Epicurean,fallback,Fusion Rifle,Void,0,0,1,0,Empty Traits Socket,Backup Plan,1,Backup Plan+Empty Traits Socket,2263839058
2423,Tarnation,fallback,Grenade Launcher,Arc,0,0,1,0,Envious Assassin,Danger Zone,1,Danger Zone+Envious Assassin,2721157927
2424,Speleologist,fallback,Machine Gun,Solar,0,0,1,0,Empty Traits Socket,Killing Tally,1,Empty Traits Socket+Killing Tally,412251536
2425,Sovereignty,fallback,Sniper Rifle,Void,0,0,0,1,Enlightened Action,Box Breathing,1,Box Breathing+Enlightened Action,3818198556
2426,Scalar Potential,fallback,Pulse Rifle,Arc,0,0,1,0,Slickdraw,Attrition Orbs,1,Attrition Orbs+Slickdraw,2563668388
2427,Sailspy Pitchglass,fallback,Linear Fusion Rifle,Arc,0,0,1,1,Compulsive Reloader,Heating Up,1,Compulsive Reloader+Heating Up,1184309824
2428,Ros Arago IV,fallback,Auto Rifle,Void,0,0,0,1,Repulsor Brace,Deconstruct,1,Deconstruct+Repulsor Brace,3583275737
2429,Raconteur,fallback,Combat Bow,Stasis,0,0,1,0,Wellspring,Explosive Head,1,Explosive Head+Wellspring,45643573
2430,Prodigal Return,fallback,Grenade Launcher,Arc,0,0,1,0,Thresh,Rampage,1,Rampage+Thresh,268260373
2431,Pleiades Corrector,fallback,Scout Rifle,Solar,0,0,0,1,Outlaw,Sympathetic Arsenal,1,Outlaw+Sympathetic Arsenal,3556999246
2432,Planck's Stride,fallback,Machine Gun,Arc,0,0,1,1,Mulligan,Pugilist,1,Mulligan+Pugilist,820890091
2433,Pizzicato-22,fallback,Submachine Gun,Kinetic,0,0,0,1,Fragile Focus,Rangefinder,1,Fragile Focus+Rangefinder,4100775158
2434,Optative,fallback,Hand Cannon,Void,0,0,1,0,Rapid Hit,Deconstruct,1,Deconstruct+Rapid Hit,2817683783
2435,Noxious Vetiver,fallback,Submachine Gun,Arc,0,0,0,1,Thresh,Redirection,1,Redirection+Thresh,825495813
2436,Marcato-45,fallback,Machine Gun,Strand,0,0,0,1,Slice,Adagio,1,Adagio+Slice,4233375372
2437,Legato-11,fallback,Shotgun,Solar,0,0,0,1,Deconstruct,Focused Fury,1,Deconstruct+Focused Fury,3753063346
2438,Imperial Needle,fallback,Combat Bow,Void,0,0,0,1,Archer's Tempo,Thresh,1,Archer's Tempo+Thresh,3460122497
2439,Imperative,fallback,Scout Rifle,Kinetic,0,0,1,0,Well-Rounded,Kinetic Tremors,1,Kinetic Tremors+Well-Rounded,2045811635
2440,Hollow Denial,fallback,Trace Rifle,Void,0,0,1,0,Well-Rounded,Killing Tally,1,Killing Tally+Well-Rounded,2323544076
2441,Firefright,fallback,Auto Rifle,Kinetic,0,0,1,0,Well-Rounded,Mulligan,1,Mulligan+Well-Rounded,2778013407
2442,Fire and Forget,fallback,Linear Fusion Rifle,Stasis,0,0,1,0,Perfect Float,High-Impact Reserves,1,High-Impact Reserves+Perfect Float,2272041093
2443,Doomed Petitioner,fallback,Linear Fusion Rifle,Void,0,0,1,0,Permeability,Surrounded,1,Permeability+Surrounded,1501688142
2444,Distant Tumulus,fallback,Sniper Rifle,Solar,0,0,0,1,Dragonfly,Firing Line,1,Dragonfly+Firing Line,2807687156
2445,Dire Promise,fallback,Hand Cannon,Kinetic,0,0,0,1,Auto-Loading Holster,Under Pressure,1,Auto-Loading Holster+Under Pressure,2742838701
2446,Deadpan Delivery,fallback,Shotgun,Arc,0,0,0,1,Discord,Barrel Constrictor,1,Barrel Constrictor+Discord,1296429091
2447,Coronach-22,fallback,Auto Rifle,Solar,0,0,0,1,Perfect Float,Under-Over,1,Perfect Float+Under-Over,355382946
2448,Battle Scar,fallback,Pulse Rifle,Kinetic,0,0,0,1,Perfect Float,Kinetic Tremors,1,Kinetic Tremors+Perfect Float,2099894368
2449,Appetence,fallback,Trace Rifle,Stasis,0,0,1,0,Empty Traits Socket,Deconstruct,1,Deconstruct+Empty Traits Socket,4153087276
2450,Zealot's Reward,fallback,Fusion Rifle,Void,0,0,1,0,Feeding Frenzy,Dimensional Shift,1,Dimensional Shift+Feeding Frenzy,2720651699
2451,Veleda-F,fallback,Sniper Rifle,Void,0,0,0,1,Air Trigger,Withering Gaze,1,Air Trigger+Withering Gaze,4200122994
2452,Tyranny of Heaven,fallback,Combat Bow,Solar,0,0,1,0,Meganeura,Incandescent,1,Incandescent+Meganeura,3388655311
2453,Trustee,fallback,Scout Rifle,Solar,0,0,1,0,Reconstruction,Burning Ambition,1,Burning Ambition+Reconstruction,1392919471
2454,Transfiguration,fallback,Scout Rifle,Kinetic,0,0,1,0,Demolitionist,Ancillary Ordinance,1,Ancillary Ordinance+Demolitionist,3885259140
2455,The Supremacy,fallback,Sniper Rifle,Kinetic,0,0,1,0,Lead from Gold,Kinetic Tremors,1,Kinetic Tremors+Lead from Gold,2884596447
2456,The Showrunner,fallback,Submachine Gun,Kinetic,0,0,0,1,Grave Robber,Fragile Focus,1,Fragile Focus+Grave Robber,1999754402
2457,The Eremite,fallback,Fusion Rifle,Solar,0,0,1,1,Heal Clip,Elemental Capacitor,1,Elemental Capacitor+Heal Clip,3347946548
2458,The Enigma,fallback,Glaive,Void,0,0,1,0,Threat Detector,Close to Melee,1,Close to Melee+Threat Detector,2595497736
2459,The Domino,fallback,Sniper Rifle,Solar,0,0,0,1,Overflow,Mulligan,1,Mulligan+Overflow,2800870005
2460,Techeun Force,fallback,Fusion Rifle,Arc,0,0,1,0,Reconstruction,Backup Plan,1,Backup Plan+Reconstruction,3591141932
2461,Tears of Contrition,fallback,Scout Rifle,Kinetic,0,0,1,0,Auto-Loading Holster,Fourth Time's the Charm,1,Auto-Loading Holster+Fourth Time's the Charm,1366394399
2462,Targeted Redaction,fallback,Hand Cannon,Void,0,0,1,1,Envious Assassin,Keep Away,1,Envious Assassin+Keep Away,3890055324
2463,Swarm of the Raven,fallback,Grenade Launcher,Void,0,0,0,1,Field Prep,Envious Assassin,1,Envious Assassin+Field Prep,433905699
2464,Suspectum-4fr,fallback,Linear Fusion Rifle,Stasis,0,0,0,1,Backup Plan,Precision Instrument,1,Backup Plan+Precision Instrument,3615421669
2465,Succession,fallback,Sniper Rifle,Kinetic,0,0,1,0,Slideways,Elemental Honing,1,Elemental Honing+Slideways,2990047042
2466,Scatter Signal,fallback,Fusion Rifle,Strand,0,0,1,0,Overflow,Kickstart,1,Kickstart+Overflow,2558925366
2467,Sacred Provenance,fallback,Pulse Rifle,Kinetic,0,0,1,0,Empty Traits Socket,All-Star,1,All-Star+Empty Traits Socket,2241507890
2468,Red Herring,fallback,Rocket Launcher,Void,0,0,1,0,Cluster Bomb,Adrenaline Junkie,1,Adrenaline Junkie+Cluster Bomb,3175851496
2469,Reckless Oracle,fallback,Auto Rifle,Void,0,0,1,0,Light Touch,Repulsor Brace,1,Light Touch+Repulsor Brace,1992309064
2470,Prophet of Doom,fallback,Shotgun,Arc,0,0,1,0,Reconstruction,One-Two Punch,1,One-Two Punch+Reconstruction,2145441168
2471,Pro Memoria,fallback,Machine Gun,Strand,0,0,1,0,Strategist,Tap the Trigger,1,Strategist+Tap the Trigger,3605603507
2472,Posterity,fallback,Hand Cannon,Arc,0,0,1,0,Trickle Charge,Pugilist,1,Pugilist+Trickle Charge,3281285075
2473,Omniscient Eye,fallback,Sniper Rifle,Solar,0,0,1,0,Mulligan,Box Breathing,1,Box Breathing+Mulligan,147444292
2474,Neoptolemus II,fallback,Combat Bow,Kinetic,0,0,0,1,Strategist,Lone Wolf,1,Lone Wolf+Strategist,2848549302
2475,Nation of Beasts,fallback,Hand Cannon,Arc,0,0,1,0,Gear Shift,Jolting Feedback,1,Gear Shift+Jolting Feedback,70083888
2476,Lodbrok-C,fallback,Auto Rifle,Kinetic,0,0,0,1,Fragile Focus,Adrenaline Junkie,1,Adrenaline Junkie+Fragile Focus,2328531378
2477,Line in the Sand,fallback,Linear Fusion Rifle,Arc,0,0,0,1,Rangefinder,Backup Plan,1,Backup Plan+Rangefinder,946443267
2478,Likely Suspect,fallback,Fusion Rifle,Void,0,0,1,0,Dimensional Shift,Turnabout,1,Dimensional Shift+Turnabout,1994645182
2479,Lethophobia,fallback,Combat Bow,Void,0,0,1,0,Steady Hands,Attrition Orbs,1,Attrition Orbs+Steady Hands,3710082365
2480,Judgment of Kelgorath,fallback,Glaive,Solar,0,0,1,0,Immovable Object,Harmony,1,Harmony+Immovable Object,2978226043
2481,Ignition Code,fallback,Grenade Launcher,Kinetic,0,0,0,1,Permeability,Strategist,1,Permeability+Strategist,2761869150
2482,Heritage,fallback,Shotgun,Kinetic,0,0,1,0,Reconstruction,Killing Wind,1,Killing Wind+Reconstruction,4248569242
2483,Forensic Nightmare,fallback,Submachine Gun,Stasis,0,0,1,0,Encore,Crystalline Corpsebloom,1,Crystalline Corpsebloom+Encore,1526296434
2484,Fel Taradiddle,fallback,Combat Bow,Kinetic,0,0,1,0,Killing Wind,Adhesive Ordnance,1,Adhesive Ordnance+Killing Wind,1399109800
2485,Father's Sins,fallback,Sniper Rifle,Void,0,0,1,0,Field Prep,Withering Gaze,1,Field Prep+Withering Gaze,3865728990
2486,Empirical Evidence,fallback,Sidearm,Kinetic,0,0,1,0,Compulsive Reloader,Kinetic Tremors,1,Compulsive Reloader+Kinetic Tremors,2607304614
2487,Crux Termination IV,fallback,Rocket Launcher,Arc,0,0,0,1,Permeability,Demolitionist,1,Demolitionist+Permeability,1719687748
2488,Cruoris FR4,fallback,Fusion Rifle,Arc,0,0,0,1,Eddy Current,Kickstart,1,Eddy Current+Kickstart,891996636
2489,Controlling Vision,fallback,Sidearm,Kinetic,0,0,0,1,Encore,Under Pressure,1,Encore+Under Pressure,423343404
2490,Commemoration,fallback,Machine Gun,Void,0,0,1,0,Reconstruction,Under Pressure,1,Reconstruction+Under Pressure,4230965989
2491,Come to Pass,fallback,Auto Rifle,Arc,0,0,1,0,Supercharged Magazine,Wellspring,1,Supercharged Magazine+Wellspring,927567426
2492,Combined Action,fallback,Hand Cannon,Arc,0,0,0,1,No Distractions,Air Assault,1,Air Assault+No Distractions,1331824604
2493,Chattering Bone,fallback,Pulse Rifle,Kinetic,0,0,1,0,Slideways,Bewildering Burst,1,Bewildering Burst+Slideways,501329015
2494,Bequest,fallback,Sword,Arc,0,0,1,0,Jolting Feedback,Vorpal Weapon,1,Jolting Feedback+Vorpal Weapon,3366545721
2495,Arsenic Bite-4b,fallback,Combat Bow,Arc,0,0,0,1,Moving Target,Sneak Bow,1,Moving Target+Sneak Bow,720351795
2496,Apex Predator,fallback,Rocket Launcher,Solar,0,0,1,0,Slideways,Collective Demolition,1,Collective Demolition+Slideways,1851777734
2497,Ancient Gospel,fallback,Hand Cannon,Void,0,0,1,0,Ensemble,Closing Time,1,Closing Time+Ensemble,963574173
2498,Age-Old Bond,fallback,Auto Rifle,Void,0,0,1,0,Meganeura,Focused Fury,1,Focused Fury+Meganeura,424291879
2499,Adverse Possession IX,fallback,Scout Rifle,Arc,0,0,0,1,Elemental Capacitor,Sympathetic Arsenal,1,Elemental Capacitor+Sympathetic Arsenal,1890332078
2500,Accrued Redemption,fallback,Combat Bow,Kinetic,0,0,1,0,Offhand Strike,Firefly,1,Firefly+Offhand Strike,3621336854
2501,Vantage Point,fallback,Pulse Rifle,Arc,0,0,0,1,Stats for All,Desperado,1,Desperado+Stats for All,3830941962
2502,Under Your Skin,fallback,Combat Bow,Void,0,0,1,0,Empty Traits Socket,Explosive Head,1,Empty Traits Socket+Explosive Head,232928045
2503,Tripwire Canary,fallback,Combat Bow,Arc,0,0,1,0,Shot Swap,Successful Warm-Up,1,Shot Swap+Successful Warm-Up,3849444474
2504,Scalar Potential,fallback,Pulse Rifle,Arc,0,0,1,0,Permeability,Under-Over,1,Permeability+Under-Over,2563668388
2505,Ros Arago IV,fallback,Auto Rifle,Void,0,0,0,1,Permeability,Golden Tricorn Enhanced,1,Golden Tricorn Enhanced+Permeability,3583275737
2506,Raconteur,fallback,Combat Bow,Stasis,0,0,1,0,Stats for All,Explosive Head,1,Explosive Head+Stats for All,45643573
2507,Prodigal Return,fallback,Grenade Launcher,Arc,0,0,1,0,Envious Assassin,Voltshot,1,Envious Assassin+Voltshot,268260373
2508,Planck's Stride,fallback,Machine Gun,Arc,0,0,1,1,Mulligan,Empty Traits Socket,1,Empty Traits Socket+Mulligan,820890091
2509,Optative,fallback,Hand Cannon,Void,0,0,1,0,Permeability,Golden Tricorn,1,Golden Tricorn+Permeability,2817683783
2510,Noxious Vetiver,fallback,Submachine Gun,Arc,0,0,0,1,Pugilist,Redirection,1,Pugilist+Redirection,825495813
2511,Nezarec's Whisper,fallback,Glaive,Arc,0,0,1,0,Tilting at Windmills,Frenzy,1,Frenzy+Tilting at Windmills,254636484
2512,Marsilion-C,fallback,Grenade Launcher,Solar,0,0,0,1,Turnabout,Impulse Amplifier,1,Impulse Amplifier+Turnabout,867154247
2513,Legato-11,fallback,Shotgun,Solar,0,0,0,1,Deconstruct,Closing Time,1,Closing Time+Deconstruct,3753063346
2514,Imperative,fallback,Scout Rifle,Kinetic,0,0,1,0,Empty Traits Socket,Osmosis,1,Empty Traits Socket+Osmosis,2045811635
2515,Hollow Denial,fallback,Trace Rifle,Void,0,0,1,0,Surplus,Killing Tally,1,Killing Tally+Surplus,2323544076
2516,Fixed Odds,fallback,Machine Gun,Solar,0,0,1,0,No Distractions,Killing Tally,1,Killing Tally+No Distractions,2194955522
2517,Doomed Petitioner,fallback,Linear Fusion Rifle,Void,0,0,1,0,Permeability,Deconstruct,1,Deconstruct+Permeability,1501688142
2518,Corrasion,fallback,Pulse Rifle,Arc,0,0,1,1,Air Trigger,Focused Fury,1,Air Trigger+Focused Fury,2126178511
2519,Adhortative,fallback,Pulse Rifle,Solar,0,0,1,0,Loose Change,Headseeker,1,Headseeker+Loose Change,2993554824
2520,Zealot's Reward,fallback,Fusion Rifle,Void,0,0,1,0,Destabilizing Rounds,Reservoir Burst,1,Destabilizing Rounds+Reservoir Burst,2720651699
2521,Veleda-F,fallback,Sniper Rifle,Void,0,0,0,1,Air Trigger,Firing Line,1,Air Trigger+Firing Line,4200122994
2522,Tyranny of Heaven,fallback,Combat Bow,Solar,0,0,1,0,Meganeura,Frenzy,1,Frenzy+Meganeura,3388655311
2523,Trustee,fallback,Scout Rifle,Solar,0,0,1,0,Rapid Hit,Sympathetic Arsenal,1,Rapid Hit+Sympathetic Arsenal,1392919471
2524,Transfiguration,fallback,Scout Rifle,Kinetic,0,0,1,0,Collective Demolition,Moving Target,1,Collective Demolition+Moving Target,3885259140
2525,The Supremacy,fallback,Sniper Rifle,Kinetic,0,0,1,0,Lead from Gold,Bewildering Burst,1,Bewildering Burst+Lead from Gold,2884596447
2526,The Showrunner,fallback,Submachine Gun,Kinetic,0,0,0,1,Grave Robber,Air Assault,1,Air Assault+Grave Robber,1999754402
2527,The Eremite,fallback,Fusion Rifle,Solar,0,0,1,1,Heal Clip,Cornered,1,Cornered+Heal Clip,3347946548
2528,The Enigma,fallback,Glaive,Void,0,0,1,0,Subsistence,Unstoppable Force,1,Subsistence+Unstoppable Force,2595497736
2529,Techeun Force,fallback,Fusion Rifle,Arc,0,0,1,0,Kill Clip,Golden Tricorn Enhanced,1,Golden Tricorn Enhanced+Kill Clip,3591141932
2530,Swarm of the Raven,fallback,Grenade Launcher,Void,0,0,0,1,Field Prep,Adagio,1,Adagio+Field Prep,433905699
2531,Suspectum-4fr,fallback,Linear Fusion Rifle,Stasis,0,0,0,1,Backup Plan,High Ground,1,Backup Plan+High Ground,3615421669
2532,Succession,fallback,Sniper Rifle,Kinetic,0,0,1,0,Slideways,Box Breathing,1,Box Breathing+Slideways,2990047042
2533,Scatter Signal,fallback,Fusion Rifle,Strand,0,0,1,0,Enlightened Action,Kickstart,1,Enlightened Action+Kickstart,2558925366
2534,Reckless Oracle,fallback,Auto Rifle,Void,0,0,1,0,Light Touch,Demoralize,1,Demoralize+Light Touch,1992309064
2535,Prophet of Doom,fallback,Shotgun,Arc,0,0,1,0,Reconstruction,Barrel Constrictor,1,Barrel Constrictor+Reconstruction,2145441168
2536,Pro Memoria,fallback,Machine Gun,Strand,0,0,1,0,Strategist,Mega Kill Clip,1,Mega Kill Clip+Strategist,3605603507
2537,Posterity,fallback,Hand Cannon,Arc,0,0,1,0,Trickle Charge,Focused Fury,1,Focused Fury+Trickle Charge,3281285075
2538,Omniscient Eye,fallback,Sniper Rifle,Solar,0,0,1,0,Lucky Shot,Snapshot Sights,1,Lucky Shot+Snapshot Sights,147444292
2539,Neoptolemus II,fallback,Combat Bow,Kinetic,0,0,0,1,Slickdraw,Tunnel Vision,1,Slickdraw+Tunnel Vision,2848549302
2540,Nation of Beasts,fallback,Hand Cannon,Arc,0,0,1,0,Gear Shift,Harmony,1,Gear Shift+Harmony,70083888
2541,Line in the Sand,fallback,Linear Fusion Rifle,Arc,0,0,0,1,Genesis,Backup Plan,1,Backup Plan+Genesis,946443267
2542,Likely Suspect,fallback,Fusion Rifle,Void,0,0,1,0,Dimensional Shift,Successful Warm-Up,1,Dimensional Shift+Successful Warm-Up,1994645182
2543,Lethophobia,fallback,Combat Bow,Void,0,0,1,0,Permeability,Explosive Head,1,Explosive Head+Permeability,3710082365
2544,Judgment of Kelgorath,fallback,Glaive,Solar,0,0,1,0,Immovable Object,Empty Traits Socket,1,Empty Traits Socket+Immovable Object,2978226043
2545,Ignition Code,fallback,Grenade Launcher,Kinetic,0,0,0,1,Permeability,Reverberation,1,Permeability+Reverberation,2761869150
2546,Heritage,fallback,Shotgun,Kinetic,0,0,1,0,Pugilist,Recombination,1,Pugilist+Recombination,4248569242
2547,Forensic Nightmare,fallback,Submachine Gun,Stasis,0,0,1,0,Attrition Orbs,Sympathetic Arsenal,1,Attrition Orbs+Sympathetic Arsenal,1526296434
2548,Fel Taradiddle,fallback,Combat Bow,Kinetic,0,0,1,0,Impulse Amplifier,Sword Logic,1,Impulse Amplifier+Sword Logic,1399109800
2549,Crux Termination IV,fallback,Rocket Launcher,Arc,0,0,0,1,Permeability,Bipod,1,Bipod+Permeability,1719687748
2550,Cruoris FR4,fallback,Fusion Rifle,Arc,0,0,0,1,Eddy Current,Barrel Constrictor,1,Barrel Constrictor+Eddy Current,891996636
2551,Controlling Vision,fallback,Sidearm,Kinetic,0,0,0,1,Air Assault,Under Pressure,1,Air Assault+Under Pressure,423343404
2552,Commemoration,fallback,Machine Gun,Void,0,0,1,0,Reconstruction,Repulsor Brace,1,Reconstruction+Repulsor Brace,4230965989
2553,Come to Pass,fallback,Auto Rifle,Arc,0,0,1,0,Supercharged Magazine,Turnabout,1,Supercharged Magazine+Turnabout,927567426
2554,Combined Action,fallback,Hand Cannon,Arc,0,0,0,1,Hip-Fire Grip,Air Assault,1,Air Assault+Hip-Fire Grip,1331824604
2555,Chattering Bone,fallback,Pulse Rifle,Kinetic,0,0,1,0,Kill Clip,Harmony,1,Harmony+Kill Clip,501329015
2556,Bequest,fallback,Sword,Arc,0,0,1,0,Jolting Feedback,Surrounded,1,Jolting Feedback+Surrounded,3366545721
2557,Arsenic Bite-4b,fallback,Combat Bow,Arc,0,0,0,1,Hip-Fire Grip,Sneak Bow,1,Hip-Fire Grip+Sneak Bow,720351795
2558,Apex Predator,fallback,Rocket Launcher,Solar,0,0,1,0,Incandescent,Reaper's Tithe,1,Incandescent+Reaper's Tithe,1851777734
2559,Ancient Gospel,fallback,Hand Cannon,Void,0,0,1,0,Destabilizing Rounds,Harmony,1,Destabilizing Rounds+Harmony,963574173
2560,Adverse Possession IX,fallback,Scout Rifle,Arc,0,0,0,1,Eddy Current,Wellspring,1,Eddy Current+Wellspring,1890332078
2561,Accrued Redemption,fallback,Combat Bow,Kinetic,0,0,1,0,Offhand Strike,Explosive Head,1,Explosive Head+Offhand Strike,3621336854
2562,Under Your Skin,fallback,Combat Bow,Void,0,0,1,0,Archer's Tempo,Empty Traits Socket,1,Archer's Tempo+Empty Traits Socket,232928045
2563,Tripwire Canary,fallback,Combat Bow,Arc,0,0,1,0,Shot Swap,Explosive Head,1,Explosive Head+Shot Swap,3849444474
2564,Scalar Potential,fallback,Pulse Rifle,Arc,0,0,1,0,Loose Change,Under-Over,1,Loose Change+Under-Over,2563668388
2565,Sacred Provenance,fallback,Pulse Rifle,Kinetic,0,0,1,0,Stopping Power,Empty Traits Socket,1,Empty Traits Socket+Stopping Power,2241507890
2566,Red Herring,fallback,Rocket Launcher,Void,0,0,1,0,Killing Wind,Elemental Honing,1,Elemental Honing+Killing Wind,3175851496
2567,Raconteur,fallback,Combat Bow,Stasis,0,0,1,0,Perfect Float,Successful Warm-Up,1,Perfect Float+Successful Warm-Up,45643573
2568,Optative,fallback,Hand Cannon,Void,0,0,1,0,Keep Away,Wellspring,1,Keep Away+Wellspring,2817683783
2569,Noxious Vetiver,fallback,Submachine Gun,Arc,0,0,0,1,Heating Up,Desperate Measures,1,Desperate Measures+Heating Up,825495813
2570,Nezarec's Whisper,fallback,Glaive,Arc,0,0,1,0,Tilting at Windmills,Empty Traits Socket,1,Empty Traits Socket+Tilting at Windmills,254636484
2571,Marsilion-C,fallback,Grenade Launcher,Solar,0,0,0,1,Shot Swap,Impulse Amplifier,1,Impulse Amplifier+Shot Swap,867154247
2572,Legato-11,fallback,Shotgun,Solar,0,0,0,1,Auto-Loading Holster,Offhand Strike,1,Auto-Loading Holster+Offhand Strike,3753063346
2573,Imperative,fallback,Scout Rifle,Kinetic,0,0,1,0,Empty Traits Socket,Kinetic Tremors,1,Empty Traits Socket+Kinetic Tremors,2045811635
2574,Hollow Denial,fallback,Trace Rifle,Void,0,0,1,0,Adaptive Munitions,Killing Tally,1,Adaptive Munitions+Killing Tally,2323544076
2575,Fixed Odds,fallback,Machine Gun,Solar,0,0,1,0,Feeding Frenzy,Firing Line,1,Feeding Frenzy+Firing Line,2194955522
2576,Father's Sins,fallback,Sniper Rifle,Void,0,0,1,0,Lone Wolf,Empty Traits Socket,1,Empty Traits Socket+Lone Wolf,3865728990
2577,Doomed Petitioner,fallback,Linear Fusion Rifle,Void,0,0,1,0,Destabilizing Rounds,Deconstruct,1,Deconstruct+Destabilizing Rounds,1501688142
2578,Age-Old Bond,fallback,Auto Rifle,Void,0,0,1,0,Tap the Trigger,Collective Action,1,Collective Action+Tap the Trigger,424291879
2579,Zealot's Reward,fallback,Fusion Rifle,Void,0,0,1,0,Destabilizing Rounds,Kickstart,1,Destabilizing Rounds+Kickstart,2720651699
2580,Tyranny of Heaven,fallback,Combat Bow,Solar,0,0,1,0,Meganeura,Archer's Gambit,1,Archer's Gambit+Meganeura,3388655311
2581,Trustee,fallback,Scout Rifle,Solar,0,0,1,0,Perpetual Motion,Redirection,1,Perpetual Motion+Redirection,1392919471
2582,Transfiguration,fallback,Scout Rifle,Kinetic,0,0,1,0,Collective Demolition,Kinetic Tremors,1,Collective Demolition+Kinetic Tremors,3885259140
2583,The Supremacy,fallback,Sniper Rifle,Kinetic,0,0,1,0,Keep Away,Fourth Time's the Charm,1,Fourth Time's the Charm+Keep Away,2884596447
2584,The Showrunner,fallback,Submachine Gun,Kinetic,0,0,0,1,Dynamic Sway Reduction,Air Assault,1,Air Assault+Dynamic Sway Reduction,1999754402
2585,The Eremite,fallback,Fusion Rifle,Solar,0,0,1,1,Envious Assassin,Cornered,1,Cornered+Envious Assassin,3347946548
2586,The Enigma,fallback,Glaive,Void,0,0,1,0,Subsistence,Proximity Power,1,Proximity Power+Subsistence,2595497736
2587,Techeun Force,fallback,Fusion Rifle,Arc,0,0,1,0,Kill Clip,Golden Tricorn,1,Golden Tricorn+Kill Clip,3591141932
2588,Swarm of the Raven,fallback,Grenade Launcher,Void,0,0,0,1,Clown Cartridge,Envious Assassin,1,Clown Cartridge+Envious Assassin,433905699
2589,Suspectum-4fr,fallback,Linear Fusion Rifle,Stasis,0,0,0,1,Backup Plan,Fourth Time's the Charm,1,Backup Plan+Fourth Time's the Charm,3615421669
2590,Succession,fallback,Sniper Rifle,Kinetic,0,0,1,0,Shot Swap,Redirection,1,Redirection+Shot Swap,2990047042
2591,Scatter Signal,fallback,Fusion Rifle,Strand,0,0,1,0,Encore,Kickstart,1,Encore+Kickstart,2558925366
2592,Reckless Oracle,fallback,Auto Rifle,Void,0,0,1,0,Killing Wind,Paracausal Affinity,1,Killing Wind+Paracausal Affinity,1992309064
2593,Prophet of Doom,fallback,Shotgun,Arc,0,0,1,0,Light Touch,Trench Barrel,1,Light Touch+Trench Barrel,2145441168
2594,Pro Memoria,fallback,Machine Gun,Strand,0,0,1,0,Lucky Shot,Target Lock,1,Lucky Shot+Target Lock,3605603507
2595,Posterity,fallback,Hand Cannon,Arc,0,0,1,0,Trickle Charge,Demolitionist,1,Demolitionist+Trickle Charge,3281285075
2596,Omniscient Eye,fallback,Sniper Rifle,Solar,0,0,1,0,Lucky Shot,Incandescent,1,Incandescent+Lucky Shot,147444292
2597,Neoptolemus II,fallback,Combat Bow,Kinetic,0,0,0,1,Slickdraw,Sneak Bow,1,Slickdraw+Sneak Bow,2848549302
2598,Nation of Beasts,fallback,Hand Cannon,Arc,0,0,1,0,Gear Shift,Golden Tricorn Enhanced,1,Gear Shift+Golden Tricorn Enhanced,70083888
2599,Likely Suspect,fallback,Fusion Rifle,Void,0,0,1,0,Dimensional Shift,Golden Tricorn Enhanced,1,Dimensional Shift+Golden Tricorn Enhanced,1994645182
2600,Lethophobia,fallback,Combat Bow,Void,0,0,1,0,Permeability,Disruption Break,1,Disruption Break+Permeability,3710082365
2601,Judgment of Kelgorath,fallback,Glaive,Solar,0,0,1,0,Genesis,Close to Melee,1,Close to Melee+Genesis,2978226043
2602,Ignition Code,fallback,Grenade Launcher,Kinetic,0,0,0,1,Permeability,Harmony,1,Harmony+Permeability,2761869150
2603,Heritage,fallback,Shotgun,Kinetic,0,0,1,0,Outlaw,Recombination,1,Outlaw+Recombination,4248569242
2604,Forensic Nightmare,fallback,Submachine Gun,Stasis,0,0,1,0,Attrition Orbs,Sword Logic,1,Attrition Orbs+Sword Logic,1526296434
2605,Fel Taradiddle,fallback,Combat Bow,Kinetic,0,0,1,0,Impulse Amplifier,Adhesive Ordnance,1,Adhesive Ordnance+Impulse Amplifier,1399109800
2606,Crux Termination IV,fallback,Rocket Launcher,Arc,0,0,0,1,Envious Assassin,Tracking Module,1,Envious Assassin+Tracking Module,1719687748
2607,Cruoris FR4,fallback,Fusion Rifle,Arc,0,0,0,1,Clown Cartridge,Kickstart,1,Clown Cartridge+Kickstart,891996636
2608,Controlling Vision,fallback,Sidearm,Kinetic,0,0,0,1,Air Assault,Threat Detector,1,Air Assault+Threat Detector,423343404
2609,Commemoration,fallback,Machine Gun,Void,0,0,1,0,No Distractions,Under Pressure,1,No Distractions+Under Pressure,4230965989
2610,Come to Pass,fallback,Auto Rifle,Arc,0,0,1,0,Supercharged Magazine,Golden Tricorn Enhanced,1,Golden Tricorn Enhanced+Supercharged Magazine,927567426
2611,Combined Action,fallback,Hand Cannon,Arc,0,0,0,1,Eddy Current,Timed Payload,1,Eddy Current+Timed Payload,1331824604
2612,Chattering Bone,fallback,Pulse Rifle,Kinetic,0,0,1,0,Kill Clip,Focused Fury,1,Focused Fury+Kill Clip,501329015
2613,Bequest,fallback,Sword,Arc,0,0,1,0,Jolting Feedback,Redirection,1,Jolting Feedback+Redirection,3366545721
2614,Arsenic Bite-4b,fallback,Combat Bow,Arc,0,0,0,1,Hip-Fire Grip,Archer's Tempo,1,Archer's Tempo+Hip-Fire Grip,720351795
2615,Apex Predator,fallback,Rocket Launcher,Solar,0,0,1,0,Empty Traits Socket,Reaper's Tithe,1,Empty Traits Socket+Reaper's Tithe,1851777734
2616,Ancient Gospel,fallback,Hand Cannon,Void,0,0,1,0,Air Trigger,Rangefinder,1,Air Trigger+Rangefinder,963574173
2617,Adverse Possession IX,fallback,Scout Rifle,Arc,0,0,0,1,Eddy Current,Sympathetic Arsenal,1,Eddy Current+Sympathetic Arsenal,1890332078
2618,Accrued Redemption,fallback,Combat Bow,Kinetic,0,0,1,0,Offhand Strike,Archer's Gambit,1,Archer's Gambit+Offhand Strike,3621336854
2619,Scalar Potential,fallback,Pulse Rifle,Arc,0,0,1,0,Hip-Fire Grip,Under-Over,1,Hip-Fire Grip+Under-Over,2563668388
2620,Sacred Provenance,fallback,Pulse Rifle,Kinetic,0,0,1,0,Killing Wind,Firefly,1,Firefly+Killing Wind,2241507890
2621,Red Herring,fallback,Rocket Launcher,Void,0,0,1,0,Cluster Bomb,Empty Traits Socket,1,Cluster Bomb+Empty Traits Socket,3175851496
2622,Nezarec's Whisper,fallback,Glaive,Arc,0,0,1,0,Genesis,Unstoppable Force,1,Genesis+Unstoppable Force,254636484
2623,Line in the Sand,fallback,Linear Fusion Rifle,Arc,0,0,0,1,Genesis,Auto-Loading Holster,1,Auto-Loading Holster+Genesis,946443267
2624,Father's Sins,fallback,Sniper Rifle,Void,0,0,1,0,Light Touch,Empty Traits Socket,1,Empty Traits Socket+Light Touch,3865728990
2625,Age-Old Bond,fallback,Auto Rifle,Void,0,0,1,0,Meganeura,Golden Tricorn Enhanced,1,Golden Tricorn Enhanced+Meganeura,424291879
2626,Zealot's Reward,fallback,Fusion Rifle,Void,0,0,1,0,Destabilizing Rounds,Controlled Burst,1,Controlled Burst+Destabilizing Rounds,2720651699
2627,Tyranny of Heaven,fallback,Combat Bow,Solar,0,0,1,0,Meganeura,Adagio,1,Adagio+Meganeura,3388655311
2628,Trustee,fallback,Scout Rifle,Solar,0,0,1,0,Perpetual Motion,Meganeura,1,Meganeura+Perpetual Motion,1392919471
2629,Transfiguration,fallback,Scout Rifle,Kinetic,0,0,1,0,Collective Demolition,Ancillary Ordinance,1,Ancillary Ordinance+Collective Demolition,3885259140
2630,The Supremacy,fallback,Sniper Rifle,Kinetic,0,0,1,0,Genesis,Kinetic Tremors,1,Genesis+Kinetic Tremors,2884596447
2631,The Eremite,fallback,Fusion Rifle,Solar,0,0,1,1,Compulsive Reloader,High Ground,1,Compulsive Reloader+High Ground,3347946548
2632,The Enigma,fallback,Glaive,Void,0,0,1,0,Subsistence,Close to Melee,1,Close to Melee+Subsistence,2595497736
2633,Techeun Force,fallback,Fusion Rifle,Arc,0,0,1,0,Kill Clip,Controlled Burst,1,Controlled Burst+Kill Clip,3591141932
2634,Suspectum-4fr,fallback,Linear Fusion Rifle,Stasis,0,0,0,1,Backup Plan,Firing Line,1,Backup Plan+Firing Line,3615421669
2635,Succession,fallback,Sniper Rifle,Kinetic,0,0,1,0,Shot Swap,Recombination,1,Recombination+Shot Swap,2990047042
2636,Scatter Signal,fallback,Fusion Rifle,Strand,0,0,1,0,Encore,Controlled Burst,1,Controlled Burst+Encore,2558925366
2637,Reckless Oracle,fallback,Auto Rifle,Void,0,0,1,0,Killing Wind,Dynamic Sway Reduction,1,Dynamic Sway Reduction+Killing Wind,1992309064
2638,Prophet of Doom,fallback,Shotgun,Arc,0,0,1,0,Light Touch,One-Two Punch,1,Light Touch+One-Two Punch,2145441168
2639,Pro Memoria,fallback,Machine Gun,Strand,0,0,1,0,Lucky Shot,Tap the Trigger,1,Lucky Shot+Tap the Trigger,3605603507
2640,Posterity,fallback,Hand Cannon,Arc,0,0,1,0,Supercharged Magazine,Unrelenting,1,Supercharged Magazine+Unrelenting,3281285075
2641,Omniscient Eye,fallback,Sniper Rifle,Solar,0,0,1,0,Lucky Shot,Burning Ambition,1,Burning Ambition+Lucky Shot,147444292
2642,Neoptolemus II,fallback,Combat Bow,Kinetic,0,0,0,1,Slickdraw,Perfect Float,1,Perfect Float+Slickdraw,2848549302
2643,Nation of Beasts,fallback,Hand Cannon,Arc,0,0,1,0,Gear Shift,Golden Tricorn,1,Gear Shift+Golden Tricorn,70083888
2644,Likely Suspect,fallback,Fusion Rifle,Void,0,0,1,0,Dimensional Shift,Golden Tricorn,1,Dimensional Shift+Golden Tricorn,1994645182
2645,Lethophobia,fallback,Combat Bow,Void,0,0,1,0,Enlightened Action,Explosive Head,1,Enlightened Action+Explosive Head,3710082365
2646,Ignition Code,fallback,Grenade Launcher,Kinetic,0,0,0,1,Permeability,Frenzy,1,Frenzy+Permeability,2761869150
2647,Heritage,fallback,Shotgun,Kinetic,0,0,1,0,Outlaw,Offhand Strike,1,Offhand Strike+Outlaw,4248569242
2648,Fel Taradiddle,fallback,Combat Bow,Kinetic,0,0,1,0,Archer's Tempo,Adhesive Ordnance,1,Adhesive Ordnance+Archer's Tempo,1399109800
2649,Crux Termination IV,fallback,Rocket Launcher,Arc,0,0,0,1,Eddy Current,Tracking Module,1,Eddy Current+Tracking Module,1719687748
2650,Cruoris FR4,fallback,Fusion Rifle,Arc,0,0,0,1,Clown Cartridge,Barrel Constrictor,1,Barrel Constrictor+Clown Cartridge,891996636
2651,Controlling Vision,fallback,Sidearm,Kinetic,0,0,0,1,Air Assault,Offhand Strike,1,Air Assault+Offhand Strike,423343404
2652,Commemoration,fallback,Machine Gun,Void,0,0,1,0,No Distractions,Repulsor Brace,1,No Distractions+Repulsor Brace,4230965989
2653,Come to Pass,fallback,Auto Rifle,Arc,0,0,1,0,Supercharged Magazine,Golden Tricorn,1,Golden Tricorn+Supercharged Magazine,927567426
2654,Combined Action,fallback,Hand Cannon,Arc,0,0,0,1,Eddy Current,Air Assault,1,Air Assault+Eddy Current,1331824604
2655,Chattering Bone,fallback,Pulse Rifle,Kinetic,0,0,1,0,Kill Clip,Bewildering Burst,1,Bewildering Burst+Kill Clip,501329015
2656,Bequest,fallback,Sword,Arc,0,0,1,0,Jolting Feedback,One for All,1,Jolting Feedback+One for All,3366545721
2657,Arsenic Bite-4b,fallback,Combat Bow,Arc,0,0,0,1,Explosive Head,Explosive Head,1,Explosive Head,720351795
2658,Apex Predator,fallback,Rocket Launcher,Solar,0,0,1,0,Danger Zone,Collective Demolition,1,Collective Demolition+Danger Zone,1851777734
2659,Ancient Gospel,fallback,Hand Cannon,Void,0,0,1,0,Air Trigger,Explosive Payload,1,Air Trigger+Explosive Payload,963574173
2660,Adverse Possession IX,fallback,Scout Rifle,Arc,0,0,0,1,Eddy Current,Keep Away,1,Eddy Current+Keep Away,1890332078
2661,Accrued Redemption,fallback,Combat Bow,Kinetic,0,0,1,0,Impulse Amplifier,Rapid Hit,1,Impulse Amplifier+Rapid Hit,3621336854
2662,Swarm of the Raven,fallback,Grenade Launcher,Void,0,0,0,1,Impulse Amplifier,Genesis,1,Genesis+Impulse Amplifier,433905699
2663,Scalar Potential,fallback,Pulse Rifle,Arc,0,0,1,0,Enlightened Action,Under-Over,1,Enlightened Action+Under-Over,2563668388
2664,Sacred Provenance,fallback,Pulse Rifle,Kinetic,0,0,1,0,Empty Traits Socket,Firefly,1,Empty Traits Socket+Firefly,2241507890
2665,Nezarec's Whisper,fallback,Glaive,Arc,0,0,1,0,Empty Traits Socket,Unstoppable Force,1,Empty Traits Socket+Unstoppable Force,254636484
2666,Judgment of Kelgorath,fallback,Glaive,Solar,0,0,1,0,Empty Traits Socket,Close to Melee,1,Close to Melee+Empty Traits Socket,2978226043
2667,Forensic Nightmare,fallback,Submachine Gun,Stasis,0,0,1,0,Empty Traits Socket,Sword Logic,1,Empty Traits Socket+Sword Logic,1526296434
2668,Father's Sins,fallback,Sniper Rifle,Void,0,0,1,0,Lead from Gold,Withering Gaze,1,Lead from Gold+Withering Gaze,3865728990
2669,Age-Old Bond,fallback,Auto Rifle,Void,0,0,1,0,Meganeura,Golden Tricorn,1,Golden Tricorn+Meganeura,424291879
2670,Zealot's Reward,fallback,Fusion Rifle,Void,0,0,1,0,Auto-Loading Holster,Dimensional Shift,1,Auto-Loading Holster+Dimensional Shift,2720651699
2671,Tyranny of Heaven,fallback,Combat Bow,Solar,0,0,1,0,Explosive Head,One for All,1,Explosive Head+One for All,3388655311
2672,Trustee,fallback,Scout Rifle,Solar,0,0,1,0,Outlaw,Redirection,1,Outlaw+Redirection,1392919471
2673,Transfiguration,fallback,Scout Rifle,Kinetic,0,0,1,0,Adhesive Ordnance,Opening Shot,1,Adhesive Ordnance+Opening Shot,3885259140
2674,The Supremacy,fallback,Sniper Rifle,Kinetic,0,0,1,0,Genesis,Fourth Time's the Charm,1,Fourth Time's the Charm+Genesis,2884596447
2675,The Enigma,fallback,Glaive,Void,0,0,1,0,Replenishing Aegis,Thresh,1,Replenishing Aegis+Thresh,2595497736
2676,Techeun Force,fallback,Fusion Rifle,Arc,0,0,1,0,Kill Clip,Collective Action,1,Collective Action+Kill Clip,3591141932
2677,Suspectum-4fr,fallback,Linear Fusion Rifle,Stasis,0,0,0,1,Backup Plan,Chill Clip,1,Backup Plan+Chill Clip,3615421669
2678,Succession,fallback,Sniper Rifle,Kinetic,0,0,1,0,Shot Swap,Elemental Honing,1,Elemental Honing+Shot Swap,2990047042
2679,Reckless Oracle,fallback,Auto Rifle,Void,0,0,1,0,Keep Away,Dynamic Sway Reduction,1,Dynamic Sway Reduction+Keep Away,1992309064
2680,Prophet of Doom,fallback,Shotgun,Arc,0,0,1,0,Light Touch,Cascade Point,1,Cascade Point+Light Touch,2145441168
2681,Pro Memoria,fallback,Machine Gun,Strand,0,0,1,0,Lucky Shot,Collective Action,1,Collective Action+Lucky Shot,3605603507
2682,Posterity,fallback,Hand Cannon,Arc,0,0,1,0,Supercharged Magazine,Gutshot Straight,1,Gutshot Straight+Supercharged Magazine,3281285075
2683,Omniscient Eye,fallback,Sniper Rifle,Solar,0,0,1,0,Lucky Shot,Box Breathing,1,Box Breathing+Lucky Shot,147444292
2684,Neoptolemus II,fallback,Combat Bow,Kinetic,0,0,0,1,Slickdraw,Lone Wolf,1,Lone Wolf+Slickdraw,2848549302
2685,Nation of Beasts,fallback,Hand Cannon,Arc,0,0,1,0,Gear Shift,Collective Action,1,Collective Action+Gear Shift,70083888
2686,Heritage,fallback,Shotgun,Kinetic,0,0,1,0,Outlaw,Killing Wind,1,Killing Wind+Outlaw,4248569242
2687,Crux Termination IV,fallback,Rocket Launcher,Arc,0,0,0,1,Eddy Current,Demolitionist,1,Demolitionist+Eddy Current,1719687748
2688,Controlling Vision,fallback,Sidearm,Kinetic,0,0,0,1,Air Assault,High Ground,1,Air Assault+High Ground,423343404
2689,Commemoration,fallback,Machine Gun,Void,0,0,1,0,Fourth Time's the Charm,Repulsor Brace,1,Fourth Time's the Charm+Repulsor Brace,4230965989
2690,Come to Pass,fallback,Auto Rifle,Arc,0,0,1,0,Supercharged Magazine,Dragonfly,1,Dragonfly+Supercharged Magazine,927567426
2691,Chattering Bone,fallback,Pulse Rifle,Kinetic,0,0,1,0,Ancillary Ordinance,Kinetic Tremors,1,Ancillary Ordinance+Kinetic Tremors,501329015
2692,Bequest,fallback,Sword,Arc,0,0,1,0,Jolting Feedback,En Garde,1,En Garde+Jolting Feedback,3366545721
2693,Arsenic Bite-4b,fallback,Combat Bow,Arc,0,0,0,1,Archer's Tempo,Archer's Tempo,1,Archer's Tempo,720351795
2694,Apex Predator,fallback,Rocket Launcher,Solar,0,0,1,0,Cluster Bomb,Surrounded,1,Cluster Bomb+Surrounded,1851777734
2695,Ancient Gospel,fallback,Hand Cannon,Void,0,0,1,0,Air Trigger,Demoralize,1,Air Trigger+Demoralize,963574173
2696,Adverse Possession IX,fallback,Scout Rifle,Arc,0,0,0,1,Eddy Current,Heating Up,1,Eddy Current+Heating Up,1890332078
2697,Accrued Redemption,fallback,Combat Bow,Kinetic,0,0,1,0,Impulse Amplifier,Lone Wolf,1,Impulse Amplifier+Lone Wolf,3621336854
2698,Likely Suspect,fallback,Fusion Rifle,Void,0,0,1,0,Dimensional Shift,Empty Traits Socket,1,Dimensional Shift+Empty Traits Socket,1994645182
2699,Fel Taradiddle,fallback,Combat Bow,Kinetic,0,0,1,0,Empty Traits Socket,Adhesive Ordnance,1,Adhesive Ordnance+Empty Traits Socket,1399109800
2700,Age-Old Bond,fallback,Auto Rifle,Void,0,0,1,0,Meganeura,Empty Traits Socket,1,Empty Traits Socket+Meganeura,424291879
2701,Zealot's Reward,fallback,Fusion Rifle,Void,0,0,1,0,Attrition Orbs,Reservoir Burst,1,Attrition Orbs+Reservoir Burst,2720651699
2702,Tyranny of Heaven,fallback,Combat Bow,Solar,0,0,1,0,Explosive Head,Golden Tricorn Enhanced,1,Explosive Head+Golden Tricorn Enhanced,3388655311
2703,Trustee,fallback,Scout Rifle,Solar,0,0,1,0,Keep Away,Sympathetic Arsenal,1,Keep Away+Sympathetic Arsenal,1392919471
2704,Transfiguration,fallback,Scout Rifle,Kinetic,0,0,1,0,Adhesive Ordnance,Kinetic Tremors,1,Adhesive Ordnance+Kinetic Tremors,3885259140
2705,The Supremacy,fallback,Sniper Rifle,Kinetic,0,0,1,0,Genesis,Closing Time,1,Closing Time+Genesis,2884596447
2706,The Enigma,fallback,Glaive,Void,0,0,1,0,Replenishing Aegis,Rampage,1,Rampage+Replenishing Aegis,2595497736
2707,Techeun Force,fallback,Fusion Rifle,Arc,0,0,1,0,Kill Clip,Aggregate Charge,1,Aggregate Charge+Kill Clip,3591141932
2708,Suspectum-4fr,fallback,Linear Fusion Rifle,Stasis,0,0,0,1,Backup Plan,Box Breathing,1,Backup Plan+Box Breathing,3615421669
2709,Succession,fallback,Sniper Rifle,Kinetic,0,0,1,0,Shot Swap,Box Breathing,1,Box Breathing+Shot Swap,2990047042
2710,Reckless Oracle,fallback,Auto Rifle,Void,0,0,1,0,Empty Traits Socket,Paracausal Affinity,1,Empty Traits Socket+Paracausal Affinity,1992309064
2711,Prophet of Doom,fallback,Shotgun,Arc,0,0,1,0,Light Touch,Barrel Constrictor,1,Barrel Constrictor+Light Touch,2145441168
2712,Pro Memoria,fallback,Machine Gun,Strand,0,0,1,0,Hatchling,Mega Kill Clip,1,Hatchling+Mega Kill Clip,3605603507
2713,Posterity,fallback,Hand Cannon,Arc,0,0,1,0,Supercharged Magazine,Frenzy,1,Frenzy+Supercharged Magazine,3281285075
2714,Omniscient Eye,fallback,Sniper Rifle,Solar,0,0,1,0,Light Touch,Precision Instrument,1,Light Touch+Precision Instrument,147444292
2715,Neoptolemus II,fallback,Combat Bow,Kinetic,0,0,0,1,Rangefinder,Sneak Bow,1,Rangefinder+Sneak Bow,2848549302
2716,Nation of Beasts,fallback,Hand Cannon,Arc,0,0,1,0,Eddy Current,Collective Action,1,Collective Action+Eddy Current,70083888
2717,Heritage,fallback,Shotgun,Kinetic,0,0,1,0,Outlaw,Cascade Point,1,Cascade Point+Outlaw,4248569242
2718,Crux Termination IV,fallback,Rocket Launcher,Arc,0,0,0,1,Eddy Current,Bipod,1,Bipod+Eddy Current,1719687748
2719,Commemoration,fallback,Machine Gun,Void,0,0,1,0,Dynamic Sway Reduction,Under Pressure,1,Dynamic Sway Reduction+Under Pressure,4230965989
2720,Come to Pass,fallback,Auto Rifle,Arc,0,0,1,0,Supercharged Magazine,Adaptive Munitions,1,Adaptive Munitions+Supercharged Magazine,927567426
2721,Chattering Bone,fallback,Pulse Rifle,Kinetic,0,0,1,0,Ancillary Ordinance,High-Impact Reserves,1,Ancillary Ordinance+High-Impact Reserves,501329015
2722,Bequest,fallback,Sword,Arc,0,0,1,0,Jolting Feedback,Chain Reaction,1,Chain Reaction+Jolting Feedback,3366545721
2723,Apex Predator,fallback,Rocket Launcher,Solar,0,0,1,0,Cluster Bomb,Collective Demolition,1,Cluster Bomb+Collective Demolition,1851777734
2724,Adverse Possession IX,fallback,Scout Rifle,Arc,0,0,0,1,Discord,Wellspring,1,Discord+Wellspring,1890332078
2725,Accrued Redemption,fallback,Combat Bow,Kinetic,0,0,1,0,Impulse Amplifier,Kinetic Tremors,1,Impulse Amplifier+Kinetic Tremors,3621336854
2726,Controlling Vision,fallback,Sidearm,Kinetic,0,0,0,1,Surplus,Under Pressure,1,Surplus+Under Pressure,423343404
2727,Arsenic Bite-4b,fallback,Combat Bow,Arc,0,0,0,1,Snapshot Sights,Archer's Tempo,1,Archer's Tempo+Snapshot Sights,720351795
2728,Ancient Gospel,fallback,Hand Cannon,Void,0,0,1,0,Rampage,Harmony,1,Harmony+Rampage,963574173
2729,Age-Old Bond,fallback,Auto Rifle,Void,0,0,1,0,Meganeura,Collective Action,1,Collective Action+Meganeura,424291879
2730,Zealot's Reward,fallback,Fusion Rifle,Void,0,0,1,0,Attrition Orbs,Kickstart,1,Attrition Orbs+Kickstart,2720651699
2731,Tyranny of Heaven,fallback,Combat Bow,Solar,0,0,1,0,Explosive Head,Golden Tricorn,1,Explosive Head+Golden Tricorn,3388655311
2732,Trustee,fallback,Scout Rifle,Solar,0,0,1,0,Heal Clip,Wellspring,1,Heal Clip+Wellspring,1392919471
2733,Transfiguration,fallback,Scout Rifle,Kinetic,0,0,1,0,Adhesive Ordnance,Kill Clip,1,Adhesive Ordnance+Kill Clip,3885259140
2734,The Supremacy,fallback,Sniper Rifle,Kinetic,0,0,1,0,Genesis,Bewildering Burst,1,Bewildering Burst+Genesis,2884596447
2735,The Enigma,fallback,Glaive,Void,0,0,1,0,Replenishing Aegis,Proximity Power,1,Proximity Power+Replenishing Aegis,2595497736
2736,Techeun Force,fallback,Fusion Rifle,Arc,0,0,1,0,Envious Assassin,Rangefinder,1,Envious Assassin+Rangefinder,3591141932
2737,Succession,fallback,Sniper Rifle,Kinetic,0,0,1,0,Reconstruction,Osmosis,1,Osmosis+Reconstruction,2990047042
2738,Reckless Oracle,fallback,Auto Rifle,Void,0,0,1,0,Dimensional Shift,Paracausal Affinity,1,Dimensional Shift+Paracausal Affinity,1992309064
2739,Prophet of Doom,fallback,Shotgun,Arc,0,0,1,0,Envious Arsenal,Trench Barrel,1,Envious Arsenal+Trench Barrel,2145441168
2740,Pro Memoria,fallback,Machine Gun,Strand,0,0,1,0,Hatchling,Collective Action,1,Collective Action+Hatchling,3605603507
2741,Posterity,fallback,Hand Cannon,Arc,0,0,1,0,Supercharged Magazine,Focused Fury,1,Focused Fury+Supercharged Magazine,3281285075
2742,Omniscient Eye,fallback,Sniper Rifle,Solar,0,0,1,0,Envious Arsenal,Incandescent,1,Envious Arsenal+Incandescent,147444292
2743,Neoptolemus II,fallback,Combat Bow,Kinetic,0,0,0,1,Pugilist,Sneak Bow,1,Pugilist+Sneak Bow,2848549302
2744,Nation of Beasts,fallback,Hand Cannon,Arc,0,0,1,0,Dragonfly,Jolting Feedback,1,Dragonfly+Jolting Feedback,70083888
2745,Heritage,fallback,Shotgun,Kinetic,0,0,1,0,Outlaw,Aggregate Charge,1,Aggregate Charge+Outlaw,4248569242
2746,Crux Termination IV,fallback,Rocket Launcher,Arc,0,0,0,1,Clown Cartridge,Surrounded,1,Clown Cartridge+Surrounded,1719687748
2747,Commemoration,fallback,Machine Gun,Void,0,0,1,0,Dynamic Sway Reduction,Redirection,1,Dynamic Sway Reduction+Redirection,4230965989
2748,Come to Pass,fallback,Auto Rifle,Arc,0,0,1,0,Genesis,Jolting Feedback,1,Genesis+Jolting Feedback,927567426
2749,Chattering Bone,fallback,Pulse Rifle,Kinetic,0,0,1,0,Ancillary Ordinance,Headseeker,1,Ancillary Ordinance+Headseeker,501329015
2750,Apex Predator,fallback,Rocket Launcher,Solar,0,0,1,0,Chain Reaction,Explosive Light,1,Chain Reaction+Explosive Light,1851777734
2751,Adverse Possession IX,fallback,Scout Rifle,Arc,0,0,0,1,Discord,Sympathetic Arsenal,1,Discord+Sympathetic Arsenal,1890332078
2752,Accrued Redemption,fallback,Combat Bow,Kinetic,0,0,1,0,Attrition Orbs,Explosive Head,1,Attrition Orbs+Explosive Head,3621336854
2753,Suspectum-4fr,fallback,Linear Fusion Rifle,Stasis,0,0,0,1,Ensemble,Precision Instrument,1,Ensemble+Precision Instrument,3615421669
2754,Controlling Vision,fallback,Sidearm,Kinetic,0,0,0,1,Slideways,Osmosis,1,Osmosis+Slideways,423343404
2755,Bequest,fallback,Sword,Arc,0,0,1,0,Killing Wind,Redirection,1,Killing Wind+Redirection,3366545721
2756,Age-Old Bond,fallback,Auto Rifle,Void,0,0,1,0,Dragonfly,Golden Tricorn Enhanced,1,Dragonfly+Golden Tricorn Enhanced,424291879
2757,Zealot's Reward,fallback,Fusion Rifle,Void,0,0,1,0,Ambitious Assassin,Withering Gaze,1,Ambitious Assassin+Withering Gaze,2720651699
2758,Tyranny of Heaven,fallback,Combat Bow,Solar,0,0,1,0,Explosive Head,Frenzy,1,Explosive Head+Frenzy,3388655311
2759,Trustee,fallback,Scout Rifle,Solar,0,0,1,0,Heal Clip,Sympathetic Arsenal,1,Heal Clip+Sympathetic Arsenal,1392919471
2760,Transfiguration,fallback,Scout Rifle,Kinetic,0,0,1,0,Adhesive Ordnance,Harmony,1,Adhesive Ordnance+Harmony,3885259140
2761,The Supremacy,fallback,Sniper Rifle,Kinetic,0,0,1,0,Discord,Fourth Time's the Charm,1,Discord+Fourth Time's the Charm,2884596447
2762,The Enigma,fallback,Glaive,Void,0,0,1,0,Replenishing Aegis,Kill Clip,1,Kill Clip+Replenishing Aegis,2595497736
2763,Techeun Force,fallback,Fusion Rifle,Arc,0,0,1,0,Envious Assassin,Backup Plan,1,Backup Plan+Envious Assassin,3591141932
2764,Succession,fallback,Sniper Rifle,Kinetic,0,0,1,0,No Distractions,Recombination,1,No Distractions+Recombination,2990047042
2765,Reckless Oracle,fallback,Auto Rifle,Void,0,0,1,0,Destabilizing Rounds,Paracausal Affinity,1,Destabilizing Rounds+Paracausal Affinity,1992309064
2766,Prophet of Doom,fallback,Shotgun,Arc,0,0,1,0,Envious Arsenal,One-Two Punch,1,Envious Arsenal+One-Two Punch,2145441168
2767,Pro Memoria,fallback,Machine Gun,Strand,0,0,1,0,Envious Assassin,Dragonfly,1,Dragonfly+Envious Assassin,3605603507
2768,Posterity,fallback,Hand Cannon,Arc,0,0,1,0,Supercharged Magazine,Explosive Payload,1,Explosive Payload+Supercharged Magazine,3281285075
2769,Omniscient Eye,fallback,Sniper Rifle,Solar,0,0,1,0,Elemental Capacitor,Box Breathing,1,Box Breathing+Elemental Capacitor,147444292
2770,Neoptolemus II,fallback,Combat Bow,Kinetic,0,0,0,1,Pugilist,Lone Wolf,1,Lone Wolf+Pugilist,2848549302
2771,Nation of Beasts,fallback,Hand Cannon,Arc,0,0,1,0,Discord,Jolting Feedback,1,Discord+Jolting Feedback,70083888
2772,Heritage,fallback,Shotgun,Kinetic,0,0,1,0,Hip-Fire Grip,Recombination,1,Hip-Fire Grip+Recombination,4248569242
2773,Commemoration,fallback,Machine Gun,Void,0,0,1,0,Dragonfly,Redirection,1,Dragonfly+Redirection,4230965989
2774,Come to Pass,fallback,Auto Rifle,Arc,0,0,1,0,Compulsive Reloader,Jolting Feedback,1,Compulsive Reloader+Jolting Feedback,927567426
2775,Chattering Bone,fallback,Pulse Rifle,Kinetic,0,0,1,0,Ancillary Ordinance,Harmony,1,Ancillary Ordinance+Harmony,501329015
2776,Apex Predator,fallback,Rocket Launcher,Solar,0,0,1,0,Chain Reaction,Collective Demolition,1,Chain Reaction+Collective Demolition,1851777734
2777,Adverse Possession IX,fallback,Scout Rifle,Arc,0,0,0,1,Discord,Heating Up,1,Discord+Heating Up,1890332078
2778,Accrued Redemption,fallback,Combat Bow,Kinetic,0,0,1,0,Attrition Orbs,Archer's Gambit,1,Archer's Gambit+Attrition Orbs,3621336854
2779,Age-Old Bond,fallback,Auto Rifle,Void,0,0,1,0,Dragonfly,Golden Tricorn,1,Dragonfly+Golden Tricorn,424291879
2780,Zealot's Reward,fallback,Fusion Rifle,Void,0,0,1,0,Ambitious Assassin,Dimensional Shift,1,Ambitious Assassin+Dimensional Shift,2720651699
2781,Tyranny of Heaven,fallback,Combat Bow,Solar,0,0,1,0,Explosive Head,Collective Action,1,Collective Action+Explosive Head,3388655311
2782,Transfiguration,fallback,Scout Rifle,Kinetic,0,0,1,0,Adhesive Ordnance,Explosive Payload,1,Adhesive Ordnance+Explosive Payload,3885259140
2783,The Enigma,fallback,Glaive,Void,0,0,1,0,Replenishing Aegis,Frenzy,1,Frenzy+Replenishing Aegis,2595497736
2784,Techeun Force,fallback,Fusion Rifle,Arc,0,0,1,0,Demolitionist,Backup Plan,1,Backup Plan+Demolitionist,3591141932
2785,Succession,fallback,Sniper Rifle,Kinetic,0,0,1,0,Moving Target,Recombination,1,Moving Target+Recombination,2990047042
2786,Reckless Oracle,fallback,Auto Rifle,Void,0,0,1,0,Destabilizing Rounds,Collective Action,1,Collective Action+Destabilizing Rounds,1992309064
2787,Prophet of Doom,fallback,Shotgun,Arc,0,0,1,0,Envious Arsenal,Gear Shift,1,Envious Arsenal+Gear Shift,2145441168
2788,Pro Memoria,fallback,Machine Gun,Strand,0,0,1,0,Attrition Orbs,Mega Kill Clip,1,Attrition Orbs+Mega Kill Clip,3605603507
2789,Posterity,fallback,Hand Cannon,Arc,0,0,1,0,Reconstruction,Pugilist,1,Pugilist+Reconstruction,3281285075
2790,Neoptolemus II,fallback,Combat Bow,Kinetic,0,0,0,1,Air Trigger,Wellspring,1,Air Trigger+Wellspring,2848549302
2791,Heritage,fallback,Shotgun,Kinetic,0,0,1,0,Envious Arsenal,Unrelenting,1,Envious Arsenal+Unrelenting,4248569242
2792,Commemoration,fallback,Machine Gun,Void,0,0,1,0,Dragonfly,Killing Tally,1,Dragonfly+Killing Tally,4230965989
2793,Chattering Bone,fallback,Pulse Rifle,Kinetic,0,0,1,0,Ancillary Ordinance,Focused Fury,1,Ancillary Ordinance+Focused Fury,501329015
2794,Apex Predator,fallback,Rocket Launcher,Solar,0,0,1,0,Chain Reaction,Bipod,1,Bipod+Chain Reaction,1851777734
2795,Adverse Possession IX,fallback,Scout Rifle,Arc,0,0,0,1,Compulsive Reloader,Sympathetic Arsenal,1,Compulsive Reloader+Sympathetic Arsenal,1890332078
2796,Accrued Redemption,fallback,Combat Bow,Kinetic,0,0,1,0,Archer's Tempo,Rapid Hit,1,Archer's Tempo+Rapid Hit,3621336854
2797,Trustee,fallback,Scout Rifle,Solar,0,0,1,0,Zen Moment,Redirection,1,Redirection+Zen Moment,1392919471
2798,The Supremacy,fallback,Sniper Rifle,Kinetic,0,0,1,0,Lucky Shot,Vorpal Weapon,1,Lucky Shot+Vorpal Weapon,2884596447
2799,Omniscient Eye,fallback,Sniper Rifle,Solar,0,0,1,0,Lucky Shot,Elemental Honing,1,Elemental Honing+Lucky Shot,147444292
2800,Nation of Beasts,fallback,Hand Cannon,Arc,0,0,1,0,Trickle Charge,Golden Tricorn Enhanced,1,Golden Tricorn Enhanced+Trickle Charge,70083888
2801,Come to Pass,fallback,Auto Rifle,Arc,0,0,1,0,Trickle Charge,Golden Tricorn,1,Golden Tricorn+Trickle Charge,927567426
2802,Age-Old Bond,fallback,Auto Rifle,Void,0,0,1,0,Dragonfly,Collective Action,1,Collective Action+Dragonfly,424291879
2803,Tyranny of Heaven,fallback,Combat Bow,Solar,0,0,1,0,Explosive Head,Archer's Gambit,1,Archer's Gambit+Explosive Head,3388655311
2804,Transfiguration,fallback,Scout Rifle,Kinetic,0,0,1,0,Adhesive Ordnance,Collective Action,1,Adhesive Ordnance+Collective Action,3885259140
2805,The Enigma,fallback,Glaive,Void,0,0,1,0,Replenishing Aegis,Empty Traits Socket,1,Empty Traits Socket+Replenishing Aegis,2595497736
2806,Techeun Force,fallback,Fusion Rifle,Arc,0,0,1,0,Collective Demolition,Rangefinder,1,Collective Demolition+Rangefinder,3591141932
2807,Succession,fallback,Sniper Rifle,Kinetic,0,0,1,0,Killing Wind,Recombination,1,Killing Wind+Recombination,2990047042
2808,Prophet of Doom,fallback,Shotgun,Arc,0,0,1,0,Envious Arsenal,Barrel Constrictor,1,Barrel Constrictor+Envious Arsenal,2145441168
2809,Posterity,fallback,Hand Cannon,Arc,0,0,1,0,Reconstruction,Gutshot Straight,1,Gutshot Straight+Reconstruction,3281285075
2810,Neoptolemus II,fallback,Combat Bow,Kinetic,0,0,0,1,Air Trigger,Tunnel Vision,1,Air Trigger+Tunnel Vision,2848549302
2811,Heritage,fallback,Shotgun,Kinetic,0,0,1,0,Envious Arsenal,Recombination,1,Envious Arsenal+Recombination,4248569242
2812,Commemoration,fallback,Machine Gun,Void,0,0,1,0,Dragonfly,Dragonfly,1,Dragonfly,4230965989
2813,Chattering Bone,fallback,Pulse Rifle,Kinetic,0,0,1,0,Ancillary Ordinance,Elemental Capacitor,1,Ancillary Ordinance+Elemental Capacitor,501329015
2814,Adverse Possession IX,fallback,Scout Rifle,Arc,0,0,0,1,Compulsive Reloader,Keep Away,1,Compulsive Reloader+Keep Away,1890332078
2815,Accrued Redemption,fallback,Combat Bow,Kinetic,0,0,1,0,Archer's Tempo,Lone Wolf,1,Archer's Tempo+Lone Wolf,3621336854
2816,Zealot's Reward,fallback,Fusion Rifle,Void,0,0,1,0,Repulsor Brace,Dimensional Shift,1,Dimensional Shift+Repulsor Brace,2720651699
2817,Trustee,fallback,Scout Rifle,Solar,0,0,1,0,Surplus,Redirection,1,Redirection+Surplus,1392919471
2818,The Supremacy,fallback,Sniper Rifle,Kinetic,0,0,1,0,Lucky Shot,Bait and Switch,1,Bait and Switch+Lucky Shot,2884596447
2819,Pro Memoria,fallback,Machine Gun,Strand,0,0,1,0,Reconstruction,Dragonfly,1,Dragonfly+Reconstruction,3605603507
2820,Omniscient Eye,fallback,Sniper Rifle,Solar,0,0,1,0,Envious Arsenal,Snapshot Sights,1,Envious Arsenal+Snapshot Sights,147444292
2821,Nation of Beasts,fallback,Hand Cannon,Arc,0,0,1,0,Trickle Charge,Explosive Payload,1,Explosive Payload+Trickle Charge,70083888
2822,Come to Pass,fallback,Auto Rifle,Arc,0,0,1,0,Supercharged Magazine,One for All,1,One for All+Supercharged Magazine,927567426
2823,Apex Predator,fallback,Rocket Launcher,Solar,0,0,1,0,Empty Traits Socket,Collective Demolition,1,Collective Demolition+Empty Traits Socket,1851777734
2824,Tyranny of Heaven,fallback,Combat Bow,Solar,0,0,1,0,Explosive Head,Adagio,1,Adagio+Explosive Head,3388655311
2825,Transfiguration,fallback,Scout Rifle,Kinetic,0,0,1,0,Adhesive Ordnance,Adrenaline Junkie,1,Adhesive Ordnance+Adrenaline Junkie,3885259140
2826,The Enigma,fallback,Glaive,Void,0,0,1,0,Lead from Gold,Proximity Power,1,Lead from Gold+Proximity Power,2595497736
2827,Techeun Force,fallback,Fusion Rifle,Arc,0,0,1,0,Collective Demolition,Kickstart,1,Collective Demolition+Kickstart,3591141932
2828,Succession,fallback,Sniper Rifle,Kinetic,0,0,1,0,Firmly Planted,Redirection,1,Firmly Planted+Redirection,2990047042
2829,Prophet of Doom,fallback,Shotgun,Arc,0,0,1,0,Air Trigger,Trench Barrel,1,Air Trigger+Trench Barrel,2145441168
2830,Posterity,fallback,Hand Cannon,Arc,0,0,1,0,Perfect Float,Unrelenting,1,Perfect Float+Unrelenting,3281285075
2831,Neoptolemus II,fallback,Combat Bow,Kinetic,0,0,0,1,Air Trigger,Sneak Bow,1,Air Trigger+Sneak Bow,2848549302
2832,Heritage,fallback,Shotgun,Kinetic,0,0,1,0,Envious Arsenal,Offhand Strike,1,Envious Arsenal+Offhand Strike,4248569242
2833,Commemoration,fallback,Machine Gun,Void,0,0,1,0,Adaptive Munitions,Redirection,1,Adaptive Munitions+Redirection,4230965989
2834,Accrued Redemption,fallback,Combat Bow,Kinetic,0,0,1,0,Archer's Tempo,Kinetic Tremors,1,Archer's Tempo+Kinetic Tremors,3621336854
2835,The Supremacy,fallback,Sniper Rifle,Kinetic,0,0,1,0,Keep Away,Bewildering Burst,1,Bewildering Burst+Keep Away,2884596447
2836,Nation of Beasts,fallback,Hand Cannon,Arc,0,0,1,0,Gear Shift,Empty Traits Socket,1,Empty Traits Socket+Gear Shift,70083888
2837,Come to Pass,fallback,Auto Rifle,Arc,0,0,1,0,Genesis,Rolling Storm,1,Genesis+Rolling Storm,927567426
2838,Chattering Bone,fallback,Pulse Rifle,Kinetic,0,0,1,0,Stopping Power,Rampage,1,Rampage+Stopping Power,501329015
2839,Tyranny of Heaven,fallback,Combat Bow,Solar,0,0,1,0,Dragonfly,Incandescent,1,Dragonfly+Incandescent,3388655311
2840,The Enigma,fallback,Glaive,Void,0,0,1,0,Lead from Gold,Kill Clip,1,Kill Clip+Lead from Gold,2595497736
2841,Techeun Force,fallback,Fusion Rifle,Arc,0,0,1,0,Collective Demolition,Golden Tricorn Enhanced,1,Collective Demolition+Golden Tricorn Enhanced,3591141932
2842,Succession,fallback,Sniper Rifle,Kinetic,0,0,1,0,Firmly Planted,Recombination,1,Firmly Planted+Recombination,2990047042
2843,Prophet of Doom,fallback,Shotgun,Arc,0,0,1,0,Air Trigger,One-Two Punch,1,Air Trigger+One-Two Punch,2145441168
2844,Posterity,fallback,Hand Cannon,Arc,0,0,1,0,Perfect Float,Redirection,1,Perfect Float+Redirection,3281285075
2845,Neoptolemus II,fallback,Combat Bow,Kinetic,0,0,0,1,Air Trigger,Perfect Float,1,Air Trigger+Perfect Float,2848549302
2846,Heritage,fallback,Shotgun,Kinetic,0,0,1,0,Envious Arsenal,Killing Wind,1,Envious Arsenal+Killing Wind,4248569242
2847,Commemoration,fallback,Machine Gun,Void,0,0,1,0,Adaptive Munitions,Rampage,1,Adaptive Munitions+Rampage,4230965989
2848,Transfiguration,fallback,Scout Rifle,Kinetic,0,0,1,0,Rampage,Ancillary Ordinance,1,Ancillary Ordinance+Rampage,3885259140
2849,The Supremacy,fallback,Sniper Rifle,Kinetic,0,0,1,0,Empty Traits Socket,Bewildering Burst,1,Bewildering Burst+Empty Traits Socket,2884596447
2850,Nation of Beasts,fallback,Hand Cannon,Arc,0,0,1,0,Empty Traits Socket,Jolting Feedback,1,Empty Traits Socket+Jolting Feedback,70083888
2851,Chattering Bone,fallback,Pulse Rifle,Kinetic,0,0,1,0,Discord,Bewildering Burst,1,Bewildering Burst+Discord,501329015
2852,Accrued Redemption,fallback,Combat Bow,Kinetic,0,0,1,0,Wellspring,Swashbuckler,1,Swashbuckler+Wellspring,3621336854
2853,Tyranny of Heaven,fallback,Combat Bow,Solar,0,0,1,0,Burning Ambition,One for All,1,Burning Ambition+One for All,3388655311
2854,The Enigma,fallback,Glaive,Void,0,0,1,0,Impulse Amplifier,Kill Clip,1,Impulse Amplifier+Kill Clip,2595497736
2855,Techeun Force,fallback,Fusion Rifle,Arc,0,0,1,0,Collective Demolition,Golden Tricorn,1,Collective Demolition+Golden Tricorn,3591141932
2856,Succession,fallback,Sniper Rifle,Kinetic,0,0,1,0,Firmly Planted,Osmosis,1,Firmly Planted+Osmosis,2990047042
2857,Prophet of Doom,fallback,Shotgun,Arc,0,0,1,0,Air Trigger,Jolting Feedback,1,Air Trigger+Jolting Feedback,2145441168
2858,Posterity,fallback,Hand Cannon,Arc,0,0,1,0,Genesis,Redirection,1,Genesis+Redirection,3281285075
2859,Neoptolemus II,fallback,Combat Bow,Kinetic,0,0,0,1,Air Trigger,Lone Wolf,1,Air Trigger+Lone Wolf,2848549302
2860,Heritage,fallback,Shotgun,Kinetic,0,0,1,0,Envious Arsenal,Focused Fury,1,Envious Arsenal+Focused Fury,4248569242
2861,Commemoration,fallback,Machine Gun,Void,0,0,1,0,Adaptive Munitions,High-Impact Reserves,1,Adaptive Munitions+High-Impact Reserves,4230965989
2862,Transfiguration,fallback,Scout Rifle,Kinetic,0,0,1,0,Empty Traits Socket,Ancillary Ordinance,1,Ancillary Ordinance+Empty Traits Socket,3885259140
2863,Accrued Redemption,fallback,Combat Bow,Kinetic,0,0,1,0,Wellspring,Archer's Gambit,1,Archer's Gambit+Wellspring,3621336854
2864,Tyranny of Heaven,fallback,Combat Bow,Solar,0,0,1,0,Burning Ambition,Golden Tricorn Enhanced,1,Burning Ambition+Golden Tricorn Enhanced,3388655311
2865,The Enigma,fallback,Glaive,Void,0,0,1,0,Grave Robber,Proximity Power,1,Grave Robber+Proximity Power,2595497736
2866,Techeun Force,fallback,Fusion Rifle,Arc,0,0,1,0,Collective Demolition,Controlled Burst,1,Collective Demolition+Controlled Burst,3591141932
2867,Succession,fallback,Sniper Rifle,Kinetic,0,0,1,0,Firmly Planted,Elemental Honing,1,Elemental Honing+Firmly Planted,2990047042
2868,Prophet of Doom,fallback,Shotgun,Arc,0,0,1,0,Air Trigger,Barrel Constrictor,1,Air Trigger+Barrel Constrictor,2145441168
2869,Posterity,fallback,Hand Cannon,Arc,0,0,1,0,Genesis,Gutshot Straight,1,Genesis+Gutshot Straight,3281285075
2870,Heritage,fallback,Shotgun,Kinetic,0,0,1,0,Dual Loader,Moving Target,1,Dual Loader+Moving Target,4248569242
2871,Commemoration,fallback,Machine Gun,Void,0,0,1,0,Adaptive Munitions,Firing Line,1,Adaptive Munitions+Firing Line,4230965989
2872,Accrued Redemption,fallback,Combat Bow,Kinetic,0,0,1,0,Empty Traits Socket,Archer's Gambit,1,Archer's Gambit+Empty Traits Socket,3621336854
2873,Tyranny of Heaven,fallback,Combat Bow,Solar,0,0,1,0,Burning Ambition,Golden Tricorn,1,Burning Ambition+Golden Tricorn,3388655311
2874,The Enigma,fallback,Glaive,Void,0,0,1,0,Feeding Frenzy,Unstoppable Force,1,Feeding Frenzy+Unstoppable Force,2595497736
2875,Techeun Force,fallback,Fusion Rifle,Arc,0,0,1,0,Collective Demolition,Backup Plan,1,Backup Plan+Collective Demolition,3591141932
2876,Succession,fallback,Sniper Rifle,Kinetic,0,0,1,0,Discord,Thresh,1,Discord+Thresh,2990047042
2877,Heritage,fallback,Shotgun,Kinetic,0,0,1,0,Dual Loader,Aggregate Charge,1,Aggregate Charge+Dual Loader,4248569242
2878,Posterity,fallback,Hand Cannon,Arc,0,0,1,0,Reconstruction,Unrelenting,1,Reconstruction+Unrelenting,3281285075
2879,Commemoration,fallback,Machine Gun,Void,0,0,1,0,Reconstruction,Rampage,1,Rampage+Reconstruction,4230965989
2880,Tyranny of Heaven,fallback,Combat Bow,Solar,0,0,1,0,Burning Ambition,Archer's Gambit,1,Archer's Gambit+Burning Ambition,3388655311
2881,The Enigma,fallback,Glaive,Void,0,0,1,0,Feeding Frenzy,Proximity Power,1,Feeding Frenzy+Proximity Power,2595497736
2882,Succession,fallback,Sniper Rifle,Kinetic,0,0,1,0,Discord,Recombination,1,Discord+Recombination,2990047042
2883,Posterity,fallback,Hand Cannon,Arc,0,0,1,0,Fourth Time's the Charm,Redirection,1,Fourth Time's the Charm+Redirection,3281285075
2884,Heritage,fallback,Shotgun,Kinetic,0,0,1,0,Reconstruction,Thresh,1,Reconstruction+Thresh,4248569242
2885,Commemoration,fallback,Machine Gun,Void,0,0,1,0,Feeding Frenzy,Redirection,1,Feeding Frenzy+Redirection,4230965989
2886,Tyranny of Heaven,fallback,Combat Bow,Solar,0,0,1,0,Archer's Tempo,Collective Action,1,Archer's Tempo+Collective Action,3388655311
2887,The Enigma,fallback,Glaive,Void,0,0,1,0,Feeding Frenzy,Close to Melee,1,Close to Melee+Feeding Frenzy,2595497736
2888,Succession,fallback,Sniper Rifle,Kinetic,0,0,1,0,Discord,Osmosis,1,Discord+Osmosis,2990047042
2889,Heritage,fallback,Shotgun,Kinetic,0,0,1,0,Reconstruction,Recombination,1,Recombination+Reconstruction,4248569242
2890,The Enigma,fallback,Glaive,Void,0,0,1,0,Empty Traits Socket,Proximity Power,1,Empty Traits Socket+Proximity Power,2595497736
