copy_index,weapon,role,type,damage_type,is_tiered,is_adept,is_vendor6,is_craftable,is_obtainable,col2_perks,col3_perks,combos_solved,best_pos,gfs,sample_combos,hash
1,Frontier's Cry,preferred,Hand Cannon,Solar,1,0,0,0,1,"Adaptive Munitions, Compulsive Reloader, Steady Hands","Adagio, Iron Grip, Iron Reach",8,1,243,Adagio+Adaptive Munitions | Adagio+Steady Hands | Adaptive Munitions+Iron Grip | Adaptive Munitions+Iron Reach | Compulsive Reloader+Iron Grip | Compulsive Reloader+Iron Reach | Iron Grip+Steady Hands | Iron Reach+Steady Hands,3203303472
2,Tinasha's Mastery,preferred,Sidearm,Stasis,1,0,0,0,1,"Air Trigger, Deconstruct, Reverberation","Adagio, Chill Clip, Desperate Measures",9,1,248,Adagio+Air Trigger | Adagio+Deconstruct | Adagio+Reverberation | Air Trigger+Chill Clip | Air Trigger+Desperate Measures | Chill Clip+Deconstruct | Chill Clip+Reverberation | Deconstruct+Desperate Measures | Desperate Measures+Reverberation,480368036
3,Aureus Neutralizer,preferred,Hand Cannon,Kinetic,1,0,0,0,1,"Barrel Constrictor, Proximity Power, Threat Remover","Adagio, Cascade Point, Closing Time",9,1,275,Adagio+Barrel Constrictor | Adagio+Proximity Power | Adagio+Threat Remover | Barrel Constrictor+Cascade Point | Barrel Constrictor+Closing Time | Cascade Point+Proximity Power | Cascade Point+Threat Remover | Closing Time+Proximity Power | Closing Time+Threat Remover,3981920134
4,Returned Memory,preferred,Sidearm,Solar,1,0,1,0,1,"Beacon Rounds, Blast Distributor, Impulse Amplifier","Adagio, Burning Ambition, Redirection",9,1,167,Adagio+Beacon Rounds | Adagio+Blast Distributor | Adagio+Impulse Amplifier | Beacon Rounds+Burning Ambition | Beacon Rounds+Redirection | Blast Distributor+Burning Ambition | Blast Distributor+Redirection | Burning Ambition+Impulse Amplifier | Impulse Amplifier+Redirection,4049127142
5,Parabellum,preferred,Submachine Gun,Solar,1,0,0,0,1,"Collective Demolition, Killing Wind, Light Touch","Adagio, Attrition Orbs, Burning Ambition",9,1,233,Adagio+Collective Demolition | Adagio+Killing Wind | Adagio+Light Touch | Attrition Orbs+Collective Demolition | Attrition Orbs+Killing Wind | Attrition Orbs+Light Touch | Burning Ambition+Collective Demolition | Burning Ambition+Killing Wind | Burning Ambition+Light Touch,3769072067
6,Aisha's Embrace,preferred,Scout Rifle,Void,1,0,0,0,1,"Demoralize, Eye of the Storm, Vorpal Weapon","Adagio, Precision Instrument, Sword Logic",8,1,300,Adagio+Demoralize | Adagio+Eye of the Storm | Adagio+Vorpal Weapon | Demoralize+Precision Instrument | Demoralize+Sword Logic | Eye of the Storm+Precision Instrument | Precision Instrument+Vorpal Weapon | Sword Logic+Vorpal Weapon,3709368142
7,Mos Athanor IV,preferred,Hand Cannon,Void,1,0,1,0,1,"Built to Blast, Destabilizing Rounds, Moving Target","Adagio, Eye of the Storm, Sword Logic",5,1,281,Adagio+Destabilizing Rounds | Built to Blast+Eye of the Storm | Built to Blast+Sword Logic | Destabilizing Rounds+Sword Logic | Moving Target+Sword Logic,4118334987
8,Wastelander M5,preferred,Shotgun,Kinetic,1,0,0,1,1,"Air Assault, Dual Loader, Ensemble","Adagio, Fragile Focus, One-Two Punch",9,1,509,Adagio+Air Assault | Adagio+Dual Loader | Adagio+Ensemble | Air Assault+Fragile Focus | Air Assault+One-Two Punch | Dual Loader+Fragile Focus | Dual Loader+One-Two Punch | Ensemble+Fragile Focus | Ensemble+One-Two Punch,1679868061
9,Ulterior Observation,preferred,Machine Gun,Stasis,1,0,0,0,1,"Built to Blast, Envious Arsenal, Headstone","Adagio, Binary Orbit, Closing Time",7,1,239,Adagio+Envious Arsenal | Adagio+Headstone | Binary Orbit+Built to Blast | Binary Orbit+Envious Arsenal | Binary Orbit+Headstone | Built to Blast+Closing Time | Closing Time+Headstone,1079872540
10,Shoreline Dissident,preferred,Sniper Rifle,Void,1,0,0,0,1,"Ambitious Assassin, Explosive Payload, Triple Tap","Adagio, Demoralize, Precision Instrument",9,1,212,Adagio+Ambitious Assassin | Adagio+Explosive Payload | Adagio+Triple Tap | Ambitious Assassin+Demoralize | Ambitious Assassin+Precision Instrument | Demoralize+Explosive Payload | Demoralize+Triple Tap | Explosive Payload+Precision Instrument | Precision Instrument+Triple Tap,1193318082
11,Survivor's Epitaph,preferred,Hand Cannon,Kinetic,1,0,1,0,1,"Feeding Frenzy, High-Impact Reserves, Quickdraw","Adagio, Multikill Clip, Precision Instrument",9,1,446,Adagio+Feeding Frenzy | Adagio+High-Impact Reserves | Adagio+Quickdraw | Feeding Frenzy+Multikill Clip | Feeding Frenzy+Precision Instrument | High-Impact Reserves+Multikill Clip | High-Impact Reserves+Precision Instrument | Multikill Clip+Quickdraw | Precision Instrument+Quickdraw,4059111040
12,Briar's Contempt (Adept),preferred,Linear Fusion Rifle,Solar,0,1,0,1,0,"Incandescent, Rapid Hit, Reconstruction","Adagio, Aggregate Charge, Chaos Reshaped",9,1,558,Adagio+Incandescent | Adagio+Rapid Hit | Adagio+Reconstruction | Aggregate Charge+Incandescent | Aggregate Charge+Rapid Hit | Aggregate Charge+Reconstruction | Chaos Reshaped+Incandescent | Chaos Reshaped+Rapid Hit | Chaos Reshaped+Reconstruction,2890082420
13,Anonymous Autumn,preferred,Sidearm,Arc,1,0,1,0,1,"Attrition Orbs, Rangefinder, Strategist","Adagio, Multikill Clip, Voltshot",9,1,1101,Adagio+Attrition Orbs | Adagio+Rangefinder | Adagio+Strategist | Attrition Orbs+Multikill Clip | Attrition Orbs+Voltshot | Multikill Clip+Rangefinder | Multikill Clip+Strategist | Rangefinder+Voltshot | Strategist+Voltshot,1644501332
14,Iterative Loop,preferred,Fusion Rifle,Arc,1,0,0,1,1,"Compulsive Reloader, Supercharged Magazine, Well-Rounded","Adagio, Closing Time, Kickstart",8,1,651,Adagio+Compulsive Reloader | Adagio+Supercharged Magazine | Adagio+Well-Rounded | Closing Time+Compulsive Reloader | Closing Time+Supercharged Magazine | Closing Time+Well-Rounded | Compulsive Reloader+Kickstart | Kickstart+Supercharged Magazine,1289796511
15,Sublimation,preferred,Scout Rifle,Arc,1,0,0,0,1,"Eddy Current, Impromptu Ammunition, Sympathetic Arsenal","Adagio, No Distractions, Redirection",8,1,268,Adagio+Eddy Current | Adagio+Impromptu Ammunition | Adagio+Sympathetic Arsenal | Eddy Current+No Distractions | Eddy Current+Redirection | Impromptu Ammunition+No Distractions | No Distractions+Sympathetic Arsenal | Redirection+Sympathetic Arsenal,1674692344
16,Round Robin,preferred,Hand Cannon,Strand,1,0,0,1,1,"Envious Assassin, Fourth Time's the Charm, Tear","Adagio, Elemental Capacitor, Kill Clip",9,1,1014,Adagio+Envious Assassin | Adagio+Fourth Time's the Charm | Adagio+Tear | Elemental Capacitor+Envious Assassin | Elemental Capacitor+Fourth Time's the Charm | Elemental Capacitor+Tear | Envious Assassin+Kill Clip | Fourth Time's the Charm+Kill Clip | Kill Clip+Tear,2034215657
17,Fortissimo-11,preferred,Shotgun,Kinetic,1,0,1,0,1,"Pulse Monitor, Steady Hands, Unrelenting","Adagio, Elemental Capacitor, Osmosis",7,1,1551,Adagio+Pulse Monitor | Adagio+Unrelenting | Elemental Capacitor+Steady Hands | Elemental Capacitor+Unrelenting | Osmosis+Pulse Monitor | Osmosis+Steady Hands | Osmosis+Unrelenting,963732595
18,Convened Recurve,preferred,Combat Bow,Void,1,0,1,0,1,"Built to Blast, Moving Target, Withering Gaze","Adagio, Aggregate Charge, Butterfly",8,1,181,Adagio+Built to Blast | Adagio+Moving Target | Adagio+Withering Gaze | Aggregate Charge+Built to Blast | Aggregate Charge+Moving Target | Aggregate Charge+Withering Gaze | Butterfly+Moving Target | Butterfly+Withering Gaze,3667861447
19,Cataclysmic (Adept),preferred,Linear Fusion Rifle,Solar,0,1,0,1,0,"Burning Ambition, No Distractions, Slideshot","Adaptive Munitions, Bait and Switch, Box Breathing",9,1,304,Adaptive Munitions+Burning Ambition | Adaptive Munitions+No Distractions | Adaptive Munitions+Slideshot | Bait and Switch+Burning Ambition | Bait and Switch+No Distractions | Bait and Switch+Slideshot | Box Breathing+Burning Ambition | Box Breathing+No Distractions | Box Breathing+Slideshot,2886339027
20,Eleatic Principle,preferred,Machine Gun,Arc,1,0,0,1,1,"Eddy Current, Ensemble, Offhand Strike","Adaptive Munitions, Rangefinder, Tap the Trigger",8,1,593,Adaptive Munitions+Eddy Current | Adaptive Munitions+Ensemble | Adaptive Munitions+Offhand Strike | Eddy Current+Rangefinder | Eddy Current+Tap the Trigger | Ensemble+Rangefinder | Ensemble+Tap the Trigger | Offhand Strike+Rangefinder,105306149
21,Retraced Path,preferred,Trace Rifle,Solar,1,0,0,1,1,"Adaptive Munitions, Genesis, Killing Wind","Golden Tricorn, Golden Tricorn Enhanced, Incandescent",8,1,739,Adaptive Munitions+Golden Tricorn | Adaptive Munitions+Golden Tricorn Enhanced | Adaptive Munitions+Incandescent | Genesis+Golden Tricorn Enhanced | Genesis+Incandescent | Golden Tricorn+Killing Wind | Golden Tricorn Enhanced+Killing Wind | Incandescent+Killing Wind,548958835
22,Chain of Command,preferred,Machine Gun,Stasis,1,0,1,0,1,"Headstone, Osmosis, Overflow","Adaptive Munitions, Desperate Measures, Meganeura",9,1,228,Adaptive Munitions+Headstone | Adaptive Munitions+Osmosis | Adaptive Munitions+Overflow | Desperate Measures+Headstone | Desperate Measures+Osmosis | Desperate Measures+Overflow | Headstone+Meganeura | Meganeura+Osmosis | Meganeura+Overflow,1716620044
23,Positive Outlook,preferred,Auto Rifle,Void,1,0,1,0,1,"Invisible Hand, Perfect Float, Shot Swap","Adaptive Munitions, Dragonfly, Elemental Capacitor",9,1,963,Adaptive Munitions+Invisible Hand | Adaptive Munitions+Perfect Float | Adaptive Munitions+Shot Swap | Dragonfly+Invisible Hand | Dragonfly+Perfect Float | Dragonfly+Shot Swap | Elemental Capacitor+Invisible Hand | Elemental Capacitor+Perfect Float | Elemental Capacitor+Shot Swap,491078457
24,Frontier's Cry,preferred,Hand Cannon,Solar,1,0,0,0,1,"Adaptive Munitions, Stats for All, Tunnel Vision","Iron Grip, Iron Reach, Kill Clip",7,1,243,Adaptive Munitions+Kill Clip | Iron Grip+Stats for All | Iron Grip+Tunnel Vision | Iron Reach+Stats for All | Iron Reach+Tunnel Vision | Kill Clip+Stats for All | Kill Clip+Tunnel Vision,3203303472
25,Doom of Chelchis (Harrowed),preferred,Scout Rifle,Void,0,1,0,1,0,"Adaptive Munitions, Demoralize, Destabilizing Rounds","Focused Fury, Meganeura, Withering Gaze",9,1,472,Adaptive Munitions+Focused Fury | Adaptive Munitions+Meganeura | Adaptive Munitions+Withering Gaze | Demoralize+Focused Fury | Demoralize+Meganeura | Demoralize+Withering Gaze | Destabilizing Rounds+Focused Fury | Destabilizing Rounds+Meganeura | Destabilizing Rounds+Withering Gaze,1184692845
26,Insidious (Adept),preferred,Pulse Rifle,Arc,0,1,0,1,0,"Compulsive Reloader, Frenzy, Rolling Storm","Adaptive Munitions, Adrenaline Junkie, Chaos Reshaped",8,1,614,Adaptive Munitions+Compulsive Reloader | Adaptive Munitions+Frenzy | Adaptive Munitions+Rolling Storm | Adrenaline Junkie+Frenzy | Adrenaline Junkie+Rolling Storm | Chaos Reshaped+Compulsive Reloader | Chaos Reshaped+Frenzy | Chaos Reshaped+Rolling Storm,786352912
27,Cataclysmic (Adept),preferred,Linear Fusion Rifle,Solar,0,1,0,1,0,"Dragonfly, Sleight of Hand, Successful Warm-Up","Adaptive Munitions, Aggregate Charge, Box Breathing",9,1,304,Adaptive Munitions+Dragonfly | Adaptive Munitions+Sleight of Hand | Adaptive Munitions+Successful Warm-Up | Aggregate Charge+Dragonfly | Aggregate Charge+Sleight of Hand | Aggregate Charge+Successful Warm-Up | Box Breathing+Dragonfly | Box Breathing+Sleight of Hand | Box Breathing+Successful Warm-Up,2886339027
28,Chain of Command,preferred,Machine Gun,Stasis,1,0,1,0,1,"Adrenaline Junkie, Turnabout, Under-Over","Adaptive Munitions, Desperate Measures, Killing Tally",9,1,228,Adaptive Munitions+Adrenaline Junkie | Adaptive Munitions+Turnabout | Adaptive Munitions+Under-Over | Adrenaline Junkie+Desperate Measures | Adrenaline Junkie+Killing Tally | Desperate Measures+Turnabout | Desperate Measures+Under-Over | Killing Tally+Turnabout | Killing Tally+Under-Over,1716620044
29,Smite of Merain (Harrowed),preferred,Pulse Rifle,Kinetic,0,1,0,1,0,"Demolitionist, Ensemble, Focused Fury","Adhesive Ordnance, All-Star, One for All",9,1,582,Adhesive Ordnance+Demolitionist | Adhesive Ordnance+Ensemble | Adhesive Ordnance+Focused Fury | All-Star+Demolitionist | All-Star+Ensemble | All-Star+Focused Fury | Demolitionist+One for All | Ensemble+One for All | Focused Fury+One for All,3407395594
30,Something Something,preferred,Sniper Rifle,Kinetic,1,0,1,0,1,"Discord, No Distractions, Snapshot Sights","Adhesive Ordnance, All-Star, Kinetic Tremors",7,1,138,Adhesive Ordnance+Discord | Adhesive Ordnance+No Distractions | Adhesive Ordnance+Snapshot Sights | All-Star+No Distractions | All-Star+Snapshot Sights | Kinetic Tremors+No Distractions | Kinetic Tremors+Snapshot Sights,3421075982
31,Last Rite,preferred,Scout Rifle,Kinetic,1,0,1,0,1,"Dual Loader, Hip-Fire Grip, Reconstruction","Adhesive Ordnance, Explosive Payload, Firefly",9,1,297,Adhesive Ordnance+Dual Loader | Adhesive Ordnance+Hip-Fire Grip | Adhesive Ordnance+Reconstruction | Dual Loader+Explosive Payload | Dual Loader+Firefly | Explosive Payload+Hip-Fire Grip | Explosive Payload+Reconstruction | Firefly+Hip-Fire Grip | Firefly+Reconstruction,3708636616
32,Inbound Surveillance,preferred,Scout Rifle,Kinetic,1,0,0,0,1,"Keep Away, Lucky Shot, Rapid Hit","Adhesive Ordnance, Frenzy, Redirection",9,1,241,Adhesive Ordnance+Keep Away | Adhesive Ordnance+Lucky Shot | Adhesive Ordnance+Rapid Hit | Frenzy+Keep Away | Frenzy+Lucky Shot | Frenzy+Rapid Hit | Keep Away+Redirection | Lucky Shot+Redirection | Rapid Hit+Redirection,2776506837
33,Smite of Merain (Harrowed),preferred,Pulse Rifle,Kinetic,0,1,0,1,0,"Ancillary Ordinance, Pugilist, Well-Rounded","Adhesive Ordnance, Adrenaline Junkie, All-Star",9,1,582,Adhesive Ordnance+Ancillary Ordinance | Adhesive Ordnance+Pugilist | Adhesive Ordnance+Well-Rounded | Adrenaline Junkie+Ancillary Ordinance | Adrenaline Junkie+Pugilist | Adrenaline Junkie+Well-Rounded | All-Star+Ancillary Ordinance | All-Star+Pugilist | All-Star+Well-Rounded,3407395594
34,Something Something,preferred,Sniper Rifle,Kinetic,1,0,1,0,1,"Bewildering Burst, Stopping Power, Triple Tap","Adhesive Ordnance, All-Star, Box Breathing",7,1,138,Adhesive Ordnance+Bewildering Burst | Adhesive Ordnance+Stopping Power | Adhesive Ordnance+Triple Tap | All-Star+Triple Tap | Bewildering Burst+Box Breathing | Box Breathing+Stopping Power | Box Breathing+Triple Tap,3421075982
35,Smite of Merain (Harrowed),preferred,Pulse Rifle,Kinetic,0,1,0,1,0,"Ancillary Ordinance, Bewildering Burst, Focused Fury","Adrenaline Junkie, Eye of the Storm, Firefly",7,1,582,Adrenaline Junkie+Bewildering Burst | Ancillary Ordinance+Eye of the Storm | Ancillary Ordinance+Firefly | Bewildering Burst+Eye of the Storm | Bewildering Burst+Firefly | Eye of the Storm+Focused Fury | Firefly+Focused Fury,3407395594
36,Nullify (Adept),preferred,Pulse Rifle,Solar,0,1,0,1,0,"Burning Ambition, Firefly, Fourth Time's the Charm","Adrenaline Junkie, Chaos Reshaped, Multikill Clip",9,1,525,Adrenaline Junkie+Burning Ambition | Adrenaline Junkie+Firefly | Adrenaline Junkie+Fourth Time's the Charm | Burning Ambition+Chaos Reshaped | Burning Ambition+Multikill Clip | Chaos Reshaped+Firefly | Chaos Reshaped+Fourth Time's the Charm | Firefly+Multikill Clip | Fourth Time's the Charm+Multikill Clip,892183998
37,Deliverance (Adept),preferred,Fusion Rifle,Stasis,0,1,0,1,0,"Compulsive Reloader, Cornered, Crystalline Corpsebloom","Adrenaline Junkie, Chain Reaction, Chill Clip",9,1,466,Adrenaline Junkie+Compulsive Reloader | Adrenaline Junkie+Cornered | Adrenaline Junkie+Crystalline Corpsebloom | Chain Reaction+Compulsive Reloader | Chain Reaction+Cornered | Chain Reaction+Crystalline Corpsebloom | Chill Clip+Compulsive Reloader | Chill Clip+Cornered | Chill Clip+Crystalline Corpsebloom,2943293195
38,Corrective Measure (Timelost),preferred,Machine Gun,Void,0,1,0,1,0,"Destabilizing Rounds, Dimensional Shift, Redirection","Adrenaline Junkie, Butterfly, Demoralize",9,1,367,Adrenaline Junkie+Destabilizing Rounds | Adrenaline Junkie+Dimensional Shift | Adrenaline Junkie+Redirection | Butterfly+Destabilizing Rounds | Butterfly+Dimensional Shift | Butterfly+Redirection | Demoralize+Destabilizing Rounds | Demoralize+Dimensional Shift | Demoralize+Redirection,2334480463
39,Horror Story,preferred,Auto Rifle,Stasis,1,0,0,0,1,"Dynamic Sway Reduction, Elemental Capacitor, Under-Over","Adrenaline Junkie, Headstone, Vorpal Weapon",6,1,468,Adrenaline Junkie+Dynamic Sway Reduction | Adrenaline Junkie+Elemental Capacitor | Adrenaline Junkie+Under-Over | Dynamic Sway Reduction+Vorpal Weapon | Elemental Capacitor+Headstone | Headstone+Under-Over,2884070594
40,Double-Edged Answer,preferred,Sword,Void,0,0,1,0,1,"En Garde, Energy Transfer, Pugilist","Adrenaline Junkie, Assassin's Blade, Attrition Orbs",8,1,1022,Adrenaline Junkie+En Garde | Adrenaline Junkie+Energy Transfer | Assassin's Blade+En Garde | Assassin's Blade+Energy Transfer | Assassin's Blade+Pugilist | Attrition Orbs+En Garde | Attrition Orbs+Energy Transfer | Attrition Orbs+Pugilist,105164264
41,Oversoul Edict (Adept),preferred,Pulse Rifle,Arc,0,1,0,1,0,"Eddy Current, Encore, Eye of the Storm","Adrenaline Junkie, Gear Shift, Moving Target",9,1,489,Adrenaline Junkie+Eddy Current | Adrenaline Junkie+Encore | Adrenaline Junkie+Eye of the Storm | Eddy Current+Gear Shift | Eddy Current+Moving Target | Encore+Gear Shift | Encore+Moving Target | Eye of the Storm+Gear Shift | Eye of the Storm+Moving Target,578105049
42,Borrowed Time,preferred,Submachine Gun,Solar,0,0,1,0,1,"Firmly Planted, Overflow, Tunnel Vision","Adrenaline Junkie, Demolitionist, Dragonfly",7,1,1510,Adrenaline Junkie+Firmly Planted | Adrenaline Junkie+Tunnel Vision | Demolitionist+Firmly Planted | Demolitionist+Overflow | Demolitionist+Tunnel Vision | Dragonfly+Firmly Planted | Dragonfly+Overflow,875848769
43,Cry Mutiny,preferred,Grenade Launcher,Solar,1,0,1,0,1,"Blast Distributor, Danger Zone, Incandescent","Adrenaline Junkie, Mega Kill Clip, Swashbuckler",8,1,326,Adrenaline Junkie+Danger Zone | Adrenaline Junkie+Incandescent | Blast Distributor+Mega Kill Clip | Blast Distributor+Swashbuckler | Danger Zone+Mega Kill Clip | Danger Zone+Swashbuckler | Incandescent+Mega Kill Clip | Incandescent+Swashbuckler,768696858
44,Different Times,preferred,Pulse Rifle,Strand,1,0,0,1,1,"Heating Up, Invisible Hand, Stats for All","Adrenaline Junkie, Hatchling, Headseeker",8,1,693,Adrenaline Junkie+Heating Up | Adrenaline Junkie+Invisible Hand | Adrenaline Junkie+Stats for All | Hatchling+Heating Up | Hatchling+Invisible Hand | Headseeker+Heating Up | Headseeker+Invisible Hand | Headseeker+Stats for All,3016891299
45,Seraphine Haze,preferred,Submachine Gun,Stasis,1,0,1,0,1,"Demolitionist, Lead From Light, Rimestealer","Adrenaline Junkie, Attrition Orbs, Collective Pugilism",9,1,270,Adrenaline Junkie+Demolitionist | Adrenaline Junkie+Lead From Light | Adrenaline Junkie+Rimestealer | Attrition Orbs+Demolitionist | Attrition Orbs+Lead From Light | Attrition Orbs+Rimestealer | Collective Pugilism+Demolitionist | Collective Pugilism+Lead From Light | Collective Pugilism+Rimestealer,1524387902
46,Punching Out,preferred,Sidearm,Solar,1,0,1,0,1,"Heal Clip, Light Touch, Rangefinder","Adrenaline Junkie, Binary Orbit, Feeding Frenzy",9,1,386,Adrenaline Junkie+Heal Clip | Adrenaline Junkie+Light Touch | Adrenaline Junkie+Rangefinder | Binary Orbit+Heal Clip | Binary Orbit+Light Touch | Binary Orbit+Rangefinder | Feeding Frenzy+Heal Clip | Feeding Frenzy+Light Touch | Feeding Frenzy+Rangefinder,1469372193
47,Out of Bounds,preferred,Submachine Gun,Arc,1,0,1,0,1,"Demolitionist, Loose Change, Subsistence","Adrenaline Junkie, Jolting Feedback, Rangefinder",7,1,650,Adrenaline Junkie+Loose Change | Demolitionist+Jolting Feedback | Demolitionist+Rangefinder | Jolting Feedback+Loose Change | Jolting Feedback+Subsistence | Loose Change+Rangefinder | Rangefinder+Subsistence,3021407779
48,Strident Whistle,preferred,Combat Bow,Solar,0,0,1,0,1,"Moving Target, No Distractions, Sneak Bow","Adrenaline Junkie, Cornered, Explosive Head",9,1,1101,Adrenaline Junkie+Moving Target | Adrenaline Junkie+No Distractions | Adrenaline Junkie+Sneak Bow | Cornered+Moving Target | Cornered+No Distractions | Cornered+Sneak Bow | Explosive Head+Moving Target | Explosive Head+No Distractions | Explosive Head+Sneak Bow,2591241074
49,Chain of Command,preferred,Machine Gun,Stasis,1,0,1,0,1,"Adrenaline Junkie, Turnabout, Under-Over","Focused Fury, Meganeura, Target Lock",9,1,228,Adrenaline Junkie+Focused Fury | Adrenaline Junkie+Meganeura | Adrenaline Junkie+Target Lock | Focused Fury+Turnabout | Focused Fury+Under-Over | Meganeura+Turnabout | Meganeura+Under-Over | Target Lock+Turnabout | Target Lock+Under-Over,1716620044
50,Giver's Blessing,preferred,Auto Rifle,Kinetic,1,0,0,0,1,"Impromptu Ammunition, Moving Target, Transcendent Moment","Adrenaline Junkie, High Ground, Multikill Clip",8,1,351,Adrenaline Junkie+Impromptu Ammunition | Adrenaline Junkie+Transcendent Moment | High Ground+Impromptu Ammunition | High Ground+Moving Target | High Ground+Transcendent Moment | Impromptu Ammunition+Multikill Clip | Moving Target+Multikill Clip | Multikill Clip+Transcendent Moment,970034755
51,Psi Aeterna IV,preferred,Pulse Rifle,Arc,1,0,1,0,1,"Beacon Rounds, Blast Distributor, Trickle Charge","Adrenaline Junkie, Collective Pugilism, Jolting Feedback",9,1,190,Adrenaline Junkie+Beacon Rounds | Adrenaline Junkie+Blast Distributor | Adrenaline Junkie+Trickle Charge | Beacon Rounds+Collective Pugilism | Beacon Rounds+Jolting Feedback | Blast Distributor+Collective Pugilism | Blast Distributor+Jolting Feedback | Collective Pugilism+Trickle Charge | Jolting Feedback+Trickle Charge,3556730800
52,The Call,preferred,Sidearm,Strand,1,0,0,1,1,"Beacon Rounds, Lead from Gold, Strategist","Aggregate Charge, Chaos Reshaped, Hatchling",8,1,1088,Aggregate Charge+Beacon Rounds | Aggregate Charge+Lead from Gold | Aggregate Charge+Strategist | Beacon Rounds+Chaos Reshaped | Beacon Rounds+Hatchling | Chaos Reshaped+Lead from Gold | Hatchling+Lead from Gold | Hatchling+Strategist,3947966653
53,Found Verdict (Timelost),preferred,Shotgun,Arc,0,1,0,1,0,"Aggregate Charge, Barrel Constrictor, Supercharged Magazine","Binary Orbit, Desperate Measures, Elemental Honing",8,1,369,Aggregate Charge+Binary Orbit | Aggregate Charge+Desperate Measures | Aggregate Charge+Elemental Honing | Barrel Constrictor+Binary Orbit | Barrel Constrictor+Desperate Measures | Barrel Constrictor+Elemental Honing | Desperate Measures+Supercharged Magazine | Elemental Honing+Supercharged Magazine,851296754
54,Submersion,preferred,Combat Bow,Stasis,1,0,0,0,1,"Bolt Scavenger, Ensemble, Lead From Light","Aggregate Charge, Chill Clip, Collective Action",7,1,122,Aggregate Charge+Bolt Scavenger | Aggregate Charge+Ensemble | Bolt Scavenger+Chill Clip | Bolt Scavenger+Collective Action | Chill Clip+Ensemble | Chill Clip+Lead From Light | Collective Action+Lead From Light,3524386983
55,VS Chill Inhibitor,preferred,Grenade Launcher,Stasis,1,0,0,0,1,"Cascade Point, Chill Clip, Danger Zone","Aggregate Charge, Chain Reaction, Elemental Honing",9,1,234,Aggregate Charge+Cascade Point | Aggregate Charge+Chill Clip | Aggregate Charge+Danger Zone | Cascade Point+Chain Reaction | Cascade Point+Elemental Honing | Chain Reaction+Chill Clip | Chain Reaction+Danger Zone | Chill Clip+Elemental Honing | Danger Zone+Elemental Honing,2452936817
56,Drang,preferred,Sidearm,Solar,1,0,0,1,1,"Collective Pugilism, Disruption Break, Heal Clip","Aggregate Charge, Binary Orbit, Eye of the Storm",8,1,260,Aggregate Charge+Collective Pugilism | Aggregate Charge+Disruption Break | Aggregate Charge+Heal Clip | Binary Orbit+Collective Pugilism | Binary Orbit+Disruption Break | Collective Pugilism+Eye of the Storm | Disruption Break+Eye of the Storm | Eye of the Storm+Heal Clip,358190158
57,Resounding,preferred,Fusion Rifle,Strand,1,0,1,0,1,"Compulsive Reloader, Cornered, Feeding Frenzy","Aggregate Charge, One for All, Strategist",7,1,357,Aggregate Charge+Cornered | Compulsive Reloader+One for All | Compulsive Reloader+Strategist | Cornered+One for All | Cornered+Strategist | Feeding Frenzy+One for All | Feeding Frenzy+Strategist,3273807888
58,Corrective Measure (Timelost),preferred,Machine Gun,Void,0,1,0,1,0,"Collective Demolition, Demolitionist, Dynamic Sway Reduction","Aggregate Charge, Butterfly, Demoralize",9,1,367,Aggregate Charge+Collective Demolition | Aggregate Charge+Demolitionist | Aggregate Charge+Dynamic Sway Reduction | Butterfly+Collective Demolition | Butterfly+Demolitionist | Butterfly+Dynamic Sway Reduction | Collective Demolition+Demoralize | Demolitionist+Demoralize | Demoralize+Dynamic Sway Reduction,2334480463
59,Swordbreaker (Adept),preferred,Shotgun,Strand,0,1,0,1,0,"Elemental Capacitor, Fragile Focus, Paracausal Affinity","Aggregate Charge, Barrel Constrictor, Chaos Reshaped",8,1,560,Aggregate Charge+Elemental Capacitor | Aggregate Charge+Fragile Focus | Aggregate Charge+Paracausal Affinity | Barrel Constrictor+Elemental Capacitor | Barrel Constrictor+Fragile Focus | Barrel Constrictor+Paracausal Affinity | Chaos Reshaped+Elemental Capacitor | Chaos Reshaped+Paracausal Affinity,1239700299
60,Burden of Guilt,preferred,Fusion Rifle,Stasis,1,0,0,0,1,"Eye of the Storm, Rimestealer, Under Pressure","Aggregate Charge, Chill Clip, Closing Time",8,1,201,Aggregate Charge+Eye of the Storm | Aggregate Charge+Rimestealer | Aggregate Charge+Under Pressure | Chill Clip+Eye of the Storm | Chill Clip+Rimestealer | Chill Clip+Under Pressure | Closing Time+Eye of the Storm | Closing Time+Rimestealer,976459525
61,Found Verdict (Timelost),preferred,Shotgun,Arc,0,1,0,1,0,"Aggregate Charge, Barrel Constrictor, Slideshot","Gear Shift, One-Two Punch, Rolling Storm",8,1,369,Aggregate Charge+Gear Shift | Aggregate Charge+One-Two Punch | Aggregate Charge+Rolling Storm | Barrel Constrictor+Gear Shift | Barrel Constrictor+One-Two Punch | Barrel Constrictor+Rolling Storm | Gear Shift+Slideshot | Rolling Storm+Slideshot,851296754
62,Bellowing Giant,preferred,Rocket Launcher,Void,1,0,1,0,1,"Air Trigger, Ambitious Assassin, Lasting Impression","Aggregate Charge, Clown Cartridge, Collective Demolition",9,1,128,Aggregate Charge+Air Trigger | Aggregate Charge+Ambitious Assassin | Aggregate Charge+Lasting Impression | Air Trigger+Clown Cartridge | Air Trigger+Collective Demolition | Ambitious Assassin+Clown Cartridge | Ambitious Assassin+Collective Demolition | Clown Cartridge+Lasting Impression | Collective Demolition+Lasting Impression,1889005379
63,Rapid Growth,preferred,Sniper Rifle,Arc,1,0,0,0,1,"Lucky Shot, Supercharged Magazine, Trickle Charge","Aggregate Charge, Binary Orbit, Closing Time",8,1,177,Aggregate Charge+Lucky Shot | Aggregate Charge+Supercharged Magazine | Aggregate Charge+Trickle Charge | Binary Orbit+Lucky Shot | Binary Orbit+Supercharged Magazine | Binary Orbit+Trickle Charge | Closing Time+Lucky Shot | Closing Time+Trickle Charge,3856342856
64,Defiance of Yasmin (Harrowed),preferred,Sniper Rifle,Kinetic,0,1,0,1,0,"Osmosis, Shoot to Loot, Stopping Power","Aggregate Charge, Demolitionist, Firing Line",9,1,478,Aggregate Charge+Osmosis | Aggregate Charge+Shoot to Loot | Aggregate Charge+Stopping Power | Demolitionist+Osmosis | Demolitionist+Shoot to Loot | Demolitionist+Stopping Power | Firing Line+Osmosis | Firing Line+Shoot to Loot | Firing Line+Stopping Power,3503019618
65,Embraced Identity,preferred,Sniper Rifle,Void,1,0,0,1,1,"Attrition Orbs, Permeability, Vorpal Weapon","Aggregate Charge, Box Breathing, Elemental Capacitor",9,1,594,Aggregate Charge+Attrition Orbs | Aggregate Charge+Permeability | Aggregate Charge+Vorpal Weapon | Attrition Orbs+Box Breathing | Attrition Orbs+Elemental Capacitor | Box Breathing+Permeability | Box Breathing+Vorpal Weapon | Elemental Capacitor+Permeability | Elemental Capacitor+Vorpal Weapon,2821677368
66,Romantic Death,preferred,Grenade Launcher,Void,1,0,0,0,1,"Feeding Frenzy, Proximity Power, Threat Detector","Aggregate Charge, Chain Reaction, Impulse Amplifier",9,1,296,Aggregate Charge+Feeding Frenzy | Aggregate Charge+Proximity Power | Aggregate Charge+Threat Detector | Chain Reaction+Feeding Frenzy | Chain Reaction+Proximity Power | Chain Reaction+Threat Detector | Feeding Frenzy+Impulse Amplifier | Impulse Amplifier+Proximity Power | Impulse Amplifier+Threat Detector,2979965246
67,Cataclysmic (Adept),preferred,Linear Fusion Rifle,Solar,0,1,0,1,0,"Burning Ambition, Compulsive Reloader, Surplus","Aggregate Charge, Clown Cartridge, Turnabout",9,1,304,Aggregate Charge+Burning Ambition | Aggregate Charge+Compulsive Reloader | Aggregate Charge+Surplus | Burning Ambition+Clown Cartridge | Burning Ambition+Turnabout | Clown Cartridge+Compulsive Reloader | Clown Cartridge+Surplus | Compulsive Reloader+Turnabout | Surplus+Turnabout,2886339027
68,Hushed Whisper,preferred,Combat Bow,Strand,1,0,0,0,1,"Lead From Light, Lone Wolf, Tear","Aggregate Charge, Archer's Gambit, Collective Pugilism",8,1,182,Aggregate Charge+Lead From Light | Aggregate Charge+Lone Wolf | Aggregate Charge+Tear | Archer's Gambit+Lead From Light | Archer's Gambit+Lone Wolf | Archer's Gambit+Tear | Collective Pugilism+Lone Wolf | Collective Pugilism+Tear,3574168117
69,Rufus's Fury (Adept),preferred,Auto Rifle,Strand,0,1,0,1,0,"Keep Away, Moving Target, Thresh","Aggregate Charge, Chaos Reshaped, Paracausal Affinity",7,1,701,Aggregate Charge+Keep Away | Aggregate Charge+Thresh | Chaos Reshaped+Keep Away | Chaos Reshaped+Moving Target | Chaos Reshaped+Thresh | Keep Away+Paracausal Affinity | Moving Target+Paracausal Affinity,342514437
70,Found Verdict (Timelost),preferred,Shotgun,Arc,0,1,0,1,0,"Aggregate Charge, Barrel Constrictor, Threat Remover","Elemental Honing, Trench Barrel, Voltshot",7,1,369,Aggregate Charge+Trench Barrel | Aggregate Charge+Voltshot | Barrel Constrictor+Trench Barrel | Barrel Constrictor+Voltshot | Elemental Honing+Threat Remover | Threat Remover+Trench Barrel | Threat Remover+Voltshot,851296754
71,Dawn Far Off,preferred,Machine Gun,Solar,1,0,0,0,1,"Attrition Orbs, Burning Ambition, Triple Tap","Aggregate Charge, Killing Tally, Meganeura",7,1,184,Aggregate Charge+Triple Tap | Attrition Orbs+Killing Tally | Attrition Orbs+Meganeura | Burning Ambition+Killing Tally | Burning Ambition+Meganeura | Killing Tally+Triple Tap | Meganeura+Triple Tap,2770617440
72,Albruna-D,preferred,Sniper Rifle,Arc,0,0,1,0,1,"Air Assault, Explosive Payload, Wellspring","Cascade Point, Firing Line, High-Impact Reserves",9,1,1169,Air Assault+Cascade Point | Air Assault+Firing Line | Air Assault+High-Impact Reserves | Cascade Point+Explosive Payload | Cascade Point+Wellspring | Explosive Payload+Firing Line | Explosive Payload+High-Impact Reserves | Firing Line+Wellspring | High-Impact Reserves+Wellspring,676270382
73,Prolonged Engagement,preferred,Submachine Gun,Stasis,1,0,1,0,1,"Air Assault, Dynamic Sway Reduction, Fourth Time's the Charm","Encore, Headstone, Target Lock",9,1,1028,Air Assault+Encore | Air Assault+Headstone | Air Assault+Target Lock | Dynamic Sway Reduction+Encore | Dynamic Sway Reduction+Headstone | Dynamic Sway Reduction+Target Lock | Encore+Fourth Time's the Charm | Fourth Time's the Charm+Headstone | Fourth Time's the Charm+Target Lock,2349907931
74,The Hero's Burden,preferred,Submachine Gun,Void,1,0,0,0,1,"Air Assault, Fragile Focus, Well-Rounded","Iron Grip, Iron Reach, Kill Clip",9,1,199,Air Assault+Iron Grip | Air Assault+Iron Reach | Air Assault+Kill Clip | Fragile Focus+Iron Grip | Fragile Focus+Iron Reach | Fragile Focus+Kill Clip | Iron Grip+Well-Rounded | Iron Reach+Well-Rounded | Kill Clip+Well-Rounded,2488587246
75,Albruna-D,preferred,Sniper Rifle,Arc,0,0,1,0,1,"Air Assault, Clown Cartridge, Explosive Payload","Slickdraw, Snapshot Sights, Under-Over",8,1,1169,Air Assault+Slickdraw | Air Assault+Snapshot Sights | Air Assault+Under-Over | Clown Cartridge+Slickdraw | Clown Cartridge+Snapshot Sights | Clown Cartridge+Under-Over | Explosive Payload+Slickdraw | Explosive Payload+Under-Over,676270382
76,Indebted Kindness,preferred,Sidearm,Arc,1,0,0,0,1,"Air Trigger, Beacon Rounds, Trickle Charge","Attrition Orbs, Gear Shift, Rolling Storm",9,1,134,Air Trigger+Attrition Orbs | Air Trigger+Gear Shift | Air Trigger+Rolling Storm | Attrition Orbs+Beacon Rounds | Attrition Orbs+Trickle Charge | Beacon Rounds+Gear Shift | Beacon Rounds+Rolling Storm | Gear Shift+Trickle Charge | Rolling Storm+Trickle Charge,2554513694
77,Ouster Engine,preferred,Grenade Launcher,Stasis,1,0,1,0,1,"Air Trigger, Auto-Loading Holster, Rimestealer","Chaos Reshaped, Crystalline Corpsebloom, Vorpal Weapon",8,1,271,Air Trigger+Chaos Reshaped | Air Trigger+Crystalline Corpsebloom | Air Trigger+Vorpal Weapon | Auto-Loading Holster+Chaos Reshaped | Auto-Loading Holster+Crystalline Corpsebloom | Chaos Reshaped+Rimestealer | Crystalline Corpsebloom+Rimestealer | Rimestealer+Vorpal Weapon,3718184802
78,Bold Endings,preferred,Hand Cannon,Stasis,1,0,0,1,1,"Air Trigger, Attrition Orbs, Loose Change","Demolitionist, Dragonfly, Golden Tricorn",8,1,799,Air Trigger+Demolitionist | Air Trigger+Dragonfly | Air Trigger+Golden Tricorn | Attrition Orbs+Dragonfly | Attrition Orbs+Golden Tricorn | Demolitionist+Loose Change | Dragonfly+Loose Change | Golden Tricorn+Loose Change,496728945
79,Arcane Embrace,preferred,Shotgun,Arc,1,0,0,0,1,"Air Trigger, Dual Loader, Grave Robber","Desperado, Precision Instrument, Voltshot",9,1,362,Air Trigger+Desperado | Air Trigger+Precision Instrument | Air Trigger+Voltshot | Desperado+Dual Loader | Desperado+Grave Robber | Dual Loader+Precision Instrument | Dual Loader+Voltshot | Grave Robber+Precision Instrument | Grave Robber+Voltshot,3649985571
80,Gizmo Weft,preferred,Grenade Launcher,Strand,1,0,0,0,1,"Air Trigger, Blast Distributor, Slideshot","Chain Reaction, Elemental Honing, Hatchling",9,1,198,Air Trigger+Chain Reaction | Air Trigger+Elemental Honing | Air Trigger+Hatchling | Blast Distributor+Chain Reaction | Blast Distributor+Elemental Honing | Blast Distributor+Hatchling | Chain Reaction+Slideshot | Elemental Honing+Slideshot | Hatchling+Slideshot,4069880346
81,Sightline Survey,preferred,Hand Cannon,Arc,1,0,0,1,1,"Air Trigger, Enlightened Action, Fragile Focus","Encore, Kill Clip, Voltshot",5,1,517,Air Trigger+Encore | Air Trigger+Kill Clip | Encore+Enlightened Action | Enlightened Action+Voltshot | Fragile Focus+Voltshot,2350330520
82,Crowning Duologue,preferred,Rocket Launcher,Strand,1,0,0,0,1,"Air Trigger, Grave Robber, Hatchling","Bipod, Envious Assassin, Reverberation",9,1,245,Air Trigger+Bipod | Air Trigger+Envious Assassin | Air Trigger+Reverberation | Bipod+Grave Robber | Bipod+Hatchling | Envious Assassin+Grave Robber | Envious Assassin+Hatchling | Grave Robber+Reverberation | Hatchling+Reverberation,4106757302
83,Bold Endings,preferred,Hand Cannon,Stasis,1,0,0,1,1,"Air Trigger, Headstone, Rimestealer","Collective Action, Eye of the Storm, Golden Tricorn Enhanced",9,1,799,Air Trigger+Collective Action | Air Trigger+Eye of the Storm | Air Trigger+Golden Tricorn Enhanced | Collective Action+Headstone | Collective Action+Rimestealer | Eye of the Storm+Headstone | Eye of the Storm+Rimestealer | Golden Tricorn Enhanced+Headstone | Golden Tricorn Enhanced+Rimestealer,496728945
84,Yesterday's Question,preferred,Hand Cannon,Arc,1,0,0,0,1,"Air Trigger, To the Pain","Headseeker, Moving Target, Zen Moment",4,1,337,Air Trigger+Headseeker | Air Trigger+Moving Target | Air Trigger+Zen Moment | Moving Target+To the Pain,2300143112
85,Archon's Thunder,preferred,Machine Gun,Stasis,1,0,0,0,1,"Air Trigger, Enlightened Action, High-Impact Reserves","Killing Tally, Onslaught, Rewind Rounds",8,1,293,Air Trigger+Killing Tally | Air Trigger+Onslaught | Air Trigger+Rewind Rounds | Enlightened Action+Killing Tally | Enlightened Action+Rewind Rounds | High-Impact Reserves+Killing Tally | High-Impact Reserves+Onslaught | High-Impact Reserves+Rewind Rounds,2896109856
86,Folded Root,preferred,Rocket Launcher,Void,1,0,0,0,1,"Air Trigger, Cluster Bomb, Lead From Light","Destabilizing Rounds, Lasting Impression, Multikill Clip",7,1,145,Air Trigger+Destabilizing Rounds | Air Trigger+Lasting Impression | Air Trigger+Multikill Clip | Cluster Bomb+Destabilizing Rounds | Cluster Bomb+Multikill Clip | Destabilizing Rounds+Lead From Light | Lead From Light+Multikill Clip,3184457500
87,Live Fire,preferred,Scout Rifle,Stasis,1,0,0,0,1,"Air Trigger, Heating Up, Perfect Float","No Distractions, Shoot to Loot, To the Pain",9,1,156,Air Trigger+No Distractions | Air Trigger+Shoot to Loot | Air Trigger+To the Pain | Heating Up+No Distractions | Heating Up+Shoot to Loot | Heating Up+To the Pain | No Distractions+Perfect Float | Perfect Float+Shoot to Loot | Perfect Float+To the Pain,3612142623
88,Bellowing Giant,preferred,Rocket Launcher,Void,1,0,1,0,1,"Air Trigger, Impromptu Ammunition, Overflow","Auto-Loading Holster, Bipod, Reaper's Tithe",8,1,128,Air Trigger+Auto-Loading Holster | Air Trigger+Reaper's Tithe | Auto-Loading Holster+Impromptu Ammunition | Auto-Loading Holster+Overflow | Bipod+Impromptu Ammunition | Bipod+Overflow | Impromptu Ammunition+Reaper's Tithe | Overflow+Reaper's Tithe,1889005379
89,Archon's Thunder,preferred,Machine Gun,Stasis,1,0,0,0,1,"Air Trigger, Dynamic Sway Reduction, Rimestealer","Rewind Rounds, Tap the Trigger, Target Lock",6,1,293,Air Trigger+Tap the Trigger | Air Trigger+Target Lock | Dynamic Sway Reduction+Rewind Rounds | Rewind Rounds+Rimestealer | Rimestealer+Tap the Trigger | Rimestealer+Target Lock,2896109856
90,Peculiar Charm,preferred,Submachine Gun,Kinetic,1,0,1,0,1,"Attrition Orbs, Impromptu Ammunition, Rangefinder","All-Star, Bewildering Burst, Desperado",9,1,210,All-Star+Attrition Orbs | All-Star+Impromptu Ammunition | All-Star+Rangefinder | Attrition Orbs+Bewildering Burst | Attrition Orbs+Desperado | Bewildering Burst+Impromptu Ammunition | Bewildering Burst+Rangefinder | Desperado+Impromptu Ammunition | Desperado+Rangefinder,3620277039
91,Reckless Endangerment,preferred,Shotgun,Kinetic,1,0,1,0,1,"Barrel Constrictor, Dual Loader, Perpetual Motion","All-Star, Offhand Strike, Snapshot Sights",9,1,291,All-Star+Barrel Constrictor | All-Star+Dual Loader | All-Star+Perpetual Motion | Barrel Constrictor+Offhand Strike | Barrel Constrictor+Snapshot Sights | Dual Loader+Offhand Strike | Dual Loader+Snapshot Sights | Offhand Strike+Perpetual Motion | Perpetual Motion+Snapshot Sights,3085559077
92,Malediction,preferred,Hand Cannon,Kinetic,1,0,1,0,1,"Enlightened Action, Sleight of Hand, To the Pain","All-Star, Explosive Payload, Redirection",8,1,363,All-Star+Enlightened Action | All-Star+Sleight of Hand | All-Star+To the Pain | Enlightened Action+Explosive Payload | Enlightened Action+Redirection | Explosive Payload+Sleight of Hand | Redirection+Sleight of Hand | Redirection+To the Pain,979721268
93,Praedyth's Revenge (Timelost),preferred,Sniper Rifle,Kinetic,0,1,0,1,0,"Bewildering Burst, Envious Arsenal, Fourth Time's the Charm","All-Star, Bait and Switch, Closing Time",9,1,420,All-Star+Bewildering Burst | All-Star+Envious Arsenal | All-Star+Fourth Time's the Charm | Bait and Switch+Bewildering Burst | Bait and Switch+Envious Arsenal | Bait and Switch+Fourth Time's the Charm | Bewildering Burst+Closing Time | Closing Time+Envious Arsenal | Closing Time+Fourth Time's the Charm,2362652544
94,Fatebringer (Timelost),preferred,Hand Cannon,Kinetic,0,1,0,1,0,"Explosive Payload, Kinetic Tremors, Opening Shot","All-Star, Binary Orbit, Magnificent Howl",9,1,329,All-Star+Explosive Payload | All-Star+Kinetic Tremors | All-Star+Opening Shot | Binary Orbit+Explosive Payload | Binary Orbit+Kinetic Tremors | Binary Orbit+Opening Shot | Explosive Payload+Magnificent Howl | Kinetic Tremors+Magnificent Howl | Magnificent Howl+Opening Shot,4219826183
95,Defiance of Yasmin (Harrowed),preferred,Sniper Rifle,Kinetic,0,1,0,1,0,"Firefly, Lead from Gold, Rewind Rounds","All-Star, Firing Line, Slickdraw",8,1,478,All-Star+Firefly | All-Star+Lead from Gold | All-Star+Rewind Rounds | Firefly+Firing Line | Firing Line+Lead from Gold | Firing Line+Rewind Rounds | Lead from Gold+Slickdraw | Rewind Rounds+Slickdraw,3503019618
96,Steelfeather Repeater,preferred,Auto Rifle,Kinetic,1,0,0,0,1,"Firmly Planted, Proximity Power, Slideways","All-Star, Ancillary Ordinance, Multikill Clip",9,1,257,All-Star+Firmly Planted | All-Star+Proximity Power | All-Star+Slideways | Ancillary Ordinance+Firmly Planted | Ancillary Ordinance+Proximity Power | Ancillary Ordinance+Slideways | Firmly Planted+Multikill Clip | Multikill Clip+Proximity Power | Multikill Clip+Slideways,771811870
97,Steelfeather Repeater,preferred,Auto Rifle,Kinetic,1,0,0,0,1,"Bewildering Burst, Grave Robber, Subsistence","All-Star, Ancillary Ordinance, Surrounded",8,1,257,All-Star+Grave Robber | All-Star+Subsistence | Ancillary Ordinance+Bewildering Burst | Ancillary Ordinance+Grave Robber | Ancillary Ordinance+Subsistence | Bewildering Burst+Surrounded | Grave Robber+Surrounded | Subsistence+Surrounded,771811870
98,Festival Flight,preferred,Grenade Launcher,Strand,1,0,0,0,1,"Ambitious Assassin, Blast Distributor, Envious Arsenal","Attrition Orbs, Binary Orbit, One for All",6,1,366,Ambitious Assassin+Attrition Orbs | Ambitious Assassin+Binary Orbit | Ambitious Assassin+One for All | Attrition Orbs+Blast Distributor | Attrition Orbs+Envious Arsenal | Blast Distributor+One for All,4019651319
99,Trinary System,preferred,Fusion Rifle,Solar,0,0,1,0,1,"Ambitious Assassin, Feeding Frenzy, Grave Robber","Backup Plan, High-Impact Reserves, Tap the Trigger",8,1,1281,Ambitious Assassin+Backup Plan | Ambitious Assassin+High-Impact Reserves | Ambitious Assassin+Tap the Trigger | Backup Plan+Feeding Frenzy | Backup Plan+Grave Robber | Feeding Frenzy+High-Impact Reserves | Feeding Frenzy+Tap the Trigger | Grave Robber+Tap the Trigger,3258665412
100,Afterlight (Adept),preferred,Fusion Rifle,Void,0,1,0,0,1,"Ambitious Assassin, Discord, Grave Robber","Cornered, Reservoir Burst, Successful Warm-Up",9,1,317,Ambitious Assassin+Cornered | Ambitious Assassin+Reservoir Burst | Ambitious Assassin+Successful Warm-Up | Cornered+Discord | Cornered+Grave Robber | Discord+Reservoir Burst | Discord+Successful Warm-Up | Grave Robber+Reservoir Burst | Grave Robber+Successful Warm-Up,3953163559
101,Imminence (Adept),preferred,Submachine Gun,Strand,0,1,0,1,0,"Ambitious Assassin, Dynamic Sway Reduction, Enlightened Action","Firefly, Paracausal Affinity, Target Lock",8,1,458,Ambitious Assassin+Firefly | Ambitious Assassin+Paracausal Affinity | Ambitious Assassin+Target Lock | Dynamic Sway Reduction+Firefly | Dynamic Sway Reduction+Paracausal Affinity | Enlightened Action+Firefly | Enlightened Action+Paracausal Affinity | Enlightened Action+Target Lock,3951511045
102,Volta Bracket,preferred,Sniper Rifle,Strand,1,0,0,1,1,"Ambitious Assassin, Firmly Planted, Lucky Shot","Firing Line, Mega Kill Clip, Rewind Rounds",8,1,617,Ambitious Assassin+Firing Line | Ambitious Assassin+Mega Kill Clip | Ambitious Assassin+Rewind Rounds | Firing Line+Firmly Planted | Firing Line+Lucky Shot | Firmly Planted+Rewind Rounds | Lucky Shot+Mega Kill Clip | Lucky Shot+Rewind Rounds,3920310144
103,Bite of the Fox,preferred,Sniper Rifle,Kinetic,1,0,0,0,1,"Firmly Planted, Hip-Fire Grip, Rapid Hit","Ambitious Assassin, Field Prep, Moving Target",9,1,301,Ambitious Assassin+Firmly Planted | Ambitious Assassin+Hip-Fire Grip | Ambitious Assassin+Rapid Hit | Field Prep+Firmly Planted | Field Prep+Hip-Fire Grip | Field Prep+Rapid Hit | Firmly Planted+Moving Target | Hip-Fire Grip+Moving Target | Moving Target+Rapid Hit,3169616514
104,Doomsday,preferred,Grenade Launcher,Arc,1,0,1,0,1,"Ambitious Assassin, Attrition Orbs, Auto-Loading Holster","Full Court, Jolting Feedback, Quickdraw",9,1,218,Ambitious Assassin+Full Court | Ambitious Assassin+Jolting Feedback | Ambitious Assassin+Quickdraw | Attrition Orbs+Full Court | Attrition Orbs+Jolting Feedback | Attrition Orbs+Quickdraw | Auto-Loading Holster+Full Court | Auto-Loading Holster+Jolting Feedback | Auto-Loading Holster+Quickdraw,713132408
105,Royal Entry,preferred,Rocket Launcher,Void,0,0,1,0,1,"Genesis, Pulse Monitor, Rangefinder","Ambitious Assassin, Chain Reaction, Clown Cartridge",9,1,674,Ambitious Assassin+Genesis | Ambitious Assassin+Pulse Monitor | Ambitious Assassin+Rangefinder | Chain Reaction+Genesis | Chain Reaction+Pulse Monitor | Chain Reaction+Rangefinder | Clown Cartridge+Genesis | Clown Cartridge+Pulse Monitor | Clown Cartridge+Rangefinder,2448907086
106,Cold Denial,preferred,Pulse Rifle,Kinetic,1,0,0,0,1,"Ambitious Assassin, Enlightened Action, Surplus","Desperado, Gutshot Straight, Headseeker",9,1,243,Ambitious Assassin+Desperado | Ambitious Assassin+Gutshot Straight | Ambitious Assassin+Headseeker | Desperado+Enlightened Action | Desperado+Surplus | Enlightened Action+Gutshot Straight | Enlightened Action+Headseeker | Gutshot Straight+Surplus | Headseeker+Surplus,558794124
107,A Distant Pull,preferred,Sniper Rifle,Stasis,1,0,0,1,1,"Ambitious Assassin, Ensemble, Tunnel Vision","Collective Action, Discord, Killing Wind",9,1,533,Ambitious Assassin+Collective Action | Ambitious Assassin+Discord | Ambitious Assassin+Killing Wind | Collective Action+Ensemble | Collective Action+Tunnel Vision | Discord+Ensemble | Discord+Tunnel Vision | Ensemble+Killing Wind | Killing Wind+Tunnel Vision,1769847435
108,Triple Laureate,preferred,Hand Cannon,Stasis,1,0,0,0,1,"Ambitious Assassin, Crystalline Corpsebloom, Rangefinder","Chaos Reshaped, One-Two Punch, Trench Barrel",9,1,288,Ambitious Assassin+Chaos Reshaped | Ambitious Assassin+One-Two Punch | Ambitious Assassin+Trench Barrel | Chaos Reshaped+Crystalline Corpsebloom | Chaos Reshaped+Rangefinder | Crystalline Corpsebloom+One-Two Punch | Crystalline Corpsebloom+Trench Barrel | One-Two Punch+Rangefinder | Rangefinder+Trench Barrel,2908653246
109,The Mountaintop,preferred,Grenade Launcher,Kinetic,1,0,0,0,1,"Ambitious Assassin, Impulse Amplifier, Overflow","Harmony, Rampage, Recombination",6,1,539,Ambitious Assassin+Rampage | Ambitious Assassin+Recombination | Harmony+Overflow | Impulse Amplifier+Rampage | Impulse Amplifier+Recombination | Overflow+Recombination,4043921923
110,Volta Bracket,preferred,Sniper Rifle,Strand,1,0,0,1,1,"Ambitious Assassin, Firmly Planted, Lucky Shot","Cascade Point, Explosive Payload, Under Pressure",9,1,617,Ambitious Assassin+Cascade Point | Ambitious Assassin+Explosive Payload | Ambitious Assassin+Under Pressure | Cascade Point+Firmly Planted | Cascade Point+Lucky Shot | Explosive Payload+Firmly Planted | Explosive Payload+Lucky Shot | Firmly Planted+Under Pressure | Lucky Shot+Under Pressure,3920310144
111,Salvager's Salvo,preferred,Grenade Launcher,Arc,1,0,1,0,1,"Ambitious Assassin, Chain Reaction, Light Touch","Gear Shift, Reaper's Tithe, Voltshot",8,1,180,Ambitious Assassin+Gear Shift | Ambitious Assassin+Reaper's Tithe | Ambitious Assassin+Voltshot | Chain Reaction+Gear Shift | Chain Reaction+Reaper's Tithe | Chain Reaction+Voltshot | Light Touch+Reaper's Tithe | Light Touch+Voltshot,2461640837
112,Everburning Glitz,preferred,Auto Rifle,Kinetic,1,0,0,0,1,"Attrition Orbs, Dynamic Sway Reduction, To the Pain","Ancillary Ordinance, Tap the Trigger, Zen Moment",8,1,283,Ancillary Ordinance+Attrition Orbs | Ancillary Ordinance+Dynamic Sway Reduction | Ancillary Ordinance+To the Pain | Attrition Orbs+Tap the Trigger | Attrition Orbs+Zen Moment | Dynamic Sway Reduction+Zen Moment | Tap the Trigger+To the Pain | To the Pain+Zen Moment,2857870254
113,Forced Memorializer,preferred,Scout Rifle,Kinetic,1,0,1,0,1,"Auto-Loading Holster, Explosive Payload, Shoot to Loot","Ancillary Ordinance, Kinetic Tremors, To the Pain",9,1,149,Ancillary Ordinance+Auto-Loading Holster | Ancillary Ordinance+Explosive Payload | Ancillary Ordinance+Shoot to Loot | Auto-Loading Holster+Kinetic Tremors | Auto-Loading Holster+To the Pain | Explosive Payload+Kinetic Tremors | Explosive Payload+To the Pain | Kinetic Tremors+Shoot to Loot | Shoot to Loot+To the Pain,1197073834
114,Smite of Merain (Harrowed),preferred,Pulse Rifle,Kinetic,0,1,0,1,0,"Ancillary Ordinance, Bewildering Burst, Focused Fury","Gutshot Straight, One for All, Swashbuckler",8,1,582,Ancillary Ordinance+Gutshot Straight | Ancillary Ordinance+One for All | Ancillary Ordinance+Swashbuckler | Bewildering Burst+Gutshot Straight | Bewildering Burst+One for All | Bewildering Burst+Swashbuckler | Focused Fury+Gutshot Straight | Focused Fury+Swashbuckler,3407395594
115,Gunburn,preferred,Submachine Gun,Kinetic,1,0,0,0,1,"Lead From Light, Pugilist, Recycled Energy","Ancillary Ordinance, Kinetic Tremors, One for All",8,1,252,Ancillary Ordinance+Lead From Light | Ancillary Ordinance+Pugilist | Ancillary Ordinance+Recycled Energy | Kinetic Tremors+Lead From Light | Kinetic Tremors+Pugilist | Kinetic Tremors+Recycled Energy | Lead From Light+One for All | One for All+Recycled Energy,3431536253
116,Gunburn,preferred,Submachine Gun,Kinetic,1,0,0,0,1,"Bewildering Burst, Stats for All, Threat Detector","Ancillary Ordinance, Target Lock, Wellspring",8,1,252,Ancillary Ordinance+Stats for All | Ancillary Ordinance+Threat Detector | Bewildering Burst+Target Lock | Bewildering Burst+Wellspring | Stats for All+Target Lock | Stats for All+Wellspring | Target Lock+Threat Detector | Threat Detector+Wellspring,3431536253
117,Everburning Glitz,preferred,Auto Rifle,Kinetic,1,0,0,0,1,"Bewildering Burst, Subsistence, Transcendent Moment","Ancillary Ordinance, Tap the Trigger, Zen Moment",7,1,283,Ancillary Ordinance+Transcendent Moment | Bewildering Burst+Tap the Trigger | Bewildering Burst+Zen Moment | Subsistence+Tap the Trigger | Subsistence+Zen Moment | Tap the Trigger+Transcendent Moment | Transcendent Moment+Zen Moment,2857870254
118,Smite of Merain (Harrowed),preferred,Pulse Rifle,Kinetic,0,1,0,1,0,"Ancillary Ordinance, Moving Target, Stats for All","Adhesive Ordnance, All-Star, Vorpal Weapon",6,1,582,Adhesive Ordnance+Moving Target | Adhesive Ordnance+Stats for All | All-Star+Moving Target | All-Star+Stats for All | Ancillary Ordinance+Vorpal Weapon | Stats for All+Vorpal Weapon,3407395594
119,The Spiteful Fang,preferred,Combat Bow,Stasis,1,0,1,0,1,"Headstone, Perfect Float, Rimestealer","Archer's Gambit, Crystalline Corpsebloom, Explosive Head",8,1,211,Archer's Gambit+Headstone | Archer's Gambit+Perfect Float | Archer's Gambit+Rimestealer | Crystalline Corpsebloom+Headstone | Crystalline Corpsebloom+Perfect Float | Explosive Head+Headstone | Explosive Head+Perfect Float | Explosive Head+Rimestealer,1704597062
120,Non-Denouement (Adept),preferred,Combat Bow,Arc,0,1,0,1,0,"Hip-Fire Grip, Rolling Storm, Shoot to Loot","Archer's Gambit, Chaos Reshaped, Desperate Measures",8,1,348,Archer's Gambit+Hip-Fire Grip | Archer's Gambit+Rolling Storm | Archer's Gambit+Shoot to Loot | Chaos Reshaped+Hip-Fire Grip | Chaos Reshaped+Shoot to Loot | Desperate Measures+Hip-Fire Grip | Desperate Measures+Rolling Storm | Desperate Measures+Shoot to Loot,1039915310
121,Fortunate Star,preferred,Combat Bow,Void,1,0,0,0,1,"Impromptu Ammunition, Repulsor Brace, Transcendent Moment","Archer's Gambit, Demoralize, Destabilizing Rounds",7,1,239,Archer's Gambit+Impromptu Ammunition | Archer's Gambit+Repulsor Brace | Archer's Gambit+Transcendent Moment | Demoralize+Impromptu Ammunition | Demoralize+Transcendent Moment | Destabilizing Rounds+Impromptu Ammunition | Destabilizing Rounds+Transcendent Moment,2631466936
122,Hushed Whisper,preferred,Combat Bow,Strand,1,0,0,0,1,"Lead From Light, Slice, Snapshot Sights","Archer's Gambit, Collective Pugilism, Explosive Head",7,1,182,Archer's Gambit+Slice | Archer's Gambit+Snapshot Sights | Collective Pugilism+Slice | Collective Pugilism+Snapshot Sights | Explosive Head+Lead From Light | Explosive Head+Slice | Explosive Head+Snapshot Sights,3574168117
123,Non-Denouement (Adept),preferred,Combat Bow,Arc,0,1,0,1,0,"Archer's Tempo, Strategist, Successful Warm-Up","Archer's Gambit, Chaos Reshaped, Desperate Measures",9,1,348,Archer's Gambit+Archer's Tempo | Archer's Gambit+Strategist | Archer's Gambit+Successful Warm-Up | Archer's Tempo+Chaos Reshaped | Archer's Tempo+Desperate Measures | Chaos Reshaped+Strategist | Chaos Reshaped+Successful Warm-Up | Desperate Measures+Strategist | Desperate Measures+Successful Warm-Up,1039915310
124,The Spiteful Fang,preferred,Combat Bow,Stasis,1,0,1,0,1,"Archer's Tempo, Impulse Amplifier, Perfect Float","Crystalline Corpsebloom, Firefly, Golden Tricorn",8,1,211,Archer's Tempo+Crystalline Corpsebloom | Archer's Tempo+Firefly | Archer's Tempo+Golden Tricorn | Crystalline Corpsebloom+Impulse Amplifier | Firefly+Impulse Amplifier | Firefly+Perfect Float | Golden Tricorn+Impulse Amplifier | Golden Tricorn+Perfect Float,1704597062
125,Non-Denouement (Adept),preferred,Combat Bow,Arc,0,1,0,1,0,"Archer's Tempo, Dragonfly, Opening Shot","Explosive Head, Gear Shift, Voltshot",9,1,348,Archer's Tempo+Explosive Head | Archer's Tempo+Gear Shift | Archer's Tempo+Voltshot | Dragonfly+Explosive Head | Dragonfly+Gear Shift | Dragonfly+Voltshot | Explosive Head+Opening Shot | Gear Shift+Opening Shot | Opening Shot+Voltshot,1039915310
126,Anamnesis (Adept),preferred,Combat Bow,Void,0,1,0,0,1,"Archer's Tempo, Hip-Fire Grip, Perfect Float","Demoralize, Destabilizing Rounds, Impulse Amplifier",9,1,248,Archer's Tempo+Demoralize | Archer's Tempo+Destabilizing Rounds | Archer's Tempo+Impulse Amplifier | Demoralize+Hip-Fire Grip | Demoralize+Perfect Float | Destabilizing Rounds+Hip-Fire Grip | Destabilizing Rounds+Perfect Float | Hip-Fire Grip+Impulse Amplifier | Impulse Amplifier+Perfect Float,3949253499
127,King Orfeo,preferred,Combat Bow,Arc,1,0,0,0,1,"Archer's Tempo, Explosive Head, Impulse Amplifier","Jolting Feedback, Rangefinder, Rolling Storm",9,1,213,Archer's Tempo+Jolting Feedback | Archer's Tempo+Rangefinder | Archer's Tempo+Rolling Storm | Explosive Head+Jolting Feedback | Explosive Head+Rangefinder | Explosive Head+Rolling Storm | Impulse Amplifier+Jolting Feedback | Impulse Amplifier+Rangefinder | Impulse Amplifier+Rolling Storm,3481382332
128,Synanceia,preferred,Sword,Solar,1,0,0,0,1,"Assassin's Blade, Attrition Orbs, Sharp Harvest","Binary Orbit, Burning Ambition, Elemental Honing",7,1,185,Assassin's Blade+Binary Orbit | Assassin's Blade+Burning Ambition | Assassin's Blade+Elemental Honing | Attrition Orbs+Binary Orbit | Attrition Orbs+Elemental Honing | Burning Ambition+Sharp Harvest | Elemental Honing+Sharp Harvest,2765451289
129,Stryker's Sure-Hand,preferred,Sword,Void,1,0,1,0,1,"Assassin's Blade, Duelist's Trance, Relentless Strikes","Destabilizing Rounds, Impromptu Ammunition, Redirection",9,1,278,Assassin's Blade+Destabilizing Rounds | Assassin's Blade+Impromptu Ammunition | Assassin's Blade+Redirection | Destabilizing Rounds+Duelist's Trance | Destabilizing Rounds+Relentless Strikes | Duelist's Trance+Impromptu Ammunition | Duelist's Trance+Redirection | Impromptu Ammunition+Relentless Strikes | Redirection+Relentless Strikes,2490460292
130,Zephyr,preferred,Sword,Stasis,1,0,0,0,1,"Osmosis, Turnabout, Wellspring","Assassin's Blade, Chain Reaction, Cold Steel",9,1,424,Assassin's Blade+Osmosis | Assassin's Blade+Turnabout | Assassin's Blade+Wellspring | Chain Reaction+Osmosis | Chain Reaction+Turnabout | Chain Reaction+Wellspring | Cold Steel+Osmosis | Cold Steel+Turnabout | Cold Steel+Wellspring,396910433
131,Throne-Cleaver,preferred,Sword,Void,1,0,0,0,1,Shattering Blade,"Assassin's Blade, Counterattack, Whirlwind Blade",3,1,130,Assassin's Blade+Shattering Blade | Counterattack+Shattering Blade | Shattering Blade+Whirlwind Blade,569799273
132,Ill Omen,preferred,Sword,Stasis,1,0,0,1,1,"Attrition Orbs, Strategist, Valiant Charge","Assassin's Blade, Cold Steel, En Garde",8,1,590,Assassin's Blade+Attrition Orbs | Assassin's Blade+Strategist | Assassin's Blade+Valiant Charge | Attrition Orbs+Cold Steel | Cold Steel+Strategist | Cold Steel+Valiant Charge | En Garde+Strategist | En Garde+Valiant Charge,3794274730
133,Hardline Cut,preferred,Sword,Arc,1,0,0,0,1,"Assassin's Blade, Proximity Power","Jolting Feedback, One for All, Vorpal Weapon",5,1,335,Assassin's Blade+Jolting Feedback | Assassin's Blade+One for All | Assassin's Blade+Vorpal Weapon | One for All+Proximity Power | Proximity Power+Vorpal Weapon,3461043766
134,Ascendancy,preferred,Rocket Launcher,Solar,1,0,1,0,1,"Attrition Orbs, Lead From Light, Slideways","Bipod, Cluster Bomb, Lasting Impression",9,1,248,Attrition Orbs+Bipod | Attrition Orbs+Cluster Bomb | Attrition Orbs+Lasting Impression | Bipod+Lead From Light | Bipod+Slideways | Cluster Bomb+Lead From Light | Cluster Bomb+Slideways | Lasting Impression+Lead From Light | Lasting Impression+Slideways,1713388226
135,Reghusk's Pledge,preferred,Auto Rifle,Void,1,0,0,0,1,"Built to Blast, Demoralize, Impromptu Ammunition","Attrition Orbs, Golden Tricorn, Golden Tricorn Enhanced",9,1,256,Attrition Orbs+Built to Blast | Attrition Orbs+Demoralize | Attrition Orbs+Impromptu Ammunition | Built to Blast+Golden Tricorn | Built to Blast+Golden Tricorn Enhanced | Demoralize+Golden Tricorn | Demoralize+Golden Tricorn Enhanced | Golden Tricorn+Impromptu Ammunition | Golden Tricorn Enhanced+Impromptu Ammunition,2370525224
136,MIDA Mini-Tool,preferred,Submachine Gun,Solar,1,0,0,0,1,"Attrition Orbs, Discord, Hip-Fire Grip","Aggregate Charge, Burning Ambition, Collective Pugilism",7,1,283,Aggregate Charge+Discord | Aggregate Charge+Hip-Fire Grip | Attrition Orbs+Collective Pugilism | Burning Ambition+Discord | Burning Ambition+Hip-Fire Grip | Collective Pugilism+Discord | Collective Pugilism+Hip-Fire Grip,3946054154
137,Scintillation,preferred,Linear Fusion Rifle,Strand,1,0,1,0,1,"Auto-Loading Holster, Cornered, Slice","Attrition Orbs, Bait and Switch, Firing Line",7,1,193,Attrition Orbs+Cornered | Auto-Loading Holster+Bait and Switch | Auto-Loading Holster+Firing Line | Bait and Switch+Cornered | Bait and Switch+Slice | Cornered+Firing Line | Firing Line+Slice,2591257541
138,False Idols,preferred,Sword,Solar,1,0,0,1,1,"Attrition Orbs, Flash Counter, Wellspring","Bait and Switch, Burning Ambition, Counterattack",8,1,731,Attrition Orbs+Bait and Switch | Attrition Orbs+Counterattack | Bait and Switch+Flash Counter | Bait and Switch+Wellspring | Burning Ambition+Flash Counter | Burning Ambition+Wellspring | Counterattack+Flash Counter | Counterattack+Wellspring,4207120603
139,Breakneck,preferred,Auto Rifle,Kinetic,1,0,1,0,1,"Eye of the Storm, Feeding Frenzy, Heating Up","Attrition Orbs, Deconstruct, Offhand Strike",9,1,893,Attrition Orbs+Eye of the Storm | Attrition Orbs+Feeding Frenzy | Attrition Orbs+Heating Up | Deconstruct+Eye of the Storm | Deconstruct+Feeding Frenzy | Deconstruct+Heating Up | Eye of the Storm+Offhand Strike | Feeding Frenzy+Offhand Strike | Heating Up+Offhand Strike,2026755633
140,Albedo Wing,preferred,Glaive,Arc,1,0,0,0,1,"Field Prep, Immovable Object, Replenishing Aegis","Attrition Orbs, Close to Melee, Deconstruct",8,1,225,Attrition Orbs+Field Prep | Attrition Orbs+Immovable Object | Attrition Orbs+Replenishing Aegis | Close to Melee+Field Prep | Close to Melee+Replenishing Aegis | Deconstruct+Field Prep | Deconstruct+Immovable Object | Deconstruct+Replenishing Aegis,2680976411
141,Red Tape,preferred,Scout Rifle,Stasis,1,0,0,0,1,"Attrition Orbs, Closing Time, Rimestealer","Explosive Payload, Focused Fury, High-Impact Reserves",9,1,397,Attrition Orbs+Explosive Payload | Attrition Orbs+Focused Fury | Attrition Orbs+High-Impact Reserves | Closing Time+Explosive Payload | Closing Time+Focused Fury | Closing Time+High-Impact Reserves | Explosive Payload+Rimestealer | Focused Fury+Rimestealer | High-Impact Reserves+Rimestealer,3423493037
142,Multimach CCX,preferred,Submachine Gun,Kinetic,1,0,0,0,1,"Attrition Orbs, Iron Gaze, Under-Over","Frenzy, Iron Reach, Kill Clip",9,1,259,Attrition Orbs+Frenzy | Attrition Orbs+Iron Reach | Attrition Orbs+Kill Clip | Frenzy+Iron Gaze | Frenzy+Under-Over | Iron Gaze+Iron Reach | Iron Gaze+Kill Clip | Iron Reach+Under-Over | Kill Clip+Under-Over,3211624072
143,Bygones,preferred,Pulse Rifle,Kinetic,1,0,1,0,1,"Attrition Orbs, Subsistence, Under Pressure","Firefly, High Ground, Osmosis",9,1,1294,Attrition Orbs+Firefly | Attrition Orbs+High Ground | Attrition Orbs+Osmosis | Firefly+Subsistence | Firefly+Under Pressure | High Ground+Subsistence | High Ground+Under Pressure | Osmosis+Subsistence | Osmosis+Under Pressure,2199554524
144,No Hesitation,preferred,Auto Rifle,Solar,1,0,0,1,1,"Burning Ambition, Physic, Target Lock","Attrition Orbs, Chaos Reshaped, Circle of Life",8,1,702,Attrition Orbs+Burning Ambition | Attrition Orbs+Physic | Attrition Orbs+Target Lock | Burning Ambition+Circle of Life | Chaos Reshaped+Physic | Chaos Reshaped+Target Lock | Circle of Life+Physic | Circle of Life+Target Lock,1801007332
145,Reghusk's Pledge,preferred,Auto Rifle,Void,1,0,0,0,1,"Built to Blast, Demoralize, Proximity Power","Attrition Orbs, Kill Clip, Swashbuckler",7,1,256,Attrition Orbs+Proximity Power | Built to Blast+Kill Clip | Built to Blast+Swashbuckler | Demoralize+Kill Clip | Demoralize+Swashbuckler | Kill Clip+Proximity Power | Proximity Power+Swashbuckler,2370525224
146,Adamantite (Adept),preferred,Auto Rifle,Strand,0,1,0,0,1,"Pugilist, Reciprocity, Slice","Attrition Orbs, Circle of Life, Elemental Honing",8,1,336,Attrition Orbs+Reciprocity | Attrition Orbs+Slice | Circle of Life+Pugilist | Circle of Life+Reciprocity | Circle of Life+Slice | Elemental Honing+Pugilist | Elemental Honing+Reciprocity | Elemental Honing+Slice,3485029080
147,Origin Story,preferred,Auto Rifle,Kinetic,1,0,1,0,1,"Attrition Orbs, Discord, Fragile Focus","Gutshot Straight, Kinetic Tremors, Snapshot Sights",9,1,1056,Attrition Orbs+Gutshot Straight | Attrition Orbs+Kinetic Tremors | Attrition Orbs+Snapshot Sights | Discord+Gutshot Straight | Discord+Kinetic Tremors | Discord+Snapshot Sights | Fragile Focus+Gutshot Straight | Fragile Focus+Kinetic Tremors | Fragile Focus+Snapshot Sights,2826850739
148,Chivalric Fire,preferred,Sword,Void,1,0,1,0,1,"Collective Demolition, Sharp Harvest, Tilting at Windmills","Attrition Orbs, Collective Action, Eager Edge",7,1,191,Attrition Orbs+Sharp Harvest | Attrition Orbs+Tilting at Windmills | Collective Action+Sharp Harvest | Collective Action+Tilting at Windmills | Collective Demolition+Eager Edge | Eager Edge+Sharp Harvest | Eager Edge+Tilting at Windmills,938936806
149,Temptation's Hook,preferred,Sword,Arc,1,0,0,0,1,"Attrition Orbs, Tireless Blade, Wellspring","Collective Action, En Garde, Valiant Charge",5,1,306,Attrition Orbs+Valiant Charge | Collective Action+Tireless Blade | En Garde+Tireless Blade | En Garde+Wellspring | Tireless Blade+Valiant Charge,1587953057
150,Retrofuturist,preferred,Shotgun,Void,1,0,1,0,1,"Auto-Loading Holster, Feeding Frenzy, Hip-Fire Grip","Barrel Constrictor, Deconstruct, Envious Assassin",8,1,1011,Auto-Loading Holster+Barrel Constrictor | Auto-Loading Holster+Deconstruct | Auto-Loading Holster+Envious Assassin | Barrel Constrictor+Feeding Frenzy | Barrel Constrictor+Hip-Fire Grip | Deconstruct+Hip-Fire Grip | Envious Assassin+Feeding Frenzy | Envious Assassin+Hip-Fire Grip,1612781792
151,BxR-55 Battler,preferred,Pulse Rifle,Solar,1,0,0,1,1,"Auto-Loading Holster, Demolitionist, Heating Up","Blunt Execution Rounds, Gutshot Straight, Incandescent",7,1,570,Auto-Loading Holster+Blunt Execution Rounds | Auto-Loading Holster+Incandescent | Blunt Execution Rounds+Demolitionist | Blunt Execution Rounds+Heating Up | Demolitionist+Gutshot Straight | Demolitionist+Incandescent | Heating Up+Incandescent,2708806099
152,Unwavering Duty,preferred,Machine Gun,Solar,1,0,0,0,1,"Auto-Loading Holster, Dynamic Sway Reduction, Rampage","Burning Ambition, Killing Tally, Onslaught",9,1,291,Auto-Loading Holster+Burning Ambition | Auto-Loading Holster+Killing Tally | Auto-Loading Holster+Onslaught | Burning Ambition+Dynamic Sway Reduction | Burning Ambition+Rampage | Dynamic Sway Reduction+Killing Tally | Dynamic Sway Reduction+Onslaught | Killing Tally+Rampage | Onslaught+Rampage,3489054606
153,Astral Horizon,preferred,Shotgun,Kinetic,1,0,0,0,1,"Auto-Loading Holster, Dual Loader, Lead from Gold","Celerity, Demolitionist, Elemental Capacitor",9,1,603,Auto-Loading Holster+Celerity | Auto-Loading Holster+Demolitionist | Auto-Loading Holster+Elemental Capacitor | Celerity+Dual Loader | Celerity+Lead from Gold | Demolitionist+Dual Loader | Demolitionist+Lead from Gold | Dual Loader+Elemental Capacitor | Elemental Capacitor+Lead from Gold,1697682876
154,Haliaetus,preferred,Rocket Launcher,Strand,1,0,0,0,1,"Auto-Loading Holster, Cluster Bomb, Quickdraw","Binary Orbit, Collective Pugilism, Reaper's Tithe",9,1,175,Auto-Loading Holster+Binary Orbit | Auto-Loading Holster+Collective Pugilism | Auto-Loading Holster+Reaper's Tithe | Binary Orbit+Cluster Bomb | Binary Orbit+Quickdraw | Cluster Bomb+Collective Pugilism | Cluster Bomb+Reaper's Tithe | Collective Pugilism+Quickdraw | Quickdraw+Reaper's Tithe,2155534128
155,Riptide,preferred,Fusion Rifle,Stasis,1,0,1,0,1,"Auto-Loading Holster, Feeding Frenzy, Well-Rounded","Chill Clip, Cornered, Thresh",9,1,1463,Auto-Loading Holster+Chill Clip | Auto-Loading Holster+Cornered | Auto-Loading Holster+Thresh | Chill Clip+Feeding Frenzy | Chill Clip+Well-Rounded | Cornered+Feeding Frenzy | Cornered+Well-Rounded | Feeding Frenzy+Thresh | Thresh+Well-Rounded,2715240478
156,Mechabre,preferred,Sniper Rifle,Arc,1,0,0,0,1,"Auto-Loading Holster, Clown Cartridge, Eddy Current","Discord, Opening Shot, Voltshot",8,1,429,Auto-Loading Holster+Discord | Auto-Loading Holster+Opening Shot | Auto-Loading Holster+Voltshot | Clown Cartridge+Discord | Clown Cartridge+Opening Shot | Clown Cartridge+Voltshot | Discord+Eddy Current | Eddy Current+Opening Shot,3871226707
157,Imperial Decree,preferred,Shotgun,Kinetic,1,0,0,1,1,"Feeding Frenzy, Full Auto Trigger System, Grave Robber","Auto-Loading Holster, Rampage, Trench Barrel",7,1,349,Auto-Loading Holster+Feeding Frenzy | Auto-Loading Holster+Full Auto Trigger System | Auto-Loading Holster+Grave Robber | Feeding Frenzy+Trench Barrel | Full Auto Trigger System+Rampage | Full Auto Trigger System+Trench Barrel | Grave Robber+Rampage,2919334548
158,Roar of the Bear,preferred,Rocket Launcher,Solar,1,0,0,0,1,"Impulse Amplifier, Snapshot Sights, Tracking Module","Auto-Loading Holster, Incandescent, Lasting Impression",8,1,311,Auto-Loading Holster+Impulse Amplifier | Auto-Loading Holster+Snapshot Sights | Auto-Loading Holster+Tracking Module | Impulse Amplifier+Incandescent | Incandescent+Snapshot Sights | Incandescent+Tracking Module | Lasting Impression+Snapshot Sights | Lasting Impression+Tracking Module,4009352833
159,Motif-41,preferred,Grenade Launcher,Solar,1,0,0,0,1,"Auto-Loading Holster, Loose Change, Wellspring","Attrition Orbs, Master of Arms, Reverberation",9,1,358,Attrition Orbs+Auto-Loading Holster | Attrition Orbs+Loose Change | Attrition Orbs+Wellspring | Auto-Loading Holster+Master of Arms | Auto-Loading Holster+Reverberation | Loose Change+Master of Arms | Loose Change+Reverberation | Master of Arms+Wellspring | Reverberation+Wellspring,1685533876
160,Infinite Paths 8,preferred,Pulse Rifle,Arc,1,0,0,0,1,"Auto-Loading Holster, Demolitionist, Grave Robber","Dragonfly, Shield Disorient, Zen Moment",6,1,336,Auto-Loading Holster+Dragonfly | Auto-Loading Holster+Shield Disorient | Demolitionist+Shield Disorient | Demolitionist+Zen Moment | Dragonfly+Grave Robber | Grave Robber+Shield Disorient,3233390913
161,Mindbender's Ambition,preferred,Shotgun,Solar,1,0,1,0,1,"Auto-Loading Holster, Lead from Gold, Snapshot Sights","One-Two Punch, Steady Hands, Well-Rounded",9,1,242,Auto-Loading Holster+One-Two Punch | Auto-Loading Holster+Steady Hands | Auto-Loading Holster+Well-Rounded | Lead from Gold+One-Two Punch | Lead from Gold+Steady Hands | Lead from Gold+Well-Rounded | One-Two Punch+Snapshot Sights | Snapshot Sights+Steady Hands | Snapshot Sights+Well-Rounded,1094005544
162,Gunnora's Axe,preferred,Shotgun,Arc,1,0,0,0,1,"Auto-Loading Holster, Field Prep, Full Auto Trigger System","Moving Target, Slideshot, Triple Tap",9,1,567,Auto-Loading Holster+Moving Target | Auto-Loading Holster+Slideshot | Auto-Loading Holster+Triple Tap | Field Prep+Moving Target | Field Prep+Slideshot | Field Prep+Triple Tap | Full Auto Trigger System+Moving Target | Full Auto Trigger System+Slideshot | Full Auto Trigger System+Triple Tap,2326716489
163,Allied Demand,preferred,Sidearm,Kinetic,1,0,0,0,1,"Auto-Loading Holster, Rangefinder, Rapid Hit","Gutshot Straight, Iron Reach, Under-Over",8,1,271,Auto-Loading Holster+Gutshot Straight | Auto-Loading Holster+Iron Reach | Auto-Loading Holster+Under-Over | Gutshot Straight+Rangefinder | Gutshot Straight+Rapid Hit | Iron Reach+Rangefinder | Rangefinder+Under-Over | Rapid Hit+Under-Over,1532276803
164,Tempered Dynamo,preferred,Fusion Rifle,Arc,1,0,1,0,1,"Backup Plan, Kickstart, Opening Shot","Closing Time, Discord, Jolting Feedback",8,1,153,Backup Plan+Discord | Backup Plan+Jolting Feedback | Closing Time+Kickstart | Closing Time+Opening Shot | Discord+Kickstart | Discord+Opening Shot | Jolting Feedback+Kickstart | Jolting Feedback+Opening Shot,2925315757
165,Exile's Curse,preferred,Fusion Rifle,Arc,1,0,0,0,1,"Field Prep, No Distractions, Pulse Monitor","Backup Plan, Celerity, Disruption Break",9,1,669,Backup Plan+Field Prep | Backup Plan+No Distractions | Backup Plan+Pulse Monitor | Celerity+Field Prep | Celerity+No Distractions | Celerity+Pulse Monitor | Disruption Break+Field Prep | Disruption Break+No Distractions | Disruption Break+Pulse Monitor,679281855
166,Midha's Reckoning (Harrowed),preferred,Fusion Rifle,Arc,0,1,0,1,0,"Backup Plan, Cornered, Pugilist","Golden Tricorn, Golden Tricorn Enhanced, Kickstart",9,1,407,Backup Plan+Golden Tricorn | Backup Plan+Golden Tricorn Enhanced | Backup Plan+Kickstart | Cornered+Golden Tricorn | Cornered+Golden Tricorn Enhanced | Cornered+Kickstart | Golden Tricorn+Pugilist | Golden Tricorn Enhanced+Pugilist | Kickstart+Pugilist,3904516037
167,Midha's Reckoning (Harrowed),preferred,Fusion Rifle,Arc,0,1,0,1,0,"Backup Plan, Hip-Fire Grip, Unrelenting","Reservoir Burst, Successful Warm-Up, Tap the Trigger",8,1,407,Backup Plan+Reservoir Burst | Backup Plan+Successful Warm-Up | Backup Plan+Tap the Trigger | Hip-Fire Grip+Reservoir Burst | Hip-Fire Grip+Successful Warm-Up | Hip-Fire Grip+Tap the Trigger | Reservoir Burst+Unrelenting | Successful Warm-Up+Unrelenting,3904516037
168,Midha's Reckoning (Harrowed),preferred,Fusion Rifle,Arc,0,1,0,1,0,"Backup Plan, Field Prep, Hip-Fire Grip","Closing Time, Gear Shift, Vorpal Weapon",9,1,407,Backup Plan+Closing Time | Backup Plan+Gear Shift | Backup Plan+Vorpal Weapon | Closing Time+Field Prep | Closing Time+Hip-Fire Grip | Field Prep+Gear Shift | Field Prep+Vorpal Weapon | Gear Shift+Hip-Fire Grip | Hip-Fire Grip+Vorpal Weapon,3904516037
169,Mint Retrograde,preferred,Pulse Rifle,Strand,1,0,1,0,1,"Beacon Rounds, Hatchling, Rewind Rounds","Bait and Switch, Cascade Point, Frenzy",7,1,237,Bait and Switch+Beacon Rounds | Bait and Switch+Hatchling | Bait and Switch+Rewind Rounds | Beacon Rounds+Cascade Point | Beacon Rounds+Frenzy | Cascade Point+Hatchling | Frenzy+Hatchling,3285784871
170,Bad Omens,preferred,Rocket Launcher,Void,1,0,1,0,1,"Bipod, Destabilizing Rounds, Light Touch","Bait and Switch, Elemental Honing, Explosive Light",9,1,225,Bait and Switch+Bipod | Bait and Switch+Destabilizing Rounds | Bait and Switch+Light Touch | Bipod+Elemental Honing | Bipod+Explosive Light | Destabilizing Rounds+Elemental Honing | Destabilizing Rounds+Explosive Light | Elemental Honing+Light Touch | Explosive Light+Light Touch,1996201272
171,Critical Anomaly (Adept),preferred,Sniper Rifle,Stasis,0,1,0,1,0,"Built to Blast, Chill Clip, Opening Shot","Bait and Switch, Chaos Reshaped, Firing Line",9,1,329,Bait and Switch+Built to Blast | Bait and Switch+Chill Clip | Bait and Switch+Opening Shot | Built to Blast+Chaos Reshaped | Built to Blast+Firing Line | Chaos Reshaped+Chill Clip | Chaos Reshaped+Opening Shot | Chill Clip+Firing Line | Firing Line+Opening Shot,172461430
172,Lubrae's Ruin (Adept),preferred,Glaive,Solar,0,1,0,1,0,"Close to Melee, Immovable Object, Tilting at Windmills","Bait and Switch, Chaos Reshaped, Incandescent",9,1,374,Bait and Switch+Close to Melee | Bait and Switch+Immovable Object | Bait and Switch+Tilting at Windmills | Chaos Reshaped+Close to Melee | Chaos Reshaped+Immovable Object | Chaos Reshaped+Tilting at Windmills | Close to Melee+Incandescent | Immovable Object+Incandescent | Incandescent+Tilting at Windmills,1466006054
173,Submission (Adept),preferred,Submachine Gun,Kinetic,0,1,0,1,0,"Closing Time, Encore, Kinetic Tremors","Bait and Switch, Chaos Reshaped, Target Lock",9,1,499,Bait and Switch+Closing Time | Bait and Switch+Encore | Bait and Switch+Kinetic Tremors | Chaos Reshaped+Closing Time | Chaos Reshaped+Encore | Chaos Reshaped+Kinetic Tremors | Closing Time+Target Lock | Encore+Target Lock | Kinetic Tremors+Target Lock,1941816543
174,Hezen Vengeance (Timelost),preferred,Rocket Launcher,Solar,0,1,0,1,0,"Blast Distributor, Collective Demolition, Envious Arsenal","Bait and Switch, Bipod, Collective Action",8,1,484,Bait and Switch+Blast Distributor | Bait and Switch+Collective Demolition | Bipod+Blast Distributor | Bipod+Collective Demolition | Bipod+Envious Arsenal | Blast Distributor+Collective Action | Collective Action+Collective Demolition | Collective Action+Envious Arsenal,3623686757
175,The Beacon,preferred,Fusion Rifle,Solar,1,0,0,0,1,"Collective Pugilism, Demolitionist, Overflow","Bait and Switch, Burning Ambition, Closing Time",8,1,227,Bait and Switch+Collective Pugilism | Bait and Switch+Demolitionist | Bait and Switch+Overflow | Burning Ambition+Collective Pugilism | Burning Ambition+Demolitionist | Burning Ambition+Overflow | Closing Time+Collective Pugilism | Closing Time+Overflow,2161618499
176,Unwavering Duty,preferred,Machine Gun,Solar,1,0,0,0,1,"Dynamic Sway Reduction, Incandescent, Rampage","Bait and Switch, Cascade Point, Killing Tally",7,1,291,Bait and Switch+Dynamic Sway Reduction | Bait and Switch+Incandescent | Bait and Switch+Rampage | Cascade Point+Dynamic Sway Reduction | Cascade Point+Incandescent | Cascade Point+Rampage | Incandescent+Killing Tally,3489054606
177,Doomsday,preferred,Grenade Launcher,Arc,1,0,1,0,1,"Ambitious Assassin, Eddy Current, Supercharged Magazine","Bait and Switch, Explosive Light, Full Court",8,1,218,Ambitious Assassin+Bait and Switch | Ambitious Assassin+Explosive Light | Bait and Switch+Eddy Current | Bait and Switch+Supercharged Magazine | Eddy Current+Explosive Light | Eddy Current+Full Court | Explosive Light+Supercharged Magazine | Full Court+Supercharged Magazine,713132408
178,Song of Ir Yût (Adept),preferred,Machine Gun,Arc,0,1,0,1,0,"Feeding Frenzy, Jolting Feedback, Zen Moment","Bait and Switch, Cascade Point, Elemental Capacitor",9,1,381,Bait and Switch+Feeding Frenzy | Bait and Switch+Jolting Feedback | Bait and Switch+Zen Moment | Cascade Point+Feeding Frenzy | Cascade Point+Jolting Feedback | Cascade Point+Zen Moment | Elemental Capacitor+Feeding Frenzy | Elemental Capacitor+Jolting Feedback | Elemental Capacitor+Zen Moment,407511664
179,Mercurial Overreach,preferred,Sniper Rifle,Arc,1,0,1,0,1,"Discord, Envious Assassin, Fragile Focus","Bait and Switch, Box Breathing, Closing Time",6,1,461,Bait and Switch+Discord | Bait and Switch+Fragile Focus | Box Breathing+Envious Assassin | Box Breathing+Fragile Focus | Closing Time+Envious Assassin | Closing Time+Fragile Focus,4257236930
180,Praedyth's Revenge (Timelost),preferred,Sniper Rifle,Kinetic,0,1,0,1,0,"Bewildering Burst, Kinetic Tremors, Osmosis","Bait and Switch, Closing Time, High-Impact Reserves",6,1,420,Bait and Switch+Osmosis | Bewildering Burst+High-Impact Reserves | Closing Time+Kinetic Tremors | Closing Time+Osmosis | High-Impact Reserves+Kinetic Tremors | High-Impact Reserves+Osmosis,2362652544
181,Summum Bonum (Adept),preferred,Sword,Arc,0,1,0,1,0,"Proximity Power, Sharp Harvest, Tireless Blade","Bait and Switch, Chaos Reshaped, Jolting Feedback",9,1,525,Bait and Switch+Proximity Power | Bait and Switch+Sharp Harvest | Bait and Switch+Tireless Blade | Chaos Reshaped+Proximity Power | Chaos Reshaped+Sharp Harvest | Chaos Reshaped+Tireless Blade | Jolting Feedback+Proximity Power | Jolting Feedback+Sharp Harvest | Jolting Feedback+Tireless Blade,2001697739
182,The Slammer,preferred,Sword,Stasis,1,0,1,0,1,"Chain Reaction, Pugilist, Thresh","Bait and Switch, Cold Steel, One for All",9,1,155,Bait and Switch+Chain Reaction | Bait and Switch+Pugilist | Bait and Switch+Thresh | Chain Reaction+Cold Steel | Chain Reaction+One for All | Cold Steel+Pugilist | Cold Steel+Thresh | One for All+Pugilist | One for All+Thresh,2889501828
183,Dimensional Hypotrochoid,preferred,Grenade Launcher,Stasis,1,0,0,1,1,"Field Prep, Rimestealer, Shot Swap","Bait and Switch, Chain Reaction, Crystalline Corpsebloom",8,1,863,Bait and Switch+Field Prep | Bait and Switch+Rimestealer | Bait and Switch+Shot Swap | Chain Reaction+Field Prep | Chain Reaction+Rimestealer | Chain Reaction+Shot Swap | Crystalline Corpsebloom+Field Prep | Crystalline Corpsebloom+Shot Swap,1311684613
184,Willful Hamartia,preferred,Linear Fusion Rifle,Arc,1,0,0,0,1,"High-Impact Reserves, Successful Warm-Up, Tap the Trigger","Bait and Switch, Headseeker, Kickstart",9,1,210,Bait and Switch+High-Impact Reserves | Bait and Switch+Successful Warm-Up | Bait and Switch+Tap the Trigger | Headseeker+High-Impact Reserves | Headseeker+Successful Warm-Up | Headseeker+Tap the Trigger | High-Impact Reserves+Kickstart | Kickstart+Successful Warm-Up | Kickstart+Tap the Trigger,1952295804
185,Swordbreaker (Adept),preferred,Shotgun,Strand,0,1,0,1,0,"Demolitionist, Slice, Subsistence","Barrel Constrictor, One-Two Punch, Opening Shot",7,1,560,Barrel Constrictor+Demolitionist | Barrel Constrictor+Slice | Barrel Constrictor+Subsistence | Demolitionist+One-Two Punch | One-Two Punch+Slice | Opening Shot+Slice | Opening Shot+Subsistence,1239700299
186,Phoneutria Fera,preferred,Hand Cannon,Solar,1,0,0,0,1,"Barrel Constrictor, Threat Remover, Transcendent Moment","Frenzy, Incandescent, Surrounded",8,1,241,Barrel Constrictor+Frenzy | Barrel Constrictor+Incandescent | Barrel Constrictor+Surrounded | Frenzy+Threat Remover | Incandescent+Threat Remover | Incandescent+Transcendent Moment | Surrounded+Threat Remover | Surrounded+Transcendent Moment,3804242795
187,Compass Rose,preferred,Shotgun,Solar,1,0,0,0,1,"Grave Robber, Threat Remover, To the Pain","Barrel Constrictor, Opening Shot, Snapshot Sights",8,1,368,Barrel Constrictor+Grave Robber | Barrel Constrictor+Threat Remover | Barrel Constrictor+To the Pain | Grave Robber+Snapshot Sights | Opening Shot+Threat Remover | Opening Shot+To the Pain | Snapshot Sights+Threat Remover | Snapshot Sights+To the Pain,4169225313
188,Someday,preferred,Shotgun,Kinetic,1,0,0,1,1,"Lead from Gold, One-Two Punch, Strategist","Barrel Constrictor, Closing Time, Collective Action",8,1,697,Barrel Constrictor+Lead from Gold | Barrel Constrictor+Strategist | Closing Time+Lead from Gold | Closing Time+One-Two Punch | Closing Time+Strategist | Collective Action+Lead from Gold | Collective Action+One-Two Punch | Collective Action+Strategist,3232203524
189,Retrofuturist,preferred,Shotgun,Void,1,0,1,0,1,"Pulse Monitor, Quickdraw, Shot Swap","Barrel Constrictor, Envious Assassin, Trench Barrel",9,1,1011,Barrel Constrictor+Pulse Monitor | Barrel Constrictor+Quickdraw | Barrel Constrictor+Shot Swap | Envious Assassin+Pulse Monitor | Envious Assassin+Quickdraw | Envious Assassin+Shot Swap | Pulse Monitor+Trench Barrel | Quickdraw+Trench Barrel | Shot Swap+Trench Barrel,1612781792
190,Retrofuturist,preferred,Shotgun,Void,1,0,1,0,1,"Dual Loader, Stats for All, Unrelenting","Barrel Constrictor, Deconstruct, Envious Assassin",9,1,1011,Barrel Constrictor+Dual Loader | Barrel Constrictor+Stats for All | Barrel Constrictor+Unrelenting | Deconstruct+Dual Loader | Deconstruct+Stats for All | Deconstruct+Unrelenting | Dual Loader+Envious Assassin | Envious Assassin+Stats for All | Envious Assassin+Unrelenting,1612781792
191,Unfall,preferred,Sidearm,Arc,1,0,1,0,1,"Beacon Rounds, Disruption Break, Sleight of Hand","Binary Orbit, Deconstruct, Jolting Feedback",7,1,102,Beacon Rounds+Binary Orbit | Beacon Rounds+Deconstruct | Binary Orbit+Sleight of Hand | Deconstruct+Disruption Break | Deconstruct+Sleight of Hand | Disruption Break+Jolting Feedback | Jolting Feedback+Sleight of Hand,738446555
192,Albedo Wing,preferred,Glaive,Arc,1,0,0,0,1,"Beacon Rounds, Clown Cartridge, Keep Away","Close to Melee, High-Impact Reserves, Lead from Gold",9,1,225,Beacon Rounds+Close to Melee | Beacon Rounds+High-Impact Reserves | Beacon Rounds+Lead from Gold | Close to Melee+Clown Cartridge | Close to Melee+Keep Away | Clown Cartridge+High-Impact Reserves | Clown Cartridge+Lead from Gold | High-Impact Reserves+Keep Away | Keep Away+Lead from Gold,2680976411
193,Lotus-Eater,preferred,Sidearm,Void,1,0,1,0,1,"Beacon Rounds, Feeding Frenzy, Reconstruction","Destabilizing Rounds, High Ground, Withering Gaze",6,1,237,Beacon Rounds+Destabilizing Rounds | Beacon Rounds+High Ground | Beacon Rounds+Withering Gaze | Destabilizing Rounds+Feeding Frenzy | Feeding Frenzy+Withering Gaze | Reconstruction+Withering Gaze,3922217119
194,Aberrant Action,preferred,Sidearm,Solar,1,0,0,1,1,"Beacon Rounds, Heal Clip, Strategist","Harmony, Snapshot Sights, Swashbuckler",8,1,703,Beacon Rounds+Harmony | Beacon Rounds+Snapshot Sights | Beacon Rounds+Swashbuckler | Harmony+Heal Clip | Harmony+Strategist | Heal Clip+Swashbuckler | Snapshot Sights+Strategist | Strategist+Swashbuckler,2198166292
195,The Call,preferred,Sidearm,Strand,1,0,0,1,1,"Beacon Rounds, Reconstruction, Slice","Desperate Measures, Multikill Clip, Vorpal Weapon",8,1,1088,Beacon Rounds+Desperate Measures | Beacon Rounds+Multikill Clip | Beacon Rounds+Vorpal Weapon | Desperate Measures+Reconstruction | Multikill Clip+Reconstruction | Multikill Clip+Slice | Reconstruction+Vorpal Weapon | Slice+Vorpal Weapon,3947966653
196,Indebted Kindness,preferred,Sidearm,Arc,1,0,0,0,1,"Beacon Rounds, Danger Zone, Deconstruct","Gear Shift, Surrounded, Voltshot",7,1,134,Beacon Rounds+Surrounded | Beacon Rounds+Voltshot | Danger Zone+Gear Shift | Danger Zone+Surrounded | Deconstruct+Gear Shift | Deconstruct+Surrounded | Deconstruct+Voltshot,2554513694
197,Last Rite,preferred,Scout Rifle,Kinetic,1,0,1,0,1,"Bewildering Burst, Dual Loader, Stopping Power","Explosive Payload, Focused Fury, Offhand Strike",6,1,297,Bewildering Burst+Explosive Payload | Bewildering Burst+Focused Fury | Dual Loader+Focused Fury | Explosive Payload+Stopping Power | Focused Fury+Stopping Power | Offhand Strike+Stopping Power,3708636616
198,Forced Memorializer,preferred,Scout Rifle,Kinetic,1,0,1,0,1,"Bewildering Burst, Explosive Payload, Lone Wolf","Multikill Clip, Outlaw, To the Pain",8,1,149,Bewildering Burst+Multikill Clip | Bewildering Burst+Outlaw | Bewildering Burst+To the Pain | Explosive Payload+Multikill Clip | Explosive Payload+Outlaw | Lone Wolf+Multikill Clip | Lone Wolf+Outlaw | Lone Wolf+To the Pain,1197073834
199,Peculiar Charm,preferred,Submachine Gun,Kinetic,1,0,1,0,1,"Rapid Hit, Shoot to Loot, Stopping Power","All-Star, Bewildering Burst, Master of Arms",7,1,210,All-Star+Rapid Hit | All-Star+Shoot to Loot | All-Star+Stopping Power | Bewildering Burst+Rapid Hit | Bewildering Burst+Shoot to Loot | Bewildering Burst+Stopping Power | Master of Arms+Stopping Power,3620277039
200,Reckless Endangerment,preferred,Shotgun,Kinetic,1,0,1,0,1,"Bewildering Burst, Dual Loader, Steady Hands","Binary Orbit, Offhand Strike, Trench Barrel",8,1,291,Bewildering Burst+Binary Orbit | Bewildering Burst+Offhand Strike | Bewildering Burst+Trench Barrel | Binary Orbit+Dual Loader | Binary Orbit+Steady Hands | Dual Loader+Trench Barrel | Offhand Strike+Steady Hands | Steady Hands+Trench Barrel,3085559077
201,Micromort,preferred,Rocket Launcher,Arc,1,0,0,0,1,"Clown Cartridge, Cluster Bomb, Lead From Light","Binary Orbit, Paracausal Affinity, Rolling Storm",8,1,252,Binary Orbit+Clown Cartridge | Binary Orbit+Lead From Light | Clown Cartridge+Paracausal Affinity | Clown Cartridge+Rolling Storm | Cluster Bomb+Paracausal Affinity | Cluster Bomb+Rolling Storm | Lead From Light+Paracausal Affinity | Lead From Light+Rolling Storm,602331467
202,Theodolite,preferred,Grenade Launcher,Arc,1,0,1,0,1,"Blast Distributor, Danger Zone, Eddy Current","Binary Orbit, Reaper's Tithe, Voltshot",9,1,153,Binary Orbit+Blast Distributor | Binary Orbit+Danger Zone | Binary Orbit+Eddy Current | Blast Distributor+Reaper's Tithe | Blast Distributor+Voltshot | Danger Zone+Reaper's Tithe | Danger Zone+Voltshot | Eddy Current+Reaper's Tithe | Eddy Current+Voltshot,4146673635
203,Action Item,preferred,Trace Rifle,Stasis,1,0,0,0,1,"Deconstruct, High-Impact Reserves, Rewind Rounds","Binary Orbit, Crystalline Corpsebloom, Detonator Beam",9,1,261,Binary Orbit+Deconstruct | Binary Orbit+High-Impact Reserves | Binary Orbit+Rewind Rounds | Crystalline Corpsebloom+Deconstruct | Crystalline Corpsebloom+High-Impact Reserves | Crystalline Corpsebloom+Rewind Rounds | Deconstruct+Detonator Beam | Detonator Beam+High-Impact Reserves | Detonator Beam+Rewind Rounds,527989828
204,The Riposte,preferred,Auto Rifle,Void,1,0,1,0,1,"Demoralize, Dimensional Shift, Tap the Trigger","Binary Orbit, Built to Blast, Desperate Measures",8,1,273,Binary Orbit+Demoralize | Binary Orbit+Dimensional Shift | Binary Orbit+Tap the Trigger | Built to Blast+Dimensional Shift | Built to Blast+Tap the Trigger | Demoralize+Desperate Measures | Desperate Measures+Dimensional Shift | Desperate Measures+Tap the Trigger,866434750
205,Mykel's Reverence (Adept),preferred,Sidearm,Strand,0,1,0,1,0,"Elemental Capacitor, Perfect Float, Thresh","Binary Orbit, Master of Arms, Paracausal Affinity",9,1,451,Binary Orbit+Elemental Capacitor | Binary Orbit+Perfect Float | Binary Orbit+Thresh | Elemental Capacitor+Master of Arms | Elemental Capacitor+Paracausal Affinity | Master of Arms+Perfect Float | Master of Arms+Thresh | Paracausal Affinity+Perfect Float | Paracausal Affinity+Thresh,1986287028
206,Qua Nilus II,preferred,Submachine Gun,Strand,1,0,1,0,1,"Encore, Offhand Strike, Proximity Power","Binary Orbit, Dragonfly, Hatchling",9,1,211,Binary Orbit+Encore | Binary Orbit+Offhand Strike | Binary Orbit+Proximity Power | Dragonfly+Encore | Dragonfly+Offhand Strike | Dragonfly+Proximity Power | Encore+Hatchling | Hatchling+Offhand Strike | Hatchling+Proximity Power,190747610
207,Pre Astyanax IV,preferred,Combat Bow,Solar,1,0,1,0,1,"Firefly, Incandescent, Successful Warm-Up","Binary Orbit, Burning Ambition, Explosive Head",8,1,155,Binary Orbit+Firefly | Binary Orbit+Incandescent | Binary Orbit+Successful Warm-Up | Burning Ambition+Firefly | Burning Ambition+Successful Warm-Up | Explosive Head+Firefly | Explosive Head+Incandescent | Explosive Head+Successful Warm-Up,471764396
208,Rapid Growth,preferred,Sniper Rifle,Arc,1,0,0,0,1,"Fourth Time's the Charm, Lucky Shot, Snapshot Sights","Binary Orbit, Gear Shift, Jolting Feedback",6,1,177,Binary Orbit+Fourth Time's the Charm | Binary Orbit+Snapshot Sights | Gear Shift+Lucky Shot | Gear Shift+Snapshot Sights | Jolting Feedback+Lucky Shot | Jolting Feedback+Snapshot Sights,3856342856
209,Imminence (Adept),preferred,Submachine Gun,Strand,0,1,0,1,0,"Dynamic Sway Reduction, Enlightened Action, Fragile Focus","Binary Orbit, Chaos Reshaped, Firefly",7,1,458,Binary Orbit+Dynamic Sway Reduction | Binary Orbit+Enlightened Action | Binary Orbit+Fragile Focus | Chaos Reshaped+Dynamic Sway Reduction | Chaos Reshaped+Enlightened Action | Chaos Reshaped+Fragile Focus | Firefly+Fragile Focus,3951511045
210,Boomslang-4fr,preferred,Linear Fusion Rifle,Arc,1,0,1,0,1,"Heating Up, Rolling Storm, Transcendent Moment","Binary Orbit, Jolting Feedback, Precision Instrument",7,1,173,Binary Orbit+Heating Up | Binary Orbit+Rolling Storm | Heating Up+Jolting Feedback | Heating Up+Precision Instrument | Jolting Feedback+Transcendent Moment | Precision Instrument+Rolling Storm | Precision Instrument+Transcendent Moment,3926153598
211,Ecliptic Distaff,preferred,Glaive,Void,1,0,1,0,1,"Disruption Break, Immovable Object, Tilting at Windmills","Binary Orbit, Desperate Measures, Withering Gaze",8,1,206,Binary Orbit+Immovable Object | Binary Orbit+Tilting at Windmills | Desperate Measures+Disruption Break | Desperate Measures+Immovable Object | Desperate Measures+Tilting at Windmills | Disruption Break+Withering Gaze | Immovable Object+Withering Gaze | Tilting at Windmills+Withering Gaze,1942143745
212,Precipial,preferred,Shotgun,Void,1,0,0,0,1,"One-Two Punch, Reconstruction, Repulsor Brace","Binary Orbit, Destabilizing Rounds, Discord",8,1,398,Binary Orbit+One-Two Punch | Binary Orbit+Reconstruction | Binary Orbit+Repulsor Brace | Destabilizing Rounds+One-Two Punch | Destabilizing Rounds+Reconstruction | Discord+One-Two Punch | Discord+Reconstruction | Discord+Repulsor Brace,367772693
213,Fatebringer (Timelost),preferred,Hand Cannon,Kinetic,0,1,0,1,0,"Osmosis, Rewind Rounds, Stopping Power","Binary Orbit, Eye of the Storm, Magnificent Howl",8,1,329,Binary Orbit+Osmosis | Binary Orbit+Stopping Power | Eye of the Storm+Osmosis | Eye of the Storm+Rewind Rounds | Eye of the Storm+Stopping Power | Magnificent Howl+Osmosis | Magnificent Howl+Rewind Rounds | Magnificent Howl+Stopping Power,4219826183
214,Stryker's Sure-Hand,preferred,Sword,Void,1,0,1,0,1,"Rampage, Sharp Harvest, Tireless Blade","Binary Orbit, Flash Counter, Impromptu Ammunition",8,1,278,Binary Orbit+Rampage | Binary Orbit+Sharp Harvest | Binary Orbit+Tireless Blade | Flash Counter+Rampage | Flash Counter+Tireless Blade | Impromptu Ammunition+Rampage | Impromptu Ammunition+Sharp Harvest | Impromptu Ammunition+Tireless Blade,2490460292
215,Last Thursday,preferred,Pulse Rifle,Strand,1,0,0,0,1,"Built to Blast, Strategist, Transcendent Moment","Binary Orbit, Frenzy, Headseeker",8,1,366,Binary Orbit+Strategist | Binary Orbit+Transcendent Moment | Built to Blast+Frenzy | Built to Blast+Headseeker | Frenzy+Strategist | Frenzy+Transcendent Moment | Headseeker+Strategist | Headseeker+Transcendent Moment,3813721211
216,Fang of Ir Yût (Adept),preferred,Scout Rifle,Strand,0,1,0,1,0,"Rewind Rounds, Surplus, Tear","Binary Orbit, High Ground, Meganeura",7,1,629,Binary Orbit+Surplus | Binary Orbit+Tear | High Ground+Rewind Rounds | High Ground+Surplus | High Ground+Tear | Meganeura+Rewind Rounds | Meganeura+Tear,128782990
217,Semiotician,preferred,Rocket Launcher,Strand,1,0,0,1,1,"Keep Away, Perpetual Motion, Shot Swap","Bipod, Danger Zone, Explosive Light",9,1,609,Bipod+Keep Away | Bipod+Perpetual Motion | Bipod+Shot Swap | Danger Zone+Keep Away | Danger Zone+Perpetual Motion | Danger Zone+Shot Swap | Explosive Light+Keep Away | Explosive Light+Perpetual Motion | Explosive Light+Shot Swap,2922749929
218,Bad Omens,preferred,Rocket Launcher,Void,1,0,1,0,1,"Bipod, Light Touch, Perpetual Motion","Cluster Bomb, Kill Clip, Quickdraw",9,1,225,Bipod+Cluster Bomb | Bipod+Kill Clip | Bipod+Quickdraw | Cluster Bomb+Light Touch | Cluster Bomb+Perpetual Motion | Kill Clip+Light Touch | Kill Clip+Perpetual Motion | Light Touch+Quickdraw | Perpetual Motion+Quickdraw,1996201272
219,Bellowing Giant,preferred,Rocket Launcher,Void,1,0,1,0,1,"Impromptu Ammunition, Lasting Impression, Overflow","Bipod, Clown Cartridge, Cluster Bomb",6,1,128,Bipod+Lasting Impression | Clown Cartridge+Impromptu Ammunition | Clown Cartridge+Overflow | Cluster Bomb+Impromptu Ammunition | Cluster Bomb+Lasting Impression | Cluster Bomb+Overflow,1889005379
220,Semiotician,preferred,Rocket Launcher,Strand,1,0,0,1,1,"Shot Swap, Stats for All, Wellspring","Bipod, Explosive Light, Hatchling",7,1,609,Bipod+Stats for All | Bipod+Wellspring | Explosive Light+Stats for All | Explosive Light+Wellspring | Hatchling+Shot Swap | Hatchling+Stats for All | Hatchling+Wellspring,2922749929
221,Cynosure,preferred,Rocket Launcher,Strand,1,0,1,0,1,"Clown Cartridge, Slice, Sympathetic Arsenal","Bipod, Cluster Bomb, Desperate Measures",9,1,773,Bipod+Clown Cartridge | Bipod+Slice | Bipod+Sympathetic Arsenal | Clown Cartridge+Cluster Bomb | Clown Cartridge+Desperate Measures | Cluster Bomb+Slice | Cluster Bomb+Sympathetic Arsenal | Desperate Measures+Slice | Desperate Measures+Sympathetic Arsenal,694275488
222,Cataphract GL3,preferred,Grenade Launcher,Strand,1,0,0,0,1,"Blast Distributor, Envious Arsenal, Lead From Light","Demolitionist, Full Court, Impromptu Ammunition",8,1,366,Blast Distributor+Demolitionist | Blast Distributor+Full Court | Blast Distributor+Impromptu Ammunition | Demolitionist+Envious Arsenal | Demolitionist+Lead From Light | Envious Arsenal+Impromptu Ammunition | Full Court+Lead From Light | Impromptu Ammunition+Lead From Light,3805679279
223,Koraxis's Distress (Adept),preferred,Grenade Launcher,Strand,0,1,0,1,0,"Blast Distributor, Chain Reaction, Danger Zone","Chaos Reshaped, Harmony, Paracausal Affinity",9,1,523,Blast Distributor+Chaos Reshaped | Blast Distributor+Harmony | Blast Distributor+Paracausal Affinity | Chain Reaction+Chaos Reshaped | Chain Reaction+Harmony | Chain Reaction+Paracausal Affinity | Chaos Reshaped+Danger Zone | Danger Zone+Harmony | Danger Zone+Paracausal Affinity,495442100
224,Returned Memory,preferred,Sidearm,Solar,1,0,1,0,1,"Blast Distributor, Heal Clip, Lead from Gold","Desperate Measures, Incandescent, Redirection",7,1,167,Blast Distributor+Desperate Measures | Blast Distributor+Incandescent | Desperate Measures+Lead from Gold | Heal Clip+Incandescent | Heal Clip+Redirection | Incandescent+Lead from Gold | Lead from Gold+Redirection,4049127142
225,Hezen Vengeance (Timelost),preferred,Rocket Launcher,Solar,0,1,0,1,0,"Blast Distributor, Collective Demolition, Incandescent","Bipod, Explosive Light, Lasting Impression",6,1,484,Bipod+Incandescent | Blast Distributor+Explosive Light | Blast Distributor+Lasting Impression | Collective Demolition+Explosive Light | Explosive Light+Incandescent | Incandescent+Lasting Impression,3623686757
226,Permafrost,preferred,Grenade Launcher,Stasis,1,0,0,0,1,"Blast Distributor, Lead from Gold, Overflow","Crystalline Corpsebloom, Pugilist, Reaper's Tithe",7,1,293,Blast Distributor+Crystalline Corpsebloom | Blast Distributor+Pugilist | Crystalline Corpsebloom+Lead from Gold | Crystalline Corpsebloom+Overflow | Lead from Gold+Pugilist | Lead from Gold+Reaper's Tithe | Overflow+Pugilist,2922964484
227,BxR-55 Battler,preferred,Pulse Rifle,Solar,1,0,0,1,1,"Killing Wind, Outlaw, Perpetual Motion","Adrenaline Junkie, Blunt Execution Rounds, Gutshot Straight",7,1,570,Adrenaline Junkie+Outlaw | Blunt Execution Rounds+Killing Wind | Blunt Execution Rounds+Outlaw | Blunt Execution Rounds+Perpetual Motion | Gutshot Straight+Killing Wind | Gutshot Straight+Outlaw | Gutshot Straight+Perpetual Motion,2708806099
228,BxR-55 Battler,preferred,Pulse Rifle,Solar,1,0,0,1,1,"Pugilist, Snapshot Sights","Adrenaline Junkie, Blunt Execution Rounds, Gutshot Straight",5,1,570,Adrenaline Junkie+Snapshot Sights | Blunt Execution Rounds+Pugilist | Blunt Execution Rounds+Snapshot Sights | Gutshot Straight+Pugilist | Gutshot Straight+Snapshot Sights,2708806099
229,A Good Shout,preferred,Combat Bow,Void,1,0,1,0,1,"Bolt Scavenger, Built to Blast, Repulsor Brace","Box Breathing, Butterfly, Demoralize",9,1,158,Bolt Scavenger+Box Breathing | Bolt Scavenger+Butterfly | Bolt Scavenger+Demoralize | Box Breathing+Built to Blast | Box Breathing+Repulsor Brace | Built to Blast+Butterfly | Built to Blast+Demoralize | Butterfly+Repulsor Brace | Demoralize+Repulsor Brace,3615748501
230,A Good Shout,preferred,Combat Bow,Void,1,0,1,0,1,"Bolt Scavenger, Built to Blast, Envious Arsenal","Butterfly, Destabilizing Rounds, Rampage",7,1,158,Bolt Scavenger+Destabilizing Rounds | Bolt Scavenger+Rampage | Built to Blast+Destabilizing Rounds | Built to Blast+Rampage | Butterfly+Envious Arsenal | Destabilizing Rounds+Envious Arsenal | Envious Arsenal+Rampage,3615748501
231,Submersion,preferred,Combat Bow,Stasis,1,0,0,0,1,"Bolt Scavenger, Impulse Amplifier, Lead From Light","Firing Line, Headstone, High Ground",9,1,122,Bolt Scavenger+Firing Line | Bolt Scavenger+Headstone | Bolt Scavenger+High Ground | Firing Line+Impulse Amplifier | Firing Line+Lead From Light | Headstone+Impulse Amplifier | Headstone+Lead From Light | High Ground+Impulse Amplifier | High Ground+Lead From Light,3524386983
232,Shadow Price,preferred,Auto Rifle,Arc,1,0,1,0,1,"Bottomless Grief, Fourth Time's the Charm","Disruption Break, Dragonfly, One for All",5,1,338,Bottomless Grief+Disruption Break | Bottomless Grief+Dragonfly | Bottomless Grief+One for All | Disruption Break+Fourth Time's the Charm | Dragonfly+Fourth Time's the Charm,2633186522
233,Shadow Price,preferred,Auto Rifle,Arc,1,0,1,0,1,"Bottomless Grief, Fourth Time's the Charm, Surplus","Swashbuckler, Thresh, Unrelenting",6,1,338,Bottomless Grief+Swashbuckler | Bottomless Grief+Thresh | Bottomless Grief+Unrelenting | Fourth Time's the Charm+Swashbuckler | Fourth Time's the Charm+Unrelenting | Surplus+Thresh,2633186522
234,No Feelings,preferred,Scout Rifle,Arc,1,0,1,0,1,"Collective Demolition, Rolling Storm, Voltshot","Box Breathing, Gear Shift, Kill Clip",9,1,296,Box Breathing+Collective Demolition | Box Breathing+Rolling Storm | Box Breathing+Voltshot | Collective Demolition+Gear Shift | Collective Demolition+Kill Clip | Gear Shift+Rolling Storm | Gear Shift+Voltshot | Kill Clip+Rolling Storm | Kill Clip+Voltshot,2979764077
235,Embraced Identity,preferred,Sniper Rifle,Void,1,0,0,1,1,"Destabilizing Rounds, Opening Shot, Withering Gaze","Box Breathing, Elemental Capacitor, Redirection",9,1,594,Box Breathing+Destabilizing Rounds | Box Breathing+Opening Shot | Box Breathing+Withering Gaze | Destabilizing Rounds+Elemental Capacitor | Destabilizing Rounds+Redirection | Elemental Capacitor+Opening Shot | Elemental Capacitor+Withering Gaze | Opening Shot+Redirection | Redirection+Withering Gaze,2821677368
236,Laser Painter,preferred,Linear Fusion Rifle,Strand,1,0,1,0,1,"Clown Cartridge, Encore, Invisible Hand","Box Breathing, Demolitionist, Hip-Fire Grip",8,1,1119,Box Breathing+Encore | Box Breathing+Invisible Hand | Clown Cartridge+Demolitionist | Clown Cartridge+Hip-Fire Grip | Demolitionist+Encore | Demolitionist+Invisible Hand | Encore+Hip-Fire Grip | Hip-Fire Grip+Invisible Hand,3221722018
237,Oxygen SR3,preferred,Scout Rifle,Solar,1,0,1,0,1,"Pugilist, Shoot to Loot, To the Pain","Box Breathing, Burning Ambition, Collective Pugilism",9,1,201,Box Breathing+Pugilist | Box Breathing+Shoot to Loot | Box Breathing+To the Pain | Burning Ambition+Pugilist | Burning Ambition+Shoot to Loot | Burning Ambition+To the Pain | Collective Pugilism+Pugilist | Collective Pugilism+Shoot to Loot | Collective Pugilism+To the Pain,4104613038
238,Luna Regolith III,preferred,Sniper Rifle,Solar,0,0,1,0,1,"Clown Cartridge, Field Prep, Under Pressure","Box Breathing, Cascade Point, Collective Action",7,1,1020,Box Breathing+Clown Cartridge | Box Breathing+Field Prep | Box Breathing+Under Pressure | Cascade Point+Under Pressure | Clown Cartridge+Collective Action | Collective Action+Field Prep | Collective Action+Under Pressure,1948035256
239,Locus Locutus,preferred,Sniper Rifle,Stasis,1,0,0,1,1,"Discord, Steady Hands, Wellspring","Box Breathing, High Ground, Under-Over",9,1,479,Box Breathing+Discord | Box Breathing+Steady Hands | Box Breathing+Wellspring | Discord+High Ground | Discord+Under-Over | High Ground+Steady Hands | High Ground+Wellspring | Steady Hands+Under-Over | Under-Over+Wellspring,4132072834
240,Fair Judgment,preferred,Auto Rifle,Stasis,1,0,1,0,1,"Deconstruct, Enlightened Action, Perpetual Motion","Built to Blast, Kill Clip, Onslaught",8,1,371,Built to Blast+Deconstruct | Built to Blast+Enlightened Action | Built to Blast+Perpetual Motion | Deconstruct+Kill Clip | Deconstruct+Onslaught | Enlightened Action+Kill Clip | Enlightened Action+Onslaught | Onslaught+Perpetual Motion,4113452819
241,Sixth Sense,preferred,Hand Cannon,Strand,1,0,0,0,1,"Built to Blast, Explosive Payload, Lucky Shot","Desperate Measures, Hatchling, Tear",9,1,337,Built to Blast+Desperate Measures | Built to Blast+Hatchling | Built to Blast+Tear | Desperate Measures+Explosive Payload | Desperate Measures+Lucky Shot | Explosive Payload+Hatchling | Explosive Payload+Tear | Hatchling+Lucky Shot | Lucky Shot+Tear,4032097591
242,Solemn Remembrance,preferred,Hand Cannon,Stasis,1,0,1,0,1,"Built to Blast, Headstone, Slideshot","Firefly, Magnificent Howl, Rimestealer",7,1,304,Built to Blast+Firefly | Built to Blast+Magnificent Howl | Built to Blast+Rimestealer | Firefly+Headstone | Firefly+Slideshot | Headstone+Magnificent Howl | Rimestealer+Slideshot,4116518582
243,Jurisprudent,preferred,Scout Rifle,Stasis,1,0,0,0,1,"Built to Blast, Enlightened Action, Recycled Energy","Focused Fury, Harmony, No Distractions",9,1,274,Built to Blast+Focused Fury | Built to Blast+Harmony | Built to Blast+No Distractions | Enlightened Action+Focused Fury | Enlightened Action+Harmony | Enlightened Action+No Distractions | Focused Fury+Recycled Energy | Harmony+Recycled Energy | No Distractions+Recycled Energy,4090134063
244,Mercury-A,preferred,Combat Bow,Kinetic,1,0,1,0,1,"Attrition Orbs, Built to Blast, Successful Warm-Up","Adrenaline Junkie, High Ground, Kinetic Tremors",6,1,260,Adrenaline Junkie+Attrition Orbs | Adrenaline Junkie+Built to Blast | Built to Blast+High Ground | Built to Blast+Kinetic Tremors | High Ground+Successful Warm-Up | Kinetic Tremors+Successful Warm-Up,2838279629
245,The Riposte,preferred,Auto Rifle,Void,1,0,1,0,1,"Light Touch, Repulsor Brace, Rewind Rounds","Built to Blast, Desperate Measures, Destabilizing Rounds",8,1,273,Built to Blast+Light Touch | Built to Blast+Repulsor Brace | Built to Blast+Rewind Rounds | Desperate Measures+Light Touch | Desperate Measures+Repulsor Brace | Desperate Measures+Rewind Rounds | Destabilizing Rounds+Light Touch | Destabilizing Rounds+Rewind Rounds,866434750
246,Qua Vinctus IV,preferred,Machine Gun,Strand,1,0,1,0,1,"Built to Blast, Demolitionist, Hatchling","Killing Tally, Lone Wolf, Strategist",8,1,99,Built to Blast+Killing Tally | Built to Blast+Lone Wolf | Built to Blast+Strategist | Demolitionist+Killing Tally | Demolitionist+Lone Wolf | Demolitionist+Strategist | Hatchling+Killing Tally | Hatchling+Lone Wolf,4176551594
247,Critical Anomaly (Adept),preferred,Sniper Rifle,Stasis,0,1,0,1,0,"Built to Blast, Quickdraw, Rampage","Chaos Reshaped, Mega Kill Clip, Triple Tap",8,1,329,Built to Blast+Mega Kill Clip | Built to Blast+Triple Tap | Chaos Reshaped+Quickdraw | Chaos Reshaped+Rampage | Mega Kill Clip+Quickdraw | Mega Kill Clip+Rampage | Quickdraw+Triple Tap | Rampage+Triple Tap,172461430
248,Last Thursday,preferred,Pulse Rifle,Strand,1,0,0,0,1,"Built to Blast, Rapid Hit, Subsistence","Elemental Honing, Hatchling, Slice",7,1,366,Built to Blast+Elemental Honing | Built to Blast+Slice | Elemental Honing+Rapid Hit | Hatchling+Rapid Hit | Hatchling+Subsistence | Rapid Hit+Slice | Slice+Subsistence,3813721211
249,Fair Judgment,preferred,Auto Rifle,Stasis,1,0,1,0,1,"Deconstruct, Dynamic Sway Reduction, Slideshot","Built to Blast, Rangefinder, Tap the Trigger",7,1,371,Built to Blast+Dynamic Sway Reduction | Built to Blast+Slideshot | Deconstruct+Rangefinder | Deconstruct+Tap the Trigger | Dynamic Sway Reduction+Rangefinder | Rangefinder+Slideshot | Slideshot+Tap the Trigger,4113452819
250,Reghusk's Pledge,preferred,Auto Rifle,Void,1,0,0,0,1,"Built to Blast, Demoralize, Proximity Power","Golden Tricorn, Golden Tricorn Enhanced, Target Lock",5,1,256,Built to Blast+Target Lock | Demoralize+Target Lock | Golden Tricorn+Proximity Power | Golden Tricorn Enhanced+Proximity Power | Proximity Power+Target Lock,2370525224
251,Vision of Confluence (Timelost),preferred,Scout Rifle,Solar,0,1,0,1,0,"Butterfly, Incandescent, Tunnel Vision","Burning Ambition, Desperate Measures, Elemental Honing",8,1,477,Burning Ambition+Butterfly | Burning Ambition+Tunnel Vision | Butterfly+Desperate Measures | Butterfly+Elemental Honing | Desperate Measures+Incandescent | Desperate Measures+Tunnel Vision | Elemental Honing+Incandescent | Elemental Honing+Tunnel Vision,337578911
252,Acasia's Dejection (Adept),preferred,Trace Rifle,Solar,0,1,0,1,0,"Burning Ambition, Collective Demolition, Field Prep","Chaos Reshaped, Detonator Beam, Vorpal Weapon",6,1,601,Burning Ambition+Detonator Beam | Burning Ambition+Vorpal Weapon | Chaos Reshaped+Field Prep | Collective Demolition+Detonator Beam | Collective Demolition+Vorpal Weapon | Detonator Beam+Field Prep,3493494807
253,The Ringing Nail,preferred,Auto Rifle,Solar,1,0,1,0,1,"Dragonfly, Impromptu Ammunition, Keep Away","Burning Ambition, Disruption Break, Onslaught",9,1,235,Burning Ambition+Dragonfly | Burning Ambition+Impromptu Ammunition | Burning Ambition+Keep Away | Disruption Break+Dragonfly | Disruption Break+Impromptu Ammunition | Disruption Break+Keep Away | Dragonfly+Onslaught | Impromptu Ammunition+Onslaught | Keep Away+Onslaught,4206550094
254,False Idols,preferred,Sword,Solar,1,0,0,1,1,"Duelist's Trance, Eager Edge, Strategist","Burning Ambition, Counterattack, Empty Traits Socket",9,1,731,Burning Ambition+Duelist's Trance | Burning Ambition+Eager Edge | Burning Ambition+Strategist | Counterattack+Duelist's Trance | Counterattack+Eager Edge | Counterattack+Strategist | Duelist's Trance+Empty Traits Socket | Eager Edge+Empty Traits Socket | Empty Traits Socket+Strategist,4207120603
255,Agape,preferred,Hand Cannon,Solar,1,0,0,0,1,"Encore, Moving Target, Snapshot Sights","Burning Ambition, Firefly, Master of Arms",8,1,294,Burning Ambition+Encore | Burning Ambition+Moving Target | Burning Ambition+Snapshot Sights | Encore+Firefly | Encore+Master of Arms | Firefly+Moving Target | Master of Arms+Moving Target | Master of Arms+Snapshot Sights,4124362340
256,Abyss Defiant (Adept),preferred,Auto Rifle,Solar,0,1,0,1,0,"Burning Ambition, Proximity Power, Reconstruction","Collective Action, Eye of the Storm, Kill Clip",7,1,612,Burning Ambition+Collective Action | Burning Ambition+Eye of the Storm | Burning Ambition+Kill Clip | Collective Action+Proximity Power | Eye of the Storm+Proximity Power | Eye of the Storm+Reconstruction | Kill Clip+Reconstruction,3782662983
257,Yeartide Apex,preferred,Submachine Gun,Solar,1,0,0,0,1,"Feeding Frenzy, Lone Wolf, Recycled Energy","Binary Orbit, Burning Ambition, Chaos Reshaped",9,1,262,Binary Orbit+Feeding Frenzy | Binary Orbit+Lone Wolf | Binary Orbit+Recycled Energy | Burning Ambition+Feeding Frenzy | Burning Ambition+Lone Wolf | Burning Ambition+Recycled Energy | Chaos Reshaped+Feeding Frenzy | Chaos Reshaped+Lone Wolf | Chaos Reshaped+Recycled Energy,3293207827
258,Outrageous Fortune,preferred,Grenade Launcher,Solar,1,0,1,0,1,"Field Prep, Incandescent, Stats for All","Burning Ambition, Chain Reaction, Full Court",7,1,244,Burning Ambition+Field Prep | Burning Ambition+Stats for All | Chain Reaction+Incandescent | Chain Reaction+Stats for All | Field Prep+Full Court | Full Court+Incandescent | Full Court+Stats for All,4146673634
259,Finite Impactor,preferred,Hand Cannon,Solar,1,0,0,0,1,"Fragile Focus, Iron Grip, Slideways","Burning Ambition, Magnificent Howl, Rapid Hit",9,1,154,Burning Ambition+Fragile Focus | Burning Ambition+Iron Grip | Burning Ambition+Slideways | Fragile Focus+Magnificent Howl | Fragile Focus+Rapid Hit | Iron Grip+Magnificent Howl | Iron Grip+Rapid Hit | Magnificent Howl+Slideways | Rapid Hit+Slideways,1917334929
260,Ahab Char,preferred,Auto Rifle,Solar,1,0,0,0,1,"Grave Robber, Proximity Power, Recycled Energy","Burning Ambition, Eye of the Storm, High-Impact Reserves",6,1,349,Burning Ambition+Grave Robber | Burning Ambition+Proximity Power | Eye of the Storm+Grave Robber | Eye of the Storm+Recycled Energy | High-Impact Reserves+Proximity Power | High-Impact Reserves+Recycled Energy,1411560894
261,Evening SI4,preferred,Sidearm,Solar,1,0,1,0,1,"Heal Clip, Impromptu Ammunition, Offhand Strike","Burning Ambition, Collective Pugilism, Sword Logic",6,1,221,Burning Ambition+Offhand Strike | Collective Pugilism+Heal Clip | Collective Pugilism+Impromptu Ammunition | Collective Pugilism+Offhand Strike | Impromptu Ammunition+Sword Logic | Offhand Strike+Sword Logic,3618823368
262,Dawn Far Off,preferred,Machine Gun,Solar,1,0,0,0,1,"Burning Ambition, Collective Demolition, Impromptu Ammunition","Aggregate Charge, Killing Tally, Redirection",6,1,184,Aggregate Charge+Impromptu Ammunition | Burning Ambition+Redirection | Collective Demolition+Killing Tally | Collective Demolition+Redirection | Impromptu Ammunition+Killing Tally | Impromptu Ammunition+Redirection,2770617440
263,False Idols,preferred,Sword,Solar,1,0,0,1,1,"Incandescent, Relentless Strikes, Unrelenting","Burning Ambition, Counterattack, One for All",9,1,731,Burning Ambition+Incandescent | Burning Ambition+Relentless Strikes | Burning Ambition+Unrelenting | Counterattack+Incandescent | Counterattack+Relentless Strikes | Counterattack+Unrelenting | Incandescent+One for All | One for All+Relentless Strikes | One for All+Unrelenting,4207120603
264,Vision of Confluence (Timelost),preferred,Scout Rifle,Solar,0,1,0,1,0,"Butterfly, Incandescent, Light Touch","Explosive Payload, Frenzy, Kill Clip",8,1,477,Butterfly+Explosive Payload | Butterfly+Frenzy | Butterfly+Kill Clip | Explosive Payload+Incandescent | Explosive Payload+Light Touch | Frenzy+Incandescent | Frenzy+Light Touch | Incandescent+Kill Clip,337578911
265,Keraunios,preferred,Trace Rifle,Arc,1,0,0,0,1,"Fourth Time's the Charm, Overflow, Rapid Hit","Butterfly, Chain Reaction, Detonator Beam",9,1,162,Butterfly+Fourth Time's the Charm | Butterfly+Overflow | Butterfly+Rapid Hit | Chain Reaction+Fourth Time's the Charm | Chain Reaction+Overflow | Chain Reaction+Rapid Hit | Detonator Beam+Fourth Time's the Charm | Detonator Beam+Overflow | Detonator Beam+Rapid Hit,2386208942
266,Vision of Confluence (Timelost),preferred,Scout Rifle,Solar,0,1,0,1,0,"Butterfly, Heal Clip, Outlaw","Elemental Honing, Master of Arms, Paracausal Affinity",8,1,477,Butterfly+Master of Arms | Butterfly+Paracausal Affinity | Elemental Honing+Heal Clip | Elemental Honing+Outlaw | Heal Clip+Master of Arms | Heal Clip+Paracausal Affinity | Master of Arms+Outlaw | Outlaw+Paracausal Affinity,337578911
267,A Good Shout,preferred,Combat Bow,Void,1,0,1,0,1,"Envious Arsenal, No Distractions","Box Breathing, Butterfly, Demoralize",4,1,158,Box Breathing+Envious Arsenal | Butterfly+No Distractions | Demoralize+Envious Arsenal | Demoralize+No Distractions,3615748501
268,Keraunios,preferred,Trace Rifle,Arc,1,0,0,0,1,"Shoot to Loot, Supercharged Magazine, Trickle Charge","Butterfly, Chain Reaction, Detonator Beam",9,1,162,Butterfly+Shoot to Loot | Butterfly+Supercharged Magazine | Butterfly+Trickle Charge | Chain Reaction+Shoot to Loot | Chain Reaction+Supercharged Magazine | Chain Reaction+Trickle Charge | Detonator Beam+Shoot to Loot | Detonator Beam+Supercharged Magazine | Detonator Beam+Trickle Charge,2386208942
269,Corrective Measure (Timelost),preferred,Machine Gun,Void,0,1,0,1,0,"Collective Demolition, Dimensional Shift, Subsistence","Butterfly, Elemental Honing, Withering Gaze",7,1,367,Butterfly+Subsistence | Collective Demolition+Elemental Honing | Collective Demolition+Withering Gaze | Dimensional Shift+Elemental Honing | Dimensional Shift+Withering Gaze | Elemental Honing+Subsistence | Subsistence+Withering Gaze,2334480463
270,Convened Recurve,preferred,Combat Bow,Void,1,0,1,0,1,"Built to Blast, Dimensional Shift, Successful Warm-Up","Adagio, Butterfly, Snapshot Sights",6,1,181,Adagio+Dimensional Shift | Adagio+Successful Warm-Up | Built to Blast+Snapshot Sights | Butterfly+Successful Warm-Up | Dimensional Shift+Snapshot Sights | Snapshot Sights+Successful Warm-Up,3667861447
271,Felwinter's Lie,preferred,Shotgun,Solar,1,0,0,0,1,"Cascade Point, Dual Loader, Lone Wolf","Closing Time, Iron Reach, Opening Shot",9,1,342,Cascade Point+Closing Time | Cascade Point+Iron Reach | Cascade Point+Opening Shot | Closing Time+Dual Loader | Closing Time+Lone Wolf | Dual Loader+Iron Reach | Dual Loader+Opening Shot | Iron Reach+Lone Wolf | Lone Wolf+Opening Shot,218787950
272,Wicked Sister,preferred,Grenade Launcher,Strand,0,0,1,0,1,"Danger Zone, Envious Assassin, Perpetual Motion","Cascade Point, Deconstruct, Reverberation",9,1,1019,Cascade Point+Danger Zone | Cascade Point+Envious Assassin | Cascade Point+Perpetual Motion | Danger Zone+Deconstruct | Danger Zone+Reverberation | Deconstruct+Envious Assassin | Deconstruct+Perpetual Motion | Envious Assassin+Reverberation | Perpetual Motion+Reverberation,2039776723
273,VS Chill Inhibitor,preferred,Grenade Launcher,Stasis,1,0,0,0,1,"Attrition Orbs, Cascade Point, Chill Clip","Bait and Switch, Explosive Light, Surrounded",6,1,234,Attrition Orbs+Explosive Light | Bait and Switch+Cascade Point | Cascade Point+Explosive Light | Cascade Point+Surrounded | Chill Clip+Explosive Light | Chill Clip+Surrounded,2452936817
274,Qua Xaphan V,preferred,Machine Gun,Void,0,0,1,0,1,"Clown Cartridge, Heating Up, Offhand Strike","Cascade Point, Firing Line, Target Lock",9,1,1008,Cascade Point+Clown Cartridge | Cascade Point+Heating Up | Cascade Point+Offhand Strike | Clown Cartridge+Firing Line | Clown Cartridge+Target Lock | Firing Line+Heating Up | Firing Line+Offhand Strike | Heating Up+Target Lock | Offhand Strike+Target Lock,1975125963
275,Positive Outlook,preferred,Auto Rifle,Void,1,0,1,0,1,"Invisible Hand, Steady Hands, Tap the Trigger","Cascade Point, Destabilizing Rounds, Kill Clip",9,1,963,Cascade Point+Invisible Hand | Cascade Point+Steady Hands | Cascade Point+Tap the Trigger | Destabilizing Rounds+Invisible Hand | Destabilizing Rounds+Steady Hands | Destabilizing Rounds+Tap the Trigger | Invisible Hand+Kill Clip | Kill Clip+Steady Hands | Kill Clip+Tap the Trigger,491078457
276,Felwinter's Lie,preferred,Shotgun,Solar,1,0,0,0,1,"Cascade Point, Heal Clip, Threat Detector","Iron Reach, One-Two Punch, Trench Barrel",7,1,342,Cascade Point+One-Two Punch | Cascade Point+Trench Barrel | Heal Clip+One-Two Punch | Heal Clip+Trench Barrel | Iron Reach+Threat Detector | One-Two Punch+Threat Detector | Threat Detector+Trench Barrel,218787950
277,Hullabaloo,preferred,Grenade Launcher,Arc,1,0,0,0,1,"Envious Arsenal, Field Prep, Voltshot","Adrenaline Junkie, Cascade Point, Strategist",8,1,479,Adrenaline Junkie+Envious Arsenal | Adrenaline Junkie+Field Prep | Adrenaline Junkie+Voltshot | Cascade Point+Envious Arsenal | Cascade Point+Field Prep | Cascade Point+Voltshot | Envious Arsenal+Strategist | Field Prep+Strategist,2666273249
278,Aureus Neutralizer,preferred,Hand Cannon,Kinetic,1,0,0,0,1,"Grave Robber, Lone Wolf, Vorpal Weapon","Cascade Point, Closing Time, Trench Barrel",7,1,275,Cascade Point+Grave Robber | Cascade Point+Lone Wolf | Cascade Point+Vorpal Weapon | Closing Time+Grave Robber | Closing Time+Vorpal Weapon | Lone Wolf+Trench Barrel | Trench Barrel+Vorpal Weapon,3981920134
279,Acosmic,preferred,Grenade Launcher,Void,1,0,0,0,1,"Enlightened Action, Slickdraw, Withering Gaze","Cascade Point, Chain Reaction, Explosive Light",9,1,264,Cascade Point+Enlightened Action | Cascade Point+Slickdraw | Cascade Point+Withering Gaze | Chain Reaction+Enlightened Action | Chain Reaction+Slickdraw | Chain Reaction+Withering Gaze | Enlightened Action+Explosive Light | Explosive Light+Slickdraw | Explosive Light+Withering Gaze,1106017703
280,Shayura's Wrath,preferred,Submachine Gun,Void,1,0,0,0,1,"Dynamic Sway Reduction, Heating Up, Moving Target","Celerity, Elemental Capacitor, Snapshot Sights",7,1,660,Celerity+Dynamic Sway Reduction | Celerity+Heating Up | Celerity+Moving Target | Dynamic Sway Reduction+Elemental Capacitor | Dynamic Sway Reduction+Snapshot Sights | Elemental Capacitor+Moving Target | Heating Up+Snapshot Sights,3682803680
281,Exile's Curse,preferred,Fusion Rifle,Arc,1,0,0,0,1,"Field Prep, Firmly Planted, Grave Robber","Celerity, Feeding Frenzy, Kickstart",7,1,669,Celerity+Firmly Planted | Celerity+Grave Robber | Feeding Frenzy+Field Prep | Feeding Frenzy+Firmly Planted | Feeding Frenzy+Grave Robber | Field Prep+Kickstart | Grave Robber+Kickstart,679281855
282,The Scholar,preferred,Scout Rifle,Kinetic,1,0,0,0,1,"Full Auto Trigger System, Opening Shot, Slideways","Celerity, No Distractions, Vorpal Weapon",9,1,172,Celerity+Full Auto Trigger System | Celerity+Opening Shot | Celerity+Slideways | Full Auto Trigger System+No Distractions | Full Auto Trigger System+Vorpal Weapon | No Distractions+Opening Shot | No Distractions+Slideways | Opening Shot+Vorpal Weapon | Slideways+Vorpal Weapon,2478792241
283,Shayura's Wrath,preferred,Submachine Gun,Void,1,0,0,0,1,"Hip-Fire Grip, Perpetual Motion, Tunnel Vision","Adrenaline Junkie, Celerity, Tap the Trigger",7,1,660,Adrenaline Junkie+Hip-Fire Grip | Adrenaline Junkie+Perpetual Motion | Celerity+Hip-Fire Grip | Celerity+Perpetual Motion | Celerity+Tunnel Vision | Perpetual Motion+Tap the Trigger | Tap the Trigger+Tunnel Vision,3682803680
284,Astral Horizon,preferred,Shotgun,Kinetic,1,0,0,0,1,"Auto-Loading Holster, Pulse Monitor, Surplus","Celerity, Killing Wind, One-Two Punch",4,1,603,Auto-Loading Holster+Killing Wind | Celerity+Surplus | One-Two Punch+Pulse Monitor | One-Two Punch+Surplus,1697682876
285,Forthcoming Deviance (Adept),preferred,Glaive,Void,0,1,0,1,0,"Dimensional Shift, Disruption Break, Immovable Object","Chain Reaction, Chaos Reshaped, Close to Melee",8,1,403,Chain Reaction+Dimensional Shift | Chain Reaction+Disruption Break | Chain Reaction+Immovable Object | Chaos Reshaped+Dimensional Shift | Chaos Reshaped+Disruption Break | Close to Melee+Dimensional Shift | Close to Melee+Disruption Break | Close to Melee+Immovable Object,3123651616
286,Ded Gramarye IV,preferred,Shotgun,Arc,1,0,0,0,1,"Discord, Eddy Current, Surplus","Chain Reaction, Disruption Break, Voltshot",8,1,337,Chain Reaction+Discord | Chain Reaction+Eddy Current | Chain Reaction+Surplus | Discord+Disruption Break | Discord+Voltshot | Disruption Break+Eddy Current | Disruption Break+Surplus | Surplus+Voltshot,870893339
287,Koraxis's Distress (Adept),preferred,Grenade Launcher,Strand,0,1,0,1,0,"Chain Reaction, Envious Arsenal, Reconstruction","Chaos Reshaped, Full Court, Wellspring",6,1,523,Chain Reaction+Full Court | Chaos Reshaped+Envious Arsenal | Envious Arsenal+Full Court | Envious Arsenal+Wellspring | Full Court+Reconstruction | Reconstruction+Wellspring,495442100
288,Deliverance (Adept),preferred,Fusion Rifle,Stasis,0,1,0,1,0,"Heating Up, Lone Wolf, Sleight of Hand","Chain Reaction, Chill Clip, Controlled Burst",9,1,466,Chain Reaction+Heating Up | Chain Reaction+Lone Wolf | Chain Reaction+Sleight of Hand | Chill Clip+Heating Up | Chill Clip+Lone Wolf | Chill Clip+Sleight of Hand | Controlled Burst+Heating Up | Controlled Burst+Lone Wolf | Controlled Burst+Sleight of Hand,2943293195
289,The Slammer,preferred,Sword,Stasis,1,0,1,0,1,"Chain Reaction, Eager Edge, Relentless Strikes","Cold Steel, Demolitionist, Permeability",8,1,155,Chain Reaction+Demolitionist | Chain Reaction+Permeability | Cold Steel+Eager Edge | Cold Steel+Relentless Strikes | Demolitionist+Eager Edge | Demolitionist+Relentless Strikes | Eager Edge+Permeability | Permeability+Relentless Strikes,2889501828
290,Forthcoming Deviance (Adept),preferred,Glaive,Void,0,1,0,1,0,"Disruption Break, Reconstruction, Replenishing Aegis","Chain Reaction, Close to Melee, Collective Action",6,1,403,Chain Reaction+Reconstruction | Chain Reaction+Replenishing Aegis | Close to Melee+Reconstruction | Collective Action+Disruption Break | Collective Action+Reconstruction | Collective Action+Replenishing Aegis,3123651616
291,Summum Bonum (Adept),preferred,Sword,Arc,0,1,0,1,0,"Deconstruct, Duelist's Trance, Relentless Strikes","Bait and Switch, Chaos Reshaped, Whirlwind Blade",9,1,525,Bait and Switch+Deconstruct | Bait and Switch+Duelist's Trance | Bait and Switch+Relentless Strikes | Chaos Reshaped+Deconstruct | Chaos Reshaped+Duelist's Trance | Chaos Reshaped+Relentless Strikes | Deconstruct+Whirlwind Blade | Duelist's Trance+Whirlwind Blade | Relentless Strikes+Whirlwind Blade,2001697739
292,Zaouli's Bane (Harrowed),preferred,Hand Cannon,Solar,0,1,0,1,0,"Explosive Payload, Gutshot Straight, Redirection","Chaos Reshaped, Eye of the Storm, Surrounded",9,1,428,Chaos Reshaped+Explosive Payload | Chaos Reshaped+Gutshot Straight | Chaos Reshaped+Redirection | Explosive Payload+Eye of the Storm | Explosive Payload+Surrounded | Eye of the Storm+Gutshot Straight | Eye of the Storm+Redirection | Gutshot Straight+Surrounded | Redirection+Surrounded,291092617
293,Insidious (Adept),preferred,Pulse Rifle,Arc,0,1,0,1,0,"Dragonfly, Frenzy, Heating Up","Chaos Reshaped, One for All, Rampage",8,1,614,Chaos Reshaped+Dragonfly | Chaos Reshaped+Heating Up | Dragonfly+One for All | Dragonfly+Rampage | Frenzy+One for All | Frenzy+Rampage | Heating Up+One for All | Heating Up+Rampage,786352912
294,Lubrae's Ruin (Adept),preferred,Glaive,Solar,0,1,0,1,0,"Close to Melee, Frenzy, Killing Wind","Chaos Reshaped, Surrounded, Swashbuckler",7,1,374,Chaos Reshaped+Killing Wind | Close to Melee+Surrounded | Close to Melee+Swashbuckler | Frenzy+Surrounded | Frenzy+Swashbuckler | Killing Wind+Surrounded | Killing Wind+Swashbuckler,1466006054
295,Imminence (Adept),preferred,Submachine Gun,Strand,0,1,0,1,0,"Fragile Focus, Perpetual Motion, Tear","Chaos Reshaped, Paracausal Affinity, Strategist",8,1,458,Chaos Reshaped+Perpetual Motion | Chaos Reshaped+Tear | Fragile Focus+Paracausal Affinity | Fragile Focus+Strategist | Paracausal Affinity+Perpetual Motion | Paracausal Affinity+Tear | Perpetual Motion+Strategist | Strategist+Tear,3951511045
296,Swordbreaker (Adept),preferred,Shotgun,Strand,0,1,0,1,0,"Elemental Capacitor, Paracausal Affinity, Threat Detector","Chaos Reshaped, Surrounded, Sword Logic",7,1,560,Chaos Reshaped+Threat Detector | Elemental Capacitor+Surrounded | Elemental Capacitor+Sword Logic | Paracausal Affinity+Surrounded | Paracausal Affinity+Sword Logic | Surrounded+Threat Detector | Sword Logic+Threat Detector,1239700299
297,Yeartide Apex,preferred,Submachine Gun,Solar,1,0,0,0,1,"Lone Wolf, Recycled Energy, Transcendent Moment","Chaos Reshaped, Harmony, Target Lock",6,1,262,Chaos Reshaped+Transcendent Moment | Harmony+Lone Wolf | Harmony+Transcendent Moment | Lone Wolf+Target Lock | Recycled Energy+Target Lock | Target Lock+Transcendent Moment,3293207827
298,Nullify (Adept),preferred,Pulse Rifle,Solar,0,1,0,1,0,"Collective Demolition, Heal Clip, Under-Over","Chaos Reshaped, Desperate Measures, Multikill Clip",7,1,525,Chaos Reshaped+Collective Demolition | Chaos Reshaped+Heal Clip | Chaos Reshaped+Under-Over | Collective Demolition+Desperate Measures | Collective Demolition+Multikill Clip | Heal Clip+Multikill Clip | Multikill Clip+Under-Over,892183998
299,Summum Bonum (Adept),preferred,Sword,Arc,0,1,0,1,0,"Attrition Orbs, Strategist, Unrelenting","Chaos Reshaped, Jolting Feedback, Whirlwind Blade",6,1,525,Attrition Orbs+Chaos Reshaped | Attrition Orbs+Whirlwind Blade | Chaos Reshaped+Unrelenting | Jolting Feedback+Strategist | Jolting Feedback+Unrelenting | Unrelenting+Whirlwind Blade,2001697739
300,Zaouli's Bane (Harrowed),preferred,Hand Cannon,Solar,0,1,0,1,0,"Ensemble, Gutshot Straight, Well-Rounded","Chaos Reshaped, Firefly, Meganeura",8,1,428,Chaos Reshaped+Ensemble | Chaos Reshaped+Well-Rounded | Ensemble+Firefly | Ensemble+Meganeura | Firefly+Gutshot Straight | Firefly+Well-Rounded | Gutshot Straight+Meganeura | Meganeura+Well-Rounded,291092617
301,Critical Anomaly (Adept),preferred,Sniper Rifle,Stasis,0,1,0,1,0,"Chill Clip, Crystalline Corpsebloom, Opening Shot","Explosive Payload, Mega Kill Clip, Snapshot Sights",9,1,329,Chill Clip+Explosive Payload | Chill Clip+Mega Kill Clip | Chill Clip+Snapshot Sights | Crystalline Corpsebloom+Explosive Payload | Crystalline Corpsebloom+Mega Kill Clip | Crystalline Corpsebloom+Snapshot Sights | Explosive Payload+Opening Shot | Mega Kill Clip+Opening Shot | Opening Shot+Snapshot Sights,172461430
302,Aurvandil FR6,preferred,Fusion Rifle,Stasis,1,0,0,0,1,"Firmly Planted, Hip-Fire Grip, Reconstruction","Chill Clip, Golden Tricorn, Golden Tricorn Enhanced",9,1,383,Chill Clip+Firmly Planted | Chill Clip+Hip-Fire Grip | Chill Clip+Reconstruction | Firmly Planted+Golden Tricorn | Firmly Planted+Golden Tricorn Enhanced | Golden Tricorn+Hip-Fire Grip | Golden Tricorn+Reconstruction | Golden Tricorn Enhanced+Hip-Fire Grip | Golden Tricorn Enhanced+Reconstruction,3786215462
303,Tinasha's Mastery,preferred,Sidearm,Stasis,1,0,0,0,1,"Enlightened Action, Loose Change, Offhand Strike","Adagio, Chill Clip, Surrounded",7,1,248,Adagio+Loose Change | Adagio+Offhand Strike | Chill Clip+Enlightened Action | Chill Clip+Loose Change | Chill Clip+Offhand Strike | Enlightened Action+Surrounded | Loose Change+Surrounded,480368036
304,Rake Angle,preferred,Glaive,Stasis,1,0,1,0,1,"Overflow, Pugilist, Replenishing Aegis","Chill Clip, Surrounded, Swashbuckler",9,1,219,Chill Clip+Overflow | Chill Clip+Pugilist | Chill Clip+Replenishing Aegis | Overflow+Surrounded | Overflow+Swashbuckler | Pugilist+Surrounded | Pugilist+Swashbuckler | Replenishing Aegis+Surrounded | Replenishing Aegis+Swashbuckler,2298039571
305,Liturgy,preferred,Grenade Launcher,Stasis,1,0,0,0,1,"Quickdraw, Strategist, Surplus","Chill Clip, Desperate Measures, Lead from Gold",8,1,313,Chill Clip+Quickdraw | Chill Clip+Strategist | Chill Clip+Surplus | Desperate Measures+Quickdraw | Desperate Measures+Surplus | Lead from Gold+Quickdraw | Lead from Gold+Strategist | Lead from Gold+Surplus,3377522331
306,Trachinus,preferred,Shotgun,Stasis,1,0,0,0,1,"Lead from Gold, Proximity Power, Rapid Hit","Chill Clip, Encore, Headstone",9,1,202,Chill Clip+Lead from Gold | Chill Clip+Proximity Power | Chill Clip+Rapid Hit | Encore+Lead from Gold | Encore+Proximity Power | Encore+Rapid Hit | Headstone+Lead from Gold | Headstone+Proximity Power | Headstone+Rapid Hit,2888021254
307,Critical Anomaly (Adept),preferred,Sniper Rifle,Stasis,0,1,0,1,0,"Chill Clip, Crystalline Corpsebloom, Rampage","Elemental Honing, Firing Line, Triple Tap",6,1,329,Chill Clip+Triple Tap | Crystalline Corpsebloom+Elemental Honing | Crystalline Corpsebloom+Firing Line | Crystalline Corpsebloom+Triple Tap | Elemental Honing+Rampage | Firing Line+Rampage,172461430
308,No Hesitation,preferred,Auto Rifle,Solar,1,0,0,1,1,"Empty Traits Socket, Grave Robber, Overflow","Chaos Reshaped, Circle of Life, Disruption Break",9,1,702,Chaos Reshaped+Empty Traits Socket | Chaos Reshaped+Grave Robber | Chaos Reshaped+Overflow | Circle of Life+Empty Traits Socket | Circle of Life+Grave Robber | Circle of Life+Overflow | Disruption Break+Empty Traits Socket | Disruption Break+Grave Robber | Disruption Break+Overflow,1801007332
309,No Hesitation,preferred,Auto Rifle,Solar,1,0,0,1,1,"Ensemble, Physic, Strategist","Circle of Life, Desperate Measures, Disruption Break",7,1,702,Circle of Life+Ensemble | Circle of Life+Strategist | Desperate Measures+Ensemble | Desperate Measures+Physic | Disruption Break+Ensemble | Disruption Break+Physic | Disruption Break+Strategist,1801007332
310,Adamantite (Adept),preferred,Auto Rifle,Strand,0,1,0,0,1,"Ensemble, Reciprocity, Unrelenting","Circle of Life, Frenzy, Tear",7,1,336,Circle of Life+Unrelenting | Ensemble+Frenzy | Ensemble+Tear | Frenzy+Reciprocity | Frenzy+Unrelenting | Reciprocity+Tear | Tear+Unrelenting,3485029080
311,The Heron,preferred,Glaive,Void,1,0,0,0,1,"Disruption Break, Envious Assassin, Proximity Power","Close to Melee, Redirection, Sword Logic",8,1,186,Close to Melee+Envious Assassin | Close to Melee+Proximity Power | Disruption Break+Redirection | Disruption Break+Sword Logic | Envious Assassin+Redirection | Envious Assassin+Sword Logic | Proximity Power+Redirection | Proximity Power+Sword Logic,2246386812
312,Rake Angle,preferred,Glaive,Stasis,1,0,1,0,1,"Lead from Gold, Pugilist, Rimestealer","Close to Melee, Surrounded, Unstoppable Force",7,1,219,Close to Melee+Lead from Gold | Close to Melee+Pugilist | Close to Melee+Rimestealer | Lead from Gold+Surrounded | Pugilist+Unstoppable Force | Rimestealer+Surrounded | Rimestealer+Unstoppable Force,2298039571
313,Lubrae's Ruin (Adept),preferred,Glaive,Solar,0,1,0,1,0,"Close to Melee, Frenzy, Immovable Object","Unrelenting, Unstoppable Force, Vorpal Weapon",7,1,374,Close to Melee+Unrelenting | Close to Melee+Unstoppable Force | Close to Melee+Vorpal Weapon | Frenzy+Unstoppable Force | Frenzy+Vorpal Weapon | Immovable Object+Unrelenting | Immovable Object+Vorpal Weapon,1466006054
314,Lubrae's Ruin (Adept),preferred,Glaive,Solar,0,1,0,1,0,"Close to Melee, Immovable Object, Sleight of Hand","Incandescent, Swashbuckler, Wellspring",6,1,374,Close to Melee+Wellspring | Immovable Object+Swashbuckler | Immovable Object+Wellspring | Incandescent+Sleight of Hand | Sleight of Hand+Swashbuckler | Sleight of Hand+Wellspring,1466006054
315,The Title,preferred,Submachine Gun,Void,1,0,0,0,1,"Closing Time, Grave Robber, Perpetual Motion","Demoralize, Elemental Honing, Under Pressure",7,1,348,Closing Time+Elemental Honing | Demoralize+Grave Robber | Demoralize+Perpetual Motion | Elemental Honing+Grave Robber | Elemental Honing+Perpetual Motion | Grave Robber+Under Pressure | Perpetual Motion+Under Pressure,4106258882
316,Monody-44,preferred,Fusion Rifle,Void,1,0,0,0,1,"Cornered, Discord, Enlightened Action","Closing Time, Controlled Burst, Destabilizing Rounds",8,1,342,Closing Time+Cornered | Closing Time+Discord | Closing Time+Enlightened Action | Controlled Burst+Discord | Controlled Burst+Enlightened Action | Cornered+Destabilizing Rounds | Destabilizing Rounds+Discord | Destabilizing Rounds+Enlightened Action,3201200906
317,Taraxippos,preferred,Scout Rifle,Strand,1,0,0,0,1,"Closing Time, Enlightened Action, Fourth Time's the Charm","Hatchling, High Ground, Tear",9,1,379,Closing Time+Hatchling | Closing Time+High Ground | Closing Time+Tear | Enlightened Action+Hatchling | Enlightened Action+High Ground | Enlightened Action+Tear | Fourth Time's the Charm+Hatchling | Fourth Time's the Charm+High Ground | Fourth Time's the Charm+Tear,4148460558
318,Null Composure,preferred,Fusion Rifle,Void,1,0,1,0,1,"Envious Arsenal, Heating Up, Successful Warm-Up","Closing Time, Controlled Burst, Master of Arms",6,1,138,Closing Time+Heating Up | Closing Time+Successful Warm-Up | Controlled Burst+Successful Warm-Up | Envious Arsenal+Master of Arms | Heating Up+Master of Arms | Master of Arms+Successful Warm-Up,3613444087
319,Keen Thistle,preferred,Sniper Rifle,Solar,1,0,0,0,1,"Envious Arsenal, Incandescent, Under Pressure","Closing Time, Elemental Honing, Fourth Time's the Charm",7,1,425,Closing Time+Incandescent | Closing Time+Under Pressure | Elemental Honing+Envious Arsenal | Elemental Honing+Under Pressure | Envious Arsenal+Fourth Time's the Charm | Fourth Time's the Charm+Incandescent | Fourth Time's the Charm+Under Pressure,2499834164
320,Anonymous Autumn,preferred,Sidearm,Arc,1,0,1,0,1,"Closing Time, Eddy Current, To the Pain","Adagio, Multikill Clip, Rampage",8,1,1101,Adagio+Closing Time | Adagio+To the Pain | Closing Time+Multikill Clip | Closing Time+Rampage | Eddy Current+Multikill Clip | Eddy Current+Rampage | Multikill Clip+To the Pain | Rampage+To the Pain,1644501332
321,Submission (Adept),preferred,Submachine Gun,Kinetic,0,1,0,1,0,"Closing Time, Kinetic Tremors, Sleight of Hand","Demolitionist, Harmony, Thresh",9,1,499,Closing Time+Demolitionist | Closing Time+Harmony | Closing Time+Thresh | Demolitionist+Kinetic Tremors | Demolitionist+Sleight of Hand | Harmony+Kinetic Tremors | Harmony+Sleight of Hand | Kinetic Tremors+Thresh | Sleight of Hand+Thresh,1941816543
322,Midha's Reckoning (Harrowed),preferred,Fusion Rifle,Arc,0,1,0,1,0,"Cornered, Under Pressure, Unrelenting","Closing Time, Gear Shift, Kickstart",6,1,407,Closing Time+Unrelenting | Cornered+Gear Shift | Gear Shift+Under Pressure | Gear Shift+Unrelenting | Kickstart+Under Pressure | Kickstart+Unrelenting,3904516037
323,Joxer's Longsword,preferred,Pulse Rifle,Void,1,0,1,0,1,"Closing Time, Enlightened Action, Gutshot Straight","Demoralize, Destabilizing Rounds, Withering Gaze",8,1,923,Closing Time+Demoralize | Closing Time+Destabilizing Rounds | Closing Time+Withering Gaze | Demoralize+Enlightened Action | Demoralize+Gutshot Straight | Destabilizing Rounds+Gutshot Straight | Enlightened Action+Withering Gaze | Gutshot Straight+Withering Gaze,157601190
324,Nox Sidereal IV,preferred,Fusion Rifle,Stasis,1,0,1,0,1,"Clown Cartridge, Proximity Power, Shot Swap","Crystalline Corpsebloom, Master of Arms, Reservoir Burst",8,1,226,Clown Cartridge+Crystalline Corpsebloom | Clown Cartridge+Master of Arms | Clown Cartridge+Reservoir Burst | Crystalline Corpsebloom+Proximity Power | Master of Arms+Proximity Power | Master of Arms+Shot Swap | Proximity Power+Reservoir Burst | Reservoir Burst+Shot Swap,2875763009
325,The Hothead,preferred,Rocket Launcher,Arc,1,0,1,0,1,"Envious Arsenal, Reconstruction, Tracking Module","Aggregate Charge, Bait and Switch, Clown Cartridge",7,1,273,Aggregate Charge+Envious Arsenal | Aggregate Charge+Tracking Module | Bait and Switch+Reconstruction | Bait and Switch+Tracking Module | Clown Cartridge+Envious Arsenal | Clown Cartridge+Reconstruction | Clown Cartridge+Tracking Module,3960301269
326,Royal Entry,preferred,Rocket Launcher,Void,0,0,1,0,1,"Field Prep, Moving Target, Rangefinder","Clown Cartridge, Cluster Bomb, Lasting Impression",8,1,674,Clown Cartridge+Field Prep | Clown Cartridge+Moving Target | Cluster Bomb+Field Prep | Cluster Bomb+Moving Target | Cluster Bomb+Rangefinder | Field Prep+Lasting Impression | Lasting Impression+Moving Target | Lasting Impression+Rangefinder,2448907086
327,Cataclysmic (Adept),preferred,Linear Fusion Rifle,Solar,0,1,0,1,0,"Fourth Time's the Charm, No Distractions, Sleight of Hand","Clown Cartridge, Elemental Honing, Focused Fury",9,1,304,Clown Cartridge+Fourth Time's the Charm | Clown Cartridge+No Distractions | Clown Cartridge+Sleight of Hand | Elemental Honing+Fourth Time's the Charm | Elemental Honing+No Distractions | Elemental Honing+Sleight of Hand | Focused Fury+Fourth Time's the Charm | Focused Fury+No Distractions | Focused Fury+Sleight of Hand,2886339027
328,Taipan-4fr,preferred,Linear Fusion Rifle,Void,1,0,0,1,1,"Clown Cartridge, Field Prep, Genesis","Box Breathing, Focused Fury, Repulsor Brace",7,1,557,Box Breathing+Genesis | Clown Cartridge+Focused Fury | Clown Cartridge+Repulsor Brace | Field Prep+Focused Fury | Field Prep+Repulsor Brace | Focused Fury+Genesis | Genesis+Repulsor Brace,1911060537
329,Cataclysmic (Adept),preferred,Linear Fusion Rifle,Solar,0,1,0,1,0,"Compulsive Reloader, Slideshot, Surplus","Clown Cartridge, Elemental Honing, Turnabout",4,1,304,Clown Cartridge+Slideshot | Compulsive Reloader+Elemental Honing | Elemental Honing+Surplus | Slideshot+Turnabout,2886339027
330,Blowout,preferred,Rocket Launcher,Arc,0,0,1,0,1,"Ensemble, Stats for All, Thresh","Cluster Bomb, Golden Tricorn, Golden Tricorn Enhanced",9,1,1083,Cluster Bomb+Ensemble | Cluster Bomb+Stats for All | Cluster Bomb+Thresh | Ensemble+Golden Tricorn | Ensemble+Golden Tricorn Enhanced | Golden Tricorn+Stats for All | Golden Tricorn+Thresh | Golden Tricorn Enhanced+Stats for All | Golden Tricorn Enhanced+Thresh,1903182562
331,Tomorrow's Answer,preferred,Rocket Launcher,Void,1,0,0,0,1,"Envious Arsenal, Envious Assassin, Withering Gaze","Bipod, Cluster Bomb, Frenzy",6,1,352,Bipod+Envious Assassin | Bipod+Withering Gaze | Cluster Bomb+Envious Arsenal | Cluster Bomb+Envious Assassin | Cluster Bomb+Withering Gaze | Frenzy+Withering Gaze,3009199534
332,Crowning Duologue,preferred,Rocket Launcher,Strand,1,0,0,0,1,"Grave Robber, Hatchling, Reconstruction","Cluster Bomb, Deconstruct, Envious Assassin",7,1,245,Cluster Bomb+Grave Robber | Cluster Bomb+Hatchling | Cluster Bomb+Reconstruction | Deconstruct+Grave Robber | Deconstruct+Hatchling | Deconstruct+Reconstruction | Envious Assassin+Reconstruction,4106757302
333,Micromort,preferred,Rocket Launcher,Arc,1,0,0,0,1,"Cluster Bomb, Envious Arsenal, Impulse Amplifier","Chain Reaction, Paracausal Affinity, Voltshot",7,1,252,Chain Reaction+Cluster Bomb | Chain Reaction+Envious Arsenal | Cluster Bomb+Voltshot | Envious Arsenal+Paracausal Affinity | Envious Arsenal+Voltshot | Impulse Amplifier+Paracausal Affinity | Impulse Amplifier+Voltshot,602331467
334,Aurora Dawn,preferred,Sword,Stasis,1,0,1,0,1,"Flash Counter, Proximity Power, Rimestealer","Cold Steel, Elemental Honing, Whirlwind Blade",8,1,214,Cold Steel+Flash Counter | Cold Steel+Proximity Power | Cold Steel+Rimestealer | Elemental Honing+Flash Counter | Elemental Honing+Proximity Power | Flash Counter+Whirlwind Blade | Proximity Power+Whirlwind Blade | Rimestealer+Whirlwind Blade,2111625436
335,Aurora Dawn,preferred,Sword,Stasis,1,0,1,0,1,"Sharp Harvest, Tireless Blade, Unrelenting","Binary Orbit, Cold Steel, Elemental Honing",5,1,214,Binary Orbit+Unrelenting | Cold Steel+Sharp Harvest | Cold Steel+Tireless Blade | Cold Steel+Unrelenting | Elemental Honing+Unrelenting,2111625436
336,Fimbulwinter Stitch,preferred,Sidearm,Arc,1,0,0,0,1,"Collective Pugilism, Supercharged Magazine, Trickle Charge","Collective Action, Kill Clip, Precision Instrument",8,1,259,Collective Action+Collective Pugilism | Collective Action+Trickle Charge | Collective Pugilism+Kill Clip | Collective Pugilism+Precision Instrument | Kill Clip+Supercharged Magazine | Kill Clip+Trickle Charge | Precision Instrument+Supercharged Magazine | Precision Instrument+Trickle Charge,3685829362
337,Someday,preferred,Shotgun,Kinetic,1,0,0,1,1,"Dual Loader, Elemental Capacitor, Threat Remover","Collective Action, Empty Traits Socket, Recombination",9,1,697,Collective Action+Dual Loader | Collective Action+Elemental Capacitor | Collective Action+Threat Remover | Dual Loader+Empty Traits Socket | Dual Loader+Recombination | Elemental Capacitor+Empty Traits Socket | Elemental Capacitor+Recombination | Empty Traits Socket+Threat Remover | Recombination+Threat Remover,3232203524
338,Double-Edged Answer,preferred,Sword,Void,0,0,1,0,1,"En Garde, Pugilist, Repulsor Brace","Collective Action, Counterattack, Destabilizing Rounds",9,1,1022,Collective Action+En Garde | Collective Action+Pugilist | Collective Action+Repulsor Brace | Counterattack+En Garde | Counterattack+Pugilist | Counterattack+Repulsor Brace | Destabilizing Rounds+En Garde | Destabilizing Rounds+Pugilist | Destabilizing Rounds+Repulsor Brace,105164264
339,Forthcoming Deviance (Adept),preferred,Glaive,Void,0,1,0,1,0,"Dimensional Shift, Disruption Break, Immovable Object","Collective Action, Collective Demolition, Unstoppable Force",8,1,403,Collective Action+Dimensional Shift | Collective Action+Immovable Object | Collective Demolition+Dimensional Shift | Collective Demolition+Disruption Break | Collective Demolition+Immovable Object | Dimensional Shift+Unstoppable Force | Disruption Break+Unstoppable Force | Immovable Object+Unstoppable Force,3123651616
340,Adored,preferred,Sniper Rifle,Arc,1,0,1,0,1,"Fourth Time's the Charm, Jolting Feedback, Supercharged Magazine","Closing Time, Collective Action, No Distractions",7,1,238,Closing Time+Jolting Feedback | Collective Action+Fourth Time's the Charm | Collective Action+Jolting Feedback | Collective Action+Supercharged Magazine | Fourth Time's the Charm+No Distractions | Jolting Feedback+No Distractions | No Distractions+Supercharged Magazine,1405095983
341,Thin Precipice,preferred,Sword,Strand,1,0,0,1,1,"Duelist's Trance, Steady Hands, Valiant Charge","Collective Action, Counterattack, Golden Tricorn",8,1,450,Collective Action+Duelist's Trance | Collective Action+Steady Hands | Collective Action+Valiant Charge | Counterattack+Steady Hands | Counterattack+Valiant Charge | Duelist's Trance+Golden Tricorn | Golden Tricorn+Steady Hands | Golden Tricorn+Valiant Charge,4066778670
342,Chivalric Fire,preferred,Sword,Void,1,0,1,0,1,"Collective Demolition, Dimensional Shift, Relentless Strikes","Energy Transfer, Flash Counter, Whirlwind Blade",8,1,191,Collective Demolition+Energy Transfer | Collective Demolition+Flash Counter | Collective Demolition+Whirlwind Blade | Dimensional Shift+Energy Transfer | Dimensional Shift+Flash Counter | Dimensional Shift+Whirlwind Blade | Energy Transfer+Relentless Strikes | Flash Counter+Relentless Strikes,938936806
343,Word of Crota (Adept),preferred,Hand Cannon,Void,0,1,0,1,0,"Collective Demolition, Demolitionist, Dragonfly","Focused Fury, Magnificent Howl, Precision Instrument",9,1,714,Collective Demolition+Focused Fury | Collective Demolition+Magnificent Howl | Collective Demolition+Precision Instrument | Demolitionist+Focused Fury | Demolitionist+Magnificent Howl | Demolitionist+Precision Instrument | Dragonfly+Focused Fury | Dragonfly+Magnificent Howl | Dragonfly+Precision Instrument,3926103986
344,Forthcoming Deviance (Adept),preferred,Glaive,Void,0,1,0,1,0,"Grave Robber, Impulse Amplifier, Replenishing Aegis","Chaos Reshaped, Collective Demolition, Desperate Measures",7,1,403,Chaos Reshaped+Impulse Amplifier | Chaos Reshaped+Replenishing Aegis | Collective Demolition+Grave Robber | Collective Demolition+Impulse Amplifier | Collective Demolition+Replenishing Aegis | Desperate Measures+Grave Robber | Desperate Measures+Replenishing Aegis,3123651616
345,Mykel's Reverence (Adept),preferred,Sidearm,Strand,0,1,0,1,0,"Collective Demolition, Rewind Rounds, Slice","Hatchling, Offhand Strike, Swashbuckler",9,1,451,Collective Demolition+Hatchling | Collective Demolition+Offhand Strike | Collective Demolition+Swashbuckler | Hatchling+Rewind Rounds | Hatchling+Slice | Offhand Strike+Rewind Rounds | Offhand Strike+Slice | Rewind Rounds+Swashbuckler | Slice+Swashbuckler,1986287028
346,Bellowing Giant,preferred,Rocket Launcher,Void,1,0,1,0,1,"Impromptu Ammunition, Overflow, Quickdraw","Aggregate Charge, Cluster Bomb, Collective Demolition",6,1,128,Aggregate Charge+Overflow | Aggregate Charge+Quickdraw | Cluster Bomb+Quickdraw | Collective Demolition+Impromptu Ammunition | Collective Demolition+Overflow | Collective Demolition+Quickdraw,1889005379
347,Parabellum,preferred,Submachine Gun,Solar,1,0,0,0,1,"Collective Demolition, Discord, Enlightened Action","Attrition Orbs, Burning Ambition, Perfect Float",6,1,233,Attrition Orbs+Discord | Attrition Orbs+Enlightened Action | Burning Ambition+Enlightened Action | Collective Demolition+Perfect Float | Discord+Perfect Float | Enlightened Action+Perfect Float,3769072067
348,Forthcoming Deviance (Adept),preferred,Glaive,Void,0,1,0,1,0,"Dimensional Shift, Disruption Break, Repulsor Brace","Chain Reaction, Collective Demolition, Vorpal Weapon",5,1,403,Chain Reaction+Repulsor Brace | Collective Demolition+Repulsor Brace | Dimensional Shift+Vorpal Weapon | Disruption Break+Vorpal Weapon | Repulsor Brace+Vorpal Weapon,3123651616
349,The Palindrome,preferred,Hand Cannon,Arc,1,0,1,0,1,"Collective Demolition, Explosive Payload, Supercharged Magazine","Master of Arms, Rolling Storm, Snapshot Sights",7,1,170,Collective Demolition+Master of Arms | Collective Demolition+Rolling Storm | Collective Demolition+Snapshot Sights | Explosive Payload+Master of Arms | Explosive Payload+Rolling Storm | Master of Arms+Supercharged Magazine | Snapshot Sights+Supercharged Magazine,3303271523
350,Mykel's Reverence (Adept),preferred,Sidearm,Strand,0,1,0,1,0,"Collective Demolition, Perfect Float, Unrelenting","Offhand Strike, Paracausal Affinity, Tap the Trigger",7,1,451,Collective Demolition+Paracausal Affinity | Collective Demolition+Tap the Trigger | Offhand Strike+Perfect Float | Offhand Strike+Unrelenting | Paracausal Affinity+Unrelenting | Perfect Float+Tap the Trigger | Tap the Trigger+Unrelenting,1986287028
351,The Beacon,preferred,Fusion Rifle,Solar,1,0,0,0,1,"Collective Pugilism, Lone Wolf, Rewind Rounds","Controlled Burst, Deconstruct, Reservoir Burst",8,1,227,Collective Pugilism+Controlled Burst | Collective Pugilism+Deconstruct | Collective Pugilism+Reservoir Burst | Controlled Burst+Rewind Rounds | Deconstruct+Lone Wolf | Deconstruct+Rewind Rounds | Lone Wolf+Reservoir Burst | Reservoir Burst+Rewind Rounds,2161618499
352,Whatchamacallit,preferred,Submachine Gun,Arc,1,0,1,0,1,"Collective Pugilism, Headseeker, Light Touch","Dragonfly, Gear Shift, Rangefinder",9,1,161,Collective Pugilism+Dragonfly | Collective Pugilism+Gear Shift | Collective Pugilism+Rangefinder | Dragonfly+Headseeker | Dragonfly+Light Touch | Gear Shift+Headseeker | Gear Shift+Light Touch | Headseeker+Rangefinder | Light Touch+Rangefinder,357669417
353,Seraphine Haze,preferred,Submachine Gun,Stasis,1,0,1,0,1,"Dynamic Sway Reduction, Hip-Fire Grip, Lead From Light","Collective Pugilism, Crystalline Corpsebloom, Target Lock",5,1,270,Collective Pugilism+Dynamic Sway Reduction | Crystalline Corpsebloom+Dynamic Sway Reduction | Crystalline Corpsebloom+Hip-Fire Grip | Crystalline Corpsebloom+Lead From Light | Lead From Light+Target Lock,1524387902
354,Abyss Defiant (Adept),preferred,Auto Rifle,Solar,0,1,0,1,0,"Enlightened Action, Outlaw, Reconstruction","Binary Orbit, Collective Pugilism, Sword Logic",7,1,612,Binary Orbit+Outlaw | Collective Pugilism+Enlightened Action | Collective Pugilism+Outlaw | Collective Pugilism+Reconstruction | Enlightened Action+Sword Logic | Outlaw+Sword Logic | Reconstruction+Sword Logic,3782662983
355,Haliaetus,preferred,Rocket Launcher,Strand,1,0,0,0,1,"Cluster Bomb, Envious Assassin, Grave Robber","Aggregate Charge, Collective Pugilism, Reaper's Tithe",7,1,175,Aggregate Charge+Cluster Bomb | Aggregate Charge+Envious Assassin | Aggregate Charge+Grave Robber | Collective Pugilism+Envious Assassin | Collective Pugilism+Grave Robber | Envious Assassin+Reaper's Tithe | Grave Robber+Reaper's Tithe,2155534128
356,Drang,preferred,Sidearm,Solar,1,0,0,1,1,"Collective Pugilism, Disruption Break, Envious Assassin","Frenzy, Incandescent, Master of Arms",8,1,260,Collective Pugilism+Frenzy | Collective Pugilism+Incandescent | Collective Pugilism+Master of Arms | Disruption Break+Frenzy | Disruption Break+Incandescent | Disruption Break+Master of Arms | Envious Assassin+Frenzy | Envious Assassin+Master of Arms,358190158
357,MIDA Mini-Tool,preferred,Submachine Gun,Solar,1,0,0,0,1,"Attrition Orbs, Loose Change, Perpetual Motion","Aggregate Charge, Collective Pugilism, Offhand Strike",6,1,283,Aggregate Charge+Loose Change | Aggregate Charge+Perpetual Motion | Attrition Orbs+Offhand Strike | Collective Pugilism+Loose Change | Collective Pugilism+Perpetual Motion | Loose Change+Offhand Strike,3946054154
358,Oxygen SR3,preferred,Scout Rifle,Solar,1,0,1,0,1,"Rapid Hit, Stats for All, To the Pain","Box Breathing, Collective Pugilism, Meganeura",6,1,201,Box Breathing+Rapid Hit | Collective Pugilism+Rapid Hit | Collective Pugilism+Stats for All | Meganeura+Rapid Hit | Meganeura+Stats for All | Meganeura+To the Pain,4104613038
359,Fimbulwinter Stitch,preferred,Sidearm,Arc,1,0,0,0,1,"Collective Pugilism, Lone Wolf, Rangefinder","Redirection, Rolling Storm, Voltshot",7,1,259,Collective Pugilism+Redirection | Collective Pugilism+Rolling Storm | Collective Pugilism+Voltshot | Lone Wolf+Redirection | Lone Wolf+Voltshot | Rangefinder+Redirection | Rangefinder+Rolling Storm,3685829362
360,Psi Aeterna IV,preferred,Pulse Rifle,Arc,1,0,1,0,1,"Eddy Current, Reverberation, Trickle Charge","Collective Pugilism, Elemental Honing, Jolting Feedback",6,1,190,Collective Pugilism+Eddy Current | Collective Pugilism+Reverberation | Eddy Current+Elemental Honing | Elemental Honing+Reverberation | Elemental Honing+Trickle Charge | Jolting Feedback+Reverberation,3556730800
361,Whatchamacallit,preferred,Submachine Gun,Arc,1,0,1,0,1,"Collective Pugilism, Headseeker, Light Touch","Frenzy, Jolting Feedback, Sword Logic",7,1,161,Collective Pugilism+Jolting Feedback | Collective Pugilism+Sword Logic | Frenzy+Headseeker | Headseeker+Jolting Feedback | Headseeker+Sword Logic | Jolting Feedback+Light Touch | Light Touch+Sword Logic,357669417
362,Abyss Defiant (Adept),preferred,Auto Rifle,Solar,0,1,0,1,0,"Burning Ambition, Proximity Power, Zen Moment","Binary Orbit, Collective Pugilism, Swashbuckler",6,1,612,Binary Orbit+Burning Ambition | Binary Orbit+Zen Moment | Burning Ambition+Swashbuckler | Collective Pugilism+Proximity Power | Collective Pugilism+Zen Moment | Swashbuckler+Zen Moment,3782662983
363,Nessa's Oblation (Adept),preferred,Shotgun,Void,0,1,0,1,0,"Compulsive Reloader, Dragonfly, Envious Assassin","Destabilizing Rounds, Meganeura, Paracausal Affinity",9,1,679,Compulsive Reloader+Destabilizing Rounds | Compulsive Reloader+Meganeura | Compulsive Reloader+Paracausal Affinity | Destabilizing Rounds+Dragonfly | Destabilizing Rounds+Envious Assassin | Dragonfly+Meganeura | Dragonfly+Paracausal Affinity | Envious Assassin+Meganeura | Envious Assassin+Paracausal Affinity,522366885
364,Last Man Standing,preferred,Shotgun,Solar,1,0,1,0,1,"Compulsive Reloader, Hip-Fire Grip, Subsistence","Discord, One-Two Punch, Shot Swap",9,1,331,Compulsive Reloader+Discord | Compulsive Reloader+One-Two Punch | Compulsive Reloader+Shot Swap | Discord+Hip-Fire Grip | Discord+Subsistence | Hip-Fire Grip+One-Two Punch | Hip-Fire Grip+Shot Swap | One-Two Punch+Subsistence | Shot Swap+Subsistence,4287947559
365,Duty Bound,preferred,Auto Rifle,Kinetic,1,0,1,0,1,"Compulsive Reloader, Perpetual Motion, Stats for All","Dynamic Sway Reduction, Fourth Time's the Charm, Rampage",7,1,413,Compulsive Reloader+Dynamic Sway Reduction | Compulsive Reloader+Fourth Time's the Charm | Dynamic Sway Reduction+Perpetual Motion | Dynamic Sway Reduction+Stats for All | Fourth Time's the Charm+Perpetual Motion | Fourth Time's the Charm+Stats for All | Perpetual Motion+Rampage,435216110
366,Laser Painter,preferred,Linear Fusion Rifle,Strand,1,0,1,0,1,"Compulsive Reloader, Ensemble, Fragile Focus","Hip-Fire Grip, Thresh, Unrelenting",9,1,1119,Compulsive Reloader+Hip-Fire Grip | Compulsive Reloader+Thresh | Compulsive Reloader+Unrelenting | Ensemble+Hip-Fire Grip | Ensemble+Thresh | Ensemble+Unrelenting | Fragile Focus+Hip-Fire Grip | Fragile Focus+Thresh | Fragile Focus+Unrelenting,3221722018
367,Pointed Inquiry,preferred,Scout Rifle,Void,1,0,0,1,1,"Compulsive Reloader, Firmly Planted, Genesis","Adaptive Munitions, Demoralize, Precision Instrument",8,1,730,Adaptive Munitions+Firmly Planted | Adaptive Munitions+Genesis | Compulsive Reloader+Demoralize | Compulsive Reloader+Precision Instrument | Demoralize+Firmly Planted | Demoralize+Genesis | Firmly Planted+Precision Instrument | Genesis+Precision Instrument,297296830
368,Yesteryear,preferred,Pulse Rifle,Void,1,0,1,0,1,"Compulsive Reloader, Ensemble, Slideways","Desperado, Repulsor Brace, Under-Over",9,1,1054,Compulsive Reloader+Desperado | Compulsive Reloader+Repulsor Brace | Compulsive Reloader+Under-Over | Desperado+Ensemble | Desperado+Slideways | Ensemble+Repulsor Brace | Ensemble+Under-Over | Repulsor Brace+Slideways | Slideways+Under-Over,4028000428
369,Deliverance (Adept),preferred,Fusion Rifle,Stasis,0,1,0,1,0,"Cornered, Crystalline Corpsebloom, Steady Hands","Controlled Burst, Harmony, Surrounded",8,1,466,Controlled Burst+Crystalline Corpsebloom | Controlled Burst+Steady Hands | Cornered+Harmony | Cornered+Surrounded | Crystalline Corpsebloom+Harmony | Crystalline Corpsebloom+Surrounded | Harmony+Steady Hands | Steady Hands+Surrounded,2943293195
370,Nox Perennial V,preferred,Fusion Rifle,Strand,1,0,0,0,1,"Envious Assassin, Fragile Focus, Loose Change","Controlled Burst, Elemental Capacitor, Kickstart",7,1,184,Controlled Burst+Envious Assassin | Controlled Burst+Fragile Focus | Controlled Burst+Loose Change | Elemental Capacitor+Fragile Focus | Elemental Capacitor+Loose Change | Fragile Focus+Kickstart | Kickstart+Loose Change,2767393525
371,Iterative Loop,preferred,Fusion Rifle,Arc,1,0,0,1,1,"Grave Robber, Killing Wind, Supercharged Magazine","Adrenaline Junkie, Controlled Burst, Demolitionist",8,1,651,Adrenaline Junkie+Killing Wind | Adrenaline Junkie+Supercharged Magazine | Controlled Burst+Grave Robber | Controlled Burst+Killing Wind | Controlled Burst+Supercharged Magazine | Demolitionist+Grave Robber | Demolitionist+Killing Wind | Demolitionist+Supercharged Magazine,1289796511
372,Axial Lacuna,preferred,Fusion Rifle,Solar,1,0,0,1,1,"Cornered, Firmly Planted, Keep Away","Controlled Burst, Desperate Measures, Incandescent",9,1,817,Controlled Burst+Cornered | Controlled Burst+Firmly Planted | Controlled Burst+Keep Away | Cornered+Desperate Measures | Cornered+Incandescent | Desperate Measures+Firmly Planted | Desperate Measures+Keep Away | Firmly Planted+Incandescent | Incandescent+Keep Away,3867373351
373,Lionfish-4fr,preferred,Fusion Rifle,Stasis,1,0,1,0,1,"Proximity Power, Rimestealer, Transcendent Moment","Controlled Burst, Reservoir Burst",5,1,190,Controlled Burst+Proximity Power | Controlled Burst+Rimestealer | Controlled Burst+Transcendent Moment | Reservoir Burst+Rimestealer | Reservoir Burst+Transcendent Moment,2423071981
374,Riptide,preferred,Fusion Rifle,Stasis,1,0,1,0,1,"Compulsive Reloader, Field Prep, Steady Hands","Chill Clip, Cornered, Successful Warm-Up",8,1,1463,Chill Clip+Field Prep | Chill Clip+Steady Hands | Compulsive Reloader+Cornered | Compulsive Reloader+Successful Warm-Up | Cornered+Field Prep | Cornered+Steady Hands | Field Prep+Successful Warm-Up | Steady Hands+Successful Warm-Up,2715240478
375,Afterlight (Adept),preferred,Fusion Rifle,Void,0,1,0,0,1,"Lead from Gold, Offhand Strike, Pugilist","Cornered, Destabilizing Rounds, Reservoir Burst",7,1,317,Cornered+Lead from Gold | Cornered+Offhand Strike | Cornered+Pugilist | Destabilizing Rounds+Lead from Gold | Destabilizing Rounds+Offhand Strike | Lead from Gold+Reservoir Burst | Offhand Strike+Reservoir Burst,3953163559
376,Resounding,preferred,Fusion Rifle,Strand,1,0,1,0,1,"Cornered, Feeding Frenzy, Slice","Hatchling, Rampage, Reservoir Burst",8,1,357,Cornered+Hatchling | Cornered+Rampage | Cornered+Reservoir Burst | Feeding Frenzy+Hatchling | Feeding Frenzy+Rampage | Feeding Frenzy+Reservoir Burst | Rampage+Slice | Reservoir Burst+Slice,3273807888
377,Monody-44,preferred,Fusion Rifle,Void,1,0,0,0,1,"Attrition Orbs, Cornered, Enlightened Action","Controlled Burst, Successful Warm-Up, Withering Gaze",6,1,342,Attrition Orbs+Controlled Burst | Attrition Orbs+Successful Warm-Up | Attrition Orbs+Withering Gaze | Cornered+Successful Warm-Up | Cornered+Withering Gaze | Enlightened Action+Successful Warm-Up,3201200906
378,Qullim's Terminus (Harrowed),preferred,Machine Gun,Stasis,0,1,0,1,0,"Enlightened Action, Ensemble, Firmly Planted","Crystalline Corpsebloom, Killing Tally, Mega Kill Clip",8,1,390,Crystalline Corpsebloom+Enlightened Action | Crystalline Corpsebloom+Ensemble | Crystalline Corpsebloom+Firmly Planted | Enlightened Action+Mega Kill Clip | Ensemble+Killing Tally | Ensemble+Mega Kill Clip | Firmly Planted+Killing Tally | Firmly Planted+Mega Kill Clip,3248429089
379,Burden of Guilt,preferred,Fusion Rifle,Stasis,1,0,0,0,1,"Envious Arsenal, Eye of the Storm, Lone Wolf","Controlled Burst, Crystalline Corpsebloom, Kickstart",7,1,201,Controlled Burst+Envious Arsenal | Controlled Burst+Eye of the Storm | Crystalline Corpsebloom+Eye of the Storm | Crystalline Corpsebloom+Lone Wolf | Envious Arsenal+Kickstart | Eye of the Storm+Kickstart | Kickstart+Lone Wolf,976459525
380,Dimensional Hypotrochoid,preferred,Grenade Launcher,Stasis,1,0,0,1,1,"Envious Arsenal, Genesis, Threat Detector","Crystalline Corpsebloom, Disruption Break, Pugilist",9,1,863,Crystalline Corpsebloom+Envious Arsenal | Crystalline Corpsebloom+Genesis | Crystalline Corpsebloom+Threat Detector | Disruption Break+Envious Arsenal | Disruption Break+Genesis | Disruption Break+Threat Detector | Envious Arsenal+Pugilist | Genesis+Pugilist | Pugilist+Threat Detector,1311684613
381,Triple Laureate,preferred,Hand Cannon,Stasis,1,0,0,0,1,"Ambitious Assassin, Crystalline Corpsebloom, Grave Robber","Kill Clip, Master of Arms, Pugilist",8,1,288,Ambitious Assassin+Kill Clip | Ambitious Assassin+Master of Arms | Crystalline Corpsebloom+Kill Clip | Crystalline Corpsebloom+Master of Arms | Crystalline Corpsebloom+Pugilist | Grave Robber+Kill Clip | Grave Robber+Master of Arms | Grave Robber+Pugilist,2908653246
382,Bold Endings,preferred,Hand Cannon,Stasis,1,0,0,1,1,"Loose Change, Rapid Hit, Strategist","Collective Action, Crystalline Corpsebloom, Dragonfly",5,1,799,Collective Action+Rapid Hit | Crystalline Corpsebloom+Loose Change | Crystalline Corpsebloom+Rapid Hit | Crystalline Corpsebloom+Strategist | Dragonfly+Strategist,496728945
383,Qullim's Terminus (Harrowed),preferred,Machine Gun,Stasis,0,1,0,1,0,"Dynamic Sway Reduction, Firmly Planted, Slickdraw","Crystalline Corpsebloom, Firefly, Mega Kill Clip",5,1,390,Crystalline Corpsebloom+Slickdraw | Dynamic Sway Reduction+Mega Kill Clip | Firefly+Firmly Planted | Firefly+Slickdraw | Mega Kill Clip+Slickdraw,3248429089
384,Seraphine Haze,preferred,Submachine Gun,Stasis,1,0,1,0,1,"Hip-Fire Grip, Subsistence","Attrition Orbs, Collective Pugilism, Crystalline Corpsebloom",3,1,270,Attrition Orbs+Hip-Fire Grip | Collective Pugilism+Subsistence | Crystalline Corpsebloom+Subsistence,1524387902
385,Deliverance (Adept),preferred,Fusion Rifle,Stasis,0,1,0,1,0,"Cornered, Crystalline Corpsebloom, Sleight of Hand","Bait and Switch, Successful Warm-Up, Tap the Trigger",7,1,466,Bait and Switch+Crystalline Corpsebloom | Bait and Switch+Sleight of Hand | Cornered+Tap the Trigger | Crystalline Corpsebloom+Successful Warm-Up | Crystalline Corpsebloom+Tap the Trigger | Sleight of Hand+Successful Warm-Up | Sleight of Hand+Tap the Trigger,2943293195
386,Bold Endings,preferred,Hand Cannon,Stasis,1,0,0,1,1,"Attrition Orbs, Opening Shot, To the Pain","Collective Action, Crystalline Corpsebloom, Demolitionist",8,1,799,Attrition Orbs+Collective Action | Attrition Orbs+Crystalline Corpsebloom | Collective Action+Opening Shot | Collective Action+To the Pain | Crystalline Corpsebloom+Opening Shot | Crystalline Corpsebloom+To the Pain | Demolitionist+Opening Shot | Demolitionist+To the Pain,496728945
387,Cynosure,preferred,Rocket Launcher,Strand,1,0,1,0,1,"Danger Zone, Field Prep, Tracking Module","Desperate Measures, Hatchling, High Ground",9,1,773,Danger Zone+Desperate Measures | Danger Zone+Hatchling | Danger Zone+High Ground | Desperate Measures+Field Prep | Desperate Measures+Tracking Module | Field Prep+Hatchling | Field Prep+High Ground | Hatchling+Tracking Module | High Ground+Tracking Module,694275488
388,Blowout,preferred,Rocket Launcher,Arc,0,0,1,0,1,"Danger Zone, Sympathetic Arsenal, Tracking Module","Disruption Break, Golden Tricorn, Golden Tricorn Enhanced",9,1,1083,Danger Zone+Disruption Break | Danger Zone+Golden Tricorn | Danger Zone+Golden Tricorn Enhanced | Disruption Break+Sympathetic Arsenal | Disruption Break+Tracking Module | Golden Tricorn+Sympathetic Arsenal | Golden Tricorn+Tracking Module | Golden Tricorn Enhanced+Sympathetic Arsenal | Golden Tricorn Enhanced+Tracking Module,1903182562
389,Empty Vessel,preferred,Grenade Launcher,Solar,1,0,1,0,1,"Ambitious Assassin, Feeding Frenzy, Genesis","Danger Zone, Disruption Break, Thresh",6,1,1120,Ambitious Assassin+Danger Zone | Ambitious Assassin+Disruption Break | Ambitious Assassin+Thresh | Danger Zone+Feeding Frenzy | Danger Zone+Genesis | Genesis+Thresh,198068259
390,Wild Style,preferred,Grenade Launcher,Solar,1,0,1,0,1,"Danger Zone, Enlightened Action, Envious Assassin","Attrition Orbs, Incandescent, Permeability",8,1,479,Attrition Orbs+Danger Zone | Attrition Orbs+Envious Assassin | Danger Zone+Incandescent | Danger Zone+Permeability | Enlightened Action+Incandescent | Enlightened Action+Permeability | Envious Assassin+Incandescent | Envious Assassin+Permeability,1332123064
391,Pardon Our Dust,preferred,Grenade Launcher,Kinetic,1,0,0,1,1,"Ensemble, Killing Wind, Steady Hands","Danger Zone, Demolitionist, Pugilist",6,1,695,Danger Zone+Ensemble | Danger Zone+Killing Wind | Danger Zone+Steady Hands | Demolitionist+Steady Hands | Ensemble+Pugilist | Killing Wind+Pugilist,3849810018
392,Uzume RR4,preferred,Sniper Rifle,Solar,1,0,1,0,1,"Discord, Lead from Gold, Snapshot Sights","Deconstruct, Explosive Payload, Golden Tricorn",9,1,244,Deconstruct+Discord | Deconstruct+Lead from Gold | Deconstruct+Snapshot Sights | Discord+Explosive Payload | Discord+Golden Tricorn | Explosive Payload+Lead from Gold | Explosive Payload+Snapshot Sights | Golden Tricorn+Lead from Gold | Golden Tricorn+Snapshot Sights,2450917538
393,Eye of Sol,preferred,Sniper Rifle,Kinetic,1,0,0,0,1,"Fragile Focus, Moving Target, Slickdraw","Deconstruct, Firing Line, Keep Away",8,1,367,Deconstruct+Fragile Focus | Deconstruct+Moving Target | Deconstruct+Slickdraw | Firing Line+Fragile Focus | Firing Line+Moving Target | Firing Line+Slickdraw | Keep Away+Moving Target | Keep Away+Slickdraw,1401300690
394,Indebted Kindness,preferred,Sidearm,Arc,1,0,0,0,1,"Danger Zone, Deconstruct, Trickle Charge","Chain Reaction, Rolling Storm, Surrounded",4,1,134,Chain Reaction+Deconstruct | Danger Zone+Rolling Storm | Deconstruct+Rolling Storm | Surrounded+Trickle Charge,2554513694
395,Breakneck,preferred,Auto Rifle,Kinetic,1,0,1,0,1,"Dynamic Sway Reduction, Enlightened Action, Under Pressure","Deconstruct, Demolitionist, Offhand Strike",9,1,893,Deconstruct+Dynamic Sway Reduction | Deconstruct+Enlightened Action | Deconstruct+Under Pressure | Demolitionist+Dynamic Sway Reduction | Demolitionist+Enlightened Action | Demolitionist+Under Pressure | Dynamic Sway Reduction+Offhand Strike | Enlightened Action+Offhand Strike | Offhand Strike+Under Pressure,2026755633
396,Action Item,preferred,Trace Rifle,Stasis,1,0,0,0,1,"Demolitionist, High-Impact Reserves, Rimestealer","Detonator Beam, Elemental Honing, Killing Tally",6,1,261,Demolitionist+Detonator Beam | Demolitionist+Elemental Honing | Detonator Beam+Rimestealer | Elemental Honing+High-Impact Reserves | Elemental Honing+Rimestealer | Killing Tally+Rimestealer,527989828
397,Abyssal Edge,preferred,Sword,Strand,1,0,0,0,1,"Duelist's Trance, Energy Transfer, Flash Counter","Demolitionist, Hatchling, Sword Logic",9,1,276,Demolitionist+Duelist's Trance | Demolitionist+Energy Transfer | Demolitionist+Flash Counter | Duelist's Trance+Hatchling | Duelist's Trance+Sword Logic | Energy Transfer+Hatchling | Energy Transfer+Sword Logic | Flash Counter+Hatchling | Flash Counter+Sword Logic,4221591387
398,Albedo Wing,preferred,Glaive,Arc,1,0,0,0,1,"Beacon Rounds, Immovable Object, Replenishing Aegis","Demolitionist, Golden Tricorn, Golden Tricorn Enhanced",9,1,225,Beacon Rounds+Demolitionist | Beacon Rounds+Golden Tricorn | Beacon Rounds+Golden Tricorn Enhanced | Demolitionist+Immovable Object | Demolitionist+Replenishing Aegis | Golden Tricorn+Immovable Object | Golden Tricorn+Replenishing Aegis | Golden Tricorn Enhanced+Immovable Object | Golden Tricorn Enhanced+Replenishing Aegis,2680976411
399,Sorrow's Verse,preferred,Auto Rifle,Arc,1,0,1,0,1,"Recycled Energy, Rewind Rounds, Tap the Trigger","Demolitionist, Frenzy, Multikill Clip",9,1,476,Demolitionist+Recycled Energy | Demolitionist+Rewind Rounds | Demolitionist+Tap the Trigger | Frenzy+Recycled Energy | Frenzy+Rewind Rounds | Frenzy+Tap the Trigger | Multikill Clip+Recycled Energy | Multikill Clip+Rewind Rounds | Multikill Clip+Tap the Trigger,2557966895
400,Iterative Loop,preferred,Fusion Rifle,Arc,1,0,0,1,1,"Slickdraw, Successful Warm-Up, Supercharged Magazine","Adrenaline Junkie, Demolitionist, Elemental Capacitor",7,1,651,Adrenaline Junkie+Slickdraw | Adrenaline Junkie+Successful Warm-Up | Demolitionist+Slickdraw | Demolitionist+Successful Warm-Up | Elemental Capacitor+Slickdraw | Elemental Capacitor+Successful Warm-Up | Elemental Capacitor+Supercharged Magazine,1289796511
401,Perfect Paradox,preferred,Shotgun,Kinetic,1,0,0,0,1,"Demolitionist, Field Prep, Firmly Planted","One-Two Punch, Swashbuckler, Trench Barrel",6,1,391,Demolitionist+Trench Barrel | Field Prep+One-Two Punch | Field Prep+Swashbuckler | Field Prep+Trench Barrel | Firmly Planted+Swashbuckler | Firmly Planted+Trench Barrel,3393519051
402,Veles-X,preferred,Pulse Rifle,Void,1,0,1,0,1,"Demoralize, Lone Wolf, Wellspring","Desperado, Golden Tricorn, Golden Tricorn Enhanced",7,1,371,Demoralize+Desperado | Desperado+Lone Wolf | Desperado+Wellspring | Golden Tricorn+Lone Wolf | Golden Tricorn+Wellspring | Golden Tricorn Enhanced+Lone Wolf | Golden Tricorn Enhanced+Wellspring,438540299
403,Nessa's Oblation (Adept),preferred,Shotgun,Void,0,1,0,1,0,"Envious Assassin, Proximity Power, Reconstruction","Demoralize, Focused Fury, Meganeura",8,1,679,Demoralize+Envious Assassin | Demoralize+Proximity Power | Demoralize+Reconstruction | Envious Assassin+Focused Fury | Focused Fury+Proximity Power | Focused Fury+Reconstruction | Meganeura+Proximity Power | Meganeura+Reconstruction,522366885
404,Doom of Chelchis (Harrowed),preferred,Scout Rifle,Void,0,1,0,1,0,"Demoralize, Destabilizing Rounds, Explosive Payload","Frenzy, One for All, Unrelenting",9,1,472,Demoralize+Frenzy | Demoralize+One for All | Demoralize+Unrelenting | Destabilizing Rounds+Frenzy | Destabilizing Rounds+One for All | Destabilizing Rounds+Unrelenting | Explosive Payload+Frenzy | Explosive Payload+One for All | Explosive Payload+Unrelenting,1184692845
405,Joxer's Longsword,preferred,Pulse Rifle,Void,1,0,1,0,1,"Pugilist, Rewind Rounds, Strategist","Demoralize, Desperado, Headseeker",8,1,923,Demoralize+Pugilist | Demoralize+Rewind Rounds | Demoralize+Strategist | Desperado+Pugilist | Desperado+Rewind Rounds | Desperado+Strategist | Headseeker+Pugilist | Headseeker+Rewind Rounds,157601190
406,Kindled Orchid,preferred,Hand Cannon,Void,1,0,1,0,1,"Kill Clip, Rangefinder, Shoot to Loot","Demoralize, Magnificent Howl, Master of Arms",8,1,336,Demoralize+Rangefinder | Demoralize+Shoot to Loot | Kill Clip+Magnificent Howl | Kill Clip+Master of Arms | Magnificent Howl+Rangefinder | Magnificent Howl+Shoot to Loot | Master of Arms+Rangefinder | Master of Arms+Shoot to Loot,3961462214
407,Exalted Truth,preferred,Hand Cannon,Void,1,0,0,0,1,"Destabilizing Rounds, Lone Wolf, Slideshot","Demoralize, Magnificent Howl, Repulsor Brace",7,1,416,Demoralize+Lone Wolf | Demoralize+Slideshot | Destabilizing Rounds+Magnificent Howl | Lone Wolf+Magnificent Howl | Lone Wolf+Repulsor Brace | Magnificent Howl+Slideshot | Repulsor Brace+Slideshot,3436626079
408,Pointed Inquiry,preferred,Scout Rifle,Void,1,0,0,1,1,"Firmly Planted, Fourth Time's the Charm, Stats for All","Adaptive Munitions, Demoralize, Harmony",6,1,730,Adaptive Munitions+Fourth Time's the Charm | Adaptive Munitions+Stats for All | Demoralize+Fourth Time's the Charm | Demoralize+Stats for All | Firmly Planted+Harmony | Fourth Time's the Charm+Harmony,297296830
409,The Messenger,preferred,Pulse Rifle,Kinetic,1,0,0,0,1,"Discord, Offhand Strike, Outlaw","Desperado, Encore, Headseeker",7,1,379,Desperado+Discord | Desperado+Offhand Strike | Discord+Headseeker | Encore+Offhand Strike | Encore+Outlaw | Headseeker+Offhand Strike | Headseeker+Outlaw,3796795102
410,Belisarius-D,preferred,Pulse Rifle,Strand,1,0,1,0,1,"Elemental Capacitor, Slice, Tear","Desperado, Eye of the Storm, Firefly",9,1,368,Desperado+Elemental Capacitor | Desperado+Slice | Desperado+Tear | Elemental Capacitor+Eye of the Storm | Elemental Capacitor+Firefly | Eye of the Storm+Slice | Eye of the Storm+Tear | Firefly+Slice | Firefly+Tear,747743637
411,The Martlet,preferred,Pulse Rifle,Void,1,0,0,0,1,"Firefly, Headseeker, Loose Change","Desperado, Destabilizing Rounds, Kill Clip",9,1,342,Desperado+Firefly | Desperado+Headseeker | Desperado+Loose Change | Destabilizing Rounds+Firefly | Destabilizing Rounds+Headseeker | Destabilizing Rounds+Loose Change | Firefly+Kill Clip | Headseeker+Kill Clip | Kill Clip+Loose Change,877384
412,Peacebond,preferred,Sidearm,Stasis,1,0,0,0,1,Headstone,"Desperado, Headseeker, Kill Clip",3,1,358,Desperado+Headstone | Headseeker+Headstone | Headstone+Kill Clip,3437370193
413,Stars in Shadow,preferred,Pulse Rifle,Solar,1,0,1,0,1,"Heal Clip, Impromptu Ammunition, Rapid Hit","Burning Ambition, Desperado, Headseeker",6,1,335,Burning Ambition+Rapid Hit | Desperado+Heal Clip | Desperado+Rapid Hit | Headseeker+Heal Clip | Headseeker+Impromptu Ammunition | Headseeker+Rapid Hit,3602242905
414,Phyllotactic Spiral,preferred,Pulse Rifle,Arc,1,0,0,1,1,"Hip-Fire Grip, Perfect Float, Shot Swap","Desperado, Headseeker, Rolling Storm",9,1,774,Desperado+Hip-Fire Grip | Desperado+Perfect Float | Desperado+Shot Swap | Headseeker+Hip-Fire Grip | Headseeker+Perfect Float | Headseeker+Shot Swap | Hip-Fire Grip+Rolling Storm | Perfect Float+Rolling Storm | Rolling Storm+Shot Swap,3635821806
415,Arcane Embrace,preferred,Shotgun,Arc,1,0,0,0,1,"Air Trigger, Slideshot, Threat Detector","Desperado, Swashbuckler, Voltshot",5,1,362,Air Trigger+Swashbuckler | Desperado+Slideshot | Desperado+Threat Detector | Slideshot+Voltshot | Threat Detector+Voltshot,3649985571
416,Phyllotactic Spiral,preferred,Pulse Rifle,Arc,1,0,0,1,1,"Compulsive Reloader, Trickle Charge, Under-Over","Desperado, Gutshot Straight, Headseeker",8,1,774,Compulsive Reloader+Gutshot Straight | Compulsive Reloader+Headseeker | Desperado+Trickle Charge | Desperado+Under-Over | Gutshot Straight+Trickle Charge | Gutshot Straight+Under-Over | Headseeker+Trickle Charge | Headseeker+Under-Over,3635821806
417,Yesteryear,preferred,Pulse Rifle,Void,1,0,1,0,1,"Heating Up, Outlaw, Well-Rounded","Desperado, Repulsor Brace, Under-Over",9,1,1054,Desperado+Heating Up | Desperado+Outlaw | Desperado+Well-Rounded | Heating Up+Repulsor Brace | Heating Up+Under-Over | Outlaw+Repulsor Brace | Outlaw+Under-Over | Repulsor Brace+Well-Rounded | Under-Over+Well-Rounded,4028000428
418,Hammerhead,preferred,Machine Gun,Void,1,0,1,0,1,"Destabilizing Rounds, Rampage, Under-Over","Desperate Measures, High-Impact Reserves, Onslaught",7,1,238,Desperate Measures+Destabilizing Rounds | Desperate Measures+Rampage | Destabilizing Rounds+High-Impact Reserves | Destabilizing Rounds+Onslaught | High-Impact Reserves+Rampage | High-Impact Reserves+Under-Over | Onslaught+Under-Over,1896309757
419,Timeworn Wayfarer,preferred,Scout Rifle,Solar,1,0,0,1,1,"Dual Loader, Strategist, To the Pain","Desperate Measures, Eye of the Storm, Incandescent",5,1,581,Desperate Measures+Dual Loader | Dual Loader+Eye of the Storm | Dual Loader+Incandescent | Eye of the Storm+Strategist | Incandescent+To the Pain,1058098236
420,Blast Furnace,preferred,Pulse Rifle,Kinetic,1,0,1,0,1,"Headseeker, Kinetic Tremors, Snapshot Sights","Desperate Measures, Firefly, One for All",9,1,411,Desperate Measures+Headseeker | Desperate Measures+Kinetic Tremors | Desperate Measures+Snapshot Sights | Firefly+Headseeker | Firefly+Kinetic Tremors | Firefly+Snapshot Sights | Headseeker+One for All | Kinetic Tremors+One for All | One for All+Snapshot Sights,2533990645
421,Axial Lacuna,preferred,Fusion Rifle,Solar,1,0,0,1,1,"Eye of the Storm, Heal Clip, Slickdraw","Desperate Measures, Kickstart, Reservoir Burst",8,1,817,Desperate Measures+Eye of the Storm | Desperate Measures+Heal Clip | Desperate Measures+Slickdraw | Eye of the Storm+Reservoir Burst | Heal Clip+Kickstart | Heal Clip+Reservoir Burst | Kickstart+Slickdraw | Reservoir Burst+Slickdraw,3867373351
422,No Hesitation,preferred,Auto Rifle,Solar,1,0,0,1,1,"Burning Ambition, Physic, Target Lock","Desperate Measures, Disruption Break, Elemental Honing",7,1,702,Burning Ambition+Desperate Measures | Burning Ambition+Disruption Break | Burning Ambition+Elemental Honing | Desperate Measures+Target Lock | Disruption Break+Target Lock | Elemental Honing+Physic | Elemental Honing+Target Lock,1801007332
423,Sarpedon-D,preferred,Hand Cannon,Arc,1,0,1,0,1,"Eddy Current, Impromptu Ammunition, Trickle Charge","Desperate Measures, One-Two Punch, Trench Barrel",9,1,115,Desperate Measures+Eddy Current | Desperate Measures+Impromptu Ammunition | Desperate Measures+Trickle Charge | Eddy Current+One-Two Punch | Eddy Current+Trench Barrel | Impromptu Ammunition+One-Two Punch | Impromptu Ammunition+Trench Barrel | One-Two Punch+Trickle Charge | Trench Barrel+Trickle Charge,3318545829
424,Forgiveness,preferred,Sidearm,Arc,1,0,0,0,1,"Lone Wolf, Proximity Power, Voltshot","Desperate Measures, Headseeker, Loose Change",9,1,378,Desperate Measures+Lone Wolf | Desperate Measures+Proximity Power | Desperate Measures+Voltshot | Headseeker+Lone Wolf | Headseeker+Proximity Power | Headseeker+Voltshot | Lone Wolf+Loose Change | Loose Change+Proximity Power | Loose Change+Voltshot,1552443158
425,PLUG ONE.1,preferred,Fusion Rifle,Arc,1,0,1,0,1,"Feeding Frenzy, Slideways, Well-Rounded","Closing Time, Controlled Burst, Desperate Measures",8,1,181,Closing Time+Feeding Frenzy | Closing Time+Slideways | Controlled Burst+Feeding Frenzy | Controlled Burst+Slideways | Controlled Burst+Well-Rounded | Desperate Measures+Feeding Frenzy | Desperate Measures+Slideways | Desperate Measures+Well-Rounded,3293524502
426,Python,preferred,Shotgun,Void,1,0,1,0,1,"Dimensional Shift, Loose Change, Slideshot","Destabilizing Rounds, Harmony, One-Two Punch",8,1,383,Destabilizing Rounds+Dimensional Shift | Destabilizing Rounds+Slideshot | Dimensional Shift+Harmony | Dimensional Shift+One-Two Punch | Harmony+Loose Change | Harmony+Slideshot | Loose Change+One-Two Punch | One-Two Punch+Slideshot,4276696962
427,Aisha's Embrace,preferred,Scout Rifle,Void,1,0,0,0,1,"Encore, Eye of the Storm, Vorpal Weapon","Destabilizing Rounds, Kill Clip, Withering Gaze",9,1,300,Destabilizing Rounds+Encore | Destabilizing Rounds+Eye of the Storm | Destabilizing Rounds+Vorpal Weapon | Encore+Kill Clip | Encore+Withering Gaze | Eye of the Storm+Kill Clip | Eye of the Storm+Withering Gaze | Kill Clip+Vorpal Weapon | Vorpal Weapon+Withering Gaze,3709368142
428,Ribbontail,preferred,Trace Rifle,Strand,1,0,0,0,1,"Envious Arsenal, Proximity Power, Subsistence","Detonator Beam, Redirection, Tear",8,1,153,Detonator Beam+Envious Arsenal | Detonator Beam+Proximity Power | Detonator Beam+Subsistence | Envious Arsenal+Redirection | Envious Arsenal+Tear | Proximity Power+Tear | Redirection+Subsistence | Subsistence+Tear,407150808
429,Acasia's Dejection (Adept),preferred,Trace Rifle,Solar,0,1,0,1,0,"Keep Away, Perpetual Motion, Reconstruction","Detonator Beam, High-Impact Reserves, Vorpal Weapon",7,1,601,Detonator Beam+Keep Away | Detonator Beam+Perpetual Motion | Detonator Beam+Reconstruction | High-Impact Reserves+Perpetual Motion | High-Impact Reserves+Reconstruction | Keep Away+Vorpal Weapon | Perpetual Motion+Vorpal Weapon,3493494807
430,Ribbontail,preferred,Trace Rifle,Strand,1,0,0,0,1,"Threat Detector, Transcendent Moment, Wellspring","Detonator Beam, Killing Tally, Redirection",9,1,153,Detonator Beam+Threat Detector | Detonator Beam+Transcendent Moment | Detonator Beam+Wellspring | Killing Tally+Threat Detector | Killing Tally+Transcendent Moment | Killing Tally+Wellspring | Redirection+Threat Detector | Redirection+Transcendent Moment | Redirection+Wellspring,407150808
431,Chivalric Fire,preferred,Sword,Void,1,0,1,0,1,"Dimensional Shift, Sharp Harvest, Strategist","Eager Edge, Energy Transfer, Flash Counter",6,1,191,Dimensional Shift+Eager Edge | Eager Edge+Strategist | Energy Transfer+Sharp Harvest | Energy Transfer+Strategist | Flash Counter+Sharp Harvest | Flash Counter+Strategist,938936806
432,Corrective Measure (Timelost),preferred,Machine Gun,Void,0,1,0,1,0,"Dimensional Shift, Firefly, Redirection","Elemental Honing, High-Impact Reserves, Killing Tally",8,1,367,Dimensional Shift+High-Impact Reserves | Dimensional Shift+Killing Tally | Elemental Honing+Firefly | Elemental Honing+Redirection | Firefly+High-Impact Reserves | Firefly+Killing Tally | High-Impact Reserves+Redirection | Killing Tally+Redirection,2334480463
433,Python,preferred,Shotgun,Void,1,0,1,0,1,"Dimensional Shift, Overflow, Repulsor Brace","One-Two Punch, Opening Shot, Trench Barrel",8,1,383,Dimensional Shift+Opening Shot | Dimensional Shift+Trench Barrel | One-Two Punch+Overflow | One-Two Punch+Repulsor Brace | Opening Shot+Overflow | Opening Shot+Repulsor Brace | Overflow+Trench Barrel | Repulsor Brace+Trench Barrel,4276696962
434,Praedyth's Revenge (Timelost),preferred,Sniper Rifle,Kinetic,0,1,0,1,0,"Discord, Envious Arsenal, Fourth Time's the Charm","All-Star, Firefly, High-Impact Reserves",7,1,420,All-Star+Discord | Discord+Firefly | Discord+High-Impact Reserves | Envious Arsenal+Firefly | Envious Arsenal+High-Impact Reserves | Firefly+Fourth Time's the Charm | Fourth Time's the Charm+High-Impact Reserves,2362652544
435,Tempered Dynamo,preferred,Fusion Rifle,Arc,1,0,1,0,1,"Impromptu Ammunition, Rewind Rounds, Supercharged Magazine","Discord, Jolting Feedback, Surrounded",9,1,153,Discord+Impromptu Ammunition | Discord+Rewind Rounds | Discord+Supercharged Magazine | Impromptu Ammunition+Jolting Feedback | Impromptu Ammunition+Surrounded | Jolting Feedback+Rewind Rounds | Jolting Feedback+Supercharged Magazine | Rewind Rounds+Surrounded | Supercharged Magazine+Surrounded,2925315757
436,Riiswalker,preferred,Shotgun,Kinetic,1,0,0,0,1,"Discord, Shot Swap, Slickdraw","Adagio, Fragile Focus, Iron Reach",7,1,275,Adagio+Discord | Adagio+Shot Swap | Adagio+Slickdraw | Discord+Iron Reach | Fragile Focus+Slickdraw | Iron Reach+Shot Swap | Iron Reach+Slickdraw,1764868900
437,Luna's Howl,preferred,Hand Cannon,Solar,1,0,0,0,1,"Discord, Encore, Eye of the Storm","Harmony, Incandescent, Magnificent Howl",8,1,386,Discord+Incandescent | Discord+Magnificent Howl | Encore+Harmony | Encore+Incandescent | Encore+Magnificent Howl | Eye of the Storm+Harmony | Eye of the Storm+Incandescent | Eye of the Storm+Magnificent Howl,3757612024
438,Tatara Gaze,preferred,Sniper Rifle,Arc,1,0,1,0,1,"Discord, Impromptu Ammunition, Light Touch","Box Breathing, Mega Kill Clip, Triple Tap",8,1,180,Box Breathing+Impromptu Ammunition | Box Breathing+Light Touch | Discord+Mega Kill Clip | Discord+Triple Tap | Impromptu Ammunition+Mega Kill Clip | Impromptu Ammunition+Triple Tap | Light Touch+Mega Kill Clip | Light Touch+Triple Tap,3595694326
439,Nox Sidereal IV,preferred,Fusion Rifle,Stasis,1,0,1,0,1,"Demolitionist, Stats for All","Discord, Master of Arms, Reservoir Burst",4,1,226,Demolitionist+Master of Arms | Discord+Stats for All | Master of Arms+Stats for All | Reservoir Burst+Stats for All,2875763009
440,Warden's Law,preferred,Hand Cannon,Kinetic,1,0,1,0,1,"Discord, Enlightened Action, Fourth Time's the Charm","Rampage, Shot Swap, Zen Moment",8,1,391,Discord+Rampage | Discord+Shot Swap | Discord+Zen Moment | Enlightened Action+Shot Swap | Enlightened Action+Zen Moment | Fourth Time's the Charm+Rampage | Fourth Time's the Charm+Shot Swap | Fourth Time's the Charm+Zen Moment,1821529912
441,Xenoclast IV,preferred,Shotgun,Arc,1,0,1,0,1,"Dual Loader, Field Prep, Genesis","Disruption Break, Killing Wind, Rampage",7,1,1175,Disruption Break+Dual Loader | Dual Loader+Killing Wind | Dual Loader+Rampage | Field Prep+Killing Wind | Field Prep+Rampage | Genesis+Killing Wind | Genesis+Rampage,963732594
442,Death Adder,preferred,Submachine Gun,Solar,1,0,0,0,1,"Dynamic Sway Reduction, Mulligan, Subsistence","Disruption Break, Dragonfly, Quickdraw",9,1,241,Disruption Break+Dynamic Sway Reduction | Disruption Break+Mulligan | Disruption Break+Subsistence | Dragonfly+Dynamic Sway Reduction | Dragonfly+Mulligan | Dragonfly+Subsistence | Dynamic Sway Reduction+Quickdraw | Mulligan+Quickdraw | Quickdraw+Subsistence,2742490609
443,Ogma PR6,preferred,Pulse Rifle,Solar,1,0,0,0,1,"Adaptive Munitions, Heating Up, Unrelenting","Disruption Break, Dragonfly, Wellspring",6,1,404,Adaptive Munitions+Wellspring | Disruption Break+Heating Up | Disruption Break+Unrelenting | Dragonfly+Heating Up | Dragonfly+Unrelenting | Unrelenting+Wellspring,324584912
444,Unfall,preferred,Sidearm,Arc,1,0,1,0,1,"Disruption Break, Lead from Gold, Sleight of Hand","Jolting Feedback, One for All, Rolling Storm",7,1,102,Disruption Break+One for All | Disruption Break+Rolling Storm | Jolting Feedback+Lead from Gold | Lead from Gold+One for All | Lead from Gold+Rolling Storm | One for All+Sleight of Hand | Rolling Storm+Sleight of Hand,738446555
445,The Ringing Nail,preferred,Auto Rifle,Solar,1,0,1,0,1,"Heal Clip, Incandescent, Rewind Rounds","Disruption Break, Rampage, Sword Logic",7,1,235,Disruption Break+Heal Clip | Disruption Break+Rewind Rounds | Heal Clip+Sword Logic | Incandescent+Rampage | Incandescent+Sword Logic | Rampage+Rewind Rounds | Rewind Rounds+Sword Logic,4206550094
446,Dimensional Hypotrochoid,preferred,Grenade Launcher,Stasis,1,0,0,1,1,"Envious Arsenal, Rimestealer, Shot Swap","Disruption Break, Thresh, Turnabout",8,1,863,Disruption Break+Rimestealer | Disruption Break+Shot Swap | Envious Arsenal+Thresh | Envious Arsenal+Turnabout | Rimestealer+Thresh | Rimestealer+Turnabout | Shot Swap+Thresh | Shot Swap+Turnabout,1311684613
447,Retraced Path,preferred,Trace Rifle,Solar,1,0,0,1,1,"Adaptive Munitions, Perpetual Motion, Well-Rounded","Disruption Break, Harmony, One for All",8,1,739,Adaptive Munitions+Disruption Break | Adaptive Munitions+Harmony | Adaptive Munitions+One for All | Disruption Break+Perpetual Motion | Disruption Break+Well-Rounded | Harmony+Perpetual Motion | Harmony+Well-Rounded | One for All+Perpetual Motion,548958835
448,Point of the Stag,preferred,Combat Bow,Arc,1,0,0,0,1,"Elemental Capacitor, Pugilist, Slickdraw","Dragonfly, Golden Tricorn Enhanced, Precision Instrument",6,1,253,Dragonfly+Elemental Capacitor | Dragonfly+Pugilist | Dragonfly+Slickdraw | Golden Tricorn Enhanced+Slickdraw | Precision Instrument+Pugilist | Precision Instrument+Slickdraw,888872889
449,Ulterior Observation,preferred,Machine Gun,Stasis,1,0,0,0,1,"Demolitionist, Envious Arsenal, Feeding Frenzy","Dragonfly, Dynamic Sway Reduction, Rimestealer",8,1,239,Demolitionist+Dragonfly | Demolitionist+Rimestealer | Dragonfly+Envious Arsenal | Dragonfly+Feeding Frenzy | Dynamic Sway Reduction+Envious Arsenal | Dynamic Sway Reduction+Feeding Frenzy | Envious Arsenal+Rimestealer | Feeding Frenzy+Rimestealer,1079872540
450,Brass Attacks,preferred,Sidearm,Void,1,0,0,0,1,"Impromptu Ammunition, Slideways, Threat Detector","Demoralize, Dragonfly, Frenzy",7,1,374,Demoralize+Slideways | Demoralize+Threat Detector | Dragonfly+Impromptu Ammunition | Dragonfly+Slideways | Dragonfly+Threat Detector | Frenzy+Impromptu Ammunition | Frenzy+Slideways,1291040554
451,The Keening,preferred,Sidearm,Arc,1,0,1,0,1,"Killing Wind, Lone Wolf, Slideshot","Dragonfly, Jolting Feedback, Zen Moment",9,1,407,Dragonfly+Killing Wind | Dragonfly+Lone Wolf | Dragonfly+Slideshot | Jolting Feedback+Killing Wind | Jolting Feedback+Lone Wolf | Jolting Feedback+Slideshot | Killing Wind+Zen Moment | Lone Wolf+Zen Moment | Slideshot+Zen Moment,3902351469
452,Word of Crota (Adept),preferred,Hand Cannon,Void,0,1,0,1,0,"Dragonfly, Killing Wind, Rapid Hit","Frenzy, Magnificent Howl, Master of Arms",7,1,714,Dragonfly+Frenzy | Dragonfly+Master of Arms | Frenzy+Killing Wind | Killing Wind+Magnificent Howl | Killing Wind+Master of Arms | Magnificent Howl+Rapid Hit | Master of Arms+Rapid Hit,3926103986
453,Qua Nilus II,preferred,Submachine Gun,Strand,1,0,1,0,1,"Dynamic Sway Reduction, Slice, Transcendent Moment","Dragonfly, Harmony, Hatchling",4,1,211,Dragonfly+Slice | Dragonfly+Transcendent Moment | Dynamic Sway Reduction+Harmony | Dynamic Sway Reduction+Hatchling,190747610
454,Pure Recollection,preferred,Shotgun,Void,1,0,1,0,1,"Dual Loader, Envious Arsenal, Threat Detector","Headseeker, Tap the Trigger, Withering Gaze",9,1,208,Dual Loader+Headseeker | Dual Loader+Tap the Trigger | Dual Loader+Withering Gaze | Envious Arsenal+Headseeker | Envious Arsenal+Tap the Trigger | Envious Arsenal+Withering Gaze | Headseeker+Threat Detector | Tap the Trigger+Threat Detector | Threat Detector+Withering Gaze,1956186483
455,Retrofuturist,preferred,Shotgun,Void,1,0,1,0,1,"Dual Loader, Loose Change, Unrelenting","One for All, Snapshot Sights, Trench Barrel",6,1,1011,Dual Loader+One for All | Loose Change+One for All | Loose Change+Snapshot Sights | Loose Change+Trench Barrel | Snapshot Sights+Unrelenting | Trench Barrel+Unrelenting,1612781792
456,Dead Weight,preferred,Shotgun,Arc,0,0,1,0,1,"Dual Loader, Feeding Frenzy, Grave Robber","Adrenaline Junkie, Golden Tricorn, Turnabout",9,1,1510,Adrenaline Junkie+Dual Loader | Adrenaline Junkie+Feeding Frenzy | Adrenaline Junkie+Grave Robber | Dual Loader+Golden Tricorn | Dual Loader+Turnabout | Feeding Frenzy+Golden Tricorn | Feeding Frenzy+Turnabout | Golden Tricorn+Grave Robber | Grave Robber+Turnabout,3738678140
457,Thin Precipice,preferred,Sword,Strand,1,0,0,1,1,"Duelist's Trance, Flash Counter, Relentless Strikes","Adrenaline Junkie, Golden Tricorn, Golden Tricorn Enhanced",8,1,450,Adrenaline Junkie+Duelist's Trance | Adrenaline Junkie+Flash Counter | Adrenaline Junkie+Relentless Strikes | Duelist's Trance+Golden Tricorn Enhanced | Flash Counter+Golden Tricorn | Flash Counter+Golden Tricorn Enhanced | Golden Tricorn+Relentless Strikes | Golden Tricorn Enhanced+Relentless Strikes,4066778670
458,The Other Half,preferred,Sword,Void,1,0,0,1,1,"Duelist's Trance, Eager Edge, Relentless Strikes","Frenzy, Repulsor Brace, Whirlwind Blade",7,1,172,Duelist's Trance+Frenzy | Duelist's Trance+Repulsor Brace | Eager Edge+Frenzy | Eager Edge+Repulsor Brace | Eager Edge+Whirlwind Blade | Frenzy+Relentless Strikes | Relentless Strikes+Repulsor Brace,3257091167
459,Nasreddin,preferred,Sword,Arc,1,0,0,0,1,"Duelist's Trance, Energy Transfer, Flash Counter","Eager Edge, Jolting Feedback, Rolling Storm",9,1,338,Duelist's Trance+Eager Edge | Duelist's Trance+Jolting Feedback | Duelist's Trance+Rolling Storm | Eager Edge+Energy Transfer | Eager Edge+Flash Counter | Energy Transfer+Jolting Feedback | Energy Transfer+Rolling Storm | Flash Counter+Jolting Feedback | Flash Counter+Rolling Storm,1979417829
460,Gnawing Hunger,preferred,Auto Rifle,Void,1,0,1,0,1,"Enlightened Action, Overflow, Tap the Trigger","Dynamic Sway Reduction, Master of Arms, Swashbuckler",7,1,378,Dynamic Sway Reduction+Enlightened Action | Dynamic Sway Reduction+Overflow | Enlightened Action+Master of Arms | Enlightened Action+Swashbuckler | Master of Arms+Overflow | Master of Arms+Tap the Trigger | Swashbuckler+Tap the Trigger,214545213
461,Trendsetter,preferred,Auto Rifle,Arc,1,0,0,0,1,"Dynamic Sway Reduction, Light Touch, Outlaw","Gear Shift, Jolting Feedback, Tap the Trigger",7,1,191,Dynamic Sway Reduction+Gear Shift | Dynamic Sway Reduction+Jolting Feedback | Dynamic Sway Reduction+Tap the Trigger | Gear Shift+Outlaw | Jolting Feedback+Outlaw | Light Touch+Tap the Trigger | Outlaw+Tap the Trigger,2863808104
462,The Forward Path,preferred,Auto Rifle,Kinetic,1,0,0,0,1,"Dynamic Sway Reduction, Fourth Time's the Charm, Grave Robber","Iron Gaze, Iron Grip, Multikill Clip",7,1,276,Dynamic Sway Reduction+Iron Gaze | Dynamic Sway Reduction+Iron Grip | Dynamic Sway Reduction+Multikill Clip | Fourth Time's the Charm+Iron Gaze | Fourth Time's the Charm+Iron Grip | Grave Robber+Iron Gaze | Grave Robber+Iron Grip,1690783811
463,The Immortal,preferred,Submachine Gun,Strand,1,0,0,0,1,"Dynamic Sway Reduction, Keep Away, Rangefinder","Elemental Honing, Lone Wolf, Transcendent Moment",9,1,310,Dynamic Sway Reduction+Elemental Honing | Dynamic Sway Reduction+Lone Wolf | Dynamic Sway Reduction+Transcendent Moment | Elemental Honing+Keep Away | Elemental Honing+Rangefinder | Keep Away+Lone Wolf | Keep Away+Transcendent Moment | Lone Wolf+Rangefinder | Rangefinder+Transcendent Moment,2872063099
464,Breakneck,preferred,Auto Rifle,Kinetic,1,0,1,0,1,"Dynamic Sway Reduction, Encore, Enlightened Action","Adagio, Onslaught, Osmosis",7,1,893,Adagio+Dynamic Sway Reduction | Adagio+Encore | Adagio+Enlightened Action | Dynamic Sway Reduction+Osmosis | Encore+Onslaught | Encore+Osmosis | Enlightened Action+Osmosis,2026755633
465,Duty Bound,preferred,Auto Rifle,Kinetic,1,0,1,0,1,"Steady Hands, Triple Tap","Dynamic Sway Reduction, Fourth Time's the Charm, One for All",5,1,413,Dynamic Sway Reduction+Steady Hands | Dynamic Sway Reduction+Triple Tap | Fourth Time's the Charm+Steady Hands | Fourth Time's the Charm+Triple Tap | One for All+Triple Tap,435216110
466,Auric Disabler,preferred,Auto Rifle,Strand,1,0,0,0,1,"Dynamic Sway Reduction, Gutshot Straight, Hatchling","Onslaught, Sword Logic, Tear",8,1,293,Dynamic Sway Reduction+Sword Logic | Dynamic Sway Reduction+Tear | Gutshot Straight+Onslaught | Gutshot Straight+Sword Logic | Gutshot Straight+Tear | Hatchling+Onslaught | Hatchling+Sword Logic | Hatchling+Tear,702001725
467,Herod-C,preferred,Auto Rifle,Stasis,1,0,1,0,1,"Dynamic Sway Reduction, Shoot to Loot, Steady Hands","Tap the Trigger, Turnabout, Unrelenting",6,1,1560,Dynamic Sway Reduction+Turnabout | Dynamic Sway Reduction+Unrelenting | Shoot to Loot+Tap the Trigger | Shoot to Loot+Turnabout | Shoot to Loot+Unrelenting | Steady Hands+Tap the Trigger,2065366342
468,Sola's Scar,preferred,Sword,Solar,1,0,0,0,1,"Eager Edge, Energy Transfer, Flash Counter","Chain Reaction, Elemental Honing, Redirection",7,1,398,Chain Reaction+Eager Edge | Chain Reaction+Energy Transfer | Chain Reaction+Flash Counter | Eager Edge+Elemental Honing | Eager Edge+Redirection | Elemental Honing+Energy Transfer | Energy Transfer+Redirection,4089030727
469,Half-Truths,preferred,Sword,Arc,1,0,0,1,1,"Thresh, Tireless Blade, Unrelenting","Assassin's Blade, Eager Edge, Harmony",6,1,192,Assassin's Blade+Thresh | Assassin's Blade+Tireless Blade | Assassin's Blade+Unrelenting | Eager Edge+Thresh | Eager Edge+Unrelenting | Harmony+Tireless Blade,3257091166
470,Sole Survivor,preferred,Sniper Rifle,Arc,1,0,1,0,1,"Eddy Current, Lead from Gold, Outlaw","Eye of the Storm, Firing Line, Focused Fury",8,1,347,Eddy Current+Eye of the Storm | Eddy Current+Firing Line | Eddy Current+Focused Fury | Eye of the Storm+Lead from Gold | Eye of the Storm+Outlaw | Firing Line+Outlaw | Focused Fury+Lead from Gold | Focused Fury+Outlaw,1150492185
471,21% Delirium,preferred,Machine Gun,Arc,1,0,1,0,1,"Eddy Current, Feeding Frenzy, Fourth Time's the Charm","Gear Shift, Jolting Feedback, Mega Kill Clip",8,1,258,Eddy Current+Jolting Feedback | Eddy Current+Mega Kill Clip | Feeding Frenzy+Gear Shift | Feeding Frenzy+Jolting Feedback | Feeding Frenzy+Mega Kill Clip | Fourth Time's the Charm+Gear Shift | Fourth Time's the Charm+Jolting Feedback | Fourth Time's the Charm+Mega Kill Clip,3001598094
472,Albruna-D,preferred,Sniper Rifle,Arc,0,0,1,0,1,"Air Assault, Elemental Capacitor, Explosive Payload","Firing Line, Golden Tricorn, Golden Tricorn Enhanced",7,1,1169,Air Assault+Golden Tricorn | Air Assault+Golden Tricorn Enhanced | Elemental Capacitor+Firing Line | Elemental Capacitor+Golden Tricorn | Elemental Capacitor+Golden Tricorn Enhanced | Explosive Payload+Golden Tricorn | Explosive Payload+Golden Tricorn Enhanced,676270382
473,Finite Impactor,preferred,Hand Cannon,Solar,1,0,0,0,1,"Elemental Capacitor, Enlightened Action, Heal Clip","Heating Up, Iron Reach, Magnificent Howl",9,1,154,Elemental Capacitor+Heating Up | Elemental Capacitor+Iron Reach | Elemental Capacitor+Magnificent Howl | Enlightened Action+Heating Up | Enlightened Action+Iron Reach | Enlightened Action+Magnificent Howl | Heal Clip+Heating Up | Heal Clip+Iron Reach | Heal Clip+Magnificent Howl,1917334929
474,The Summoner,preferred,Auto Rifle,Solar,1,0,0,0,1,"Elemental Capacitor, Heal Clip, Overflow","Onslaught, Rampage, Tap the Trigger",9,1,516,Elemental Capacitor+Onslaught | Elemental Capacitor+Rampage | Elemental Capacitor+Tap the Trigger | Heal Clip+Onslaught | Heal Clip+Rampage | Heal Clip+Tap the Trigger | Onslaught+Overflow | Overflow+Rampage | Overflow+Tap the Trigger,1820994983
475,Gridskipper,preferred,Pulse Rifle,Void,1,0,0,0,1,"Perpetual Motion, Repulsor Brace, Zen Moment","Elemental Capacitor, Headseeker, Multikill Clip",6,1,424,Elemental Capacitor+Perpetual Motion | Elemental Capacitor+Repulsor Brace | Headseeker+Repulsor Brace | Multikill Clip+Perpetual Motion | Multikill Clip+Repulsor Brace | Multikill Clip+Zen Moment,3433930495
476,Corundum Hammer,preferred,Hand Cannon,Strand,1,0,0,0,1,"Firefly, Fragile Focus, Slice","Elemental Honing, Explosive Payload, Precision Instrument",7,1,271,Elemental Honing+Fragile Focus | Explosive Payload+Firefly | Explosive Payload+Fragile Focus | Explosive Payload+Slice | Firefly+Precision Instrument | Fragile Focus+Precision Instrument | Precision Instrument+Slice,2263462407
477,Watchful Eye,preferred,Machine Gun,Arc,1,0,0,0,1,"Field Prep, Hip-Fire Grip, Mulligan","Elemental Honing, Jolting Feedback, Sword Logic",9,1,213,Elemental Honing+Field Prep | Elemental Honing+Hip-Fire Grip | Elemental Honing+Mulligan | Field Prep+Jolting Feedback | Field Prep+Sword Logic | Hip-Fire Grip+Jolting Feedback | Hip-Fire Grip+Sword Logic | Jolting Feedback+Mulligan | Mulligan+Sword Logic,3058845782
478,Eighty-Six,preferred,Sword,Strand,1,0,0,0,1,"Lead From Light, Sharp Harvest, Slice","Elemental Honing, En Garde, Hatchling",6,1,251,Elemental Honing+Lead From Light | En Garde+Lead From Light | En Garde+Sharp Harvest | En Garde+Slice | Hatchling+Lead From Light | Hatchling+Sharp Harvest,2344383760
479,Embraced Identity,preferred,Sniper Rifle,Void,1,0,0,1,1,"Permeability, Vorpal Weapon, Withering Gaze","Elemental Honing, Fourth Time's the Charm, High Ground",9,1,594,Elemental Honing+Permeability | Elemental Honing+Vorpal Weapon | Elemental Honing+Withering Gaze | Fourth Time's the Charm+Permeability | Fourth Time's the Charm+Vorpal Weapon | Fourth Time's the Charm+Withering Gaze | High Ground+Permeability | High Ground+Vorpal Weapon | High Ground+Withering Gaze,2821677368
480,Cynosure,preferred,Rocket Launcher,Strand,1,0,1,0,1,"Ambitious Assassin, Clown Cartridge, Sympathetic Arsenal","Elemental Honing, Hatchling, High Ground",9,1,773,Ambitious Assassin+Elemental Honing | Ambitious Assassin+Hatchling | Ambitious Assassin+High Ground | Clown Cartridge+Elemental Honing | Clown Cartridge+Hatchling | Clown Cartridge+High Ground | Elemental Honing+Sympathetic Arsenal | Hatchling+Sympathetic Arsenal | High Ground+Sympathetic Arsenal,694275488
481,Vision of Confluence (Timelost),preferred,Scout Rifle,Solar,0,1,0,1,0,"Incandescent, Light Touch, Zen Moment","Elemental Honing, Firefly, Master of Arms",7,1,477,Elemental Honing+Zen Moment | Firefly+Incandescent | Firefly+Light Touch | Firefly+Zen Moment | Incandescent+Master of Arms | Light Touch+Master of Arms | Master of Arms+Zen Moment,337578911
482,No Hesitation,preferred,Auto Rifle,Solar,1,0,0,1,1,"Physic, Strategist, Target Lock","Empty Traits Socket, Frenzy, Incandescent",7,1,702,Empty Traits Socket+Physic | Empty Traits Socket+Target Lock | Frenzy+Physic | Frenzy+Target Lock | Incandescent+Physic | Incandescent+Strategist | Incandescent+Target Lock,1801007332
483,Someday,preferred,Shotgun,Kinetic,1,0,0,1,1,"Empty Traits Socket, Loose Change, One-Two Punch","Barrel Constrictor, Frenzy, Recombination",8,1,697,Barrel Constrictor+Empty Traits Socket | Barrel Constrictor+Loose Change | Empty Traits Socket+Frenzy | Empty Traits Socket+Recombination | Frenzy+Loose Change | Frenzy+One-Two Punch | Loose Change+Recombination | One-Two Punch+Recombination,3232203524
484,Embraced Identity,preferred,Sniper Rifle,Void,1,0,0,1,1,"Empty Traits Socket, Opening Shot, Reconstruction","Fourth Time's the Charm, High Ground, Redirection",8,1,594,Empty Traits Socket+Fourth Time's the Charm | Empty Traits Socket+High Ground | Empty Traits Socket+Redirection | Fourth Time's the Charm+Opening Shot | Fourth Time's the Charm+Reconstruction | High Ground+Opening Shot | High Ground+Reconstruction | Reconstruction+Redirection,2821677368
485,Double-Edged Answer,preferred,Sword,Void,0,0,1,0,1,"En Garde, Energy Transfer, Flash Counter","Harmony, One for All, Vorpal Weapon",9,1,1022,En Garde+Harmony | En Garde+One for All | En Garde+Vorpal Weapon | Energy Transfer+Harmony | Energy Transfer+One for All | Energy Transfer+Vorpal Weapon | Flash Counter+Harmony | Flash Counter+One for All | Flash Counter+Vorpal Weapon,105164264
486,Zephyr,preferred,Sword,Stasis,1,0,0,0,1,"Osmosis, Thresh, Turnabout","En Garde, Surrounded, Whirlwind Blade",9,1,424,En Garde+Osmosis | En Garde+Thresh | En Garde+Turnabout | Osmosis+Surrounded | Osmosis+Whirlwind Blade | Surrounded+Thresh | Surrounded+Turnabout | Thresh+Whirlwind Blade | Turnabout+Whirlwind Blade,396910433
487,Prolonged Engagement,preferred,Submachine Gun,Stasis,1,0,1,0,1,"Grave Robber, Heating Up, Perfect Float","Encore, Gutshot Straight, Rangefinder",9,1,1028,Encore+Grave Robber | Encore+Heating Up | Encore+Perfect Float | Grave Robber+Gutshot Straight | Grave Robber+Rangefinder | Gutshot Straight+Heating Up | Gutshot Straight+Perfect Float | Heating Up+Rangefinder | Perfect Float+Rangefinder,2349907931
488,Jorum's Claw,preferred,Pulse Rifle,Solar,1,0,0,0,1,"Encore, Gutshot Straight, Iron Grip","Frenzy, Headseeker, Iron Reach",9,1,250,Encore+Frenzy | Encore+Headseeker | Encore+Iron Reach | Frenzy+Gutshot Straight | Frenzy+Iron Grip | Gutshot Straight+Headseeker | Gutshot Straight+Iron Reach | Headseeker+Iron Grip | Iron Grip+Iron Reach,62937067
489,Oversoul Edict (Adept),preferred,Pulse Rifle,Arc,0,1,0,1,0,"Encore, Eye of the Storm, Rolling Storm","High Ground, Jolting Feedback, Voltshot",9,1,489,Encore+High Ground | Encore+Jolting Feedback | Encore+Voltshot | Eye of the Storm+High Ground | Eye of the Storm+Jolting Feedback | Eye of the Storm+Voltshot | High Ground+Rolling Storm | Jolting Feedback+Rolling Storm | Rolling Storm+Voltshot,578105049
490,Veiled Threat,preferred,Auto Rifle,Stasis,1,0,0,1,1,"Fragile Focus, Loose Change, Shoot to Loot","Collective Action, Encore, Headstone",9,1,453,Collective Action+Fragile Focus | Collective Action+Loose Change | Collective Action+Shoot to Loot | Encore+Fragile Focus | Encore+Loose Change | Encore+Shoot to Loot | Fragile Focus+Headstone | Headstone+Loose Change | Headstone+Shoot to Loot,3685470415
491,Something New,preferred,Hand Cannon,Stasis,1,0,0,0,1,"Discord, Feeding Frenzy, Pugilist","Demolitionist, Encore, Headstone",7,1,516,Demolitionist+Discord | Demolitionist+Feeding Frenzy | Discord+Encore | Encore+Feeding Frenzy | Encore+Pugilist | Feeding Frenzy+Headstone | Headstone+Pugilist,3240434620
492,Trachinus,preferred,Shotgun,Stasis,1,0,0,0,1,"Killing Wind, Rimestealer, Transcendent Moment","Binary Orbit, Encore, Headstone",8,1,202,Binary Orbit+Killing Wind | Binary Orbit+Rimestealer | Encore+Killing Wind | Encore+Rimestealer | Encore+Transcendent Moment | Headstone+Killing Wind | Headstone+Rimestealer | Headstone+Transcendent Moment,2888021254
493,Chivalric Fire,preferred,Sword,Void,1,0,1,0,1,"Repulsor Brace, Tilting at Windmills","Energy Transfer, Flash Counter, Whirlwind Blade",5,1,191,Energy Transfer+Repulsor Brace | Energy Transfer+Tilting at Windmills | Flash Counter+Repulsor Brace | Flash Counter+Tilting at Windmills | Tilting at Windmills+Whirlwind Blade,938936806
494,Unending Tempest,preferred,Submachine Gun,Stasis,1,0,1,0,1,"Discord, Enlightened Action, Gutshot Straight","Fragile Focus, Harmony, Headstone",7,1,1226,Discord+Fragile Focus | Discord+Harmony | Discord+Headstone | Enlightened Action+Fragile Focus | Enlightened Action+Headstone | Gutshot Straight+Harmony | Gutshot Straight+Headstone,2510526114
495,Joxer's Longsword,preferred,Pulse Rifle,Void,1,0,1,0,1,"Enlightened Action, Gutshot Straight, Repulsor Brace","Desperado, High-Impact Reserves, Under Pressure",8,1,923,Desperado+Gutshot Straight | Desperado+Repulsor Brace | Enlightened Action+High-Impact Reserves | Enlightened Action+Under Pressure | Gutshot Straight+High-Impact Reserves | Gutshot Straight+Under Pressure | High-Impact Reserves+Repulsor Brace | Repulsor Brace+Under Pressure,157601190
496,Finite Impactor,preferred,Hand Cannon,Solar,1,0,0,0,1,"Enlightened Action, Heal Clip, Killing Wind","Heating Up, Iron Reach, Rapid Hit",5,1,154,Enlightened Action+Rapid Hit | Heal Clip+Rapid Hit | Heating Up+Killing Wind | Iron Reach+Killing Wind | Killing Wind+Rapid Hit,1917334929
497,Strident Whistle,preferred,Combat Bow,Solar,0,0,1,0,1,"Ensemble, Sneak Bow, Well-Rounded","Explosive Head, Incandescent, Turnabout",8,1,1101,Ensemble+Explosive Head | Ensemble+Incandescent | Ensemble+Turnabout | Explosive Head+Well-Rounded | Incandescent+Sneak Bow | Incandescent+Well-Rounded | Sneak Bow+Turnabout | Turnabout+Well-Rounded,2591241074
498,Eleatic Principle,preferred,Machine Gun,Arc,1,0,0,1,1,"Eddy Current, Ensemble, Zen Moment","Empty Traits Socket, Golden Tricorn, Target Lock",6,1,593,Eddy Current+Empty Traits Socket | Eddy Current+Golden Tricorn | Eddy Current+Target Lock | Empty Traits Socket+Ensemble | Empty Traits Socket+Zen Moment | Ensemble+Target Lock,105306149
499,Mistral Lift,preferred,Linear Fusion Rifle,Void,1,0,0,0,1,"Envious Arsenal, Reconstruction, Withering Gaze","Firing Line, Golden Tricorn, Golden Tricorn Enhanced",7,1,483,Envious Arsenal+Firing Line | Envious Arsenal+Golden Tricorn | Envious Arsenal+Golden Tricorn Enhanced | Firing Line+Reconstruction | Firing Line+Withering Gaze | Golden Tricorn+Withering Gaze | Golden Tricorn Enhanced+Withering Gaze,3483485727
500,Liturgy,preferred,Grenade Launcher,Stasis,1,0,0,0,1,"Envious Arsenal, Perpetual Motion, Rimestealer","Chill Clip, Desperate Measures, Lead from Gold",8,1,313,Chill Clip+Envious Arsenal | Chill Clip+Perpetual Motion | Desperate Measures+Envious Arsenal | Desperate Measures+Perpetual Motion | Desperate Measures+Rimestealer | Envious Arsenal+Lead from Gold | Lead from Gold+Perpetual Motion | Lead from Gold+Rimestealer,3377522331
501,The Inquisitor,preferred,Shotgun,Arc,1,0,0,0,1,"Envious Assassin, Lone Wolf, Offhand Strike","Bait and Switch, Fragile Focus, Rolling Storm",6,1,352,Bait and Switch+Lone Wolf | Bait and Switch+Offhand Strike | Envious Assassin+Fragile Focus | Fragile Focus+Lone Wolf | Lone Wolf+Rolling Storm | Offhand Strike+Rolling Storm,51129316
502,Cataphract GL3,preferred,Grenade Launcher,Strand,1,0,0,0,1,"Envious Assassin, Impulse Amplifier, Quickdraw","Explosive Light, Full Court, Impromptu Ammunition",7,1,366,Envious Assassin+Explosive Light | Envious Assassin+Full Court | Envious Assassin+Impromptu Ammunition | Explosive Light+Impulse Amplifier | Explosive Light+Quickdraw | Impromptu Ammunition+Impulse Amplifier | Impromptu Ammunition+Quickdraw,3805679279
503,Autumn Wind,preferred,Pulse Rifle,Kinetic,1,0,1,0,1,"Envious Assassin, Offhand Strike, Tunnel Vision","Moving Target, Multikill Clip, Rampage",9,1,1409,Envious Assassin+Moving Target | Envious Assassin+Multikill Clip | Envious Assassin+Rampage | Moving Target+Offhand Strike | Moving Target+Tunnel Vision | Multikill Clip+Offhand Strike | Multikill Clip+Tunnel Vision | Offhand Strike+Rampage | Rampage+Tunnel Vision,3110377595
504,MIDA Macro-Tool,preferred,Shotgun,Arc,1,0,1,0,1,"Discord, Envious Assassin, Grave Robber","One-Two Punch, Rolling Storm, Trench Barrel",7,1,292,Discord+Rolling Storm | Discord+Trench Barrel | Envious Assassin+One-Two Punch | Envious Assassin+Rolling Storm | Envious Assassin+Trench Barrel | Grave Robber+Rolling Storm | Grave Robber+Trench Barrel,2699423382
505,Last Foray,preferred,Sniper Rifle,Solar,1,0,0,0,1,"Envious Assassin, Heal Clip, Moving Target","Bait and Switch, Snapshot Sights, Triple Tap",9,1,356,Bait and Switch+Envious Assassin | Bait and Switch+Heal Clip | Bait and Switch+Moving Target | Envious Assassin+Snapshot Sights | Envious Assassin+Triple Tap | Heal Clip+Snapshot Sights | Heal Clip+Triple Tap | Moving Target+Snapshot Sights | Moving Target+Triple Tap,4118936670
506,Volta Bracket,preferred,Sniper Rifle,Strand,1,0,0,1,1,"Envious Assassin, Keep Away, Perfect Float","Mega Kill Clip, Rewind Rounds, Under Pressure",9,1,617,Envious Assassin+Mega Kill Clip | Envious Assassin+Rewind Rounds | Envious Assassin+Under Pressure | Keep Away+Mega Kill Clip | Keep Away+Rewind Rounds | Keep Away+Under Pressure | Mega Kill Clip+Perfect Float | Perfect Float+Rewind Rounds | Perfect Float+Under Pressure,3920310144
507,The Heron,preferred,Glaive,Void,1,0,0,0,1,"Envious Assassin, Lead from Gold, Proximity Power","Sword Logic, Unrelenting, Unstoppable Force",6,1,186,Envious Assassin+Unstoppable Force | Lead from Gold+Sword Logic | Lead from Gold+Unrelenting | Lead from Gold+Unstoppable Force | Proximity Power+Unrelenting | Proximity Power+Unstoppable Force,2246386812
508,Hushed Whisper,preferred,Combat Bow,Strand,1,0,0,0,1,"Lone Wolf, Snapshot Sights, Tear","Collective Action, Explosive Head, Hatchling",6,1,182,Collective Action+Lone Wolf | Collective Action+Snapshot Sights | Collective Action+Tear | Explosive Head+Lone Wolf | Explosive Head+Tear | Hatchling+Snapshot Sights,3574168117
509,King Orfeo,preferred,Combat Bow,Arc,1,0,0,0,1,"Archer's Tempo, Explosive Head, Surplus","Jolting Feedback, Meganeura, Precision Instrument",7,1,213,Archer's Tempo+Meganeura | Archer's Tempo+Precision Instrument | Explosive Head+Meganeura | Explosive Head+Precision Instrument | Jolting Feedback+Surplus | Meganeura+Surplus | Precision Instrument+Surplus,3481382332
510,Non-Denouement (Adept),preferred,Combat Bow,Arc,0,1,0,1,0,"Shoot to Loot, Strategist, Successful Warm-Up","Explosive Head, Gear Shift, Meganeura",8,1,348,Explosive Head+Shoot to Loot | Explosive Head+Strategist | Gear Shift+Shoot to Loot | Gear Shift+Strategist | Gear Shift+Successful Warm-Up | Meganeura+Shoot to Loot | Meganeura+Strategist | Meganeura+Successful Warm-Up,1039915310
511,Palmyra-B,preferred,Rocket Launcher,Stasis,1,0,0,1,1,"Ambitious Assassin, Surplus, Unrelenting","Chill Clip, Explosive Light, Lasting Impression",7,1,451,Ambitious Assassin+Chill Clip | Ambitious Assassin+Lasting Impression | Chill Clip+Unrelenting | Explosive Light+Surplus | Explosive Light+Unrelenting | Lasting Impression+Surplus | Lasting Impression+Unrelenting,3489657138
512,Patron of Lost Causes,preferred,Scout Rifle,Kinetic,1,0,0,0,1,"Field Prep, Full Auto Trigger System, Mulligan","Explosive Payload, Osmosis, Under Pressure",9,1,234,Explosive Payload+Field Prep | Explosive Payload+Full Auto Trigger System | Explosive Payload+Mulligan | Field Prep+Osmosis | Field Prep+Under Pressure | Full Auto Trigger System+Osmosis | Full Auto Trigger System+Under Pressure | Mulligan+Osmosis | Mulligan+Under Pressure,2723241847
513,Shoreline Dissident,preferred,Sniper Rifle,Void,1,0,0,0,1,"Explosive Payload, Recycled Energy, Triple Tap","Adagio, Binary Orbit, High Ground",4,1,212,Adagio+Recycled Energy | Binary Orbit+Triple Tap | Explosive Payload+High Ground | High Ground+Recycled Energy,1193318082
514,A Distant Pull,preferred,Sniper Rifle,Stasis,1,0,0,1,1,"Ensemble, Overflow, Triple Tap","Discord, Explosive Payload, Killing Wind",6,1,533,Discord+Overflow | Ensemble+Explosive Payload | Explosive Payload+Overflow | Explosive Payload+Triple Tap | Killing Wind+Overflow | Killing Wind+Triple Tap,1769847435
515,Jurisprudent,preferred,Scout Rifle,Stasis,1,0,0,0,1,"Built to Blast, Recycled Energy, Tunnel Vision","Explosive Payload, Headstone, No Distractions",7,1,274,Built to Blast+Explosive Payload | Built to Blast+Headstone | Explosive Payload+Recycled Energy | Explosive Payload+Tunnel Vision | Headstone+Recycled Energy | Headstone+Tunnel Vision | No Distractions+Tunnel Vision,4090134063
516,Tarnished Mettle,preferred,Scout Rifle,Arc,1,0,0,1,1,"Fourth Time's the Charm, Moving Target, Steady Hands","Explosive Payload, Eye of the Storm, Voltshot",7,1,737,Explosive Payload+Fourth Time's the Charm | Explosive Payload+Moving Target | Explosive Payload+Steady Hands | Eye of the Storm+Fourth Time's the Charm | Fourth Time's the Charm+Voltshot | Moving Target+Voltshot | Steady Hands+Voltshot,2218569744
517,Sublimation,preferred,Scout Rifle,Arc,1,0,0,0,1,"Eddy Current, Shoot to Loot, Sympathetic Arsenal","Explosive Payload, No Distractions, Precision Instrument",7,1,268,Eddy Current+Explosive Payload | Eddy Current+Precision Instrument | Explosive Payload+Shoot to Loot | Explosive Payload+Sympathetic Arsenal | No Distractions+Shoot to Loot | Precision Instrument+Shoot to Loot | Precision Instrument+Sympathetic Arsenal,1674692344
518,Doom of Chelchis (Harrowed),preferred,Scout Rifle,Void,0,1,0,1,0,"Firefly, Steady Hands, Vorpal Weapon","Eye of the Storm, Frenzy, Meganeura",8,1,472,Eye of the Storm+Firefly | Eye of the Storm+Steady Hands | Eye of the Storm+Vorpal Weapon | Firefly+Frenzy | Firefly+Meganeura | Frenzy+Steady Hands | Meganeura+Steady Hands | Meganeura+Vorpal Weapon,1184692845
519,Hawthorne's Field-Forged Shotgun,preferred,Shotgun,Kinetic,1,0,0,0,1,"Firmly Planted, Full Auto Trigger System, Grave Robber","Eye of the Storm, Hip-Fire Grip, One-Two Punch",8,1,205,Eye of the Storm+Firmly Planted | Eye of the Storm+Full Auto Trigger System | Firmly Planted+Hip-Fire Grip | Firmly Planted+One-Two Punch | Full Auto Trigger System+Hip-Fire Grip | Full Auto Trigger System+One-Two Punch | Grave Robber+Hip-Fire Grip | Grave Robber+One-Two Punch,1807343361
520,Nightshade,preferred,Pulse Rifle,Strand,1,0,1,0,1,"Keep Away, Lead From Light, Lucky Shot","Eye of the Storm, Feeding Frenzy, Headseeker",9,1,351,Eye of the Storm+Keep Away | Eye of the Storm+Lead From Light | Eye of the Storm+Lucky Shot | Feeding Frenzy+Keep Away | Feeding Frenzy+Lead From Light | Feeding Frenzy+Lucky Shot | Headseeker+Keep Away | Headseeker+Lead From Light | Headseeker+Lucky Shot,1559068369
521,Breakneck,preferred,Auto Rifle,Kinetic,1,0,1,0,1,"Eye of the Storm, Heating Up, Pugilist","Deconstruct, Kinetic Tremors, Onslaught",6,1,893,Deconstruct+Pugilist | Eye of the Storm+Kinetic Tremors | Eye of the Storm+Onslaught | Heating Up+Kinetic Tremors | Heating Up+Onslaught | Onslaught+Pugilist,2026755633
522,Loaded Question,preferred,Fusion Rifle,Arc,1,0,1,0,1,"Auto-Loading Holster, Firmly Planted, Overflow","Controlled Burst, Eye of the Storm, Pugilist",6,1,274,Auto-Loading Holster+Controlled Burst | Auto-Loading Holster+Eye of the Storm | Auto-Loading Holster+Pugilist | Controlled Burst+Overflow | Eye of the Storm+Overflow | Firmly Planted+Pugilist,3125454907
523,Malediction,preferred,Hand Cannon,Kinetic,1,0,1,0,1,"Discord, Keep Away, Sleight of Hand","All-Star, Eye of the Storm, Kill Clip",6,1,363,All-Star+Keep Away | Discord+Eye of the Storm | Discord+Kill Clip | Eye of the Storm+Sleight of Hand | Keep Away+Kill Clip | Kill Clip+Sleight of Hand,979721268
524,Fortunate Star,preferred,Combat Bow,Void,1,0,0,0,1,"Killing Wind, Successful Warm-Up, Transcendent Moment","Archer's Gambit, Eye of the Storm, Sword Logic",7,1,239,Archer's Gambit+Killing Wind | Eye of the Storm+Killing Wind | Eye of the Storm+Successful Warm-Up | Eye of the Storm+Transcendent Moment | Killing Wind+Sword Logic | Successful Warm-Up+Sword Logic | Sword Logic+Transcendent Moment,2631466936
525,Prolonged Engagement,preferred,Submachine Gun,Stasis,1,0,1,0,1,"Air Assault, Eye of the Storm, Fourth Time's the Charm","One for All, Rangefinder, Thresh",9,1,1028,Air Assault+One for All | Air Assault+Rangefinder | Air Assault+Thresh | Eye of the Storm+One for All | Eye of the Storm+Rangefinder | Eye of the Storm+Thresh | Fourth Time's the Charm+One for All | Fourth Time's the Charm+Rangefinder | Fourth Time's the Charm+Thresh,2349907931
526,Solemn Lie,preferred,Hand Cannon,Arc,1,0,1,0,1,"Killing Wind, Quickdraw, Trickle Charge","Eye of the Storm, Lone Wolf, Rolling Storm",7,1,406,Eye of the Storm+Quickdraw | Eye of the Storm+Trickle Charge | Killing Wind+Lone Wolf | Killing Wind+Rolling Storm | Lone Wolf+Quickdraw | Lone Wolf+Trickle Charge | Quickdraw+Rolling Storm,1041028435
527,Exile's Curse,preferred,Fusion Rifle,Arc,1,0,0,0,1,"Hip-Fire Grip, Killing Wind, No Distractions","Backup Plan, Feeding Frenzy, Kickstart",8,1,669,Backup Plan+Hip-Fire Grip | Backup Plan+Killing Wind | Feeding Frenzy+Hip-Fire Grip | Feeding Frenzy+Killing Wind | Feeding Frenzy+No Distractions | Hip-Fire Grip+Kickstart | Kickstart+Killing Wind | Kickstart+No Distractions,679281855
528,Nightshade,preferred,Pulse Rifle,Strand,1,0,1,0,1,"Lead From Light, Outlaw, Slice","Feeding Frenzy, Kill Clip, Moving Target",7,1,351,Feeding Frenzy+Outlaw | Feeding Frenzy+Slice | Kill Clip+Lead From Light | Kill Clip+Slice | Lead From Light+Moving Target | Moving Target+Outlaw | Moving Target+Slice,1559068369
529,Punching Out,preferred,Sidearm,Solar,1,0,1,0,1,"Overflow, Recycled Energy, Subsistence","Adrenaline Junkie, Feeding Frenzy, Meganeura",8,1,386,Adrenaline Junkie+Overflow | Adrenaline Junkie+Recycled Energy | Adrenaline Junkie+Subsistence | Feeding Frenzy+Overflow | Feeding Frenzy+Recycled Energy | Feeding Frenzy+Subsistence | Meganeura+Recycled Energy | Meganeura+Subsistence,1469372193
530,Exile's Curse,preferred,Fusion Rifle,Arc,1,0,0,0,1,"Pulse Monitor, Quickdraw, Slideshot","Backup Plan, Feeding Frenzy, Kickstart",8,1,669,Backup Plan+Quickdraw | Backup Plan+Slideshot | Feeding Frenzy+Pulse Monitor | Feeding Frenzy+Quickdraw | Feeding Frenzy+Slideshot | Kickstart+Pulse Monitor | Kickstart+Quickdraw | Kickstart+Slideshot,679281855
531,Song of Ir Yût (Adept),preferred,Machine Gun,Arc,0,1,0,1,0,"Feeding Frenzy, Jolting Feedback, Unrelenting","High Ground, Master of Arms, Sword Logic",9,1,381,Feeding Frenzy+High Ground | Feeding Frenzy+Master of Arms | Feeding Frenzy+Sword Logic | High Ground+Jolting Feedback | High Ground+Unrelenting | Jolting Feedback+Master of Arms | Jolting Feedback+Sword Logic | Master of Arms+Unrelenting | Sword Logic+Unrelenting,407511664
532,Claws of the Wolf,preferred,Pulse Rifle,Void,1,0,0,0,1,"Field Prep, Headseeker, Threat Detector","Full Auto Trigger System, Grave Robber, Rampage",7,1,262,Field Prep+Full Auto Trigger System | Field Prep+Grave Robber | Full Auto Trigger System+Headseeker | Full Auto Trigger System+Threat Detector | Grave Robber+Threat Detector | Headseeker+Rampage | Rampage+Threat Detector,1280933460
533,Mint Retrograde,preferred,Pulse Rifle,Strand,1,0,1,0,1,"Beacon Rounds, Field Prep, Rewind Rounds","Chain Reaction, Elemental Honing, Master of Arms",7,1,237,Beacon Rounds+Chain Reaction | Beacon Rounds+Elemental Honing | Beacon Rounds+Master of Arms | Chain Reaction+Rewind Rounds | Elemental Honing+Rewind Rounds | Field Prep+Master of Arms | Master of Arms+Rewind Rounds,3285784871
534,Ascendancy,preferred,Rocket Launcher,Solar,1,0,1,0,1,"Field Prep, Lead From Light, Slideways","Explosive Light, Incandescent, Reaper's Tithe",8,1,248,Explosive Light+Field Prep | Explosive Light+Slideways | Field Prep+Incandescent | Field Prep+Reaper's Tithe | Incandescent+Lead From Light | Incandescent+Slideways | Lead From Light+Reaper's Tithe | Reaper's Tithe+Slideways,1713388226
535,Albruna-D,preferred,Sniper Rifle,Arc,0,0,1,0,1,"Elemental Capacitor, Field Prep, Triple Tap","Harmony, Slickdraw, Under-Over",8,1,1169,Elemental Capacitor+Harmony | Elemental Capacitor+Under-Over | Field Prep+Harmony | Field Prep+Slickdraw | Field Prep+Under-Over | Harmony+Triple Tap | Slickdraw+Triple Tap | Triple Tap+Under-Over,676270382
536,Pre Astyanax IV,preferred,Combat Bow,Solar,1,0,1,0,1,"Firefly, Incandescent, Rapid Hit","Explosive Head, High Ground, Swashbuckler",6,1,155,Explosive Head+Rapid Hit | Firefly+High Ground | Firefly+Swashbuckler | High Ground+Incandescent | High Ground+Rapid Hit | Rapid Hit+Swashbuckler,471764396
537,Praedyth's Revenge (Timelost),preferred,Sniper Rifle,Kinetic,0,1,0,1,0,"Bewildering Burst, Kinetic Tremors, No Distractions","Firefly, Frenzy, Opening Shot",6,1,420,Bewildering Burst+Frenzy | Bewildering Burst+Opening Shot | Firefly+No Distractions | Frenzy+Kinetic Tremors | Frenzy+No Distractions | Kinetic Tremors+Opening Shot,2362652544
538,Zaouli's Bane (Harrowed),preferred,Hand Cannon,Solar,0,1,0,1,0,"Explosive Payload, Opening Shot, Redirection","Firefly, Focused Fury, Incandescent",7,1,428,Explosive Payload+Focused Fury | Firefly+Opening Shot | Firefly+Redirection | Focused Fury+Opening Shot | Focused Fury+Redirection | Incandescent+Opening Shot | Incandescent+Redirection,291092617
539,The Spiteful Fang,preferred,Combat Bow,Stasis,1,0,1,0,1,"Impromptu Ammunition, Rimestealer, Successful Warm-Up","Crystalline Corpsebloom, Firefly, Rampage",6,1,211,Crystalline Corpsebloom+Impromptu Ammunition | Firefly+Impromptu Ammunition | Firefly+Rimestealer | Firefly+Successful Warm-Up | Rampage+Rimestealer | Rampage+Successful Warm-Up,1704597062
540,Luna Regolith III,preferred,Sniper Rifle,Solar,0,0,1,0,1,"Heal Clip, Perfect Float, Quickdraw","Box Breathing, Collective Action, Firing Line",9,1,1020,Box Breathing+Heal Clip | Box Breathing+Perfect Float | Box Breathing+Quickdraw | Collective Action+Heal Clip | Collective Action+Perfect Float | Collective Action+Quickdraw | Firing Line+Heal Clip | Firing Line+Perfect Float | Firing Line+Quickdraw,1948035256
541,Reed's Regret,preferred,Linear Fusion Rifle,Stasis,1,0,0,0,1,"Clown Cartridge, Hip-Fire Grip, Triple Tap","Adagio, Firing Line, Successful Warm-Up",6,1,388,Adagio+Clown Cartridge | Adagio+Hip-Fire Grip | Clown Cartridge+Successful Warm-Up | Firing Line+Hip-Fire Grip | Firing Line+Triple Tap | Successful Warm-Up+Triple Tap,3267997292
542,Occluded Finality,preferred,Sniper Rifle,Arc,1,0,0,0,1,"Mulligan, No Distractions, Snapshot Sights","Demolitionist, Firing Line, Iron Reach",9,1,478,Demolitionist+Mulligan | Demolitionist+No Distractions | Demolitionist+Snapshot Sights | Firing Line+Mulligan | Firing Line+No Distractions | Firing Line+Snapshot Sights | Iron Reach+Mulligan | Iron Reach+No Distractions | Iron Reach+Snapshot Sights,852551895
543,Qullim's Terminus (Harrowed),preferred,Machine Gun,Stasis,0,1,0,1,0,"Heating Up, Stats for All, Unrelenting","Firing Line, Headstone, Mega Kill Clip",8,1,390,Firing Line+Stats for All | Firing Line+Unrelenting | Headstone+Heating Up | Headstone+Stats for All | Headstone+Unrelenting | Heating Up+Mega Kill Clip | Mega Kill Clip+Stats for All | Mega Kill Clip+Unrelenting,3248429089
544,Last Perdition,preferred,Pulse Rifle,Void,1,0,1,0,1,"Firmly Planted, Grave Robber, Outlaw","Full Auto Trigger System, Headseeker, Zen Moment",7,1,397,Firmly Planted+Full Auto Trigger System | Firmly Planted+Headseeker | Firmly Planted+Zen Moment | Full Auto Trigger System+Grave Robber | Full Auto Trigger System+Outlaw | Grave Robber+Headseeker | Grave Robber+Zen Moment,188882152
545,Briar's Contempt (Adept),preferred,Linear Fusion Rifle,Solar,0,1,0,1,0,"Burning Ambition, Incandescent, Rewind Rounds","Focused Fury, Harmony, High-Impact Reserves",8,1,558,Burning Ambition+Focused Fury | Burning Ambition+Harmony | Burning Ambition+High-Impact Reserves | Focused Fury+Incandescent | Focused Fury+Rewind Rounds | Harmony+Incandescent | Harmony+Rewind Rounds | High-Impact Reserves+Incandescent,2890082420
546,Cataclysmic (Adept),preferred,Linear Fusion Rifle,Solar,0,1,0,1,0,"Dragonfly, Sleight of Hand, Successful Warm-Up","Focused Fury, High-Impact Reserves, Turnabout",7,1,304,Dragonfly+High-Impact Reserves | Dragonfly+Turnabout | Focused Fury+Successful Warm-Up | High-Impact Reserves+Sleight of Hand | High-Impact Reserves+Successful Warm-Up | Sleight of Hand+Turnabout | Successful Warm-Up+Turnabout,2886339027
547,Nessa's Oblation (Adept),preferred,Shotgun,Void,0,1,0,1,0,"Fourth Time's the Charm, Proximity Power, Repulsor Brace","Harmony, Meganeura, Paracausal Affinity",7,1,679,Fourth Time's the Charm+Meganeura | Fourth Time's the Charm+Paracausal Affinity | Harmony+Proximity Power | Harmony+Repulsor Brace | Meganeura+Repulsor Brace | Paracausal Affinity+Proximity Power | Paracausal Affinity+Repulsor Brace,522366885
548,Nullify (Adept),preferred,Pulse Rifle,Solar,0,1,0,1,0,"Burning Ambition, Fourth Time's the Charm, Under-Over","Incandescent, Sword Logic, Vorpal Weapon",5,1,525,Burning Ambition+Sword Logic | Fourth Time's the Charm+Sword Logic | Incandescent+Under-Over | Sword Logic+Under-Over | Under-Over+Vorpal Weapon,892183998
549,Agape,preferred,Hand Cannon,Solar,1,0,0,0,1,"Heal Clip, Outlaw, Rewind Rounds","Burning Ambition, Firefly, Fragile Focus",7,1,294,Burning Ambition+Outlaw | Burning Ambition+Rewind Rounds | Firefly+Heal Clip | Firefly+Rewind Rounds | Fragile Focus+Heal Clip | Fragile Focus+Outlaw | Fragile Focus+Rewind Rounds,4124362340
550,Origin Story,preferred,Auto Rifle,Kinetic,1,0,1,0,1,"Fragile Focus, Slideways, Strategist","High Ground, Kinetic Tremors, Onslaught",8,1,1056,Fragile Focus+High Ground | Fragile Focus+Onslaught | High Ground+Slideways | High Ground+Strategist | Kinetic Tremors+Slideways | Kinetic Tremors+Strategist | Onslaught+Slideways | Onslaught+Strategist,2826850739
551,Deadlock,preferred,Shotgun,Stasis,1,0,1,0,1,"Offhand Strike, Quickdraw, Surplus","Fragile Focus, Master of Arms, Snapshot Sights",9,1,444,Fragile Focus+Offhand Strike | Fragile Focus+Quickdraw | Fragile Focus+Surplus | Master of Arms+Offhand Strike | Master of Arms+Quickdraw | Master of Arms+Surplus | Offhand Strike+Snapshot Sights | Quickdraw+Snapshot Sights | Snapshot Sights+Surplus,3926987546
552,Corundum Hammer,preferred,Hand Cannon,Strand,1,0,0,0,1,"Fragile Focus, Reconstruction, Shoot to Loot","Elemental Honing, Keep Away, Tear",8,1,271,Elemental Honing+Reconstruction | Elemental Honing+Shoot to Loot | Fragile Focus+Keep Away | Fragile Focus+Tear | Keep Away+Reconstruction | Keep Away+Shoot to Loot | Reconstruction+Tear | Shoot to Loot+Tear,2263462407
553,D.F.A.,preferred,Hand Cannon,Kinetic,1,0,1,0,1,"Fragile Focus, Perpetual Motion, Steady Hands","Timed Payload, Wellspring",6,1,380,Fragile Focus+Timed Payload | Fragile Focus+Wellspring | Perpetual Motion+Timed Payload | Perpetual Motion+Wellspring | Steady Hands+Timed Payload | Steady Hands+Wellspring,575830664
554,Folded Root,preferred,Rocket Launcher,Void,1,0,0,0,1,"Cluster Bomb, Lead From Light, Reverberation","Frenzy, Lasting Impression, Multikill Clip",5,1,145,Cluster Bomb+Frenzy | Frenzy+Lead From Light | Frenzy+Reverberation | Lasting Impression+Reverberation | Multikill Clip+Reverberation,3184457500
555,Forbearance (Adept),preferred,Grenade Launcher,Arc,0,1,0,1,0,"Genesis, Rolling Storm, Sleight of Hand","Frenzy, Gear Shift, Golden Tricorn",8,1,735,Frenzy+Genesis | Frenzy+Rolling Storm | Frenzy+Sleight of Hand | Gear Shift+Genesis | Gear Shift+Sleight of Hand | Genesis+Golden Tricorn | Golden Tricorn+Rolling Storm | Golden Tricorn+Sleight of Hand,4038592169
556,Blowout,preferred,Rocket Launcher,Arc,0,0,1,0,1,"Stats for All, Sympathetic Arsenal, Tracking Module","Frenzy, Harmony, Lasting Impression",8,1,1083,Frenzy+Stats for All | Frenzy+Sympathetic Arsenal | Frenzy+Tracking Module | Harmony+Stats for All | Harmony+Sympathetic Arsenal | Harmony+Tracking Module | Lasting Impression+Stats for All | Lasting Impression+Sympathetic Arsenal,1903182562
557,Hawthorne's Field-Forged Shotgun,preferred,Shotgun,Kinetic,1,0,0,0,1,"Firmly Planted, Full Auto Trigger System, Pulse Monitor","Demolitionist, Hip-Fire Grip, Surrounded",6,1,205,Demolitionist+Full Auto Trigger System | Demolitionist+Pulse Monitor | Firmly Planted+Surrounded | Full Auto Trigger System+Surrounded | Hip-Fire Grip+Pulse Monitor | Pulse Monitor+Surrounded,1807343361
558,The Last Dance,preferred,Sidearm,Arc,1,0,1,0,1,"Full Auto Trigger System, Quickdraw, Under Pressure","Dragonfly, Tap the Trigger, Zen Moment",8,1,332,Dragonfly+Full Auto Trigger System | Dragonfly+Quickdraw | Dragonfly+Under Pressure | Full Auto Trigger System+Tap the Trigger | Full Auto Trigger System+Zen Moment | Quickdraw+Zen Moment | Tap the Trigger+Under Pressure | Under Pressure+Zen Moment,4045298483
559,Cry Mutiny,preferred,Grenade Launcher,Solar,1,0,1,0,1,"Grave Robber, Impulse Amplifier, Reverberation","Full Court, Mega Kill Clip, Swashbuckler",9,1,326,Full Court+Grave Robber | Full Court+Impulse Amplifier | Full Court+Reverberation | Grave Robber+Mega Kill Clip | Grave Robber+Swashbuckler | Impulse Amplifier+Mega Kill Clip | Impulse Amplifier+Swashbuckler | Mega Kill Clip+Reverberation | Reverberation+Swashbuckler,768696858
560,Wicked Sister,preferred,Grenade Launcher,Strand,0,0,1,0,1,"Slice, Strategist, Unrelenting","Cascade Point, Explosive Light, Full Court",8,1,1019,Cascade Point+Slice | Cascade Point+Strategist | Cascade Point+Unrelenting | Explosive Light+Slice | Explosive Light+Strategist | Full Court+Slice | Full Court+Strategist | Full Court+Unrelenting,2039776723
561,Tempered Dynamo,preferred,Fusion Rifle,Arc,1,0,1,0,1,"Backup Plan, Impromptu Ammunition, Kickstart","Gear Shift, Rampage, Surrounded",6,1,153,Backup Plan+Rampage | Backup Plan+Surrounded | Gear Shift+Impromptu Ammunition | Gear Shift+Kickstart | Kickstart+Rampage | Kickstart+Surrounded,2925315757
562,The Helmsman,preferred,Sniper Rifle,Arc,1,0,1,0,1,"Explosive Payload, Lone Wolf, No Distractions","Box Breathing, Elemental Honing, Gear Shift",6,1,301,Box Breathing+Explosive Payload | Box Breathing+Lone Wolf | Elemental Honing+Explosive Payload | Explosive Payload+Gear Shift | Gear Shift+Lone Wolf | Gear Shift+No Distractions,3215649176
563,Oversoul Edict (Adept),preferred,Pulse Rifle,Arc,0,1,0,1,0,"Perpetual Motion, Rolling Storm, Supercharged Magazine","Gear Shift, Headseeker, Swashbuckler",8,1,489,Gear Shift+Perpetual Motion | Gear Shift+Supercharged Magazine | Headseeker+Perpetual Motion | Headseeker+Rolling Storm | Headseeker+Supercharged Magazine | Perpetual Motion+Swashbuckler | Rolling Storm+Swashbuckler | Supercharged Magazine+Swashbuckler,578105049
564,No Feelings,preferred,Scout Rifle,Arc,1,0,1,0,1,"Collective Demolition, Rapid Hit, Voltshot","Explosive Payload, Gear Shift, Meganeura",6,1,296,Collective Demolition+Explosive Payload | Collective Demolition+Meganeura | Explosive Payload+Rapid Hit | Explosive Payload+Voltshot | Gear Shift+Rapid Hit | Meganeura+Voltshot,2979764077
565,Forbearance (Adept),preferred,Grenade Launcher,Arc,0,1,0,1,0,"Rolling Storm, Steady Hands, Surplus","Bait and Switch, Gear Shift, Golden Tricorn Enhanced",7,1,735,Bait and Switch+Rolling Storm | Bait and Switch+Surplus | Gear Shift+Steady Hands | Gear Shift+Surplus | Golden Tricorn Enhanced+Rolling Storm | Golden Tricorn Enhanced+Steady Hands | Golden Tricorn Enhanced+Surplus,4038592169
566,Midha's Reckoning (Harrowed),preferred,Fusion Rifle,Arc,0,1,0,1,0,"Field Prep, Voltshot, Well-Rounded","Gear Shift, Kickstart, Reservoir Burst",6,1,407,Field Prep+Reservoir Burst | Gear Shift+Well-Rounded | Kickstart+Voltshot | Kickstart+Well-Rounded | Reservoir Burst+Voltshot | Reservoir Burst+Well-Rounded,3904516037
567,The Third Axiom,preferred,Pulse Rifle,Arc,1,0,1,0,1,"Genesis, Quickdraw, Slideshot","Headseeker, One for All, Sympathetic Arsenal",8,1,1362,Genesis+Headseeker | Genesis+One for All | Genesis+Sympathetic Arsenal | Headseeker+Quickdraw | Headseeker+Slideshot | One for All+Slideshot | Quickdraw+Sympathetic Arsenal | Slideshot+Sympathetic Arsenal,3744058588
568,Trust,preferred,Hand Cannon,Solar,1,0,1,0,1,"Genesis, Triple Tap","Explosive Payload, Hip-Fire Grip, Rapid Hit",5,1,245,Explosive Payload+Genesis | Genesis+Hip-Fire Grip | Genesis+Rapid Hit | Hip-Fire Grip+Triple Tap | Rapid Hit+Triple Tap,4077196130
569,Xenoclast IV,preferred,Shotgun,Arc,1,0,1,0,1,"Dual Loader, Genesis, Slideways","One-Two Punch, Trench Barrel, Unrelenting",7,1,1175,Dual Loader+Unrelenting | Genesis+One-Two Punch | Genesis+Trench Barrel | Genesis+Unrelenting | One-Two Punch+Slideways | Slideways+Trench Barrel | Slideways+Unrelenting,963732594
570,Swordbreaker (Adept),preferred,Shotgun,Strand,0,1,0,1,0,"Paracausal Affinity, Slideshot, Threat Detector","Golden Tricorn, Golden Tricorn Enhanced, Hatchling",7,1,560,Golden Tricorn+Paracausal Affinity | Golden Tricorn+Threat Detector | Golden Tricorn Enhanced+Paracausal Affinity | Golden Tricorn Enhanced+Slideshot | Golden Tricorn Enhanced+Threat Detector | Hatchling+Paracausal Affinity | Hatchling+Threat Detector,1239700299
571,Thin Precipice,preferred,Sword,Strand,1,0,0,1,1,"Tireless Blade, Unrelenting, Valiant Charge","Adrenaline Junkie, Golden Tricorn, Golden Tricorn Enhanced",7,1,450,Adrenaline Junkie+Tireless Blade | Adrenaline Junkie+Unrelenting | Adrenaline Junkie+Valiant Charge | Golden Tricorn+Tireless Blade | Golden Tricorn+Unrelenting | Golden Tricorn Enhanced+Tireless Blade | Golden Tricorn Enhanced+Valiant Charge,4066778670
572,Aisha's Care,preferred,Pulse Rifle,Strand,1,0,0,0,1,"Encore, Gutshot Straight, Zen Moment","Collective Action, Golden Tricorn, Golden Tricorn Enhanced",9,1,440,Collective Action+Encore | Collective Action+Gutshot Straight | Collective Action+Zen Moment | Encore+Golden Tricorn | Encore+Golden Tricorn Enhanced | Golden Tricorn+Gutshot Straight | Golden Tricorn+Zen Moment | Golden Tricorn Enhanced+Gutshot Straight | Golden Tricorn Enhanced+Zen Moment,3969379530
573,Igneous Hammer,preferred,Hand Cannon,Solar,1,0,0,0,1,"Fragile Focus, Heal Clip, Rangefinder","Golden Tricorn, Golden Tricorn Enhanced, Incandescent",8,1,520,Fragile Focus+Golden Tricorn | Fragile Focus+Golden Tricorn Enhanced | Fragile Focus+Incandescent | Golden Tricorn+Heal Clip | Golden Tricorn+Rangefinder | Golden Tricorn Enhanced+Heal Clip | Golden Tricorn Enhanced+Rangefinder | Incandescent+Rangefinder,1973107014
574,Forbearance (Adept),preferred,Grenade Launcher,Arc,0,1,0,1,0,"Sleight of Hand, Stats for All, Unrelenting","Gear Shift, Golden Tricorn Enhanced, Rampage",6,1,735,Gear Shift+Stats for All | Golden Tricorn Enhanced+Sleight of Hand | Golden Tricorn Enhanced+Unrelenting | Rampage+Sleight of Hand | Rampage+Stats for All | Rampage+Unrelenting,4038592169
575,Uzume RR4,preferred,Sniper Rifle,Solar,1,0,1,0,1,"Clown Cartridge, Fourth Time's the Charm, Snapshot Sights","Deconstruct, Golden Tricorn Enhanced, Incandescent",6,1,244,Clown Cartridge+Deconstruct | Clown Cartridge+Golden Tricorn Enhanced | Clown Cartridge+Incandescent | Deconstruct+Fourth Time's the Charm | Fourth Time's the Charm+Golden Tricorn Enhanced | Golden Tricorn Enhanced+Snapshot Sights,2450917538
576,Albedo Wing,preferred,Glaive,Arc,1,0,0,0,1,"Grave Robber, Immovable Object, Replenishing Aegis","Golden Tricorn Enhanced, High-Impact Reserves, Lead from Gold",7,1,225,Golden Tricorn Enhanced+Grave Robber | Grave Robber+High-Impact Reserves | Grave Robber+Lead from Gold | High-Impact Reserves+Immovable Object | High-Impact Reserves+Replenishing Aegis | Immovable Object+Lead from Gold | Lead from Gold+Replenishing Aegis,2680976411
577,Pure Poetry,preferred,Hand Cannon,Kinetic,0,0,1,0,1,"Air Assault, Grave Robber, Shoot to Loot","Elemental Capacitor, Swashbuckler, Under-Over",7,1,1182,Air Assault+Elemental Capacitor | Air Assault+Swashbuckler | Elemental Capacitor+Grave Robber | Elemental Capacitor+Shoot to Loot | Grave Robber+Under-Over | Shoot to Loot+Swashbuckler | Shoot to Loot+Under-Over,2671639706
578,Ecliptic Distaff,preferred,Glaive,Void,1,0,1,0,1,"Grave Robber, Impulse Amplifier, Replenishing Aegis","Binary Orbit, Close to Melee, Withering Gaze",8,1,206,Binary Orbit+Grave Robber | Binary Orbit+Impulse Amplifier | Binary Orbit+Replenishing Aegis | Close to Melee+Grave Robber | Close to Melee+Impulse Amplifier | Grave Robber+Withering Gaze | Impulse Amplifier+Withering Gaze | Replenishing Aegis+Withering Gaze,1942143745
579,Kept Confidence,preferred,Hand Cannon,Strand,1,0,0,1,1,"Invisible Hand, Loose Change, Quickdraw","Eye of the Storm, Gutshot Straight, Pugilist",8,1,469,Eye of the Storm+Invisible Hand | Eye of the Storm+Loose Change | Gutshot Straight+Invisible Hand | Gutshot Straight+Loose Change | Gutshot Straight+Quickdraw | Invisible Hand+Pugilist | Loose Change+Pugilist | Pugilist+Quickdraw,1875512595
580,Veiled Threat,preferred,Auto Rifle,Stasis,1,0,0,1,1,"Strategist, Threat Detector, To the Pain","Encore, Gutshot Straight, Headstone",9,1,453,Encore+Strategist | Encore+Threat Detector | Encore+To the Pain | Gutshot Straight+Strategist | Gutshot Straight+Threat Detector | Gutshot Straight+To the Pain | Headstone+Strategist | Headstone+Threat Detector | Headstone+To the Pain,3685470415
581,Ammit AR2,preferred,Auto Rifle,Solar,1,0,0,1,1,"Ambitious Assassin, Triple Tap, Turnabout","Adaptive Munitions, Gutshot Straight, Pugilist",7,1,552,Adaptive Munitions+Ambitious Assassin | Adaptive Munitions+Triple Tap | Ambitious Assassin+Pugilist | Gutshot Straight+Triple Tap | Gutshot Straight+Turnabout | Pugilist+Triple Tap | Pugilist+Turnabout,2119346509
582,Round Robin,preferred,Hand Cannon,Strand,1,0,0,1,1,"Fourth Time's the Charm, Slideshot, Tear","Empty Traits Socket, Golden Tricorn, Harmony",6,1,1014,Empty Traits Socket+Slideshot | Empty Traits Socket+Tear | Fourth Time's the Charm+Golden Tricorn | Golden Tricorn+Slideshot | Golden Tricorn+Tear | Harmony+Tear,2034215657
583,Qua Vinctus IV,preferred,Machine Gun,Strand,1,0,1,0,1,"Hatchling, Slice, Transcendent Moment","Killing Tally, Lone Wolf, Meganeura",6,1,99,Hatchling+Meganeura | Killing Tally+Slice | Lone Wolf+Slice | Lone Wolf+Transcendent Moment | Meganeura+Slice | Meganeura+Transcendent Moment,4176551594
584,Tusk of the Boar,preferred,Grenade Launcher,Strand,1,0,0,0,1,"Grave Robber, Pulse Monitor, Slideways","Bait and Switch, Deconstruct, Hatchling",8,1,264,Bait and Switch+Grave Robber | Bait and Switch+Pulse Monitor | Bait and Switch+Slideways | Deconstruct+Pulse Monitor | Deconstruct+Slideways | Grave Robber+Hatchling | Hatchling+Pulse Monitor | Hatchling+Slideways,1218113510
585,Adamantite (Adept),preferred,Auto Rifle,Strand,0,1,0,0,1,"Demolitionist, Reciprocity, Unrelenting","Circle of Life, Hatchling, Kill Clip",7,1,336,Circle of Life+Demolitionist | Demolitionist+Hatchling | Demolitionist+Kill Clip | Hatchling+Reciprocity | Hatchling+Unrelenting | Kill Clip+Reciprocity | Kill Clip+Unrelenting,3485029080
586,Hushed Whisper,preferred,Combat Bow,Strand,1,0,0,0,1,"Lead From Light, Slice, Successful Warm-Up","Collective Action, Hatchling, Precision Instrument",5,1,182,Collective Action+Slice | Collective Action+Successful Warm-Up | Hatchling+Successful Warm-Up | Lead From Light+Precision Instrument | Precision Instrument+Successful Warm-Up,3574168117
587,Belisarius-D,preferred,Pulse Rifle,Strand,1,0,1,0,1,"Dragonfly, Elemental Capacitor, Tear","Elemental Honing, Hatchling, Headseeker",7,1,368,Dragonfly+Elemental Honing | Dragonfly+Hatchling | Elemental Capacitor+Elemental Honing | Elemental Capacitor+Hatchling | Elemental Capacitor+Headseeker | Elemental Honing+Tear | Headseeker+Tear,747743637
588,The Martlet,preferred,Pulse Rifle,Void,1,0,0,0,1,"Firefly, Headseeker, Loose Change","Desperate Measures, Sword Logic, Withering Gaze",7,1,342,Desperate Measures+Firefly | Desperate Measures+Loose Change | Firefly+Sword Logic | Firefly+Withering Gaze | Headseeker+Withering Gaze | Loose Change+Sword Logic | Loose Change+Withering Gaze,877384
589,Rapacious Appetite,preferred,Submachine Gun,Stasis,1,0,0,1,1,"Encore, Invisible Hand, Well-Rounded","Headstone, One for All, Target Lock",8,1,649,Encore+Headstone | Encore+One for All | Headstone+Invisible Hand | Headstone+Well-Rounded | Invisible Hand+One for All | Invisible Hand+Target Lock | One for All+Well-Rounded | Target Lock+Well-Rounded,1081724548
590,Critical Anomaly (Adept),preferred,Sniper Rifle,Stasis,0,1,0,1,0,"Opening Shot, Quickdraw, Reconstruction","Elemental Honing, Headstone, Triple Tap",5,1,329,Elemental Honing+Opening Shot | Headstone+Opening Shot | Headstone+Quickdraw | Headstone+Reconstruction | Reconstruction+Triple Tap,172461430
591,Fair Judgment,preferred,Auto Rifle,Stasis,1,0,1,0,1,"Deconstruct, Rimestealer, Slideshot","Headstone, Onslaught, Rangefinder",5,1,371,Deconstruct+Headstone | Headstone+Slideshot | Onslaught+Rimestealer | Onslaught+Slideshot | Rangefinder+Rimestealer,4113452819
592,Chain of Command,preferred,Machine Gun,Stasis,1,0,1,0,1,"Headstone, Osmosis, Subsistence","Adaptive Munitions, Killing Tally, Target Lock",7,1,228,Adaptive Munitions+Subsistence | Headstone+Killing Tally | Headstone+Target Lock | Killing Tally+Osmosis | Killing Tally+Subsistence | Osmosis+Target Lock | Subsistence+Target Lock,1716620044
593,Parabellum,preferred,Submachine Gun,Solar,1,0,0,0,1,"Heal Clip, Killing Wind, Light Touch","Attrition Orbs, Collective Action, Perfect Float",6,1,233,Attrition Orbs+Heal Clip | Collective Action+Killing Wind | Collective Action+Light Touch | Heal Clip+Perfect Float | Killing Wind+Perfect Float | Light Touch+Perfect Float,3769072067
594,Perfect Pitch,preferred,Submachine Gun,Solar,1,0,1,0,1,"Discord, Heal Clip, To the Pain","Focused Fury, Onslaught, Rangefinder",7,1,408,Discord+Focused Fury | Discord+Rangefinder | Focused Fury+Heal Clip | Focused Fury+To the Pain | Heal Clip+Rangefinder | Onslaught+To the Pain | Rangefinder+To the Pain,2191451996
595,Qua Xaphan V,preferred,Machine Gun,Void,0,0,1,0,1,"Heating Up, Offhand Strike, Triple Tap","High Ground, Thresh, Wellspring",9,1,1008,Heating Up+High Ground | Heating Up+Thresh | Heating Up+Wellspring | High Ground+Offhand Strike | High Ground+Triple Tap | Offhand Strike+Thresh | Offhand Strike+Wellspring | Thresh+Triple Tap | Triple Tap+Wellspring,1975125963
596,Insidious (Adept),preferred,Pulse Rifle,Arc,0,1,0,1,0,"Dragonfly, Heating Up, Sleight of Hand","Adrenaline Junkie, Bait and Switch, Voltshot",6,1,614,Adrenaline Junkie+Dragonfly | Adrenaline Junkie+Sleight of Hand | Bait and Switch+Dragonfly | Bait and Switch+Heating Up | Heating Up+Voltshot | Sleight of Hand+Voltshot,786352912
597,Bygones,preferred,Pulse Rifle,Kinetic,1,0,1,0,1,"Lone Wolf, Rangefinder, To the Pain","Closing Time, High Ground, Osmosis",8,1,1294,Closing Time+Rangefinder | Closing Time+To the Pain | High Ground+Lone Wolf | High Ground+Rangefinder | High Ground+To the Pain | Lone Wolf+Osmosis | Osmosis+Rangefinder | Osmosis+To the Pain,2199554524
598,Laser Painter,preferred,Linear Fusion Rifle,Strand,1,0,1,0,1,"Invisible Hand, No Distractions, Rapid Hit","High-Impact Reserves, Hip-Fire Grip, Unrelenting",8,1,1119,High-Impact Reserves+Invisible Hand | High-Impact Reserves+No Distractions | High-Impact Reserves+Rapid Hit | Hip-Fire Grip+No Distractions | Hip-Fire Grip+Rapid Hit | Invisible Hand+Unrelenting | No Distractions+Unrelenting | Rapid Hit+Unrelenting,3221722018
599,Willful Hamartia,preferred,Linear Fusion Rifle,Arc,1,0,0,0,1,"Envious Assassin, High-Impact Reserves, Tap the Trigger","Jolting Feedback, Offhand Strike, Reservoir Burst",9,1,210,Envious Assassin+Jolting Feedback | Envious Assassin+Offhand Strike | Envious Assassin+Reservoir Burst | High-Impact Reserves+Jolting Feedback | High-Impact Reserves+Offhand Strike | High-Impact Reserves+Reservoir Burst | Jolting Feedback+Tap the Trigger | Offhand Strike+Tap the Trigger | Reservoir Burst+Tap the Trigger,1952295804
600,Nameless Midnight,preferred,Scout Rifle,Kinetic,1,0,1,0,1,"Grave Robber, High-Impact Reserves, Hip-Fire Grip","Explosive Payload, Opening Shot, Outlaw",6,1,490,Explosive Payload+Grave Robber | Grave Robber+Opening Shot | Grave Robber+Outlaw | High-Impact Reserves+Opening Shot | High-Impact Reserves+Outlaw | Hip-Fire Grip+Outlaw,3040742682
601,Joxer's Longsword,preferred,Pulse Rifle,Void,1,0,1,0,1,"Killing Wind, Rewind Rounds, Strategist","High-Impact Reserves, Under Pressure, Withering Gaze",8,1,923,High-Impact Reserves+Killing Wind | High-Impact Reserves+Strategist | Killing Wind+Under Pressure | Killing Wind+Withering Gaze | Rewind Rounds+Under Pressure | Rewind Rounds+Withering Gaze | Strategist+Under Pressure | Strategist+Withering Gaze,157601190
602,Ahab Char,preferred,Auto Rifle,Solar,1,0,0,0,1,"Grave Robber, Heal Clip, Transcendent Moment","Adagio, High-Impact Reserves, Kill Clip",7,1,349,Adagio+Grave Robber | Adagio+Heal Clip | Adagio+Transcendent Moment | Heal Clip+High-Impact Reserves | Heal Clip+Kill Clip | High-Impact Reserves+Transcendent Moment | Kill Clip+Transcendent Moment,1411560894
603,Spoiler Alert,preferred,Sidearm,Kinetic,1,0,1,0,1,"Surplus, Tunnel Vision, Under Pressure","High-Impact Reserves, Swashbuckler, Unrelenting",5,1,432,High-Impact Reserves+Surplus | High-Impact Reserves+Tunnel Vision | Swashbuckler+Tunnel Vision | Swashbuckler+Under Pressure | Tunnel Vision+Unrelenting,2588048270
604,The Forward Path,preferred,Auto Rifle,Kinetic,1,0,0,0,1,"Hip-Fire Grip, Pulse Monitor","Iron Gaze, Iron Grip, Tap the Trigger",5,1,276,Hip-Fire Grip+Iron Gaze | Hip-Fire Grip+Iron Grip | Iron Gaze+Pulse Monitor | Iron Grip+Pulse Monitor | Pulse Monitor+Tap the Trigger,1690783811
605,Acasia's Dejection (Adept),preferred,Trace Rifle,Solar,0,1,0,1,0,"Burning Ambition, Collective Demolition, Hip-Fire Grip","Detonator Beam, Paracausal Affinity, Target Lock",5,1,601,Burning Ambition+Target Lock | Collective Demolition+Target Lock | Detonator Beam+Hip-Fire Grip | Hip-Fire Grip+Paracausal Affinity | Hip-Fire Grip+Target Lock,3493494807
606,Faustus Decline,preferred,Sidearm,Stasis,1,0,0,0,1,"Hip-Fire Grip, Rangefinder, Rimestealer","Headstone, Precision Instrument, Snapshot Sights",8,1,467,Headstone+Hip-Fire Grip | Headstone+Rangefinder | Hip-Fire Grip+Precision Instrument | Hip-Fire Grip+Snapshot Sights | Precision Instrument+Rangefinder | Precision Instrument+Rimestealer | Rangefinder+Snapshot Sights | Rimestealer+Snapshot Sights,1663482635
607,Laser Painter,preferred,Linear Fusion Rifle,Strand,1,0,1,0,1,"Auto-Loading Holster, Invisible Hand, Stats for All","Box Breathing, Hip-Fire Grip, Wellspring",6,1,1119,Auto-Loading Holster+Box Breathing | Auto-Loading Holster+Hip-Fire Grip | Auto-Loading Holster+Wellspring | Box Breathing+Stats for All | Hip-Fire Grip+Stats for All | Invisible Hand+Wellspring,3221722018
608,Solemn Remembrance,preferred,Hand Cannon,Stasis,1,0,1,0,1,"Built to Blast, Impromptu Ammunition, Lone Wolf","Keep Away, Opening Shot, Rimestealer",6,1,304,Built to Blast+Keep Away | Built to Blast+Opening Shot | Impromptu Ammunition+Keep Away | Impromptu Ammunition+Opening Shot | Impromptu Ammunition+Rimestealer | Lone Wolf+Rimestealer,4116518582
609,Permafrost,preferred,Grenade Launcher,Stasis,1,0,0,0,1,"Attrition Orbs, Impromptu Ammunition, Rimestealer","Pugilist, Reaper's Tithe, Wellspring",6,1,293,Attrition Orbs+Reaper's Tithe | Impromptu Ammunition+Pugilist | Impromptu Ammunition+Wellspring | Pugilist+Rimestealer | Reaper's Tithe+Rimestealer | Rimestealer+Wellspring,2922964484
610,Reghusk's Pledge,preferred,Auto Rifle,Void,1,0,0,0,1,"Impromptu Ammunition, Proximity Power, Rewind Rounds","Repulsor Brace, Swashbuckler, Zen Moment",7,1,256,Impromptu Ammunition+Repulsor Brace | Impromptu Ammunition+Swashbuckler | Impromptu Ammunition+Zen Moment | Proximity Power+Repulsor Brace | Proximity Power+Zen Moment | Repulsor Brace+Rewind Rounds | Rewind Rounds+Zen Moment,2370525224
611,Non-Denouement (Adept),preferred,Combat Bow,Arc,0,1,0,1,0,"Dragonfly, Impulse Amplifier, Opening Shot","Archer's Gambit, Desperate Measures, Moving Target",7,1,348,Archer's Gambit+Dragonfly | Archer's Gambit+Impulse Amplifier | Archer's Gambit+Opening Shot | Desperate Measures+Impulse Amplifier | Desperate Measures+Opening Shot | Impulse Amplifier+Moving Target | Moving Target+Opening Shot,1039915310
612,Cynosure,preferred,Rocket Launcher,Strand,1,0,1,0,1,"Impulse Amplifier, Overflow, Slice","Lasting Impression, Quickdraw, Reverberation",9,1,773,Impulse Amplifier+Lasting Impression | Impulse Amplifier+Quickdraw | Impulse Amplifier+Reverberation | Lasting Impression+Overflow | Lasting Impression+Slice | Overflow+Quickdraw | Overflow+Reverberation | Quickdraw+Slice | Reverberation+Slice,694275488
613,Hullabaloo,preferred,Grenade Launcher,Arc,1,0,0,0,1,"Envious Arsenal, Envious Assassin, Impulse Amplifier","Cascade Point, Rolling Storm, Strategist",4,1,479,Cascade Point+Impulse Amplifier | Envious Arsenal+Rolling Storm | Envious Assassin+Strategist | Impulse Amplifier+Strategist,2666273249
614,Anamnesis (Adept),preferred,Combat Bow,Void,0,1,0,0,1,"Dragonfly, Successful Warm-Up, To the Pain","Adagio, Demoralize, Impulse Amplifier",7,1,248,Adagio+Dragonfly | Demoralize+Dragonfly | Demoralize+Successful Warm-Up | Demoralize+To the Pain | Dragonfly+Impulse Amplifier | Impulse Amplifier+Successful Warm-Up | Impulse Amplifier+To the Pain,3949253499
615,Jorum's Claw,preferred,Pulse Rifle,Solar,1,0,0,0,1,"Iron Grip, Offhand Strike, Outlaw","Incandescent, Iron Reach, Kill Clip",8,1,250,Incandescent+Iron Grip | Incandescent+Offhand Strike | Incandescent+Outlaw | Iron Grip+Kill Clip | Iron Reach+Offhand Strike | Iron Reach+Outlaw | Kill Clip+Offhand Strike | Kill Clip+Outlaw,62937067
616,Unwavering Duty,preferred,Machine Gun,Solar,1,0,0,0,1,"Auto-Loading Holster, Fourth Time's the Charm, Incandescent","Burning Ambition, Tap the Trigger, Target Lock",5,1,291,Auto-Loading Holster+Tap the Trigger | Auto-Loading Holster+Target Lock | Burning Ambition+Fourth Time's the Charm | Fourth Time's the Charm+Tap the Trigger | Incandescent+Tap the Trigger,3489054606
617,Positive Outlook,preferred,Auto Rifle,Void,1,0,1,0,1,"Invisible Hand, Perfect Float, Tap the Trigger","Adaptive Munitions, Repulsor Brace, Vorpal Weapon",7,1,963,Adaptive Munitions+Tap the Trigger | Invisible Hand+Repulsor Brace | Invisible Hand+Vorpal Weapon | Perfect Float+Repulsor Brace | Perfect Float+Vorpal Weapon | Repulsor Brace+Tap the Trigger | Tap the Trigger+Vorpal Weapon,491078457
618,Multimach CCX,preferred,Submachine Gun,Kinetic,1,0,0,0,1,"Iron Gaze, Rangefinder","Kinetic Tremors, Tap the Trigger, Target Lock",6,1,259,Iron Gaze+Kinetic Tremors | Iron Gaze+Tap the Trigger | Iron Gaze+Target Lock | Kinetic Tremors+Rangefinder | Rangefinder+Tap the Trigger | Rangefinder+Target Lock,3211624072
619,The Time-Worn Spire,preferred,Pulse Rifle,Kinetic,1,0,0,0,1,"Moving Target, Quickdraw, Slideways","Iron Gaze, Iron Grip, Iron Reach",9,1,290,Iron Gaze+Moving Target | Iron Gaze+Quickdraw | Iron Gaze+Slideways | Iron Grip+Moving Target | Iron Grip+Quickdraw | Iron Grip+Slideways | Iron Reach+Moving Target | Iron Reach+Quickdraw | Iron Reach+Slideways,3593598010
620,The Time-Worn Spire,preferred,Pulse Rifle,Kinetic,1,0,0,0,1,"Feeding Frenzy, Subsistence, Under Pressure","Iron Gaze, Iron Grip, Iron Reach",9,1,290,Feeding Frenzy+Iron Gaze | Feeding Frenzy+Iron Grip | Feeding Frenzy+Iron Reach | Iron Gaze+Subsistence | Iron Gaze+Under Pressure | Iron Grip+Subsistence | Iron Grip+Under Pressure | Iron Reach+Subsistence | Iron Reach+Under Pressure,3593598010
621,Finite Impactor,preferred,Hand Cannon,Solar,1,0,0,0,1,"Elemental Capacitor, Fragile Focus, Iron Grip","Burning Ambition, Heating Up, Precision Instrument",5,1,154,Burning Ambition+Elemental Capacitor | Elemental Capacitor+Precision Instrument | Fragile Focus+Heating Up | Heating Up+Iron Grip | Iron Grip+Precision Instrument,1917334929
622,The Hero's Burden,preferred,Submachine Gun,Void,1,0,0,0,1,"Air Assault, Feeding Frenzy, Zen Moment","Iron Grip, Iron Reach, Repulsor Brace",5,1,199,Air Assault+Repulsor Brace | Feeding Frenzy+Repulsor Brace | Iron Grip+Zen Moment | Iron Reach+Zen Moment | Repulsor Brace+Zen Moment,2488587246
623,Song of Ir Yût (Adept),preferred,Machine Gun,Arc,0,1,0,1,0,"Jolting Feedback, Supercharged Magazine, Zen Moment","Cascade Point, Mega Kill Clip, Target Lock",7,1,381,Cascade Point+Supercharged Magazine | Jolting Feedback+Mega Kill Clip | Jolting Feedback+Target Lock | Mega Kill Clip+Supercharged Magazine | Mega Kill Clip+Zen Moment | Supercharged Magazine+Target Lock | Target Lock+Zen Moment,407511664
624,Fimbulwinter Stitch,preferred,Sidearm,Arc,1,0,0,0,1,"Loose Change, Rangefinder, Supercharged Magazine","Collective Action, Jolting Feedback, Redirection",4,1,259,Collective Action+Rangefinder | Jolting Feedback+Rangefinder | Loose Change+Redirection | Redirection+Supercharged Magazine,3685829362
625,Axial Lacuna,preferred,Fusion Rifle,Solar,1,0,0,1,1,"Demolitionist, Firmly Planted, Keep Away","Closing Time, Kickstart, Reservoir Burst",8,1,817,Closing Time+Firmly Planted | Closing Time+Keep Away | Demolitionist+Kickstart | Demolitionist+Reservoir Burst | Firmly Planted+Kickstart | Firmly Planted+Reservoir Burst | Keep Away+Kickstart | Keep Away+Reservoir Burst,3867373351
626,Wild Style,preferred,Grenade Launcher,Solar,1,0,1,0,1,"Keep Away, Reconstruction, Unrelenting","Attrition Orbs, Incandescent, Permeability",8,1,479,Attrition Orbs+Keep Away | Attrition Orbs+Reconstruction | Attrition Orbs+Unrelenting | Incandescent+Reconstruction | Incandescent+Unrelenting | Keep Away+Permeability | Permeability+Reconstruction | Permeability+Unrelenting,1332123064
627,Corundum Hammer,preferred,Hand Cannon,Strand,1,0,0,0,1,"Lone Wolf, Slice, Slideshot","Explosive Payload, Keep Away, Tear",7,1,271,Explosive Payload+Lone Wolf | Explosive Payload+Slideshot | Keep Away+Slice | Keep Away+Slideshot | Lone Wolf+Tear | Slice+Tear | Slideshot+Tear,2263462407
628,Frozen Orbit,preferred,Sniper Rifle,Void,1,0,1,0,1,"Killing Wind, Surplus, Triple Tap","Cascade Point, Closing Time, Keep Away",8,1,493,Cascade Point+Killing Wind | Cascade Point+Surplus | Closing Time+Killing Wind | Closing Time+Surplus | Closing Time+Triple Tap | Keep Away+Killing Wind | Keep Away+Surplus | Keep Away+Triple Tap,1516542120
629,Pressurized Precision,preferred,Fusion Rifle,Strand,1,0,0,0,1,"Auto-Loading Holster, Discord, Moving Target","Closing Time, Hatchling, Kickstart",7,1,426,Auto-Loading Holster+Closing Time | Auto-Loading Holster+Hatchling | Auto-Loading Holster+Kickstart | Closing Time+Moving Target | Discord+Hatchling | Hatchling+Moving Target | Kickstart+Moving Target,293709640
630,Willful Hamartia,preferred,Linear Fusion Rifle,Arc,1,0,0,0,1,"Envious Assassin, Rapid Hit, Slideways","Jolting Feedback, Kickstart, Offhand Strike",7,1,210,Envious Assassin+Kickstart | Jolting Feedback+Rapid Hit | Jolting Feedback+Slideways | Kickstart+Rapid Hit | Kickstart+Slideways | Offhand Strike+Rapid Hit | Offhand Strike+Slideways,1952295804
631,Burden of Guilt,preferred,Fusion Rifle,Stasis,1,0,0,0,1,"Ambitious Assassin, Perpetual Motion, Rimestealer","Controlled Burst, Crystalline Corpsebloom, Kickstart",7,1,201,Ambitious Assassin+Controlled Burst | Ambitious Assassin+Crystalline Corpsebloom | Ambitious Assassin+Kickstart | Controlled Burst+Perpetual Motion | Crystalline Corpsebloom+Perpetual Motion | Kickstart+Perpetual Motion | Kickstart+Rimestealer,976459525
632,Nightshade,preferred,Pulse Rifle,Strand,1,0,1,0,1,"Lucky Shot, Under Pressure","Feeding Frenzy, Kill Clip, Moving Target",5,1,351,Feeding Frenzy+Under Pressure | Kill Clip+Lucky Shot | Kill Clip+Under Pressure | Lucky Shot+Moving Target | Moving Target+Under Pressure,1559068369
633,Ulterior Observation,preferred,Machine Gun,Stasis,1,0,0,0,1,"Headstone, Moving Target, Subsistence","Dragonfly, Killing Tally, Rimestealer",5,1,239,Dragonfly+Headstone | Dragonfly+Moving Target | Killing Tally+Moving Target | Moving Target+Rimestealer | Rimestealer+Subsistence,1079872540
634,Watchful Eye,preferred,Machine Gun,Arc,1,0,0,0,1,"Dynamic Sway Reduction, Eddy Current, Mulligan","Killing Tally, Rolling Storm, Surrounded",7,1,213,Dynamic Sway Reduction+Rolling Storm | Dynamic Sway Reduction+Surrounded | Eddy Current+Killing Tally | Eddy Current+Surrounded | Killing Tally+Mulligan | Mulligan+Rolling Storm | Mulligan+Surrounded,3058845782
635,Ribbontail,preferred,Trace Rifle,Strand,1,0,0,0,1,"Proximity Power, Threat Detector, Wellspring","Binary Orbit, Killing Tally, Tear",5,1,153,Binary Orbit+Threat Detector | Binary Orbit+Wellspring | Killing Tally+Proximity Power | Tear+Threat Detector | Tear+Wellspring,407150808
636,Keraunios,preferred,Trace Rifle,Arc,1,0,0,0,1,"Rapid Hit, Shoot to Loot, Supercharged Magazine","Jolting Feedback, Killing Tally, Target Lock",6,1,162,Jolting Feedback+Shoot to Loot | Killing Tally+Rapid Hit | Killing Tally+Shoot to Loot | Killing Tally+Supercharged Magazine | Rapid Hit+Target Lock | Shoot to Loot+Target Lock,2386208942
637,Qullim's Terminus (Harrowed),preferred,Machine Gun,Stasis,0,1,0,1,0,"Heating Up, Slickdraw, Unrelenting","Crystalline Corpsebloom, Eye of the Storm, Killing Tally",8,1,390,Crystalline Corpsebloom+Heating Up | Crystalline Corpsebloom+Unrelenting | Eye of the Storm+Heating Up | Eye of the Storm+Slickdraw | Eye of the Storm+Unrelenting | Heating Up+Killing Tally | Killing Tally+Slickdraw | Killing Tally+Unrelenting,3248429089
638,Submission (Adept),preferred,Submachine Gun,Kinetic,0,1,0,1,0,"Kinetic Tremors, Sleight of Hand, Steady Hands","Killing Wind, Swashbuckler, Target Lock",7,1,499,Killing Wind+Kinetic Tremors | Killing Wind+Sleight of Hand | Killing Wind+Steady Hands | Kinetic Tremors+Swashbuckler | Sleight of Hand+Target Lock | Steady Hands+Swashbuckler | Steady Hands+Target Lock,1941816543
639,Lubrae's Ruin (Adept),preferred,Glaive,Solar,0,1,0,1,0,"Killing Wind, Sleight of Hand, Steady Hands","Bait and Switch, Unrelenting, Unstoppable Force",8,1,374,Bait and Switch+Killing Wind | Bait and Switch+Steady Hands | Killing Wind+Unrelenting | Killing Wind+Unstoppable Force | Sleight of Hand+Unrelenting | Sleight of Hand+Unstoppable Force | Steady Hands+Unrelenting | Steady Hands+Unstoppable Force,1466006054
640,Spare Rations,preferred,Hand Cannon,Kinetic,1,0,1,0,1,"Moving Target, Offhand Strike, Slideshot","Focused Fury, Kinetic Tremors, Opening Shot",7,1,449,Focused Fury+Moving Target | Focused Fury+Offhand Strike | Focused Fury+Slideshot | Kinetic Tremors+Moving Target | Kinetic Tremors+Offhand Strike | Kinetic Tremors+Slideshot | Offhand Strike+Opening Shot,3236112986
641,Royal Entry,preferred,Rocket Launcher,Void,0,0,1,0,1,"Field Prep, Pulse Monitor, Threat Detector","Ambitious Assassin, Cluster Bomb, Lasting Impression",6,1,674,Ambitious Assassin+Field Prep | Ambitious Assassin+Threat Detector | Cluster Bomb+Pulse Monitor | Cluster Bomb+Threat Detector | Lasting Impression+Pulse Monitor | Lasting Impression+Threat Detector,2448907086
642,Bellowing Giant,preferred,Rocket Launcher,Void,1,0,1,0,1,"Air Trigger, Lasting Impression, Tracking Module","Cluster Bomb, Collective Demolition, Reaper's Tithe",5,1,128,Air Trigger+Cluster Bomb | Cluster Bomb+Tracking Module | Collective Demolition+Tracking Module | Lasting Impression+Reaper's Tithe | Reaper's Tithe+Tracking Module,1889005379
643,Blowout,preferred,Rocket Launcher,Arc,0,0,1,0,1,"Sympathetic Arsenal, Thresh, Turnabout","Lasting Impression, Multikill Clip, Swashbuckler",8,1,1083,Lasting Impression+Thresh | Lasting Impression+Turnabout | Multikill Clip+Sympathetic Arsenal | Multikill Clip+Thresh | Multikill Clip+Turnabout | Swashbuckler+Sympathetic Arsenal | Swashbuckler+Thresh | Swashbuckler+Turnabout,1903182562
644,Sarpedon-D,preferred,Hand Cannon,Arc,1,0,1,0,1,"Lead From Light, Proximity Power, To the Pain","One-Two Punch, Rolling Storm, Trench Barrel",8,1,115,Lead From Light+One-Two Punch | Lead From Light+Trench Barrel | One-Two Punch+Proximity Power | One-Two Punch+To the Pain | Proximity Power+Rolling Storm | Proximity Power+Trench Barrel | Rolling Storm+To the Pain | To the Pain+Trench Barrel,3318545829
645,Eighty-Six,preferred,Sword,Strand,1,0,0,0,1,"Duelist's Trance, Flash Counter, Lead From Light","Attrition Orbs, Binary Orbit, Redirection",6,1,251,Attrition Orbs+Duelist's Trance | Attrition Orbs+Flash Counter | Binary Orbit+Duelist's Trance | Binary Orbit+Flash Counter | Flash Counter+Redirection | Lead From Light+Redirection,2344383760
646,Cataphract GL3,preferred,Grenade Launcher,Strand,1,0,0,0,1,"Envious Arsenal, Lead From Light, Quickdraw","Bait and Switch, Explosive Light, Vorpal Weapon",6,1,366,Bait and Switch+Lead From Light | Bait and Switch+Quickdraw | Envious Arsenal+Explosive Light | Envious Arsenal+Vorpal Weapon | Explosive Light+Lead From Light | Lead From Light+Vorpal Weapon,3805679279
647,Gunburn,preferred,Submachine Gun,Kinetic,1,0,0,0,1,"Lead From Light, Recycled Energy, Stats for All","Kinetic Tremors, Wellspring",3,1,252,Kinetic Tremors+Stats for All | Lead From Light+Wellspring | Recycled Energy+Wellspring,3431536253
648,Unfall,preferred,Sidearm,Arc,1,0,1,0,1,"Lead from Gold, Reverberation, Sleight of Hand","Binary Orbit, Master of Arms, One for All",6,1,102,Binary Orbit+Lead from Gold | Binary Orbit+Reverberation | Lead from Gold+Master of Arms | Master of Arms+Reverberation | Master of Arms+Sleight of Hand | One for All+Reverberation,738446555
649,Liturgy,preferred,Grenade Launcher,Stasis,1,0,0,0,1,"Envious Arsenal, Rimestealer, Slideways","Chill Clip, Lead from Gold, Swashbuckler",5,1,313,Chill Clip+Slideways | Envious Arsenal+Swashbuckler | Lead from Gold+Slideways | Rimestealer+Swashbuckler | Slideways+Swashbuckler,3377522331
650,The Palindrome,preferred,Hand Cannon,Arc,1,0,1,0,1,"Collective Demolition, Light Touch, Supercharged Magazine","Magnificent Howl, Opening Shot, Voltshot",7,1,170,Collective Demolition+Opening Shot | Collective Demolition+Voltshot | Light Touch+Magnificent Howl | Light Touch+Opening Shot | Magnificent Howl+Supercharged Magazine | Opening Shot+Supercharged Magazine | Supercharged Magazine+Voltshot,3303271523
651,Trendsetter,preferred,Auto Rifle,Arc,1,0,0,0,1,"Light Touch, Supercharged Magazine, Trickle Charge","Rampage, Tap the Trigger, Zen Moment",8,1,191,Light Touch+Rampage | Light Touch+Zen Moment | Rampage+Supercharged Magazine | Rampage+Trickle Charge | Supercharged Magazine+Tap the Trigger | Supercharged Magazine+Zen Moment | Tap the Trigger+Trickle Charge | Trickle Charge+Zen Moment,2863808104
652,Auric Disabler,preferred,Auto Rifle,Strand,1,0,0,0,1,"Dragonfly, Hatchling, Lone Wolf","Desperate Measures, Onslaught, Tap the Trigger",6,1,293,Desperate Measures+Dragonfly | Desperate Measures+Hatchling | Dragonfly+Tap the Trigger | Hatchling+Tap the Trigger | Lone Wolf+Onslaught | Lone Wolf+Tap the Trigger,702001725
653,The Immortal,preferred,Submachine Gun,Strand,1,0,0,0,1,"Dynamic Sway Reduction, Hatchling, Threat Detector","Lone Wolf, Master of Arms, Transcendent Moment",6,1,310,Dynamic Sway Reduction+Master of Arms | Hatchling+Master of Arms | Hatchling+Transcendent Moment | Lone Wolf+Threat Detector | Master of Arms+Threat Detector | Threat Detector+Transcendent Moment,2872063099
654,Qua Vinctus IV,preferred,Machine Gun,Strand,1,0,1,0,1,"Slice, Transcendent Moment, Triple Tap","Lone Wolf, Rewind Rounds, Strategist",6,1,99,Lone Wolf+Triple Tap | Rewind Rounds+Slice | Rewind Rounds+Transcendent Moment | Slice+Strategist | Strategist+Transcendent Moment | Strategist+Triple Tap,4176551594
655,Rapid Growth,preferred,Sniper Rifle,Arc,1,0,0,0,1,"Lucky Shot, Supercharged Magazine, Trickle Charge","Meganeura, Rolling Storm",5,1,177,Lucky Shot+Meganeura | Lucky Shot+Rolling Storm | Meganeura+Supercharged Magazine | Meganeura+Trickle Charge | Rolling Storm+Supercharged Magazine,3856342856
656,Fatebringer (Timelost),preferred,Hand Cannon,Kinetic,0,1,0,1,0,"Impromptu Ammunition, Osmosis, To the Pain","Binary Orbit, Magnificent Howl, One for All",7,1,329,Binary Orbit+Impromptu Ammunition | Binary Orbit+To the Pain | Impromptu Ammunition+Magnificent Howl | Impromptu Ammunition+One for All | Magnificent Howl+To the Pain | One for All+Osmosis | One for All+To the Pain,4219826183
657,Exalted Truth,preferred,Hand Cannon,Void,1,0,0,0,1,"Destabilizing Rounds, Moving Target, Withering Gaze","Magnificent Howl, One for All, Opening Shot",6,1,416,Destabilizing Rounds+Opening Shot | Magnificent Howl+Moving Target | Magnificent Howl+Withering Gaze | Moving Target+One for All | One for All+Withering Gaze | Opening Shot+Withering Gaze,3436626079
658,Vision of Confluence (Timelost),preferred,Scout Rifle,Solar,0,1,0,1,0,"Light Touch, Tunnel Vision, Zen Moment","Burning Ambition, Master of Arms, Paracausal Affinity",5,1,477,Burning Ambition+Zen Moment | Light Touch+Paracausal Affinity | Master of Arms+Tunnel Vision | Paracausal Affinity+Tunnel Vision | Paracausal Affinity+Zen Moment,337578911
659,Gnawing Hunger,preferred,Auto Rifle,Void,1,0,1,0,1,"Enlightened Action, Overflow, Withering Gaze","Master of Arms, Multikill Clip, Swashbuckler",5,1,378,Enlightened Action+Multikill Clip | Master of Arms+Withering Gaze | Multikill Clip+Overflow | Multikill Clip+Withering Gaze | Swashbuckler+Withering Gaze,214545213
660,Volta Bracket,preferred,Sniper Rifle,Strand,1,0,0,1,1,"Shoot to Loot, Subsistence, Triple Tap","Cascade Point, Mega Kill Clip, Rewind Rounds",9,1,617,Cascade Point+Shoot to Loot | Cascade Point+Subsistence | Cascade Point+Triple Tap | Mega Kill Clip+Shoot to Loot | Mega Kill Clip+Subsistence | Mega Kill Clip+Triple Tap | Rewind Rounds+Shoot to Loot | Rewind Rounds+Subsistence | Rewind Rounds+Triple Tap,3920310144
661,Tatara Gaze,preferred,Sniper Rifle,Arc,1,0,1,0,1,"Overflow, Quickdraw, Snapshot Sights","Mega Kill Clip, Triple Tap, Voltshot",7,1,180,Mega Kill Clip+Overflow | Mega Kill Clip+Snapshot Sights | Overflow+Triple Tap | Overflow+Voltshot | Quickdraw+Voltshot | Snapshot Sights+Triple Tap | Snapshot Sights+Voltshot,3595694326
662,21% Delirium,preferred,Machine Gun,Arc,1,0,1,0,1,"Overflow, Reconstruction, Trickle Charge","Gear Shift, Jolting Feedback, Mega Kill Clip",6,1,258,Gear Shift+Overflow | Gear Shift+Reconstruction | Jolting Feedback+Overflow | Jolting Feedback+Reconstruction | Mega Kill Clip+Reconstruction | Mega Kill Clip+Trickle Charge,3001598094
663,Zaouli's Bane (Harrowed),preferred,Hand Cannon,Solar,0,1,0,1,0,"Gutshot Straight, Hip-Fire Grip, Redirection","Incandescent, Meganeura, One for All",6,1,428,Gutshot Straight+One for All | Hip-Fire Grip+Incandescent | Hip-Fire Grip+Meganeura | Hip-Fire Grip+One for All | Meganeura+Redirection | One for All+Redirection,291092617
664,Fang of Ir Yût (Adept),preferred,Scout Rifle,Strand,0,1,0,1,0,"Surplus, Tear, Tunnel Vision","Binary Orbit, Meganeura, Sword Logic",5,1,629,Binary Orbit+Tunnel Vision | Meganeura+Tunnel Vision | Surplus+Sword Logic | Sword Logic+Tear | Sword Logic+Tunnel Vision,128782990
665,Death Adder,preferred,Submachine Gun,Solar,1,0,0,0,1,"Dynamic Sway Reduction, Feeding Frenzy, Mulligan","Eye of the Storm, Moving Target, Rangefinder",7,1,241,Dynamic Sway Reduction+Eye of the Storm | Dynamic Sway Reduction+Moving Target | Eye of the Storm+Feeding Frenzy | Eye of the Storm+Mulligan | Feeding Frenzy+Moving Target | Moving Target+Mulligan | Mulligan+Rangefinder,2742490609
666,Infinite Paths 8,preferred,Pulse Rifle,Arc,1,0,0,0,1,"Genesis, Moving Target, Threat Detector","Shield Disorient, Swashbuckler, Zen Moment",8,1,336,Genesis+Shield Disorient | Genesis+Swashbuckler | Genesis+Zen Moment | Moving Target+Shield Disorient | Moving Target+Swashbuckler | Moving Target+Zen Moment | Shield Disorient+Threat Detector | Threat Detector+Zen Moment,3233390913
667,Defiance of Yasmin (Harrowed),preferred,Sniper Rifle,Kinetic,0,1,0,1,0,"Ensemble, Shoot to Loot, Stopping Power","Moving Target, Opening Shot, Slickdraw",9,1,478,Ensemble+Moving Target | Ensemble+Opening Shot | Ensemble+Slickdraw | Moving Target+Shoot to Loot | Moving Target+Stopping Power | Opening Shot+Shoot to Loot | Opening Shot+Stopping Power | Shoot to Loot+Slickdraw | Slickdraw+Stopping Power,3503019618
668,The Third Axiom,preferred,Pulse Rifle,Arc,1,0,1,0,1,"Moving Target, Rangefinder, Zen Moment","Disruption Break, Sympathetic Arsenal, Thresh",9,1,1362,Disruption Break+Moving Target | Disruption Break+Rangefinder | Disruption Break+Zen Moment | Moving Target+Sympathetic Arsenal | Moving Target+Thresh | Rangefinder+Sympathetic Arsenal | Rangefinder+Thresh | Sympathetic Arsenal+Zen Moment | Thresh+Zen Moment,3744058588
669,Embraced Identity,preferred,Sniper Rifle,Void,1,0,0,1,1,"Permeability, Vorpal Weapon, Withering Gaze","Moving Target, Precision Instrument, Redirection",7,1,594,Moving Target+Permeability | Moving Target+Vorpal Weapon | Moving Target+Withering Gaze | Permeability+Precision Instrument | Permeability+Redirection | Precision Instrument+Withering Gaze | Redirection+Vorpal Weapon,2821677368
670,Watchful Eye,preferred,Machine Gun,Arc,1,0,0,0,1,"Field Prep, Mulligan, Wellspring","Killing Tally, Sword Logic, Target Lock",5,1,213,Field Prep+Killing Tally | Field Prep+Target Lock | Mulligan+Target Lock | Sword Logic+Wellspring | Target Lock+Wellspring,3058845782
671,Night Watch,preferred,Scout Rifle,Kinetic,1,0,1,0,1,"Snapshot Sights, Subsistence","Moving Target, Multikill Clip",2,1,326,Moving Target+Subsistence | Multikill Clip+Snapshot Sights,2916547559
672,Blowout,preferred,Rocket Launcher,Arc,0,0,1,0,1,"Danger Zone, Sympathetic Arsenal, Tracking Module","Multikill Clip, Swashbuckler, Vorpal Weapon",6,1,1083,Danger Zone+Multikill Clip | Danger Zone+Vorpal Weapon | Multikill Clip+Tracking Module | Swashbuckler+Tracking Module | Sympathetic Arsenal+Vorpal Weapon | Tracking Module+Vorpal Weapon,1903182562
673,The Keening,preferred,Sidearm,Arc,1,0,1,0,1,"Slideshot, Subsistence, Voltshot","High-Impact Reserves, Multikill Clip, Vorpal Weapon",8,1,407,High-Impact Reserves+Slideshot | High-Impact Reserves+Subsistence | High-Impact Reserves+Voltshot | Multikill Clip+Slideshot | Multikill Clip+Voltshot | Slideshot+Vorpal Weapon | Subsistence+Vorpal Weapon | Voltshot+Vorpal Weapon,3902351469
674,The Scholar,preferred,Scout Rifle,Kinetic,1,0,0,0,1,"Full Auto Trigger System, Pulse Monitor, Quickdraw","Elemental Capacitor, No Distractions, Snapshot Sights",5,1,172,Elemental Capacitor+Full Auto Trigger System | Full Auto Trigger System+Snapshot Sights | No Distractions+Pulse Monitor | No Distractions+Quickdraw | Pulse Monitor+Snapshot Sights,2478792241
675,Live Fire,preferred,Scout Rifle,Stasis,1,0,0,0,1,"Rapid Hit, Rimestealer, Subsistence","No Distractions, Shoot to Loot, To the Pain",9,1,156,No Distractions+Rapid Hit | No Distractions+Rimestealer | No Distractions+Subsistence | Rapid Hit+Shoot to Loot | Rapid Hit+To the Pain | Rimestealer+Shoot to Loot | Rimestealer+To the Pain | Shoot to Loot+Subsistence | Subsistence+To the Pain,3612142623
676,Mirror Imago (Adept),preferred,Submachine Gun,Strand,0,1,0,0,1,"Overflow, Recycled Energy, To the Pain","Offhand Strike, Permeability, Sword Logic",9,1,288,Offhand Strike+Overflow | Offhand Strike+Recycled Energy | Offhand Strike+To the Pain | Overflow+Permeability | Overflow+Sword Logic | Permeability+Recycled Energy | Permeability+To the Pain | Recycled Energy+Sword Logic | Sword Logic+To the Pain,4116546788
677,Doom of Chelchis (Harrowed),preferred,Scout Rifle,Void,0,1,0,1,0,"Rangefinder, Stats for All, Vorpal Weapon","Focused Fury, One for All, Withering Gaze",8,1,472,Focused Fury+Rangefinder | Focused Fury+Stats for All | Focused Fury+Vorpal Weapon | One for All+Rangefinder | One for All+Stats for All | One for All+Vorpal Weapon | Rangefinder+Withering Gaze | Stats for All+Withering Gaze,1184692845
678,Swordbreaker (Adept),preferred,Shotgun,Strand,0,1,0,1,0,"Elemental Capacitor, Paracausal Affinity, Slideshot","Barrel Constrictor, One-Two Punch, Opening Shot",5,1,560,Barrel Constrictor+Slideshot | Elemental Capacitor+One-Two Punch | One-Two Punch+Paracausal Affinity | Opening Shot+Paracausal Affinity | Opening Shot+Slideshot,1239700299
679,Deadlock,preferred,Shotgun,Stasis,1,0,1,0,1,"Offhand Strike, Perpetual Motion, Quickdraw","Closing Time, Master of Arms, One-Two Punch",6,1,444,Closing Time+Offhand Strike | Closing Time+Perpetual Motion | Master of Arms+Perpetual Motion | Offhand Strike+One-Two Punch | One-Two Punch+Perpetual Motion | One-Two Punch+Quickdraw,3926987546
680,Found Verdict (Timelost),preferred,Shotgun,Arc,0,1,0,1,0,"Rewind Rounds, Supercharged Magazine, Threat Remover","One-Two Punch, Rolling Storm, Trench Barrel",7,1,369,One-Two Punch+Rewind Rounds | One-Two Punch+Supercharged Magazine | One-Two Punch+Threat Remover | Rewind Rounds+Rolling Storm | Rewind Rounds+Trench Barrel | Rolling Storm+Threat Remover | Supercharged Magazine+Trench Barrel,851296754
681,Phoneutria Fera,preferred,Hand Cannon,Solar,1,0,0,0,1,"Proximity Power, Slideshot, Transcendent Moment","Incandescent, One-Two Punch",3,1,241,Incandescent+Proximity Power | Incandescent+Slideshot | One-Two Punch+Transcendent Moment,3804242795
682,Breakneck,preferred,Auto Rifle,Kinetic,1,0,1,0,1,"Encore, Shoot to Loot, Under Pressure","Attrition Orbs, Deconstruct, Onslaught",6,1,893,Attrition Orbs+Encore | Attrition Orbs+Shoot to Loot | Attrition Orbs+Under Pressure | Deconstruct+Shoot to Loot | Onslaught+Shoot to Loot | Onslaught+Under Pressure,2026755633
683,Rose,preferred,Hand Cannon,Kinetic,1,0,1,0,1,Outlaw,Polymer Grip,1,1,1,Outlaw+Polymer Grip,2429822976
684,Forced Memorializer,preferred,Scout Rifle,Kinetic,1,0,1,0,1,"Auto-Loading Holster, Rapid Hit, Shoot to Loot","Ancillary Ordinance, Outlaw",4,1,149,Ancillary Ordinance+Rapid Hit | Auto-Loading Holster+Outlaw | Outlaw+Rapid Hit | Outlaw+Shoot to Loot,1197073834
685,The Beacon,preferred,Fusion Rifle,Solar,1,0,0,0,1,"Collective Pugilism, Overflow, Rewind Rounds","Closing Time, Deconstruct, Successful Warm-Up",5,1,227,Closing Time+Rewind Rounds | Collective Pugilism+Successful Warm-Up | Deconstruct+Overflow | Overflow+Successful Warm-Up | Rewind Rounds+Successful Warm-Up,2161618499
686,Python,preferred,Shotgun,Void,1,0,1,0,1,"Dimensional Shift, Overflow, Slideshot","Destabilizing Rounds, Swashbuckler, Withering Gaze",5,1,383,Destabilizing Rounds+Overflow | Dimensional Shift+Swashbuckler | Overflow+Withering Gaze | Slideshot+Swashbuckler | Slideshot+Withering Gaze,4276696962
687,Briar's Contempt (Adept),preferred,Linear Fusion Rifle,Solar,0,1,0,1,0,"Burning Ambition, Incandescent, Slideshot","Adagio, Paracausal Affinity, Surrounded",8,1,558,Adagio+Burning Ambition | Adagio+Slideshot | Burning Ambition+Paracausal Affinity | Burning Ambition+Surrounded | Incandescent+Paracausal Affinity | Incandescent+Surrounded | Paracausal Affinity+Slideshot | Slideshot+Surrounded,2890082420
688,Taraxippos,preferred,Scout Rifle,Strand,1,0,0,0,1,"Keep Away, Perfect Float, Zen Moment","Hatchling, High Ground, Tear",8,1,379,Hatchling+Perfect Float | Hatchling+Zen Moment | High Ground+Keep Away | High Ground+Perfect Float | High Ground+Zen Moment | Keep Away+Tear | Perfect Float+Tear | Tear+Zen Moment,4148460558
689,The Slammer,preferred,Sword,Stasis,1,0,1,0,1,"Eager Edge, Pugilist, Thresh","Bait and Switch, Collective Action, Permeability",5,1,155,Bait and Switch+Eager Edge | Collective Action+Eager Edge | Collective Action+Thresh | Permeability+Pugilist | Permeability+Thresh,2889501828
690,Warden's Law,preferred,Hand Cannon,Kinetic,1,0,1,0,1,"Discord, Moving Target, Perpetual Motion","Frenzy, Shot Swap, Zen Moment",5,1,391,Discord+Frenzy | Frenzy+Perpetual Motion | Moving Target+Shot Swap | Perpetual Motion+Shot Swap | Perpetual Motion+Zen Moment,1821529912
691,No Hesitation,preferred,Auto Rifle,Solar,1,0,0,1,1,"Ensemble, Physic, Target Lock","Attrition Orbs, Elemental Honing, Surrounded",5,1,702,Attrition Orbs+Ensemble | Elemental Honing+Ensemble | Ensemble+Surrounded | Physic+Surrounded | Surrounded+Target Lock,1801007332
692,Forgiveness,preferred,Sidearm,Arc,1,0,0,0,1,"Proximity Power, Tap the Trigger, Voltshot","Adrenaline Junkie, Precision Instrument, Surrounded",8,1,378,Adrenaline Junkie+Proximity Power | Adrenaline Junkie+Tap the Trigger | Precision Instrument+Proximity Power | Precision Instrument+Tap the Trigger | Precision Instrument+Voltshot | Proximity Power+Surrounded | Surrounded+Tap the Trigger | Surrounded+Voltshot,1552443158
693,Precipial,preferred,Shotgun,Void,1,0,0,0,1,"Lone Wolf, Proximity Power, Reconstruction","Discord, Opening Shot, Slideshot",7,1,398,Discord+Lone Wolf | Discord+Proximity Power | Lone Wolf+Slideshot | Opening Shot+Proximity Power | Opening Shot+Reconstruction | Proximity Power+Slideshot | Reconstruction+Slideshot,367772693
694,Sarpedon-D,preferred,Hand Cannon,Arc,1,0,1,0,1,"Lead From Light, Proximity Power, To the Pain","Desperate Measures, Voltshot",4,1,115,Desperate Measures+Lead From Light | Lead From Light+Voltshot | Proximity Power+Voltshot | To the Pain+Voltshot,3318545829
695,Aberrant Action,preferred,Sidearm,Solar,1,0,0,1,1,"Beacon Rounds, Heal Clip, Pugilist","Empty Traits Socket, Incandescent, Reverberation",8,1,703,Beacon Rounds+Empty Traits Socket | Beacon Rounds+Incandescent | Beacon Rounds+Reverberation | Empty Traits Socket+Heal Clip | Empty Traits Socket+Pugilist | Heal Clip+Reverberation | Incandescent+Pugilist | Pugilist+Reverberation,2198166292
696,Double-Edged Answer,preferred,Sword,Void,0,0,1,0,1,"Demolitionist, Pugilist, Repulsor Brace","Assassin's Blade, Valiant Charge, Whirlwind Blade",8,1,1022,Assassin's Blade+Demolitionist | Assassin's Blade+Repulsor Brace | Demolitionist+Valiant Charge | Demolitionist+Whirlwind Blade | Pugilist+Valiant Charge | Pugilist+Whirlwind Blade | Repulsor Brace+Valiant Charge | Repulsor Brace+Whirlwind Blade,105164264
697,Gunnora's Axe,preferred,Shotgun,Arc,1,0,0,0,1,"Outlaw, Pulse Monitor, Threat Detector","Slideshot, Swashbuckler, Triple Tap",8,1,567,Outlaw+Slideshot | Outlaw+Swashbuckler | Outlaw+Triple Tap | Pulse Monitor+Slideshot | Pulse Monitor+Swashbuckler | Pulse Monitor+Triple Tap | Slideshot+Threat Detector | Threat Detector+Triple Tap,2326716489
698,Patron of Lost Causes,preferred,Scout Rifle,Kinetic,1,0,0,0,1,"Mulligan, Pulse Monitor, Rapid Hit","Elemental Capacitor, Explosive Payload, Under Pressure",6,1,234,Elemental Capacitor+Mulligan | Elemental Capacitor+Pulse Monitor | Elemental Capacitor+Rapid Hit | Explosive Payload+Pulse Monitor | Pulse Monitor+Under Pressure | Rapid Hit+Under Pressure,2723241847
699,Tatara Gaze,preferred,Sniper Rifle,Arc,1,0,1,0,1,"Impromptu Ammunition, Light Touch, Quickdraw","Closing Time, Elemental Honing, Redirection",7,1,180,Closing Time+Impromptu Ammunition | Closing Time+Light Touch | Closing Time+Quickdraw | Elemental Honing+Impromptu Ammunition | Elemental Honing+Quickdraw | Light Touch+Redirection | Quickdraw+Redirection,3595694326
700,Strident Whistle,preferred,Combat Bow,Solar,0,0,1,0,1,"Archer's Tempo, Quickdraw, Sneak Bow","Incandescent, Successful Warm-Up, Vorpal Weapon",8,1,1101,Archer's Tempo+Incandescent | Archer's Tempo+Successful Warm-Up | Archer's Tempo+Vorpal Weapon | Incandescent+Quickdraw | Quickdraw+Successful Warm-Up | Quickdraw+Vorpal Weapon | Sneak Bow+Successful Warm-Up | Sneak Bow+Vorpal Weapon,2591241074
701,Doomsday,preferred,Grenade Launcher,Arc,1,0,1,0,1,"Eddy Current, Snapshot Sights, Supercharged Magazine","Chain Reaction, Full Court, Quickdraw",4,1,218,Chain Reaction+Snapshot Sights | Eddy Current+Quickdraw | Full Court+Snapshot Sights | Quickdraw+Supercharged Magazine,713132408
702,Stryker's Sure-Hand,preferred,Sword,Void,1,0,1,0,1,"Rampage, Repulsor Brace, Sharp Harvest","Destabilizing Rounds, Redirection, Whirlwind Blade",7,1,278,Destabilizing Rounds+Rampage | Destabilizing Rounds+Sharp Harvest | Rampage+Redirection | Rampage+Whirlwind Blade | Redirection+Repulsor Brace | Redirection+Sharp Harvest | Sharp Harvest+Whirlwind Blade,2490460292
703,The Title,preferred,Submachine Gun,Void,1,0,0,0,1,"Recycled Energy, Threat Detector, To the Pain","Rangefinder, Surrounded, Under Pressure",7,1,348,Rangefinder+Recycled Energy | Rangefinder+Threat Detector | Recycled Energy+Surrounded | Recycled Energy+Under Pressure | Surrounded+To the Pain | Threat Detector+Under Pressure | To the Pain+Under Pressure,4106258882
704,Redrix's Estoc,preferred,Pulse Rifle,Stasis,1,0,1,0,1,"Lone Wolf, Perpetual Motion, Rimestealer","Desperado, Headseeker, Rapid Hit",6,1,407,Desperado+Perpetual Motion | Desperado+Rimestealer | Headseeker+Rimestealer | Lone Wolf+Rapid Hit | Perpetual Motion+Rapid Hit | Rapid Hit+Rimestealer,3218364298
705,Sixth Sense,preferred,Hand Cannon,Strand,1,0,0,0,1,"Built to Blast, Lucky Shot, Rapid Hit","Dragonfly, Meganeura, Tear",5,1,337,Built to Blast+Dragonfly | Built to Blast+Meganeura | Dragonfly+Lucky Shot | Dragonfly+Rapid Hit | Rapid Hit+Tear,4032097591
706,Solemn Lie,preferred,Hand Cannon,Arc,1,0,1,0,1,"Quickdraw, Slideshot, Trickle Charge","Elemental Capacitor, Rapid Hit, Snapshot Sights",8,1,406,Elemental Capacitor+Quickdraw | Elemental Capacitor+Slideshot | Elemental Capacitor+Trickle Charge | Quickdraw+Rapid Hit | Rapid Hit+Slideshot | Rapid Hit+Trickle Charge | Slideshot+Snapshot Sights | Snapshot Sights+Trickle Charge,1041028435
707,Theodolite,preferred,Grenade Launcher,Arc,1,0,1,0,1,"Blast Distributor, Reverberation, Transcendent Moment","Reaper's Tithe, Rolling Storm, Voltshot",7,1,153,Blast Distributor+Rolling Storm | Reaper's Tithe+Reverberation | Reaper's Tithe+Transcendent Moment | Reverberation+Rolling Storm | Reverberation+Voltshot | Rolling Storm+Transcendent Moment | Transcendent Moment+Voltshot,4146673635
708,Salvager's Salvo,preferred,Grenade Launcher,Arc,1,0,1,0,1,"Chain Reaction, Trickle Charge, Unrelenting","Reaper's Tithe, Rolling Storm, Vorpal Weapon",7,1,180,Chain Reaction+Rolling Storm | Chain Reaction+Vorpal Weapon | Reaper's Tithe+Trickle Charge | Reaper's Tithe+Unrelenting | Rolling Storm+Unrelenting | Trickle Charge+Vorpal Weapon | Unrelenting+Vorpal Weapon,2461640837
709,Someday,preferred,Shotgun,Kinetic,1,0,0,1,1,"Loose Change, Slickdraw, Strategist","Closing Time, Collective Action, Recombination",5,1,697,Closing Time+Loose Change | Closing Time+Slickdraw | Collective Action+Slickdraw | Recombination+Slickdraw | Recombination+Strategist,3232203524
710,Forthcoming Deviance (Adept),preferred,Glaive,Void,0,1,0,1,0,"Demolitionist, Reconstruction, Repulsor Brace","Chaos Reshaped, Close to Melee, Unstoppable Force",7,1,403,Chaos Reshaped+Demolitionist | Chaos Reshaped+Repulsor Brace | Close to Melee+Demolitionist | Close to Melee+Repulsor Brace | Demolitionist+Unstoppable Force | Reconstruction+Unstoppable Force | Repulsor Brace+Unstoppable Force,3123651616
711,Mirror Imago (Adept),preferred,Submachine Gun,Strand,0,1,0,0,1,"Recycled Energy, Subsistence, To the Pain","Offhand Strike, Permeability, Unrelenting",5,1,288,Offhand Strike+Subsistence | Permeability+Subsistence | Recycled Energy+Unrelenting | Subsistence+Unrelenting | To the Pain+Unrelenting,4116546788
712,Sorrow's Verse,preferred,Auto Rifle,Arc,1,0,1,0,1,"Dynamic Sway Reduction, Recycled Energy, Subsistence","Kill Clip, Rampage, Voltshot",7,1,476,Dynamic Sway Reduction+Kill Clip | Dynamic Sway Reduction+Voltshot | Kill Clip+Recycled Energy | Kill Clip+Subsistence | Rampage+Recycled Energy | Recycled Energy+Voltshot | Subsistence+Voltshot,2557966895
713,Festival Flight,preferred,Grenade Launcher,Strand,1,0,0,0,1,"Recycled Energy, Transcendent Moment","Attrition Orbs, Hatchling, Vorpal Weapon",5,1,366,Attrition Orbs+Recycled Energy | Attrition Orbs+Transcendent Moment | Hatchling+Recycled Energy | Recycled Energy+Vorpal Weapon | Transcendent Moment+Vorpal Weapon,4019651319
714,Admetus-D,preferred,Scout Rifle,Void,1,0,0,0,1,"Rapid Hit, Recycled Energy, Repulsor Brace","Closing Time, Elemental Honing, Withering Gaze",7,1,290,Closing Time+Rapid Hit | Closing Time+Recycled Energy | Closing Time+Repulsor Brace | Elemental Honing+Recycled Energy | Elemental Honing+Repulsor Brace | Rapid Hit+Withering Gaze | Recycled Energy+Withering Gaze,3776430252
715,The Heron,preferred,Glaive,Void,1,0,0,0,1,"Overflow, Replenishing Aegis, Repulsor Brace","Redirection, Sword Logic, Unrelenting",7,1,186,Overflow+Redirection | Overflow+Unrelenting | Redirection+Replenishing Aegis | Replenishing Aegis+Sword Logic | Replenishing Aegis+Unrelenting | Repulsor Brace+Sword Logic | Repulsor Brace+Unrelenting,2246386812
716,Nasreddin,preferred,Sword,Arc,1,0,0,0,1,"Relentless Strikes, Sharp Harvest, Tireless Blade","Eager Edge, Rolling Storm, Surrounded",8,1,338,Eager Edge+Relentless Strikes | Eager Edge+Tireless Blade | Relentless Strikes+Rolling Storm | Relentless Strikes+Surrounded | Rolling Storm+Sharp Harvest | Rolling Storm+Tireless Blade | Sharp Harvest+Surrounded | Surrounded+Tireless Blade,1979417829
717,Abyssal Edge,preferred,Sword,Strand,1,0,0,0,1,"Relentless Strikes, Tireless Blade, Valiant Charge","Elemental Honing, Redirection, Sword Logic",8,1,276,Elemental Honing+Relentless Strikes | Elemental Honing+Tireless Blade | Elemental Honing+Valiant Charge | Redirection+Tireless Blade | Redirection+Valiant Charge | Relentless Strikes+Sword Logic | Sword Logic+Tireless Blade | Sword Logic+Valiant Charge,4221591387
718,Boomslang-4fr,preferred,Linear Fusion Rifle,Arc,1,0,1,0,1,"Envious Arsenal, Rolling Storm, Transcendent Moment","Jolting Feedback, Reservoir Burst, Successful Warm-Up",6,1,173,Envious Arsenal+Jolting Feedback | Envious Arsenal+Reservoir Burst | Envious Arsenal+Successful Warm-Up | Reservoir Burst+Rolling Storm | Rolling Storm+Successful Warm-Up | Successful Warm-Up+Transcendent Moment,3926153598
719,Lotus-Eater,preferred,Sidearm,Void,1,0,1,0,1,"Feeding Frenzy, Repulsor Brace, Shoot to Loot","Adrenaline Junkie, High Ground, Reverberation",5,1,237,Adrenaline Junkie+Repulsor Brace | Feeding Frenzy+Reverberation | High Ground+Repulsor Brace | Repulsor Brace+Reverberation | Reverberation+Shoot to Loot,3922217119
720,Cynosure,preferred,Rocket Launcher,Strand,1,0,1,0,1,"Ambitious Assassin, Sympathetic Arsenal, Tracking Module","Adrenaline Junkie, Desperate Measures, Reverberation",7,1,773,Adrenaline Junkie+Ambitious Assassin | Adrenaline Junkie+Sympathetic Arsenal | Adrenaline Junkie+Tracking Module | Ambitious Assassin+Desperate Measures | Ambitious Assassin+Reverberation | Reverberation+Sympathetic Arsenal | Reverberation+Tracking Module,694275488
721,Cry Mutiny,preferred,Grenade Launcher,Solar,1,0,1,0,1,"Blast Distributor, Incandescent, Reverberation","Adrenaline Junkie, Surrounded, Vorpal Weapon",6,1,326,Adrenaline Junkie+Reverberation | Blast Distributor+Surrounded | Blast Distributor+Vorpal Weapon | Incandescent+Vorpal Weapon | Reverberation+Surrounded | Reverberation+Vorpal Weapon,768696858
722,Rapid Growth,preferred,Sniper Rifle,Arc,1,0,0,0,1,"Fourth Time's the Charm, Light Touch, Snapshot Sights","Aggregate Charge, Meganeura, Rolling Storm",7,1,177,Aggregate Charge+Fourth Time's the Charm | Aggregate Charge+Light Touch | Aggregate Charge+Snapshot Sights | Fourth Time's the Charm+Rolling Storm | Light Touch+Rolling Storm | Meganeura+Snapshot Sights | Rolling Storm+Snapshot Sights,3856342856
723,Oversoul Edict (Adept),preferred,Pulse Rifle,Arc,0,1,0,1,0,"Enlightened Action, Eye of the Storm, Rolling Storm","Gear Shift, Jolting Feedback, Sword Logic",4,1,489,Enlightened Action+Gear Shift | Enlightened Action+Jolting Feedback | Eye of the Storm+Sword Logic | Rolling Storm+Sword Logic,578105049
724,Sublimation,preferred,Scout Rifle,Arc,1,0,0,0,1,"Demolitionist, Impromptu Ammunition, Sympathetic Arsenal","Explosive Payload, Rolling Storm, Voltshot",8,1,268,Demolitionist+Explosive Payload | Demolitionist+Rolling Storm | Demolitionist+Voltshot | Explosive Payload+Impromptu Ammunition | Impromptu Ammunition+Rolling Storm | Impromptu Ammunition+Voltshot | Rolling Storm+Sympathetic Arsenal | Sympathetic Arsenal+Voltshot,1674692344
725,Phyllotactic Spiral,preferred,Pulse Rifle,Arc,1,0,0,1,1,"Compulsive Reloader, Tunnel Vision, Under-Over","Kill Clip, Rolling Storm, Voltshot",7,1,774,Compulsive Reloader+Kill Clip | Compulsive Reloader+Rolling Storm | Compulsive Reloader+Voltshot | Rolling Storm+Tunnel Vision | Rolling Storm+Under-Over | Tunnel Vision+Voltshot | Under-Over+Voltshot,3635821806
726,Last Man Standing,preferred,Shotgun,Solar,1,0,1,0,1,"Compulsive Reloader, Opening Shot, Threat Detector","Discord, Shot Swap, Swashbuckler",5,1,331,Compulsive Reloader+Swashbuckler | Discord+Threat Detector | Opening Shot+Shot Swap | Opening Shot+Swashbuckler | Shot Swap+Threat Detector,4287947559
727,Mindbender's Ambition,preferred,Shotgun,Solar,1,0,1,0,1,"Auto-Loading Holster, Slideways, Threat Detector","Fragile Focus, Steady Hands, Well-Rounded",7,1,242,Auto-Loading Holster+Fragile Focus | Fragile Focus+Slideways | Fragile Focus+Threat Detector | Slideways+Steady Hands | Slideways+Well-Rounded | Steady Hands+Threat Detector | Threat Detector+Well-Rounded,1094005544
728,Main Ingredient,preferred,Fusion Rifle,Arc,1,0,1,0,1,"Auto-Loading Holster, Moving Target, Snapshot Sights","Backup Plan, High-Impact Reserves, Tap the Trigger",6,1,479,Auto-Loading Holster+Backup Plan | Backup Plan+Moving Target | Backup Plan+Snapshot Sights | High-Impact Reserves+Snapshot Sights | Moving Target+Tap the Trigger | Snapshot Sights+Tap the Trigger,253196586
729,Retrofuturist,preferred,Shotgun,Void,1,0,1,0,1,"Dual Loader, Quickdraw, Stats for All","Destabilizing Rounds, High Ground, Trench Barrel",7,1,1011,Destabilizing Rounds+Dual Loader | Destabilizing Rounds+Quickdraw | Destabilizing Rounds+Stats for All | Dual Loader+High Ground | High Ground+Quickdraw | High Ground+Stats for All | Stats for All+Trench Barrel,1612781792
730,Resounding,preferred,Fusion Rifle,Strand,1,0,1,0,1,"Ambitious Assassin, Subsistence, Threat Detector","Reservoir Burst, Strategist, Surrounded",6,1,357,Ambitious Assassin+Strategist | Ambitious Assassin+Surrounded | Reservoir Burst+Subsistence | Reservoir Burst+Threat Detector | Strategist+Subsistence | Strategist+Threat Detector,3273807888
731,Lubrae's Ruin (Adept),preferred,Glaive,Solar,0,1,0,1,0,"Grave Robber, Tilting at Windmills, Turnabout","Swashbuckler, Unstoppable Force, Wellspring",6,1,374,Grave Robber+Wellspring | Swashbuckler+Tilting at Windmills | Tilting at Windmills+Unstoppable Force | Tilting at Windmills+Wellspring | Turnabout+Unstoppable Force | Turnabout+Wellspring,1466006054
732,Keraunios,preferred,Trace Rifle,Arc,1,0,0,0,1,"Overflow, Rewind Rounds, Trickle Charge","Butterfly, Target Lock",4,1,162,Butterfly+Rewind Rounds | Overflow+Target Lock | Rewind Rounds+Target Lock | Target Lock+Trickle Charge,2386208942
733,Chroma Rush,preferred,Auto Rifle,Kinetic,1,0,0,0,1,"Dynamic Sway Reduction, To the Pain, Tunnel Vision","Kinetic Tremors, Target Lock",5,1,428,Dynamic Sway Reduction+Kinetic Tremors | Kinetic Tremors+To the Pain | Kinetic Tremors+Tunnel Vision | Target Lock+To the Pain | Target Lock+Tunnel Vision,2598420927
734,Gnawing Hunger,preferred,Auto Rifle,Void,1,0,1,0,1,"Repulsor Brace, Subsistence, Withering Gaze","Dynamic Sway Reduction, Rampage, Target Lock",6,1,378,Dynamic Sway Reduction+Subsistence | Dynamic Sway Reduction+Withering Gaze | Rampage+Repulsor Brace | Rampage+Withering Gaze | Repulsor Brace+Target Lock | Target Lock+Withering Gaze,214545213
735,Submission (Adept),preferred,Submachine Gun,Kinetic,0,1,0,1,0,"Steady Hands, Subsistence, Turnabout","Bait and Switch, Chaos Reshaped, Thresh",8,1,499,Bait and Switch+Subsistence | Bait and Switch+Turnabout | Chaos Reshaped+Steady Hands | Chaos Reshaped+Subsistence | Chaos Reshaped+Turnabout | Steady Hands+Thresh | Subsistence+Thresh | Thresh+Turnabout,1941816543
736,Bad Omens,preferred,Rocket Launcher,Void,1,0,1,0,1,"Auto-Loading Holster, Light Touch, Tracking Module","Kill Clip, Quickdraw, Withering Gaze",6,1,225,Auto-Loading Holster+Kill Clip | Auto-Loading Holster+Withering Gaze | Kill Clip+Tracking Module | Light Touch+Withering Gaze | Quickdraw+Tracking Module | Tracking Module+Withering Gaze,1996201272
737,Veles-X,preferred,Pulse Rifle,Void,1,0,1,0,1,"To the Pain, Tunnel Vision, Wellspring","Eye of the Storm, Firefly, Withering Gaze",9,1,371,Eye of the Storm+To the Pain | Eye of the Storm+Tunnel Vision | Eye of the Storm+Wellspring | Firefly+To the Pain | Firefly+Tunnel Vision | Firefly+Wellspring | To the Pain+Withering Gaze | Tunnel Vision+Withering Gaze | Wellspring+Withering Gaze,438540299
738,Horror's Least,preferred,Pulse Rifle,Arc,1,0,1,0,1,"Heating Up, Steady Hands, Zen Moment","High-Impact Reserves, Kill Clip, Turnabout",6,1,444,Heating Up+High-Impact Reserves | Heating Up+Kill Clip | High-Impact Reserves+Steady Hands | High-Impact Reserves+Zen Moment | Steady Hands+Turnabout | Turnabout+Zen Moment,216983039
739,Yesteryear,preferred,Pulse Rifle,Void,1,0,1,0,1,"Ambitious Assassin, Ensemble, Under Pressure","Gutshot Straight, Repulsor Brace, Under-Over",4,1,1054,Ambitious Assassin+Repulsor Brace | Ambitious Assassin+Under-Over | Ensemble+Gutshot Straight | Under Pressure+Under-Over,4028000428
740,Positive Outlook,preferred,Auto Rifle,Void,1,0,1,0,1,"Dynamic Sway Reduction, Tunnel Vision, Zen Moment","Adaptive Munitions, Cascade Point, Destabilizing Rounds",7,2,963,Adaptive Munitions+Dynamic Sway Reduction | Adaptive Munitions+Tunnel Vision | Adaptive Munitions+Zen Moment | Cascade Point+Tunnel Vision | Destabilizing Rounds+Dynamic Sway Reduction | Destabilizing Rounds+Tunnel Vision | Destabilizing Rounds+Zen Moment,491078457
741,Crisis Inverted,preferred,Hand Cannon,Arc,0,0,1,0,1,"Heating Up, Outlaw, Steady Hands","Adaptive Munitions, Opening Shot, Turnabout",8,2,1566,Adaptive Munitions+Heating Up | Adaptive Munitions+Outlaw | Adaptive Munitions+Steady Hands | Heating Up+Opening Shot | Heating Up+Turnabout | Opening Shot+Outlaw | Opening Shot+Steady Hands | Outlaw+Turnabout,2888266564
742,Embraced Identity,preferred,Sniper Rifle,Void,1,0,0,1,1,"Destabilizing Rounds, Opening Shot, Rewind Rounds","Aggregate Charge, Box Breathing, High Ground",5,2,594,Aggregate Charge+Destabilizing Rounds | Aggregate Charge+Opening Shot | Aggregate Charge+Rewind Rounds | Box Breathing+Rewind Rounds | Destabilizing Rounds+High Ground,2821677368
743,Corrective Measure (Timelost),preferred,Machine Gun,Void,0,1,0,1,0,"Dimensional Shift, Firefly, Redirection","Aggregate Charge, Butterfly, Demoralize",5,2,367,Aggregate Charge+Dimensional Shift | Aggregate Charge+Firefly | Aggregate Charge+Redirection | Butterfly+Firefly | Demoralize+Firefly,2334480463
744,Romantic Death,preferred,Grenade Launcher,Void,1,0,0,0,1,"Repulsor Brace, Reverberation, Stats for All","Aggregate Charge, Destabilizing Rounds, Impulse Amplifier",6,2,296,Aggregate Charge+Repulsor Brace | Aggregate Charge+Reverberation | Aggregate Charge+Stats for All | Destabilizing Rounds+Reverberation | Impulse Amplifier+Repulsor Brace | Impulse Amplifier+Stats for All,2979965246
745,Wastelander M5,preferred,Shotgun,Kinetic,1,0,0,1,1,"Air Assault, Dual Loader, Perpetual Motion","Harmony, Killing Wind, Trench Barrel",6,2,509,Air Assault+Harmony | Air Assault+Killing Wind | Air Assault+Trench Barrel | Dual Loader+Harmony | Killing Wind+Perpetual Motion | Perpetual Motion+Trench Barrel,1679868061
746,Acosmic,preferred,Grenade Launcher,Void,1,0,0,0,1,"Air Trigger, Reverberation, Withering Gaze","Cascade Point, Deconstruct, Explosive Light",7,2,264,Air Trigger+Cascade Point | Air Trigger+Deconstruct | Air Trigger+Explosive Light | Cascade Point+Reverberation | Deconstruct+Reverberation | Deconstruct+Withering Gaze | Explosive Light+Reverberation,1106017703
747,Insurmountable,preferred,Sidearm,Void,1,0,0,0,1,"Air Trigger, Lone Wolf, To the Pain","Harmony, One for All, Rampage",6,2,507,Air Trigger+Harmony | Air Trigger+One for All | Air Trigger+Rampage | Harmony+To the Pain | Lone Wolf+One for All | Lone Wolf+Rampage,2596736862
748,Live Fire,preferred,Scout Rifle,Stasis,1,0,0,0,1,"Air Trigger, Rimestealer, Subsistence","Headstone, Offhand Strike",4,2,156,Air Trigger+Headstone | Air Trigger+Offhand Strike | Headstone+Subsistence | Offhand Strike+Rimestealer,3612142623
749,Reckless Endangerment,preferred,Shotgun,Kinetic,1,0,1,0,1,"Barrel Constrictor, Bewildering Burst, Steady Hands","All-Star, Snapshot Sights, Swashbuckler",3,2,291,All-Star+Steady Hands | Barrel Constrictor+Swashbuckler | Bewildering Burst+Snapshot Sights,3085559077
750,Royal Entry,preferred,Rocket Launcher,Void,0,0,1,0,1,"Impulse Amplifier, Moving Target, Threat Detector","Ambitious Assassin, Chain Reaction, Clown Cartridge",6,2,674,Ambitious Assassin+Impulse Amplifier | Ambitious Assassin+Moving Target | Chain Reaction+Impulse Amplifier | Chain Reaction+Moving Target | Clown Cartridge+Impulse Amplifier | Clown Cartridge+Threat Detector,2448907086
751,Trendsetter,preferred,Auto Rifle,Arc,1,0,0,0,1,"Ambitious Assassin, Outlaw","Rolling Storm, Zen Moment",4,2,191,Ambitious Assassin+Rolling Storm | Ambitious Assassin+Zen Moment | Outlaw+Rolling Storm | Outlaw+Zen Moment,2863808104
752,Strident Whistle,preferred,Combat Bow,Solar,0,0,1,0,1,"Archer's Tempo, Killing Wind, Quickdraw","Cornered, Turnabout, Wellspring",9,2,1101,Archer's Tempo+Cornered | Archer's Tempo+Turnabout | Archer's Tempo+Wellspring | Cornered+Killing Wind | Cornered+Quickdraw | Killing Wind+Turnabout | Killing Wind+Wellspring | Quickdraw+Turnabout | Quickdraw+Wellspring,2591241074
753,Albedo Wing,preferred,Glaive,Arc,1,0,0,0,1,"Clown Cartridge, Field Prep","Attrition Orbs, Golden Tricorn, Lead from Gold",4,2,225,Attrition Orbs+Clown Cartridge | Clown Cartridge+Golden Tricorn | Field Prep+Golden Tricorn | Field Prep+Lead from Gold,2680976411
754,Chivalric Fire,preferred,Sword,Void,1,0,1,0,1,"Collective Demolition, Dimensional Shift, Strategist","Attrition Orbs, Destabilizing Rounds",4,2,191,Attrition Orbs+Dimensional Shift | Attrition Orbs+Strategist | Collective Demolition+Destabilizing Rounds | Destabilizing Rounds+Strategist,938936806
755,Hardline Cut,preferred,Sword,Arc,1,0,0,0,1,"Assassin's Blade, Attrition Orbs, Proximity Power","Chain Reaction, Eager Edge, Surrounded",7,2,335,Assassin's Blade+Chain Reaction | Assassin's Blade+Eager Edge | Assassin's Blade+Surrounded | Attrition Orbs+Chain Reaction | Attrition Orbs+Eager Edge | Attrition Orbs+Surrounded | Eager Edge+Proximity Power,3461043766
756,Origin Story,preferred,Auto Rifle,Kinetic,1,0,1,0,1,"Attrition Orbs, Demolitionist, Discord","Onslaught, Pugilist, Swashbuckler",8,2,1056,Attrition Orbs+Onslaught | Attrition Orbs+Swashbuckler | Demolitionist+Onslaught | Demolitionist+Pugilist | Demolitionist+Swashbuckler | Discord+Onslaught | Discord+Pugilist | Discord+Swashbuckler,2826850739
757,Double-Edged Answer,preferred,Sword,Void,0,0,1,0,1,"Demolitionist, Flash Counter, Tireless Blade","Attrition Orbs, Counterattack, Destabilizing Rounds",6,2,1022,Attrition Orbs+Tireless Blade | Counterattack+Demolitionist | Counterattack+Tireless Blade | Demolitionist+Destabilizing Rounds | Destabilizing Rounds+Flash Counter | Destabilizing Rounds+Tireless Blade,105164264
758,The Mountaintop,preferred,Grenade Launcher,Kinetic,1,0,0,0,1,"Auto-Loading Holster, Demolitionist, Slickdraw","One for All, Rampage, Recombination",7,2,539,Auto-Loading Holster+One for All | Auto-Loading Holster+Rampage | Auto-Loading Holster+Recombination | Demolitionist+Rampage | Demolitionist+Recombination | One for All+Slickdraw | Rampage+Slickdraw,4043921923
759,Better Devils,preferred,Hand Cannon,Kinetic,1,0,1,0,1,"Auto-Loading Holster, Explosive Payload, Outlaw","Explosive Payload, Field Prep, Timed Payload",6,2,526,Auto-Loading Holster+Explosive Payload | Auto-Loading Holster+Field Prep | Auto-Loading Holster+Timed Payload | Explosive Payload+Timed Payload | Field Prep+Outlaw | Outlaw+Timed Payload,153979397
760,Tempered Dynamo,preferred,Fusion Rifle,Arc,1,0,1,0,1,"Backup Plan, Kickstart, Rewind Rounds","Gear Shift, Kill Clip",4,2,153,Backup Plan+Kill Clip | Gear Shift+Rewind Rounds | Kickstart+Kill Clip | Kill Clip+Rewind Rounds,2925315757
761,Trinary System,preferred,Fusion Rifle,Solar,0,0,1,0,1,"Slideways, Surplus, Under Pressure","Backup Plan, Disruption Break, Kill Clip",7,2,1281,Backup Plan+Slideways | Backup Plan+Surplus | Backup Plan+Under Pressure | Disruption Break+Slideways | Disruption Break+Under Pressure | Kill Clip+Slideways | Kill Clip+Surplus,3258665412
762,Felwinter's Lie,preferred,Shotgun,Solar,1,0,0,0,1,"Dual Loader, Slickdraw, Slideshot","Bait and Switch, Iron Reach, One-Two Punch",4,2,342,Bait and Switch+Dual Loader | Bait and Switch+Slickdraw | Iron Reach+Slideshot | One-Two Punch+Slickdraw,218787950
763,Insidious (Adept),preferred,Pulse Rifle,Arc,0,1,0,1,0,"Frenzy, Rolling Storm, Sleight of Hand","Bait and Switch, Turnabout, Vorpal Weapon",5,2,614,Bait and Switch+Frenzy | Frenzy+Turnabout | Rolling Storm+Turnabout | Rolling Storm+Vorpal Weapon | Sleight of Hand+Vorpal Weapon,786352912
764,Keen Thistle,preferred,Sniper Rifle,Solar,1,0,0,0,1,"Envious Arsenal, Lead from Gold, Triple Tap","Bait and Switch, Fourth Time's the Charm, Moving Target",5,2,425,Bait and Switch+Lead from Gold | Bait and Switch+Triple Tap | Envious Arsenal+Moving Target | Fourth Time's the Charm+Lead from Gold | Lead from Gold+Moving Target,2499834164
765,Peculiar Charm,preferred,Submachine Gun,Kinetic,1,0,1,0,1,"Lone Wolf, Shoot to Loot, Stopping Power","All-Star, Bewildering Burst, Desperado",4,2,210,All-Star+Lone Wolf | Bewildering Burst+Lone Wolf | Desperado+Shoot to Loot | Desperado+Stopping Power,3620277039
766,Praedyth's Revenge (Timelost),preferred,Sniper Rifle,Kinetic,0,1,0,1,0,"Bewildering Burst, Kinetic Tremors, Osmosis","Elemental Honing, Firefly, Precision Instrument",7,2,420,Bewildering Burst+Elemental Honing | Bewildering Burst+Precision Instrument | Elemental Honing+Kinetic Tremors | Elemental Honing+Osmosis | Firefly+Osmosis | Kinetic Tremors+Precision Instrument | Osmosis+Precision Instrument,2362652544
767,Inbound Surveillance,preferred,Scout Rifle,Kinetic,1,0,0,0,1,"Bewildering Burst, Lucky Shot, Shoot to Loot","Kinetic Tremors, Precision Instrument, Redirection",5,2,241,Bewildering Burst+Kinetic Tremors | Bewildering Burst+Redirection | Kinetic Tremors+Lucky Shot | Lucky Shot+Precision Instrument | Redirection+Shoot to Loot,2776506837
768,Found Verdict (Timelost),preferred,Shotgun,Arc,0,1,0,1,0,"Discord, Slideshot, Threat Remover","Binary Orbit, Desperate Measures, Gear Shift",8,2,369,Binary Orbit+Discord | Binary Orbit+Slideshot | Binary Orbit+Threat Remover | Desperate Measures+Discord | Desperate Measures+Slideshot | Desperate Measures+Threat Remover | Discord+Gear Shift | Gear Shift+Threat Remover,851296754
769,Motif-41,preferred,Grenade Launcher,Solar,1,0,0,0,1,"Impulse Amplifier, Loose Change, Stats for All","Attrition Orbs, Binary Orbit, Reverberation",5,2,358,Attrition Orbs+Impulse Amplifier | Attrition Orbs+Stats for All | Binary Orbit+Loose Change | Binary Orbit+Stats for All | Reverberation+Stats for All,1685533876
770,Gizmo Weft,preferred,Grenade Launcher,Strand,1,0,0,0,1,"Air Trigger, Reverberation, Slideshot","Bait and Switch, Bipod, Chain Reaction",5,2,198,Air Trigger+Bait and Switch | Bait and Switch+Reverberation | Bipod+Reverberation | Bipod+Slideshot | Chain Reaction+Reverberation,4069880346
771,Koraxis's Distress (Adept),preferred,Grenade Launcher,Strand,0,1,0,1,0,"Blast Distributor, Chain Reaction, Envious Arsenal","Frenzy, Surrounded, Wellspring",6,2,523,Blast Distributor+Frenzy | Blast Distributor+Wellspring | Chain Reaction+Frenzy | Chain Reaction+Surrounded | Envious Arsenal+Frenzy | Envious Arsenal+Surrounded,495442100
772,The Riposte,preferred,Auto Rifle,Void,1,0,1,0,1,"Dimensional Shift, Light Touch, Zen Moment","Built to Blast, Dynamic Sway Reduction, Kill Clip",5,2,273,Built to Blast+Zen Moment | Dimensional Shift+Dynamic Sway Reduction | Dimensional Shift+Kill Clip | Dynamic Sway Reduction+Light Touch | Kill Clip+Zen Moment,866434750
773,MIDA Mini-Tool,preferred,Submachine Gun,Solar,1,0,0,0,1,"Discord, Heal Clip, Loose Change","Burning Ambition, Master of Arms, Offhand Strike",5,2,283,Burning Ambition+Heal Clip | Burning Ambition+Loose Change | Discord+Master of Arms | Discord+Offhand Strike | Heal Clip+Offhand Strike,3946054154
774,Qua Xaphan V,preferred,Machine Gun,Void,0,0,1,0,1,"Encore, Heating Up, Slideways","Cascade Point, Destabilizing Rounds, Elemental Capacitor",6,2,1008,Cascade Point+Encore | Cascade Point+Slideways | Destabilizing Rounds+Heating Up | Destabilizing Rounds+Slideways | Elemental Capacitor+Encore | Elemental Capacitor+Slideways,1975125963
775,Unending Tempest,preferred,Submachine Gun,Stasis,1,0,1,0,1,"Discord, Gutshot Straight, Under-Over","Cascade Point, Collective Action, Multikill Clip",7,2,1226,Cascade Point+Discord | Cascade Point+Gutshot Straight | Cascade Point+Under-Over | Collective Action+Discord | Collective Action+Under-Over | Discord+Multikill Clip | Gutshot Straight+Multikill Clip,2510526114
776,Glissando-47,preferred,Scout Rifle,Strand,1,0,0,0,1,"Discord, Overflow, Reconstruction","Box Breathing, Cascade Point, One for All",7,2,283,Box Breathing+Overflow | Box Breathing+Reconstruction | Cascade Point+Overflow | Cascade Point+Reconstruction | Discord+One for All | One for All+Overflow | One for All+Reconstruction,3156551028
777,Luna Regolith III,preferred,Sniper Rifle,Solar,0,0,1,0,1,"Clown Cartridge, Snapshot Sights, Under Pressure","Cascade Point, Explosive Payload, Eye of the Storm",6,2,1020,Cascade Point+Snapshot Sights | Clown Cartridge+Explosive Payload | Clown Cartridge+Eye of the Storm | Explosive Payload+Under Pressure | Eye of the Storm+Snapshot Sights | Eye of the Storm+Under Pressure,1948035256
778,Rapacious Appetite,preferred,Submachine Gun,Stasis,1,0,0,1,1,"Fourth Time's the Charm, Invisible Hand, Well-Rounded","Cascade Point, Frenzy",4,2,649,Cascade Point+Fourth Time's the Charm | Cascade Point+Well-Rounded | Frenzy+Invisible Hand | Frenzy+Well-Rounded,1081724548
779,Exile's Curse,preferred,Fusion Rifle,Arc,1,0,0,0,1,"Killing Wind, Slideshot, Threat Detector","Backup Plan, Celerity, Feeding Frenzy",5,2,669,Backup Plan+Threat Detector | Celerity+Killing Wind | Celerity+Slideshot | Celerity+Threat Detector | Feeding Frenzy+Threat Detector,679281855
780,Blowout,preferred,Rocket Launcher,Arc,0,0,1,0,1,"Genesis, Sympathetic Arsenal, Turnabout","Chain Reaction, Cluster Bomb, Disruption Break",4,2,1083,Chain Reaction+Sympathetic Arsenal | Cluster Bomb+Genesis | Cluster Bomb+Turnabout | Disruption Break+Turnabout,1903182562
781,Trachinus,preferred,Shotgun,Stasis,1,0,0,0,1,"Killing Wind, Lead from Gold, Transcendent Moment","Chill Clip, Precision Instrument",4,2,202,Chill Clip+Killing Wind | Chill Clip+Transcendent Moment | Killing Wind+Precision Instrument | Lead from Gold+Precision Instrument,2888021254
782,Submersion,preferred,Combat Bow,Stasis,1,0,0,0,1,No Distractions,"Aggregate Charge, Chill Clip, Collective Action",3,2,122,Aggregate Charge+No Distractions | Chill Clip+No Distractions | Collective Action+No Distractions,3524386983
783,Aurvandil FR6,preferred,Fusion Rifle,Stasis,1,0,0,0,1,"Reconstruction, Stats for All, Subsistence","Chill Clip, Demolitionist, Elemental Capacitor",8,2,383,Chill Clip+Stats for All | Chill Clip+Subsistence | Demolitionist+Reconstruction | Demolitionist+Stats for All | Demolitionist+Subsistence | Elemental Capacitor+Reconstruction | Elemental Capacitor+Stats for All | Elemental Capacitor+Subsistence,3786215462
784,No Hesitation,preferred,Auto Rifle,Solar,1,0,0,1,1,"Burning Ambition, Overflow, Subsistence","Attrition Orbs, Circle of Life, Empty Traits Socket",6,2,702,Attrition Orbs+Overflow | Attrition Orbs+Subsistence | Burning Ambition+Empty Traits Socket | Circle of Life+Subsistence | Empty Traits Socket+Overflow | Empty Traits Socket+Subsistence,1801007332
785,Joxer's Longsword,preferred,Pulse Rifle,Void,1,0,1,0,1,"Closing Time, Dragonfly, Gutshot Straight","Desperado, Desperate Measures, Withering Gaze",4,2,923,Closing Time+Desperado | Closing Time+Desperate Measures | Desperate Measures+Gutshot Straight | Dragonfly+Withering Gaze,157601190
786,Anonymous Autumn,preferred,Sidearm,Arc,1,0,1,0,1,"Closing Time, Eddy Current, Strategist","Frenzy, Kill Clip, Precision Instrument",7,2,1101,Closing Time+Frenzy | Closing Time+Kill Clip | Closing Time+Precision Instrument | Eddy Current+Frenzy | Eddy Current+Kill Clip | Kill Clip+Strategist | Precision Instrument+Strategist,1644501332
787,Bygones,preferred,Pulse Rifle,Kinetic,1,0,1,0,1,"Outlaw, Rangefinder, Shoot to Loot","Closing Time, Firefly, High Ground",7,2,1294,Closing Time+Outlaw | Closing Time+Shoot to Loot | Firefly+Outlaw | Firefly+Rangefinder | Firefly+Shoot to Loot | High Ground+Outlaw | High Ground+Shoot to Loot,2199554524
788,Midha's Reckoning (Harrowed),preferred,Fusion Rifle,Arc,0,1,0,1,0,"Pugilist, Under Pressure","Closing Time, Reservoir Burst, Surrounded",4,2,407,Closing Time+Pugilist | Pugilist+Reservoir Burst | Reservoir Burst+Under Pressure | Surrounded+Under Pressure,3904516037
789,Anonymous Autumn,preferred,Sidearm,Arc,1,0,1,0,1,"Closing Time, Offhand Strike, Zen Moment","Adagio, Surrounded, Voltshot",7,2,1101,Adagio+Zen Moment | Closing Time+Surrounded | Closing Time+Voltshot | Offhand Strike+Surrounded | Offhand Strike+Voltshot | Surrounded+Zen Moment | Voltshot+Zen Moment,1644501332
790,Reed's Regret,preferred,Linear Fusion Rifle,Stasis,1,0,0,0,1,"Auto-Loading Holster, Clown Cartridge, Heating Up","Adagio, Harmony, Headstone",6,2,388,Adagio+Auto-Loading Holster | Adagio+Heating Up | Auto-Loading Holster+Harmony | Auto-Loading Holster+Headstone | Clown Cartridge+Harmony | Clown Cartridge+Headstone,3267997292
791,Hezen Vengeance (Timelost),preferred,Rocket Launcher,Solar,0,1,0,1,0,"Auto-Loading Holster, Cluster Bomb, Overflow","Collective Action, Explosive Light, Vorpal Weapon",9,2,484,Auto-Loading Holster+Collective Action | Auto-Loading Holster+Explosive Light | Auto-Loading Holster+Vorpal Weapon | Cluster Bomb+Collective Action | Cluster Bomb+Explosive Light | Cluster Bomb+Vorpal Weapon | Collective Action+Overflow | Explosive Light+Overflow | Overflow+Vorpal Weapon,3623686757
792,Ill Omen,preferred,Sword,Stasis,1,0,0,1,1,"Duelist's Trance, Empty Traits Socket, Valiant Charge","Cold Steel, En Garde, Vorpal Weapon",7,2,590,Cold Steel+Duelist's Trance | Cold Steel+Empty Traits Socket | Duelist's Trance+En Garde | Duelist's Trance+Vorpal Weapon | Empty Traits Socket+En Garde | Empty Traits Socket+Vorpal Weapon | Valiant Charge+Vorpal Weapon,3794274730
793,Wild Style,preferred,Grenade Launcher,Solar,1,0,1,0,1,"Danger Zone, Grave Robber, Stats for All","Attrition Orbs, Collective Action, Permeability",6,2,479,Attrition Orbs+Grave Robber | Collective Action+Danger Zone | Collective Action+Grave Robber | Collective Action+Stats for All | Grave Robber+Permeability | Permeability+Stats for All,1332123064
794,Luna Regolith III,preferred,Sniper Rifle,Solar,0,0,1,0,1,"Field Prep, Snapshot Sights, Surplus","Collective Action, High Ground, Precision Instrument",4,2,1020,Collective Action+Surplus | Field Prep+Precision Instrument | High Ground+Snapshot Sights | Precision Instrument+Snapshot Sights,1948035256
795,Forthcoming Deviance (Adept),preferred,Glaive,Void,0,1,0,1,0,"Demolitionist, Immovable Object, Reconstruction","Collective Demolition, Destabilizing Rounds",3,2,403,Collective Demolition+Demolitionist | Collective Demolition+Reconstruction | Destabilizing Rounds+Immovable Object,3123651616
796,Corrective Measure (Timelost),preferred,Machine Gun,Void,0,1,0,1,0,"Collective Demolition, Destabilizing Rounds, Subsistence","Demoralize, Killing Tally, One for All",4,2,367,Collective Demolition+One for All | Demoralize+Subsistence | Destabilizing Rounds+Killing Tally | One for All+Subsistence,2334480463
797,Word of Crota (Adept),preferred,Hand Cannon,Void,0,1,0,1,0,"Collective Demolition, Rangefinder, Subsistence","Magnificent Howl, Rampage, Sword Logic",7,2,714,Collective Demolition+Rampage | Collective Demolition+Sword Logic | Magnificent Howl+Subsistence | Rampage+Rangefinder | Rampage+Subsistence | Rangefinder+Sword Logic | Subsistence+Sword Logic,3926103986
798,Hushed Whisper,preferred,Combat Bow,Strand,1,0,0,0,1,Impulse Amplifier,"Collective Action, Collective Pugilism, Precision Instrument",3,2,182,Collective Action+Impulse Amplifier | Collective Pugilism+Impulse Amplifier | Impulse Amplifier+Precision Instrument,3574168117
799,Laser Painter,preferred,Linear Fusion Rifle,Strand,1,0,1,0,1,"Compulsive Reloader, Encore, Ensemble","Hatchling, High-Impact Reserves, Unrelenting",6,2,1119,Compulsive Reloader+Hatchling | Compulsive Reloader+High-Impact Reserves | Encore+High-Impact Reserves | Encore+Unrelenting | Ensemble+Hatchling | Ensemble+High-Impact Reserves,3221722018
800,Axial Lacuna,preferred,Fusion Rifle,Solar,1,0,0,1,1,"Cornered, Heal Clip, Threat Detector","Controlled Burst, Frenzy, Vorpal Weapon",7,2,817,Controlled Burst+Heal Clip | Controlled Burst+Threat Detector | Cornered+Frenzy | Cornered+Vorpal Weapon | Frenzy+Heal Clip | Frenzy+Threat Detector | Heal Clip+Vorpal Weapon,3867373351
801,Monody-44,preferred,Fusion Rifle,Void,1,0,0,0,1,"Discord, Repulsor Brace, Subsistence","Controlled Burst, Successful Warm-Up, Withering Gaze",6,2,342,Controlled Burst+Repulsor Brace | Controlled Burst+Subsistence | Discord+Withering Gaze | Repulsor Brace+Successful Warm-Up | Repulsor Brace+Withering Gaze | Subsistence+Successful Warm-Up,3201200906
802,Riptide,preferred,Fusion Rifle,Stasis,1,0,1,0,1,"Auto-Loading Holster, Heating Up, Stats for All","Cornered, Golden Tricorn Enhanced, Successful Warm-Up",7,2,1463,Auto-Loading Holster+Golden Tricorn Enhanced | Auto-Loading Holster+Successful Warm-Up | Cornered+Heating Up | Cornered+Stats for All | Golden Tricorn Enhanced+Heating Up | Heating Up+Successful Warm-Up | Stats for All+Successful Warm-Up,2715240478
803,Strident Whistle,preferred,Combat Bow,Solar,0,0,1,0,1,"Quickdraw, Rangefinder, Surplus","Cornered, Explosive Head, Turnabout",5,2,1101,Cornered+Rangefinder | Cornered+Surplus | Explosive Head+Quickdraw | Explosive Head+Surplus | Rangefinder+Turnabout,2591241074
804,Burden of Guilt,preferred,Fusion Rifle,Stasis,1,0,0,0,1,"Eye of the Storm, Under Pressure","Crystalline Corpsebloom, High-Impact Reserves",3,2,201,Crystalline Corpsebloom+Under Pressure | Eye of the Storm+High-Impact Reserves | High-Impact Reserves+Under Pressure,976459525
805,Wicked Sister,preferred,Grenade Launcher,Strand,0,0,1,0,1,"Danger Zone, Envious Arsenal, Quickdraw","Deconstruct, Demolitionist, One for All",7,2,1019,Danger Zone+Demolitionist | Danger Zone+One for All | Deconstruct+Envious Arsenal | Deconstruct+Quickdraw | Demolitionist+Quickdraw | Envious Arsenal+One for All | One for All+Quickdraw,2039776723
806,Folded Root,preferred,Rocket Launcher,Void,1,0,0,0,1,"Ambitious Assassin, Danger Zone","Bipod, Destabilizing Rounds, Lasting Impression",4,2,145,Ambitious Assassin+Bipod | Bipod+Danger Zone | Danger Zone+Destabilizing Rounds | Danger Zone+Lasting Impression,3184457500
807,Semiotician,preferred,Rocket Launcher,Strand,1,0,0,1,1,"Empty Traits Socket, Impulse Amplifier, Wellspring","Bipod, Danger Zone, Pugilist",7,2,609,Bipod+Empty Traits Socket | Bipod+Impulse Amplifier | Danger Zone+Empty Traits Socket | Danger Zone+Impulse Amplifier | Danger Zone+Wellspring | Impulse Amplifier+Pugilist | Pugilist+Wellspring,2922749929
808,Empty Vessel,preferred,Grenade Launcher,Solar,1,0,1,0,1,"Lead from Gold, Surplus, Threat Detector","Danger Zone, Disruption Break, Multikill Clip",7,2,1120,Danger Zone+Lead from Gold | Danger Zone+Surplus | Danger Zone+Threat Detector | Disruption Break+Lead from Gold | Lead from Gold+Multikill Clip | Multikill Clip+Surplus | Multikill Clip+Threat Detector,198068259
809,Summum Bonum (Adept),preferred,Sword,Arc,0,1,0,1,0,"Deconstruct, Relentless Strikes, Sharp Harvest","Elemental Honing, Jolting Feedback, Vorpal Weapon",6,2,525,Deconstruct+Elemental Honing | Deconstruct+Jolting Feedback | Deconstruct+Vorpal Weapon | Jolting Feedback+Relentless Strikes | Relentless Strikes+Vorpal Weapon | Sharp Harvest+Vorpal Weapon,2001697739
810,Action Item,preferred,Trace Rifle,Stasis,1,0,0,0,1,"Deconstruct, Dynamic Sway Reduction, Envious Assassin","Detonator Beam, Killing Tally, Target Lock",6,2,261,Deconstruct+Killing Tally | Deconstruct+Target Lock | Detonator Beam+Dynamic Sway Reduction | Detonator Beam+Envious Assassin | Envious Assassin+Killing Tally | Envious Assassin+Target Lock,527989828
811,Eye of Sol,preferred,Sniper Rifle,Kinetic,1,0,0,0,1,"Encore, No Distractions, Shot Swap","Deconstruct, Keep Away, Snapshot Sights",9,2,367,Deconstruct+Encore | Deconstruct+No Distractions | Deconstruct+Shot Swap | Encore+Keep Away | Encore+Snapshot Sights | Keep Away+No Distractions | Keep Away+Shot Swap | No Distractions+Snapshot Sights | Shot Swap+Snapshot Sights,1401300690
812,Cynosure,preferred,Rocket Launcher,Strand,1,0,1,0,1,"Demolitionist, Envious Arsenal, Reconstruction","Lasting Impression, Quickdraw, Reverberation",8,2,773,Demolitionist+Lasting Impression | Demolitionist+Reverberation | Envious Arsenal+Lasting Impression | Envious Arsenal+Quickdraw | Envious Arsenal+Reverberation | Lasting Impression+Reconstruction | Quickdraw+Reconstruction | Reconstruction+Reverberation,694275488
813,Kindled Orchid,preferred,Hand Cannon,Void,1,0,1,0,1,"Impromptu Ammunition, Outlaw, Repulsor Brace","Demoralize, Magnificent Howl, Master of Arms",5,2,336,Demoralize+Outlaw | Impromptu Ammunition+Master of Arms | Magnificent Howl+Outlaw | Magnificent Howl+Repulsor Brace | Master of Arms+Repulsor Brace,3961462214
814,Exalted Truth,preferred,Hand Cannon,Void,1,0,0,0,1,"Keep Away, Moving Target, Zen Moment","Demoralize, Magnificent Howl, Repulsor Brace",6,2,416,Demoralize+Keep Away | Demoralize+Moving Target | Demoralize+Zen Moment | Keep Away+Magnificent Howl | Keep Away+Repulsor Brace | Magnificent Howl+Zen Moment,3436626079
815,Cruel Mercy,preferred,Pulse Rifle,Arc,1,0,1,0,1,"Dragonfly, Eddy Current, Fourth Time's the Charm","Desperado, Headseeker, Rolling Storm",7,2,372,Desperado+Dragonfly | Desperado+Eddy Current | Desperado+Fourth Time's the Charm | Dragonfly+Rolling Storm | Eddy Current+Headseeker | Eddy Current+Rolling Storm | Fourth Time's the Charm+Headseeker,4011513985
816,Archon's Thunder,preferred,Machine Gun,Stasis,1,0,0,0,1,"Envious Assassin, Fourth Time's the Charm, High-Impact Reserves","Desperate Measures, Headstone, Tap the Trigger",7,2,293,Desperate Measures+Envious Assassin | Desperate Measures+Fourth Time's the Charm | Desperate Measures+High-Impact Reserves | Envious Assassin+Headstone | Envious Assassin+Tap the Trigger | Headstone+High-Impact Reserves | High-Impact Reserves+Tap the Trigger,2896109856
817,Imminence (Adept),preferred,Submachine Gun,Strand,0,1,0,1,0,"Dynamic Sway Reduction, Enlightened Action, Tear","Desperate Measures, Strategist, Target Lock",6,2,458,Desperate Measures+Dynamic Sway Reduction | Desperate Measures+Enlightened Action | Desperate Measures+Tear | Dynamic Sway Reduction+Strategist | Enlightened Action+Strategist | Target Lock+Tear,3951511045
818,Aisha's Embrace,preferred,Scout Rifle,Void,1,0,0,0,1,"Rapid Hit, Shoot to Loot, Vorpal Weapon","Desperate Measures, Destabilizing Rounds",3,2,300,Desperate Measures+Rapid Hit | Desperate Measures+Vorpal Weapon | Destabilizing Rounds+Shoot to Loot,3709368142
819,Shoreline Dissident,preferred,Sniper Rifle,Void,1,0,0,0,1,"Ambitious Assassin, Explosive Payload, Recycled Energy","Closing Time, Destabilizing Rounds, Precision Instrument",5,2,212,Ambitious Assassin+Closing Time | Ambitious Assassin+Destabilizing Rounds | Destabilizing Rounds+Explosive Payload | Destabilizing Rounds+Recycled Energy | Precision Instrument+Recycled Energy,1193318082
820,Reghusk's Pledge,preferred,Auto Rifle,Void,1,0,0,0,1,"Destabilizing Rounds, Dynamic Sway Reduction, Rewind Rounds","Attrition Orbs, Golden Tricorn, Golden Tricorn Enhanced",7,2,256,Attrition Orbs+Destabilizing Rounds | Attrition Orbs+Dynamic Sway Reduction | Attrition Orbs+Rewind Rounds | Destabilizing Rounds+Golden Tricorn | Destabilizing Rounds+Golden Tricorn Enhanced | Golden Tricorn+Rewind Rounds | Golden Tricorn Enhanced+Rewind Rounds,2370525224
821,Hammerhead,preferred,Machine Gun,Void,1,0,1,0,1,"Destabilizing Rounds, Rampage, Under-Over","Surrounded, Target Lock",5,2,238,Destabilizing Rounds+Surrounded | Destabilizing Rounds+Target Lock | Rampage+Surrounded | Rampage+Target Lock | Surrounded+Under-Over,1896309757
822,Ecliptic Distaff,preferred,Glaive,Void,1,0,1,0,1,"Disruption Break, Tilting at Windmills","Close to Melee, Destabilizing Rounds",3,2,206,Close to Melee+Tilting at Windmills | Destabilizing Rounds+Disruption Break | Destabilizing Rounds+Tilting at Windmills,1942143745
823,The Riposte,preferred,Auto Rifle,Void,1,0,1,0,1,"Dimensional Shift, Light Touch, Tap the Trigger",Target Lock,3,2,273,Dimensional Shift+Target Lock | Light Touch+Target Lock | Tap the Trigger+Target Lock,866434750
824,Maahes HC4,preferred,Hand Cannon,Void,1,0,0,0,1,"Enlightened Action, Pulse Monitor, Repulsor Brace","Disruption Break, Dragonfly, Golden Tricorn",8,2,382,Disruption Break+Enlightened Action | Disruption Break+Repulsor Brace | Dragonfly+Enlightened Action | Dragonfly+Pulse Monitor | Dragonfly+Repulsor Brace | Enlightened Action+Golden Tricorn | Golden Tricorn+Pulse Monitor | Golden Tricorn+Repulsor Brace,1246793994
825,Bottom Dollar,preferred,Hand Cannon,Void,1,0,1,0,1,"Feeding Frenzy, Outlaw, Rapid Hit","Disruption Break, Explosive Payload, Unrelenting",5,2,1468,Disruption Break+Feeding Frenzy | Disruption Break+Outlaw | Disruption Break+Rapid Hit | Explosive Payload+Feeding Frenzy | Outlaw+Unrelenting,2953199259
826,Bold Endings,preferred,Hand Cannon,Stasis,1,0,0,1,1,"Opening Shot, Rimestealer, To the Pain","Dragonfly, Frenzy, Golden Tricorn",9,2,799,Dragonfly+Opening Shot | Dragonfly+Rimestealer | Dragonfly+To the Pain | Frenzy+Opening Shot | Frenzy+Rimestealer | Frenzy+To the Pain | Golden Tricorn+Opening Shot | Golden Tricorn+Rimestealer | Golden Tricorn+To the Pain,496728945
827,King Orfeo,preferred,Combat Bow,Arc,1,0,0,0,1,"Explosive Head, Pugilist, Successful Warm-Up","Dragonfly, Jolting Feedback, Swashbuckler",5,2,213,Dragonfly+Successful Warm-Up | Explosive Head+Swashbuckler | Jolting Feedback+Pugilist | Jolting Feedback+Successful Warm-Up | Successful Warm-Up+Swashbuckler,3481382332
828,Auric Disabler,preferred,Auto Rifle,Strand,1,0,0,0,1,"Dragonfly, Gutshot Straight, Hatchling","Kill Clip, Target Lock, Tear",7,2,293,Dragonfly+Kill Clip | Dragonfly+Target Lock | Dragonfly+Tear | Gutshot Straight+Kill Clip | Gutshot Straight+Target Lock | Hatchling+Kill Clip | Hatchling+Target Lock,702001725
829,Stryker's Sure-Hand,preferred,Sword,Void,1,0,1,0,1,"Assassin's Blade, Duelist's Trance, Relentless Strikes","Binary Orbit, Flash Counter, Whirlwind Blade",4,2,278,Assassin's Blade+Flash Counter | Assassin's Blade+Whirlwind Blade | Binary Orbit+Relentless Strikes | Duelist's Trance+Flash Counter,2490460292
830,Unending Tempest,preferred,Submachine Gun,Stasis,1,0,1,0,1,"Dynamic Sway Reduction, Killing Wind, Shot Swap","Fragile Focus, Headstone, Rangefinder",6,2,1226,Dynamic Sway Reduction+Fragile Focus | Fragile Focus+Killing Wind | Fragile Focus+Shot Swap | Headstone+Shot Swap | Killing Wind+Rangefinder | Rangefinder+Shot Swap,2510526114
831,Corrective Measure (Timelost),preferred,Machine Gun,Void,0,1,0,1,0,"Collective Demolition, Dimensional Shift, Dynamic Sway Reduction","Adrenaline Junkie, High-Impact Reserves, One for All",5,2,367,Adrenaline Junkie+Collective Demolition | Collective Demolition+High-Impact Reserves | Dimensional Shift+One for All | Dynamic Sway Reduction+High-Impact Reserves | Dynamic Sway Reduction+One for All,2334480463
832,Multimach CCX,preferred,Submachine Gun,Kinetic,1,0,0,0,1,Dynamic Sway Reduction,Iron Reach,1,2,259,Dynamic Sway Reduction+Iron Reach,3211624072
833,False Idols,preferred,Sword,Solar,1,0,0,1,1,"Eager Edge, Flash Counter, Incandescent","Collective Action, One for All, Surrounded",5,2,731,Collective Action+Flash Counter | Collective Action+Incandescent | Eager Edge+One for All | Eager Edge+Surrounded | Flash Counter+Surrounded,4207120603
834,Nasreddin,preferred,Sword,Arc,1,0,0,0,1,Wellspring,"Eager Edge, Jolting Feedback, Rolling Storm",3,2,338,Eager Edge+Wellspring | Jolting Feedback+Wellspring | Rolling Storm+Wellspring,1979417829
835,Albruna-D,preferred,Sniper Rifle,Arc,0,0,1,0,1,"Elemental Capacitor, Explosive Payload, Triple Tap","Harmony, High-Impact Reserves, Vorpal Weapon",5,2,1169,Elemental Capacitor+High-Impact Reserves | Explosive Payload+Harmony | Explosive Payload+Vorpal Weapon | High-Impact Reserves+Triple Tap | Triple Tap+Vorpal Weapon,676270382
836,The Summoner,preferred,Auto Rifle,Solar,1,0,0,0,1,"Dynamic Sway Reduction, Elemental Capacitor, Overflow","Golden Tricorn, Golden Tricorn Enhanced, Incandescent",7,2,516,Dynamic Sway Reduction+Golden Tricorn | Dynamic Sway Reduction+Golden Tricorn Enhanced | Dynamic Sway Reduction+Incandescent | Elemental Capacitor+Incandescent | Golden Tricorn+Overflow | Golden Tricorn Enhanced+Overflow | Incandescent+Overflow,1820994983
837,Null Composure,preferred,Fusion Rifle,Void,1,0,1,0,1,"Feeding Frenzy, Heating Up, Reconstruction","Elemental Honing, Master of Arms, Reservoir Burst",5,2,138,Elemental Honing+Feeding Frenzy | Elemental Honing+Heating Up | Heating Up+Reservoir Burst | Master of Arms+Reconstruction | Reconstruction+Reservoir Burst,3613444087
838,Adored,preferred,Sniper Rifle,Arc,1,0,1,0,1,"Jolting Feedback, Lone Wolf","Elemental Honing, Moving Target, No Distractions",5,2,238,Elemental Honing+Jolting Feedback | Elemental Honing+Lone Wolf | Jolting Feedback+Moving Target | Lone Wolf+Moving Target | Lone Wolf+No Distractions,1405095983
839,Last Thursday,preferred,Pulse Rifle,Strand,1,0,0,0,1,"Demolitionist, Moving Target, Transcendent Moment","Binary Orbit, Elemental Honing, Slice",5,2,366,Binary Orbit+Demolitionist | Binary Orbit+Moving Target | Elemental Honing+Moving Target | Elemental Honing+Transcendent Moment | Slice+Transcendent Moment,3813721211
840,Psi Aeterna IV,preferred,Pulse Rifle,Arc,1,0,1,0,1,Stats for All,"Elemental Honing, Jolting Feedback, Rolling Storm",3,2,190,Elemental Honing+Stats for All | Jolting Feedback+Stats for All | Rolling Storm+Stats for All,3556730800
841,Volta Bracket,preferred,Sniper Rifle,Strand,1,0,0,1,1,"Empty Traits Socket, Firmly Planted, Shoot to Loot","Firing Line, Hatchling, Mega Kill Clip",5,2,617,Empty Traits Socket+Firing Line | Empty Traits Socket+Hatchling | Empty Traits Socket+Mega Kill Clip | Firmly Planted+Hatchling | Hatchling+Shoot to Loot,3920310144
842,Throne-Cleaver,preferred,Sword,Void,1,0,0,0,1,"Relentless Strikes, Shattering Blade",En Garde,2,2,130,En Garde+Relentless Strikes | En Garde+Shattering Blade,569799273
843,Goldtusk,preferred,Sword,Void,1,0,0,0,1,"En Garde, Tireless Blade","Surrounded, Whirlwind Blade",3,2,154,En Garde+Surrounded | En Garde+Whirlwind Blade | Tireless Blade+Whirlwind Blade,569799275
844,Prolonged Engagement,preferred,Submachine Gun,Stasis,1,0,1,0,1,"Eye of the Storm, Outlaw, Subsistence","Encore, Surrounded, Target Lock",6,2,1028,Encore+Eye of the Storm | Encore+Subsistence | Eye of the Storm+Surrounded | Eye of the Storm+Target Lock | Outlaw+Surrounded | Outlaw+Target Lock,2349907931
845,Breakneck,preferred,Auto Rifle,Kinetic,1,0,1,0,1,"Encore, Enlightened Action, Eye of the Storm","Kinetic Tremors, Moving Target, Tap the Trigger",6,2,893,Encore+Kinetic Tremors | Encore+Tap the Trigger | Enlightened Action+Kinetic Tremors | Enlightened Action+Moving Target | Enlightened Action+Tap the Trigger | Eye of the Storm+Tap the Trigger,2026755633
846,Sightline Survey,preferred,Hand Cannon,Arc,1,0,0,1,1,"Air Trigger, Enlightened Action, Triple Tap","Desperate Measures, Encore, Opening Shot",5,2,517,Air Trigger+Opening Shot | Desperate Measures+Triple Tap | Encore+Triple Tap | Enlightened Action+Opening Shot | Opening Shot+Triple Tap,2350330520
847,The Messenger,preferred,Pulse Rifle,Kinetic,1,0,0,0,1,"Outlaw, Perpetual Motion, Under-Over","Encore, Keep Away, Kinetic Tremors",8,2,379,Encore+Perpetual Motion | Encore+Under-Over | Keep Away+Outlaw | Keep Away+Perpetual Motion | Keep Away+Under-Over | Kinetic Tremors+Outlaw | Kinetic Tremors+Perpetual Motion | Kinetic Tremors+Under-Over,3796795102
848,Pure Poetry,preferred,Hand Cannon,Kinetic,0,0,1,0,1,"Ensemble, Fourth Time's the Charm, Grave Robber","Focused Fury, Osmosis, Under-Over",6,2,1182,Ensemble+Focused Fury | Ensemble+Osmosis | Focused Fury+Grave Robber | Fourth Time's the Charm+Osmosis | Fourth Time's the Charm+Under-Over | Grave Robber+Osmosis,2671639706
849,Retrofuturist,preferred,Shotgun,Void,1,0,1,0,1,"Loose Change, Pulse Monitor, Slickdraw","Envious Assassin, High Ground, Thresh",8,2,1011,Envious Assassin+Loose Change | Envious Assassin+Slickdraw | High Ground+Loose Change | High Ground+Pulse Monitor | High Ground+Slickdraw | Loose Change+Thresh | Pulse Monitor+Thresh | Slickdraw+Thresh,1612781792
850,Dimensional Hypotrochoid,preferred,Grenade Launcher,Stasis,1,0,0,1,1,"Envious Assassin, Field Prep, Genesis","Bait and Switch, Pugilist, Turnabout",6,2,863,Bait and Switch+Genesis | Envious Assassin+Pugilist | Envious Assassin+Turnabout | Field Prep+Pugilist | Field Prep+Turnabout | Genesis+Turnabout,1311684613
851,Fortunate Star,preferred,Combat Bow,Void,1,0,0,0,1,"Archer's Tempo, Impromptu Ammunition, Transcendent Moment","Explosive Head, Eye of the Storm, Precision Instrument",5,2,239,Archer's Tempo+Eye of the Storm | Explosive Head+Impromptu Ammunition | Explosive Head+Transcendent Moment | Eye of the Storm+Impromptu Ammunition | Impromptu Ammunition+Precision Instrument,2631466936
852,Blowout,preferred,Rocket Launcher,Arc,0,0,1,0,1,"Genesis, Sympathetic Arsenal, Thresh","Adrenaline Junkie, Explosive Light, Lasting Impression",6,2,1083,Adrenaline Junkie+Genesis | Adrenaline Junkie+Thresh | Explosive Light+Genesis | Explosive Light+Sympathetic Arsenal | Explosive Light+Thresh | Genesis+Lasting Impression,1903182562
853,Blowout,preferred,Rocket Launcher,Arc,0,0,1,0,1,"Ensemble, Impulse Amplifier, Turnabout","Explosive Light, Golden Tricorn, Golden Tricorn Enhanced",5,2,1083,Ensemble+Explosive Light | Explosive Light+Turnabout | Golden Tricorn+Turnabout | Golden Tricorn Enhanced+Impulse Amplifier | Golden Tricorn Enhanced+Turnabout,1903182562
854,Doom of Chelchis (Harrowed),preferred,Scout Rifle,Void,0,1,0,1,0,"Explosive Payload, Firefly, Steady Hands","One for All, Repulsor Brace, Withering Gaze",7,2,472,Explosive Payload+Repulsor Brace | Explosive Payload+Withering Gaze | Firefly+One for All | Firefly+Repulsor Brace | One for All+Steady Hands | Repulsor Brace+Steady Hands | Steady Hands+Withering Gaze,1184692845
855,Oversoul Edict (Adept),preferred,Pulse Rifle,Arc,0,1,0,1,0,"Eddy Current, Eye of the Storm, Supercharged Magazine","Headseeker, High Ground, Moving Target",4,2,489,Eddy Current+High Ground | Eye of the Storm+Headseeker | High Ground+Supercharged Magazine | Moving Target+Supercharged Magazine,578105049
856,Giver's Blessing,preferred,Auto Rifle,Kinetic,1,0,0,0,1,"Feeding Frenzy, Impromptu Ammunition, Transcendent Moment","Kinetic Tremors, One for All, Zen Moment",5,2,351,Feeding Frenzy+Kinetic Tremors | Feeding Frenzy+Zen Moment | Impromptu Ammunition+Kinetic Tremors | Kinetic Tremors+Transcendent Moment | One for All+Transcendent Moment,970034755
857,Qullim's Terminus (Harrowed),preferred,Machine Gun,Stasis,0,1,0,1,0,"Heating Up, Slickdraw, Unrelenting","Firefly, Focused Fury, Headstone",6,2,390,Firefly+Heating Up | Firefly+Unrelenting | Focused Fury+Heating Up | Focused Fury+Slickdraw | Focused Fury+Unrelenting | Headstone+Slickdraw,3248429089
858,Nullify (Adept),preferred,Pulse Rifle,Solar,0,1,0,1,0,"Firefly, Rapid Hit, Under-Over","Attrition Orbs, Incandescent, Vorpal Weapon",4,2,525,Attrition Orbs+Rapid Hit | Attrition Orbs+Under-Over | Firefly+Vorpal Weapon | Incandescent+Rapid Hit,892183998
859,Qua Xaphan V,preferred,Machine Gun,Void,0,0,1,0,1,"Killing Wind, Shot Swap, Slideways","Firing Line, High Ground, Wellspring",7,2,1008,Firing Line+Killing Wind | Firing Line+Shot Swap | Firing Line+Slideways | High Ground+Killing Wind | High Ground+Shot Swap | Shot Swap+Wellspring | Slideways+Wellspring,1975125963
860,Locus Locutus,preferred,Sniper Rifle,Stasis,1,0,0,1,1,"Discord, Ensemble, Overflow","Box Breathing, Firing Line, High Ground",6,2,479,Box Breathing+Ensemble | Discord+Firing Line | Ensemble+Firing Line | Ensemble+High Ground | Firing Line+Overflow | High Ground+Overflow,4132072834
861,Sola's Scar,preferred,Sword,Solar,1,0,0,0,1,"Eager Edge, Flash Counter, Tireless Blade","Chain Reaction, Frenzy, Vorpal Weapon",5,2,398,Chain Reaction+Tireless Blade | Eager Edge+Vorpal Weapon | Flash Counter+Frenzy | Frenzy+Tireless Blade | Tireless Blade+Vorpal Weapon,4089030727
862,Chain of Command,preferred,Machine Gun,Stasis,1,0,1,0,1,"Headstone, Osmosis, Under-Over","Demolitionist, Focused Fury",4,2,228,Demolitionist+Headstone | Demolitionist+Under-Over | Focused Fury+Headstone | Focused Fury+Osmosis,1716620044
863,Keen Thistle,preferred,Sniper Rifle,Solar,1,0,0,0,1,"Lead from Gold, Lone Wolf, Under Pressure","Bait and Switch, Elemental Honing, Fourth Time's the Charm",3,2,425,Bait and Switch+Under Pressure | Elemental Honing+Lead from Gold | Fourth Time's the Charm+Lone Wolf,2499834164
864,Laser Painter,preferred,Linear Fusion Rifle,Strand,1,0,1,0,1,"Fragile Focus, Invisible Hand, No Distractions","Hatchling, High-Impact Reserves, Thresh",5,2,1119,Fragile Focus+Hatchling | Fragile Focus+High-Impact Reserves | Hatchling+No Distractions | Invisible Hand+Thresh | No Distractions+Thresh,3221722018
865,The Inquisitor,preferred,Shotgun,Arc,1,0,0,0,1,"Loose Change, Perpetual Motion, Threat Detector","Bait and Switch, Fragile Focus, Opening Shot",6,2,352,Bait and Switch+Loose Change | Bait and Switch+Perpetual Motion | Bait and Switch+Threat Detector | Fragile Focus+Loose Change | Fragile Focus+Perpetual Motion | Loose Change+Opening Shot,51129316
866,Swordbreaker (Adept),preferred,Shotgun,Strand,0,1,0,1,0,"Fragile Focus, Pugilist, Slideshot","Aggregate Charge, One-Two Punch, Sword Logic",7,2,560,Aggregate Charge+Pugilist | Aggregate Charge+Slideshot | Fragile Focus+One-Two Punch | Fragile Focus+Sword Logic | One-Two Punch+Pugilist | Pugilist+Sword Logic | Slideshot+Sword Logic,1239700299
867,Praedyth's Revenge (Timelost),preferred,Sniper Rifle,Kinetic,0,1,0,1,0,"Envious Arsenal, Osmosis, Snapshot Sights","Bait and Switch, Frenzy, Opening Shot",4,2,420,Bait and Switch+Snapshot Sights | Envious Arsenal+Opening Shot | Frenzy+Osmosis | Frenzy+Snapshot Sights,2362652544
868,The Spiteful Fang,preferred,Combat Bow,Stasis,1,0,1,0,1,"Archer's Tempo, Headstone, Successful Warm-Up","Frenzy, Golden Tricorn, Rampage",6,2,211,Archer's Tempo+Frenzy | Frenzy+Headstone | Frenzy+Successful Warm-Up | Golden Tricorn+Headstone | Golden Tricorn+Successful Warm-Up | Headstone+Rampage,1704597062
869,Wicked Sister,preferred,Grenade Launcher,Strand,0,0,1,0,1,"Perpetual Motion, Quickdraw, Unrelenting","Full Court, Hatchling, Reverberation",6,2,1019,Full Court+Perpetual Motion | Full Court+Quickdraw | Hatchling+Perpetual Motion | Hatchling+Quickdraw | Quickdraw+Reverberation | Reverberation+Unrelenting,2039776723
870,Non-Denouement (Adept),preferred,Combat Bow,Arc,0,1,0,1,0,"Impulse Amplifier, Opening Shot, Rolling Storm","Gear Shift, Meganeura, One for All",6,2,348,Gear Shift+Impulse Amplifier | Impulse Amplifier+Meganeura | Impulse Amplifier+One for All | Meganeura+Opening Shot | Meganeura+Rolling Storm | One for All+Rolling Storm,1039915310
871,Found Verdict (Timelost),preferred,Shotgun,Arc,0,1,0,1,0,"Barrel Constrictor, Pugilist, Threat Detector","Gear Shift, Opening Shot, Rolling Storm",7,2,369,Barrel Constrictor+Opening Shot | Gear Shift+Pugilist | Gear Shift+Threat Detector | Opening Shot+Pugilist | Opening Shot+Threat Detector | Pugilist+Rolling Storm | Rolling Storm+Threat Detector,851296754
872,Crowd Pleaser,preferred,Grenade Launcher,Void,0,0,1,0,1,"Clown Cartridge, Genesis, Grave Robber","Moving Target, Quickdraw, Unrelenting",7,2,771,Clown Cartridge+Quickdraw | Clown Cartridge+Unrelenting | Genesis+Moving Target | Genesis+Quickdraw | Grave Robber+Moving Target | Grave Robber+Quickdraw | Grave Robber+Unrelenting,3565520715
873,Xenoclast IV,preferred,Shotgun,Arc,1,0,1,0,1,"Genesis, Grave Robber, Pulse Monitor","Eye of the Storm, Killing Wind, Surrounded",5,2,1175,Eye of the Storm+Genesis | Eye of the Storm+Pulse Monitor | Genesis+Surrounded | Grave Robber+Killing Wind | Killing Wind+Pulse Monitor,963732594
874,Jorum's Claw,preferred,Pulse Rifle,Solar,1,0,0,0,1,"Iron Grip, Moving Target, Offhand Strike","Frenzy, Golden Tricorn, Incandescent",4,2,250,Frenzy+Offhand Strike | Golden Tricorn+Iron Grip | Golden Tricorn+Offhand Strike | Incandescent+Moving Target,62937067
875,Shayura's Wrath,preferred,Submachine Gun,Void,1,0,0,0,1,"Heating Up, Quickdraw","Adrenaline Junkie, Celerity, Golden Tricorn",4,2,660,Adrenaline Junkie+Quickdraw | Celerity+Quickdraw | Golden Tricorn+Heating Up | Golden Tricorn+Quickdraw,3682803680
876,Positive Outlook,preferred,Auto Rifle,Void,1,0,1,0,1,"Invisible Hand, Shot Swap, Tap the Trigger","Golden Tricorn, Golden Tricorn Enhanced, Kill Clip",7,2,963,Golden Tricorn+Invisible Hand | Golden Tricorn+Shot Swap | Golden Tricorn+Tap the Trigger | Golden Tricorn Enhanced+Invisible Hand | Golden Tricorn Enhanced+Shot Swap | Golden Tricorn Enhanced+Tap the Trigger | Kill Clip+Shot Swap,491078457
877,Bold Endings,preferred,Hand Cannon,Stasis,1,0,0,1,1,"Empty Traits Socket, Opening Shot, Strategist","Crystalline Corpsebloom, Golden Tricorn Enhanced, Moving Target",6,2,799,Crystalline Corpsebloom+Empty Traits Socket | Empty Traits Socket+Golden Tricorn Enhanced | Empty Traits Socket+Moving Target | Golden Tricorn Enhanced+Opening Shot | Golden Tricorn Enhanced+Strategist | Moving Target+Strategist,496728945
878,Maahes HC4,preferred,Hand Cannon,Void,1,0,0,0,1,"Enlightened Action, Pulse Monitor, Repulsor Brace","Destabilizing Rounds, Frenzy, Golden Tricorn Enhanced",6,2,382,Destabilizing Rounds+Pulse Monitor | Enlightened Action+Golden Tricorn Enhanced | Frenzy+Pulse Monitor | Frenzy+Repulsor Brace | Golden Tricorn Enhanced+Pulse Monitor | Golden Tricorn Enhanced+Repulsor Brace,1246793994
879,Round Robin,preferred,Hand Cannon,Strand,1,0,0,1,1,"Fourth Time's the Charm, Slideshot, Tear","Golden Tricorn Enhanced, Opening Shot, Pugilist",5,2,1014,Fourth Time's the Charm+Pugilist | Golden Tricorn Enhanced+Tear | Opening Shot+Tear | Pugilist+Slideshot | Pugilist+Tear,2034215657
880,Lonesome,preferred,Sidearm,Kinetic,1,0,1,0,1,"Full Auto Trigger System, Grave Robber","Kill Clip, Multikill Clip, Slideshot",4,2,325,Full Auto Trigger System+Kill Clip | Full Auto Trigger System+Multikill Clip | Grave Robber+Multikill Clip | Grave Robber+Slideshot,843171043
881,Aisha's Care,preferred,Pulse Rifle,Strand,1,0,0,0,1,"Encore, Gutshot Straight, To the Pain","Desperado, Golden Tricorn Enhanced, Hatchling",5,2,440,Desperado+Encore | Desperado+To the Pain | Golden Tricorn Enhanced+To the Pain | Gutshot Straight+Hatchling | Hatchling+To the Pain,3969379530
882,Origin Story,preferred,Auto Rifle,Kinetic,1,0,1,0,1,"Hip-Fire Grip, Keep Away, Slideways","Gutshot Straight, Kinetic Tremors, Onslaught",6,2,1056,Gutshot Straight+Hip-Fire Grip | Gutshot Straight+Keep Away | Gutshot Straight+Slideways | Hip-Fire Grip+Kinetic Tremors | Hip-Fire Grip+Onslaught | Keep Away+Kinetic Tremors,2826850739
883,Prolonged Engagement,preferred,Submachine Gun,Stasis,1,0,1,0,1,"Air Assault, Offhand Strike, Perfect Float","Gutshot Straight, Surrounded, Thresh",5,2,1028,Air Assault+Gutshot Straight | Air Assault+Surrounded | Gutshot Straight+Offhand Strike | Perfect Float+Surrounded | Perfect Float+Thresh,2349907931
884,Bug-Out Bag,preferred,Submachine Gun,Solar,1,0,1,0,1,"Air Assault, Gutshot Straight, Slideways","Collective Action, Incandescent, Swashbuckler",4,2,256,Air Assault+Incandescent | Collective Action+Slideways | Gutshot Straight+Incandescent | Gutshot Straight+Swashbuckler,2832639510
885,Phyllotactic Spiral,preferred,Pulse Rifle,Arc,1,0,0,1,1,"Empty Traits Socket, Trickle Charge, Tunnel Vision","Desperado, Harmony, Rolling Storm",6,2,774,Desperado+Empty Traits Socket | Desperado+Tunnel Vision | Empty Traits Socket+Harmony | Empty Traits Socket+Rolling Storm | Harmony+Trickle Charge | Harmony+Tunnel Vision,3635821806
886,Thin Precipice,preferred,Sword,Strand,1,0,0,1,1,"Relentless Strikes, Steady Hands, Valiant Charge","Chain Reaction, Harmony, Hatchling",8,2,450,Chain Reaction+Relentless Strikes | Chain Reaction+Steady Hands | Chain Reaction+Valiant Charge | Harmony+Relentless Strikes | Harmony+Valiant Charge | Hatchling+Relentless Strikes | Hatchling+Steady Hands | Hatchling+Valiant Charge,4066778670
887,Rufus's Fury (Adept),preferred,Auto Rifle,Strand,0,1,0,1,0,"Reconstruction, Rewind Rounds, Thresh","Hatchling, Tap the Trigger, Target Lock",7,2,701,Hatchling+Reconstruction | Hatchling+Thresh | Reconstruction+Tap the Trigger | Reconstruction+Target Lock | Rewind Rounds+Tap the Trigger | Tap the Trigger+Thresh | Target Lock+Thresh,342514437
888,Fang of Ir Yût (Adept),preferred,Scout Rifle,Strand,0,1,0,1,0,"Killing Wind, Surplus, Tunnel Vision","Hatchling, High Ground, Meganeura",5,2,629,Hatchling+Killing Wind | Hatchling+Surplus | Hatchling+Tunnel Vision | High Ground+Tunnel Vision | Killing Wind+Meganeura,128782990
889,Solemn Remembrance,preferred,Hand Cannon,Stasis,1,0,1,0,1,"Built to Blast, Headstone, Zen Moment","Precision Instrument, Rimestealer",4,2,304,Built to Blast+Precision Instrument | Headstone+Precision Instrument | Precision Instrument+Zen Moment | Rimestealer+Zen Moment,4116518582
890,Syncopation-53,preferred,Pulse Rifle,Stasis,1,0,0,1,1,"Outlaw, Steady Hands, Zen Moment","Focused Fury, Headseeker, Headstone",6,2,600,Focused Fury+Steady Hands | Focused Fury+Zen Moment | Headseeker+Steady Hands | Headstone+Outlaw | Headstone+Steady Hands | Headstone+Zen Moment,2856514843
891,Finite Impactor,preferred,Hand Cannon,Solar,1,0,0,0,1,"Fragile Focus, Heal Clip, Slideways","Heating Up, Moving Target",4,2,154,Fragile Focus+Moving Target | Heal Clip+Moving Target | Heating Up+Slideways | Moving Target+Slideways,1917334929
892,Joxer's Longsword,preferred,Pulse Rifle,Void,1,0,1,0,1,"Lone Wolf, Pugilist, Shoot to Loot","High-Impact Reserves, Under Pressure, Withering Gaze",9,2,923,High-Impact Reserves+Lone Wolf | High-Impact Reserves+Pugilist | High-Impact Reserves+Shoot to Loot | Lone Wolf+Under Pressure | Lone Wolf+Withering Gaze | Pugilist+Under Pressure | Pugilist+Withering Gaze | Shoot to Loot+Under Pressure | Shoot to Loot+Withering Gaze,157601190
893,Mistral Lift,preferred,Linear Fusion Rifle,Void,1,0,0,0,1,"Clown Cartridge, Envious Arsenal, Withering Gaze","Bait and Switch, High-Impact Reserves, Precision Instrument",5,2,483,Bait and Switch+Clown Cartridge | Bait and Switch+Withering Gaze | Clown Cartridge+Precision Instrument | Envious Arsenal+Precision Instrument | High-Impact Reserves+Withering Gaze,3483485727
894,The Recluse,preferred,Submachine Gun,Void,1,0,0,0,1,"Hip-Fire Grip, Subsistence, Threat Detector","Desperate Measures, Destabilizing Rounds, Master of Arms",5,2,518,Desperate Measures+Subsistence | Destabilizing Rounds+Subsistence | Destabilizing Rounds+Threat Detector | Hip-Fire Grip+Master of Arms | Master of Arms+Subsistence,3098328572
895,Lubrae's Ruin (Adept),preferred,Glaive,Solar,0,1,0,1,0,"Immovable Object, Sleight of Hand, Steady Hands","Chaos Reshaped, Incandescent, Surrounded",4,2,374,Chaos Reshaped+Sleight of Hand | Immovable Object+Surrounded | Incandescent+Steady Hands | Sleight of Hand+Surrounded,1466006054
896,No Feelings,preferred,Scout Rifle,Arc,1,0,1,0,1,"Impromptu Ammunition, Outlaw, Voltshot","Box Breathing, Meganeura, Rampage",5,2,296,Box Breathing+Outlaw | Impromptu Ammunition+Meganeura | Meganeura+Outlaw | Outlaw+Rampage | Rampage+Voltshot,2979764077
897,The Call,preferred,Sidearm,Strand,1,0,0,1,1,"Empty Traits Socket, Impulse Amplifier, Slice","Adrenaline Junkie, Aggregate Charge, Multikill Clip",8,2,1088,Adrenaline Junkie+Empty Traits Socket | Adrenaline Junkie+Impulse Amplifier | Adrenaline Junkie+Slice | Aggregate Charge+Empty Traits Socket | Aggregate Charge+Impulse Amplifier | Aggregate Charge+Slice | Empty Traits Socket+Multikill Clip | Impulse Amplifier+Multikill Clip,3947966653
898,Ascendancy,preferred,Rocket Launcher,Solar,1,0,1,0,1,"Impulse Amplifier, Reconstruction, Slideways","Chain Reaction, Explosive Light, Reaper's Tithe",4,2,248,Chain Reaction+Slideways | Explosive Light+Reconstruction | Impulse Amplifier+Reaper's Tithe | Reaper's Tithe+Reconstruction,1713388226
899,Unwavering Duty,preferred,Machine Gun,Solar,1,0,0,0,1,"Envious Assassin, Fourth Time's the Charm, Incandescent","Burning Ambition, Killing Tally, Onslaught",5,2,291,Burning Ambition+Envious Assassin | Envious Assassin+Onslaught | Fourth Time's the Charm+Killing Tally | Fourth Time's the Charm+Onslaught | Incandescent+Onslaught,3489054606
900,Luna Regolith III,preferred,Sniper Rifle,Solar,0,0,1,0,1,"Heal Clip, Perfect Float, Under Pressure","Cascade Point, Incandescent, Precision Instrument",7,2,1020,Cascade Point+Heal Clip | Cascade Point+Perfect Float | Heal Clip+Precision Instrument | Incandescent+Perfect Float | Incandescent+Under Pressure | Perfect Float+Precision Instrument | Precision Instrument+Under Pressure,1948035256
901,Punching Out,preferred,Sidearm,Solar,1,0,1,0,1,"Light Touch, Rangefinder, Recycled Energy","Incandescent, Meganeura, Swashbuckler",7,2,386,Incandescent+Light Touch | Incandescent+Recycled Energy | Light Touch+Meganeura | Light Touch+Swashbuckler | Meganeura+Rangefinder | Rangefinder+Swashbuckler | Recycled Energy+Swashbuckler,1469372193
902,Different Times,preferred,Pulse Rifle,Strand,1,0,0,1,1,"Heating Up, Invisible Hand, Offhand Strike","Collective Action, Empty Traits Socket, Multikill Clip",8,2,693,Collective Action+Heating Up | Collective Action+Invisible Hand | Collective Action+Offhand Strike | Empty Traits Socket+Heating Up | Empty Traits Socket+Invisible Hand | Empty Traits Socket+Offhand Strike | Heating Up+Multikill Clip | Invisible Hand+Multikill Clip,3016891299
903,Occluded Finality,preferred,Sniper Rifle,Arc,1,0,0,0,1,"Mulligan, Rapid Hit, Surplus","Iron Reach, Opening Shot, Vorpal Weapon",7,2,478,Iron Reach+Rapid Hit | Iron Reach+Surplus | Mulligan+Opening Shot | Mulligan+Vorpal Weapon | Opening Shot+Rapid Hit | Opening Shot+Surplus | Rapid Hit+Vorpal Weapon,852551895
904,Blast Furnace,preferred,Pulse Rifle,Kinetic,1,0,1,0,1,"Keep Away, Kinetic Tremors, Zen Moment","Kill Clip, Rampage, Rapid Hit",7,2,411,Keep Away+Rampage | Keep Away+Rapid Hit | Kill Clip+Kinetic Tremors | Kinetic Tremors+Rampage | Kinetic Tremors+Rapid Hit | Rampage+Zen Moment | Rapid Hit+Zen Moment,2533990645
905,Tempered Dynamo,preferred,Fusion Rifle,Arc,1,0,1,0,1,"Opening Shot, Overflow","Kill Clip, Rampage, Surrounded",4,2,153,Kill Clip+Opening Shot | Kill Clip+Overflow | Opening Shot+Rampage | Opening Shot+Surrounded,2925315757
906,21% Delirium,preferred,Machine Gun,Arc,1,0,1,0,1,"Light Touch, Reconstruction, Trickle Charge","Killing Tally, One for All, Rolling Storm",6,2,258,Killing Tally+Light Touch | Killing Tally+Reconstruction | Killing Tally+Trickle Charge | Light Touch+One for All | One for All+Trickle Charge | Reconstruction+Rolling Storm,3001598094
907,Strident Whistle,preferred,Combat Bow,Solar,0,0,1,0,1,"Killing Wind, Moving Target, No Distractions","Explosive Head, Successful Warm-Up, Turnabout",6,2,1101,Explosive Head+Killing Wind | Killing Wind+Successful Warm-Up | Moving Target+Successful Warm-Up | Moving Target+Turnabout | No Distractions+Successful Warm-Up | No Distractions+Turnabout,2591241074
908,Origin Story,preferred,Auto Rifle,Kinetic,1,0,1,0,1,"Slideways, Threat Detector, Zen Moment","Kinetic Tremors, Onslaught, Pugilist",6,2,1056,Kinetic Tremors+Threat Detector | Kinetic Tremors+Zen Moment | Onslaught+Threat Detector | Onslaught+Zen Moment | Pugilist+Slideways | Pugilist+Zen Moment,2826850739
909,Something Something,preferred,Sniper Rifle,Kinetic,1,0,1,0,1,"No Distractions, Stopping Power, Triple Tap","Elemental Honing, Kinetic Tremors, Redirection",7,2,138,Elemental Honing+Stopping Power | Elemental Honing+Triple Tap | Kinetic Tremors+Stopping Power | Kinetic Tremors+Triple Tap | No Distractions+Redirection | Redirection+Stopping Power | Redirection+Triple Tap,3421075982
910,Kept Confidence,preferred,Hand Cannon,Strand,1,0,0,1,1,"Air Assault, Loose Change, Shot Swap","Collective Action, Eye of the Storm, Multikill Clip",6,2,469,Air Assault+Collective Action | Air Assault+Eye of the Storm | Air Assault+Multikill Clip | Eye of the Storm+Shot Swap | Loose Change+Multikill Clip | Multikill Clip+Shot Swap,1875512595
911,Out of Bounds,preferred,Submachine Gun,Arc,1,0,1,0,1,"Dynamic Sway Reduction, Loose Change, Voltshot","Frenzy, Golden Tricorn, Tap the Trigger",5,2,650,Dynamic Sway Reduction+Frenzy | Frenzy+Voltshot | Golden Tricorn+Voltshot | Loose Change+Tap the Trigger | Tap the Trigger+Voltshot,3021407779
912,Nox Perennial V,preferred,Fusion Rifle,Strand,1,0,0,0,1,"Envious Assassin, Lead from Gold, Loose Change","Hatchling, Kickstart, Wellspring",5,2,184,Envious Assassin+Wellspring | Hatchling+Loose Change | Kickstart+Lead from Gold | Lead from Gold+Wellspring | Loose Change+Wellspring,2767393525
913,Mykel's Reverence (Adept),preferred,Sidearm,Strand,0,1,0,1,0,"Collective Demolition, Pugilist, Slice","Frenzy, Harmony, Master of Arms",8,2,451,Collective Demolition+Frenzy | Collective Demolition+Harmony | Frenzy+Pugilist | Frenzy+Slice | Harmony+Pugilist | Harmony+Slice | Master of Arms+Pugilist | Master of Arms+Slice,1986287028
914,Crimil's Dagger,preferred,Hand Cannon,Kinetic,1,0,0,0,1,"Moving Target, Rangefinder, Snapshot Sights","Explosive Payload, Timed Payload, Zen Moment",5,2,526,Explosive Payload+Rangefinder | Moving Target+Timed Payload | Rangefinder+Timed Payload | Snapshot Sights+Timed Payload | Snapshot Sights+Zen Moment,4292849692
915,Albruna-D,preferred,Sniper Rifle,Arc,0,0,1,0,1,"Moving Target, No Distractions, Perpetual Motion","Cascade Point, Slickdraw, Under-Over",8,2,1169,Cascade Point+Moving Target | Cascade Point+No Distractions | Moving Target+Slickdraw | Moving Target+Under-Over | No Distractions+Slickdraw | No Distractions+Under-Over | Perpetual Motion+Slickdraw | Perpetual Motion+Under-Over,676270382
916,Autumn Wind,preferred,Pulse Rifle,Kinetic,1,0,1,0,1,"Perfect Float, Pugilist, Slideways","Adrenaline Junkie, Elemental Capacitor, Multikill Clip",5,2,1409,Adrenaline Junkie+Perfect Float | Adrenaline Junkie+Slideways | Elemental Capacitor+Pugilist | Multikill Clip+Perfect Float | Multikill Clip+Pugilist,3110377595
917,Last Rite,preferred,Scout Rifle,Kinetic,1,0,1,0,1,"Bewildering Burst, Reconstruction, Shoot to Loot","Adhesive Ordnance, Offhand Strike, Vorpal Weapon",5,2,297,Adhesive Ordnance+Shoot to Loot | Bewildering Burst+Vorpal Weapon | Offhand Strike+Reconstruction | Offhand Strike+Shoot to Loot | Shoot to Loot+Vorpal Weapon,3708636616
918,Fatebringer (Timelost),preferred,Hand Cannon,Kinetic,0,1,0,1,0,"Keep Away, Opening Shot, Stopping Power","Binary Orbit, One for All, Precision Instrument",7,2,329,Binary Orbit+Keep Away | Keep Away+One for All | Keep Away+Precision Instrument | One for All+Opening Shot | One for All+Stopping Power | Opening Shot+Precision Instrument | Precision Instrument+Stopping Power,4219826183
919,Non-Denouement (Adept),preferred,Combat Bow,Arc,0,1,0,1,0,"Archer's Tempo, Hip-Fire Grip, Successful Warm-Up","Explosive Head, One for All",3,2,348,Archer's Tempo+One for All | Explosive Head+Hip-Fire Grip | One for All+Successful Warm-Up,1039915310
920,Ammit AR2,preferred,Auto Rifle,Solar,1,0,0,1,1,"Surplus, Turnabout, Well-Rounded","Adrenaline Junkie, One for All, Tap the Trigger",6,2,552,Adrenaline Junkie+Turnabout | One for All+Surplus | One for All+Turnabout | Surplus+Tap the Trigger | Tap the Trigger+Turnabout | Tap the Trigger+Well-Rounded,2119346509
921,Hullabaloo,preferred,Grenade Launcher,Arc,1,0,0,0,1,"Envious Assassin, Stats for All, Voltshot","Golden Tricorn Enhanced, One for All, Strategist",5,2,479,Envious Assassin+Golden Tricorn Enhanced | Envious Assassin+One for All | Golden Tricorn Enhanced+Voltshot | One for All+Voltshot | Stats for All+Strategist,2666273249
922,Someday,preferred,Shotgun,Kinetic,1,0,0,1,1,"One-Two Punch, Threat Detector, Threat Remover","Recombination, Swashbuckler, Vorpal Weapon",7,2,697,One-Two Punch+Swashbuckler | One-Two Punch+Vorpal Weapon | Recombination+Threat Detector | Swashbuckler+Threat Detector | Swashbuckler+Threat Remover | Threat Detector+Vorpal Weapon | Threat Remover+Vorpal Weapon,3232203524
923,Dead Weight,preferred,Shotgun,Arc,0,0,1,0,1,"Dual Loader, Feeding Frenzy, Well-Rounded","One-Two Punch, Surrounded, Trench Barrel",6,2,1510,Dual Loader+Surrounded | Feeding Frenzy+One-Two Punch | Feeding Frenzy+Surrounded | One-Two Punch+Well-Rounded | Surrounded+Well-Rounded | Trench Barrel+Well-Rounded,3738678140
924,Solemn Lie,preferred,Hand Cannon,Arc,1,0,1,0,1,"Keep Away, Slideshot, Trickle Charge","Eye of the Storm, Opening Shot, Rolling Storm",4,2,406,Eye of the Storm+Slideshot | Keep Away+Opening Shot | Keep Away+Rolling Storm | Opening Shot+Trickle Charge,1041028435
925,Fortissimo-11,preferred,Shotgun,Kinetic,1,0,1,0,1,"Pulse Monitor, Threat Detector, Unrelenting","Focused Fury, Opening Shot, Turnabout",6,2,1551,Focused Fury+Pulse Monitor | Focused Fury+Threat Detector | Opening Shot+Pulse Monitor | Opening Shot+Unrelenting | Threat Detector+Turnabout | Turnabout+Unrelenting,963732595
926,Breakneck,preferred,Auto Rifle,Kinetic,1,0,1,0,1,"Feeding Frenzy, Pugilist, Subsistence","Deconstruct, Onslaught, Osmosis",5,2,893,Deconstruct+Subsistence | Feeding Frenzy+Onslaught | Feeding Frenzy+Osmosis | Onslaught+Subsistence | Osmosis+Pugilist,2026755633
927,Defiance of Yasmin (Harrowed),preferred,Sniper Rifle,Kinetic,0,1,0,1,0,"Osmosis, Rewind Rounds, Stopping Power","All-Star, Opening Shot, Vorpal Weapon",6,2,478,All-Star+Osmosis | Opening Shot+Osmosis | Opening Shot+Rewind Rounds | Osmosis+Vorpal Weapon | Rewind Rounds+Vorpal Weapon | Stopping Power+Vorpal Weapon,3503019618
928,Bygones,preferred,Pulse Rifle,Kinetic,1,0,1,0,1,"Attrition Orbs, Under Pressure, Zen Moment","Desperado, Headseeker, Osmosis",6,2,1294,Attrition Orbs+Headseeker | Desperado+Under Pressure | Desperado+Zen Moment | Headseeker+Under Pressure | Headseeker+Zen Moment | Osmosis+Zen Moment,2199554524
929,Nessa's Oblation (Adept),preferred,Shotgun,Void,0,1,0,1,0,"Fourth Time's the Charm, Proximity Power, Rapid Hit","Destabilizing Rounds, Frenzy, Paracausal Affinity",6,2,679,Destabilizing Rounds+Fourth Time's the Charm | Destabilizing Rounds+Proximity Power | Destabilizing Rounds+Rapid Hit | Fourth Time's the Charm+Frenzy | Frenzy+Proximity Power | Paracausal Affinity+Rapid Hit,522366885
930,Division (Adept),preferred,Sidearm,Arc,0,1,0,0,1,"Eddy Current, Grave Robber, Perfect Float","Offhand Strike, Swashbuckler, Sword Logic",7,2,388,Eddy Current+Offhand Strike | Eddy Current+Swashbuckler | Eddy Current+Sword Logic | Grave Robber+Offhand Strike | Grave Robber+Sword Logic | Perfect Float+Swashbuckler | Perfect Float+Sword Logic,3734001727
931,Yesteryear,preferred,Pulse Rifle,Void,1,0,1,0,1,"Ambitious Assassin, Perpetual Motion, Tunnel Vision","Dragonfly, Repulsor Brace, Under-Over",6,2,1054,Ambitious Assassin+Dragonfly | Dragonfly+Perpetual Motion | Dragonfly+Tunnel Vision | Perpetual Motion+Repulsor Brace | Repulsor Brace+Tunnel Vision | Tunnel Vision+Under-Over,4028000428
932,The Martlet,preferred,Pulse Rifle,Void,1,0,0,0,1,"Keep Away, Loose Change, Perpetual Motion","Destabilizing Rounds, Withering Gaze, Zen Moment",6,2,342,Destabilizing Rounds+Keep Away | Destabilizing Rounds+Perpetual Motion | Keep Away+Withering Gaze | Keep Away+Zen Moment | Loose Change+Zen Moment | Perpetual Motion+Withering Gaze,877384
933,Eye of Sol,preferred,Sniper Rifle,Kinetic,1,0,0,0,1,"Encore, Perpetual Motion, Shot Swap","Firing Line, Opening Shot, Precision Instrument",5,2,367,Encore+Opening Shot | Encore+Precision Instrument | Firing Line+Perpetual Motion | Opening Shot+Perpetual Motion | Precision Instrument+Shot Swap,1401300690
934,Pointed Inquiry,preferred,Scout Rifle,Void,1,0,0,1,1,"Empty Traits Socket, Repulsor Brace, Stats for All","Demoralize, Precision Instrument, Turnabout",7,2,730,Demoralize+Empty Traits Socket | Empty Traits Socket+Precision Instrument | Empty Traits Socket+Turnabout | Precision Instrument+Repulsor Brace | Precision Instrument+Stats for All | Repulsor Brace+Turnabout | Stats for All+Turnabout,297296830
935,Pardon Our Dust,preferred,Grenade Launcher,Kinetic,1,0,0,1,1,"Ambitious Assassin, Auto-Loading Holster, Pulse Monitor","Danger Zone, Pugilist, Turnabout",6,2,695,Ambitious Assassin+Turnabout | Auto-Loading Holster+Danger Zone | Auto-Loading Holster+Turnabout | Danger Zone+Pulse Monitor | Pugilist+Pulse Monitor | Pulse Monitor+Turnabout,3849810018
936,Origin Story,preferred,Auto Rifle,Kinetic,1,0,1,0,1,"Dynamic Sway Reduction, Strategist, Threat Detector","High Ground, Pugilist, Rampage",6,2,1056,Dynamic Sway Reduction+High Ground | Dynamic Sway Reduction+Pugilist | Dynamic Sway Reduction+Rampage | High Ground+Threat Detector | Pugilist+Strategist | Rampage+Strategist,2826850739
937,Iterative Loop,preferred,Fusion Rifle,Arc,1,0,0,1,1,"Compulsive Reloader, Slickdraw, Supercharged Magazine","Controlled Burst, Pugilist, Voltshot",6,2,651,Compulsive Reloader+Controlled Burst | Compulsive Reloader+Pugilist | Controlled Burst+Slickdraw | Pugilist+Slickdraw | Pugilist+Supercharged Magazine | Slickdraw+Voltshot,1289796511
938,Strident Whistle,preferred,Combat Bow,Solar,0,0,1,0,1,"Archer's Tempo, Shoot to Loot, Sneak Bow","Harmony, Rampage, Wellspring",7,2,1101,Archer's Tempo+Harmony | Archer's Tempo+Rampage | Harmony+Sneak Bow | Rampage+Shoot to Loot | Rampage+Sneak Bow | Shoot to Loot+Wellspring | Sneak Bow+Wellspring,2591241074
939,Crisis Inverted,preferred,Hand Cannon,Arc,0,0,1,0,1,"Moving Target, Stats for All, Tunnel Vision","Adaptive Munitions, Rangefinder, Turnabout",5,2,1566,Adaptive Munitions+Moving Target | Moving Target+Rangefinder | Rangefinder+Stats for All | Rangefinder+Tunnel Vision | Tunnel Vision+Turnabout,2888266564
940,King Orfeo,preferred,Combat Bow,Arc,1,0,0,0,1,"Pugilist, Shoot to Loot, Surplus","Meganeura, Rangefinder, Rolling Storm",6,2,213,Meganeura+Pugilist | Pugilist+Rangefinder | Rangefinder+Shoot to Loot | Rangefinder+Surplus | Rolling Storm+Shoot to Loot | Rolling Storm+Surplus,3481382332
941,Briar's Contempt (Adept),preferred,Linear Fusion Rifle,Solar,0,1,0,1,0,"Burning Ambition, Rapid Hit, Slideshot","Chaos Reshaped, Frenzy, Surrounded",4,2,558,Burning Ambition+Frenzy | Chaos Reshaped+Slideshot | Frenzy+Slideshot | Rapid Hit+Surrounded,2890082420
942,Embraced Identity,preferred,Sniper Rifle,Void,1,0,0,1,1,"Attrition Orbs, Demolitionist, Rewind Rounds","Box Breathing, Fourth Time's the Charm, Redirection",7,2,594,Attrition Orbs+Fourth Time's the Charm | Attrition Orbs+Redirection | Box Breathing+Demolitionist | Demolitionist+Fourth Time's the Charm | Demolitionist+Redirection | Fourth Time's the Charm+Rewind Rounds | Redirection+Rewind Rounds,2821677368
943,Abyssal Edge,preferred,Sword,Strand,1,0,0,0,1,"Slice, Tireless Blade","Demolitionist, Hatchling, Redirection",4,2,276,Demolitionist+Slice | Demolitionist+Tireless Blade | Hatchling+Tireless Blade | Redirection+Slice,4221591387
944,Fimbulwinter Stitch,preferred,Sidearm,Arc,1,0,0,0,1,"Loose Change, Rapid Hit, Trickle Charge","Precision Instrument, Redirection, Rolling Storm",5,2,259,Loose Change+Precision Instrument | Loose Change+Rolling Storm | Precision Instrument+Rapid Hit | Rapid Hit+Rolling Storm | Redirection+Trickle Charge,3685829362
945,Forthcoming Deviance (Adept),preferred,Glaive,Void,0,1,0,1,0,"Grave Robber, Impulse Amplifier, Replenishing Aegis","Destabilizing Rounds, Unstoppable Force, Vorpal Weapon",9,2,403,Destabilizing Rounds+Grave Robber | Destabilizing Rounds+Impulse Amplifier | Destabilizing Rounds+Replenishing Aegis | Grave Robber+Unstoppable Force | Grave Robber+Vorpal Weapon | Impulse Amplifier+Unstoppable Force | Impulse Amplifier+Vorpal Weapon | Replenishing Aegis+Unstoppable Force | Replenishing Aegis+Vorpal Weapon,3123651616
946,Positive Outlook,preferred,Auto Rifle,Void,1,0,1,0,1,"Perpetual Motion, Shot Swap, Surplus","Adaptive Munitions, Pugilist, Repulsor Brace",7,2,963,Adaptive Munitions+Perpetual Motion | Adaptive Munitions+Surplus | Perpetual Motion+Pugilist | Pugilist+Shot Swap | Pugilist+Surplus | Repulsor Brace+Shot Swap | Repulsor Brace+Surplus,491078457
947,Convened Recurve,preferred,Combat Bow,Void,1,0,1,0,1,Repulsor Brace,Snapshot Sights,1,2,181,Repulsor Brace+Snapshot Sights,3667861447
948,Willful Hamartia,preferred,Linear Fusion Rifle,Arc,1,0,0,0,1,"Envious Assassin, Slideways, Successful Warm-Up","Headseeker, Offhand Strike, Reservoir Burst",5,2,210,Envious Assassin+Headseeker | Headseeker+Slideways | Offhand Strike+Successful Warm-Up | Reservoir Burst+Slideways | Reservoir Burst+Successful Warm-Up,1952295804
949,Last Foray,preferred,Sniper Rifle,Solar,1,0,0,0,1,"Keep Away, Quickdraw, Rewind Rounds","Cascade Point, Incandescent, Snapshot Sights",6,2,356,Cascade Point+Keep Away | Cascade Point+Quickdraw | Cascade Point+Rewind Rounds | Incandescent+Rewind Rounds | Keep Away+Snapshot Sights | Rewind Rounds+Snapshot Sights,4118936670
950,Veiled Threat,preferred,Auto Rifle,Stasis,1,0,0,1,1,"Attrition Orbs, Fragile Focus, Shoot to Loot","Desperate Measures, Headstone, Surrounded",5,2,453,Attrition Orbs+Desperate Measures | Attrition Orbs+Headstone | Desperate Measures+Fragile Focus | Fragile Focus+Surrounded | Shoot to Loot+Surrounded,3685470415
951,Servant Leader,preferred,Scout Rifle,Kinetic,0,0,1,0,1,"Heating Up, Pulse Monitor, Shoot to Loot","Harmony, Osmosis, Thresh",6,2,1538,Harmony+Heating Up | Harmony+Pulse Monitor | Harmony+Shoot to Loot | Heating Up+Osmosis | Osmosis+Shoot to Loot | Shoot to Loot+Thresh,1107446438
952,Joxer's Longsword,preferred,Pulse Rifle,Void,1,0,1,0,1,"Closing Time, Shoot to Loot, Strategist","Adrenaline Junkie, Headseeker, Zen Moment",8,2,923,Adrenaline Junkie+Closing Time | Adrenaline Junkie+Shoot to Loot | Adrenaline Junkie+Strategist | Closing Time+Headseeker | Closing Time+Zen Moment | Headseeker+Shoot to Loot | Shoot to Loot+Zen Moment | Strategist+Zen Moment,157601190
953,Unending Tempest,preferred,Submachine Gun,Stasis,1,0,1,0,1,"Discord, Gutshot Straight, Shot Swap","Adrenaline Junkie, Collective Action, Tap the Trigger",7,2,1226,Adrenaline Junkie+Discord | Adrenaline Junkie+Gutshot Straight | Adrenaline Junkie+Shot Swap | Collective Action+Shot Swap | Discord+Tap the Trigger | Gutshot Straight+Tap the Trigger | Shot Swap+Tap the Trigger,2510526114
954,Albruna-D,preferred,Sniper Rifle,Arc,0,0,1,0,1,"Air Assault, Surplus, Wellspring","Slickdraw, Snapshot Sights, Vorpal Weapon",6,2,1169,Air Assault+Vorpal Weapon | Slickdraw+Surplus | Slickdraw+Wellspring | Snapshot Sights+Wellspring | Surplus+Vorpal Weapon | Vorpal Weapon+Wellspring,676270382
955,Mos Athanor IV,preferred,Hand Cannon,Void,1,0,1,0,1,"Lone Wolf, Slideways","Adagio, Precision Instrument, Sword Logic",6,2,281,Adagio+Lone Wolf | Adagio+Slideways | Lone Wolf+Precision Instrument | Lone Wolf+Sword Logic | Precision Instrument+Slideways | Slideways+Sword Logic,4118334987
956,The Third Axiom,preferred,Pulse Rifle,Arc,1,0,1,0,1,"Feeding Frenzy, Hip-Fire Grip, Slideways","Headseeker, Opening Shot, Sympathetic Arsenal",7,2,1362,Feeding Frenzy+Headseeker | Feeding Frenzy+Opening Shot | Feeding Frenzy+Sympathetic Arsenal | Hip-Fire Grip+Opening Shot | Hip-Fire Grip+Sympathetic Arsenal | Opening Shot+Slideways | Slideways+Sympathetic Arsenal,3744058588
957,Trinary System,preferred,Fusion Rifle,Solar,0,0,1,0,1,"Firmly Planted, Quickdraw, Slideways","Disruption Break, Tap the Trigger, Unrelenting",7,2,1281,Disruption Break+Firmly Planted | Disruption Break+Quickdraw | Firmly Planted+Tap the Trigger | Firmly Planted+Unrelenting | Quickdraw+Tap the Trigger | Quickdraw+Unrelenting | Slideways+Tap the Trigger,3258665412
958,Volta Bracket,preferred,Sniper Rifle,Strand,1,0,0,1,1,"Envious Assassin, Subsistence, Triple Tap","Explosive Payload, Firing Line, Under Pressure",6,2,617,Envious Assassin+Explosive Payload | Envious Assassin+Firing Line | Explosive Payload+Subsistence | Firing Line+Subsistence | Subsistence+Under Pressure | Triple Tap+Under Pressure,3920310144
959,Oversoul Edict (Adept),preferred,Pulse Rifle,Arc,0,1,0,1,0,"Demolitionist, Eye of the Storm, Supercharged Magazine","Gear Shift, Swashbuckler, Sword Logic",4,2,489,Demolitionist+Gear Shift | Demolitionist+Sword Logic | Eye of the Storm+Swashbuckler | Supercharged Magazine+Sword Logic,578105049
960,Qua Xaphan V,preferred,Machine Gun,Void,0,0,1,0,1,"Surplus, Triple Tap, Under Pressure","Adrenaline Junkie, Destabilizing Rounds, Target Lock",9,2,1008,Adrenaline Junkie+Surplus | Adrenaline Junkie+Triple Tap | Adrenaline Junkie+Under Pressure | Destabilizing Rounds+Surplus | Destabilizing Rounds+Triple Tap | Destabilizing Rounds+Under Pressure | Surplus+Target Lock | Target Lock+Triple Tap | Target Lock+Under Pressure,1975125963
961,Lubrae's Ruin (Adept),preferred,Glaive,Solar,0,1,0,1,0,"Tilting at Windmills, Turnabout","Surrounded, Unrelenting, Vorpal Weapon",4,2,374,Surrounded+Tilting at Windmills | Tilting at Windmills+Unrelenting | Tilting at Windmills+Vorpal Weapon | Turnabout+Vorpal Weapon,1466006054
962,No Reprieve,preferred,Shotgun,Stasis,1,0,0,1,1,"Stats for All, Surplus, Triple Tap","Headstone, Surrounded, Swashbuckler",6,2,753,Headstone+Surplus | Stats for All+Swashbuckler | Surplus+Surrounded | Surplus+Swashbuckler | Surrounded+Triple Tap | Swashbuckler+Triple Tap,2531963421
963,Song of Ir Yût (Adept),preferred,Machine Gun,Arc,0,1,0,1,0,"Jolting Feedback, Rewind Rounds, Unrelenting","Elemental Capacitor, Target Lock, Voltshot",5,2,381,Elemental Capacitor+Rewind Rounds | Jolting Feedback+Voltshot | Rewind Rounds+Voltshot | Target Lock+Unrelenting | Unrelenting+Voltshot,407511664
964,Ribbontail,preferred,Trace Rifle,Strand,1,0,0,0,1,"Envious Arsenal, Transcendent Moment","Killing Tally, Tear",2,2,153,Envious Arsenal+Killing Tally | Tear+Transcendent Moment,407150808
965,Sixth Sense,preferred,Hand Cannon,Strand,1,0,0,0,1,"Demolitionist, Keep Away, Triple Tap","Dragonfly, Hatchling, Tear",6,2,337,Demolitionist+Tear | Dragonfly+Keep Away | Dragonfly+Triple Tap | Hatchling+Keep Away | Hatchling+Triple Tap | Tear+Triple Tap,4032097591
966,Better Devils,preferred,Hand Cannon,Kinetic,1,0,1,0,1,"Auto-Loading Holster, Hip-Fire Grip, Threat Detector","Hip-Fire Grip, Timed Payload, Zen Moment",5,2,526,Auto-Loading Holster+Zen Moment | Hip-Fire Grip+Threat Detector | Hip-Fire Grip+Timed Payload | Hip-Fire Grip+Zen Moment | Threat Detector+Timed Payload,153979397
967,Ill Omen,preferred,Sword,Stasis,1,0,0,1,1,"Empty Traits Socket, Strategist, Valiant Charge","Assassin's Blade, One for All, Whirlwind Blade",7,2,590,Assassin's Blade+Empty Traits Socket | Empty Traits Socket+One for All | Empty Traits Socket+Whirlwind Blade | One for All+Strategist | One for All+Valiant Charge | Strategist+Whirlwind Blade | Valiant Charge+Whirlwind Blade,3794274730
968,Anamnesis (Adept),preferred,Combat Bow,Void,0,1,0,0,1,"Archer's Tempo, Dragonfly, Repulsor Brace","Adagio, Moving Target, Sword Logic",6,3,248,Adagio+Archer's Tempo | Adagio+Repulsor Brace | Archer's Tempo+Moving Target | Archer's Tempo+Sword Logic | Dragonfly+Sword Logic | Moving Target+Repulsor Brace,3949253499
969,Doom of Chelchis (Harrowed),preferred,Scout Rifle,Void,0,1,0,1,0,"Adaptive Munitions, Demoralize, Firefly","Dragonfly, Eye of the Storm, Repulsor Brace",4,3,472,Adaptive Munitions+Eye of the Storm | Adaptive Munitions+Repulsor Brace | Demoralize+Eye of the Storm | Dragonfly+Firefly,1184692845
970,Crisis Inverted,preferred,Hand Cannon,Arc,0,0,1,0,1,"Demolitionist, Rapid Hit, Under Pressure","Adaptive Munitions, Rangefinder, Turnabout",7,3,1566,Adaptive Munitions+Demolitionist | Adaptive Munitions+Rapid Hit | Adaptive Munitions+Under Pressure | Demolitionist+Turnabout | Rangefinder+Rapid Hit | Rapid Hit+Turnabout | Turnabout+Under Pressure,2888266564
971,Anonymous Autumn,preferred,Sidearm,Arc,1,0,1,0,1,"Rangefinder, To the Pain, Zen Moment","Adrenaline Junkie, Desperate Measures, Surrounded",6,3,1101,Adrenaline Junkie+To the Pain | Adrenaline Junkie+Zen Moment | Desperate Measures+Rangefinder | Desperate Measures+To the Pain | Desperate Measures+Zen Moment | Rangefinder+Surrounded,1644501332
972,Double-Edged Answer,preferred,Sword,Void,0,0,1,0,1,"Relentless Strikes, Thresh, Wellspring","Adrenaline Junkie, Attrition Orbs, Counterattack",4,3,1022,Adrenaline Junkie+Wellspring | Attrition Orbs+Relentless Strikes | Attrition Orbs+Thresh | Counterattack+Thresh,105164264
973,Pure Poetry,preferred,Hand Cannon,Kinetic,0,0,1,0,1,"Air Assault, Ambitious Assassin, Well-Rounded","Focused Fury, Osmosis, Pugilist",8,3,1182,Air Assault+Focused Fury | Air Assault+Osmosis | Air Assault+Pugilist | Ambitious Assassin+Focused Fury | Ambitious Assassin+Osmosis | Focused Fury+Well-Rounded | Osmosis+Well-Rounded | Pugilist+Well-Rounded,2671639706
974,Pure Poetry,preferred,Hand Cannon,Kinetic,0,0,1,0,1,"Air Assault, Ensemble, Fragile Focus","Frenzy, Harmony, Rampage",7,3,1182,Air Assault+Frenzy | Air Assault+Rampage | Ensemble+Harmony | Ensemble+Rampage | Fragile Focus+Frenzy | Fragile Focus+Harmony | Fragile Focus+Rampage,2671639706
975,A Distant Pull,preferred,Sniper Rifle,Stasis,1,0,0,1,1,"Ambitious Assassin, Moving Target, Triple Tap","Collective Action, Headstone, Opening Shot",6,3,533,Ambitious Assassin+Headstone | Ambitious Assassin+Opening Shot | Collective Action+Moving Target | Collective Action+Triple Tap | Headstone+Moving Target | Headstone+Triple Tap,1769847435
976,Point of the Stag,preferred,Combat Bow,Arc,1,0,0,0,1,"Archer's Tempo, No Distractions","Dragonfly, Golden Tricorn Enhanced, Swashbuckler",5,3,253,Archer's Tempo+Golden Tricorn Enhanced | Archer's Tempo+Swashbuckler | Dragonfly+No Distractions | Golden Tricorn Enhanced+No Distractions | No Distractions+Swashbuckler,888872889
977,The Immortal,preferred,Submachine Gun,Strand,1,0,0,0,1,"Attrition Orbs, Hatchling, Keep Away","Elemental Honing, Lone Wolf, Master of Arms",4,3,310,Attrition Orbs+Lone Wolf | Attrition Orbs+Master of Arms | Elemental Honing+Hatchling | Keep Away+Master of Arms,2872063099
978,Loaded Question,preferred,Fusion Rifle,Arc,1,0,1,0,1,"Auto-Loading Holster, Firmly Planted, Overflow","Frenzy, Reservoir Burst",4,3,274,Auto-Loading Holster+Reservoir Burst | Firmly Planted+Frenzy | Frenzy+Overflow | Overflow+Reservoir Burst,3125454907
979,Hezen Vengeance (Timelost),preferred,Rocket Launcher,Solar,0,1,0,1,0,"Cluster Bomb, Collective Demolition, Overflow","Bait and Switch, Binary Orbit, Elemental Honing",5,3,484,Bait and Switch+Cluster Bomb | Binary Orbit+Collective Demolition | Binary Orbit+Overflow | Cluster Bomb+Elemental Honing | Elemental Honing+Overflow,3623686757
980,Insidious (Adept),preferred,Pulse Rifle,Arc,0,1,0,1,0,"Compulsive Reloader, Rolling Storm, Stats for All","Bait and Switch, Chaos Reshaped, Rampage",5,3,614,Bait and Switch+Compulsive Reloader | Bait and Switch+Stats for All | Chaos Reshaped+Stats for All | Compulsive Reloader+Rampage | Rampage+Rolling Storm,786352912
981,Retrofuturist,preferred,Shotgun,Void,1,0,1,0,1,"Pugilist, Shot Swap, Unrelenting","Barrel Constrictor, One for All, Swashbuckler",3,3,1011,Barrel Constrictor+Pugilist | One for All+Shot Swap | Swashbuckler+Unrelenting,1612781792
982,Micromort,preferred,Rocket Launcher,Arc,1,0,0,0,1,Field Prep,"Binary Orbit, Paracausal Affinity, Rolling Storm",3,3,252,Binary Orbit+Field Prep | Field Prep+Paracausal Affinity | Field Prep+Rolling Storm,602331467
983,Fang of Ir Yût (Adept),preferred,Scout Rifle,Strand,0,1,0,1,0,"Rapid Hit, Shoot to Loot, Tunnel Vision","Binary Orbit, Precision Instrument, Sword Logic",5,3,629,Binary Orbit+Rapid Hit | Binary Orbit+Shoot to Loot | Precision Instrument+Tunnel Vision | Rapid Hit+Sword Logic | Shoot to Loot+Sword Logic,128782990
984,Outrageous Fortune,preferred,Grenade Launcher,Solar,1,0,1,0,1,Envious Arsenal,Burning Ambition,1,3,244,Burning Ambition+Envious Arsenal,4146673634
985,The Beacon,preferred,Fusion Rifle,Solar,1,0,0,0,1,Lead from Gold,"Burning Ambition, Controlled Burst",2,3,227,Burning Ambition+Lead from Gold | Controlled Burst+Lead from Gold,2161618499
986,Ahab Char,preferred,Auto Rifle,Solar,1,0,0,0,1,"Perpetual Motion, Subsistence, Transcendent Moment","Binary Orbit, Burning Ambition, Swashbuckler",7,3,349,Binary Orbit+Perpetual Motion | Binary Orbit+Subsistence | Burning Ambition+Perpetual Motion | Burning Ambition+Subsistence | Burning Ambition+Transcendent Moment | Subsistence+Swashbuckler | Swashbuckler+Transcendent Moment,1411560894
987,Someday,preferred,Shotgun,Kinetic,1,0,0,1,1,"Dual Loader, Elemental Capacitor, Lead from Gold","Cascade Point, Closing Time, Swashbuckler",7,3,697,Cascade Point+Dual Loader | Cascade Point+Elemental Capacitor | Cascade Point+Lead from Gold | Closing Time+Elemental Capacitor | Dual Loader+Swashbuckler | Elemental Capacitor+Swashbuckler | Lead from Gold+Swashbuckler,3232203524
988,Albruna-D,preferred,Sniper Rifle,Arc,0,0,1,0,1,"Air Assault, Ensemble, Wellspring","Cascade Point, Harmony, Opening Shot",4,3,1169,Air Assault+Opening Shot | Cascade Point+Ensemble | Harmony+Wellspring | Opening Shot+Wellspring,676270382
989,Salvager's Salvo,preferred,Grenade Launcher,Arc,1,0,1,0,1,"Chain Reaction, Demolitionist, Light Touch","Collective Action, Reaper's Tithe, Vorpal Weapon",5,3,180,Chain Reaction+Collective Action | Collective Action+Demolitionist | Demolitionist+Reaper's Tithe | Demolitionist+Vorpal Weapon | Light Touch+Vorpal Weapon,2461640837
990,Blowout,preferred,Rocket Launcher,Arc,0,0,1,0,1,"Danger Zone, Ensemble, Thresh","Chain Reaction, Cluster Bomb, Disruption Break",4,3,1083,Chain Reaction+Ensemble | Chain Reaction+Thresh | Cluster Bomb+Danger Zone | Disruption Break+Thresh,1903182562
991,Koraxis's Distress (Adept),preferred,Grenade Launcher,Strand,0,1,0,1,0,"Chain Reaction, Demolitionist, Envious Arsenal","Full Court, Harmony, Hatchling",5,3,523,Chain Reaction+Hatchling | Demolitionist+Full Court | Demolitionist+Harmony | Envious Arsenal+Harmony | Envious Arsenal+Hatchling,495442100
992,Wicked Sister,preferred,Grenade Launcher,Strand,0,0,1,0,1,"Clown Cartridge, Danger Zone, Perpetual Motion","Chain Reaction, Full Court, Reverberation",5,3,1019,Chain Reaction+Clown Cartridge | Chain Reaction+Perpetual Motion | Clown Cartridge+Full Court | Clown Cartridge+Reverberation | Danger Zone+Full Court,2039776723
993,Deliverance (Adept),preferred,Fusion Rifle,Stasis,0,1,0,1,0,"Compulsive Reloader, Demolitionist, Lone Wolf","Chill Clip, Successful Warm-Up, Tap the Trigger",3,3,466,Chill Clip+Demolitionist | Compulsive Reloader+Tap the Trigger | Lone Wolf+Successful Warm-Up,2943293195
994,Palmyra-B,preferred,Rocket Launcher,Stasis,1,0,0,1,1,"Empty Traits Socket, Ensemble, Impulse Amplifier","Chill Clip, Explosive Light, Lasting Impression",5,3,451,Chill Clip+Empty Traits Socket | Chill Clip+Impulse Amplifier | Empty Traits Socket+Explosive Light | Empty Traits Socket+Lasting Impression | Ensemble+Lasting Impression,3489657138
995,Critical Anomaly (Adept),preferred,Sniper Rifle,Stasis,0,1,0,1,0,"Chill Clip, Rampage, Rewind Rounds","Explosive Payload, Headstone, Mega Kill Clip",5,3,329,Chill Clip+Headstone | Explosive Payload+Rampage | Explosive Payload+Rewind Rounds | Headstone+Rewind Rounds | Mega Kill Clip+Rewind Rounds,172461430
996,Rake Angle,preferred,Glaive,Stasis,1,0,1,0,1,"Impulse Amplifier, Overflow","Close to Melee, Surrounded, Unstoppable Force",3,3,219,Close to Melee+Overflow | Impulse Amplifier+Surrounded | Overflow+Unstoppable Force,2298039571
997,Axial Lacuna,preferred,Fusion Rifle,Solar,1,0,0,1,1,"Cornered, Heal Clip, Reconstruction","Closing Time, Empty Traits Socket, Surrounded",6,3,817,Closing Time+Heal Clip | Closing Time+Reconstruction | Cornered+Empty Traits Socket | Empty Traits Socket+Reconstruction | Heal Clip+Surrounded | Reconstruction+Surrounded,3867373351
998,Joxer's Longsword,preferred,Pulse Rifle,Void,1,0,1,0,1,"Closing Time, Demolitionist, Killing Wind","Desperado, One for All, Withering Gaze",5,3,923,Closing Time+One for All | Demolitionist+Desperado | Demolitionist+Withering Gaze | Desperado+Killing Wind | Killing Wind+One for All,157601190
999,Qua Xaphan V,preferred,Machine Gun,Void,0,0,1,0,1,"Clown Cartridge, Dynamic Sway Reduction, Encore","Dragonfly, Firing Line, Thresh",5,3,1008,Clown Cartridge+Dragonfly | Clown Cartridge+Thresh | Dynamic Sway Reduction+Thresh | Encore+Firing Line | Encore+Thresh,1975125963
1000,Yesteryear,preferred,Pulse Rifle,Void,1,0,1,0,1,"Compulsive Reloader, Steady Hands, Subsistence","Desperado, Eye of the Storm, Multikill Clip",7,3,1054,Compulsive Reloader+Eye of the Storm | Compulsive Reloader+Multikill Clip | Desperado+Steady Hands | Desperado+Subsistence | Eye of the Storm+Subsistence | Multikill Clip+Steady Hands | Multikill Clip+Subsistence,4028000428
1001,Resounding,preferred,Fusion Rifle,Strand,1,0,1,0,1,"Compulsive Reloader, Slice","One for All, Reservoir Burst, Surrounded",4,3,357,Compulsive Reloader+Reservoir Burst | Compulsive Reloader+Surrounded | One for All+Slice | Slice+Surrounded,3273807888
1002,Riptide,preferred,Fusion Rifle,Stasis,1,0,1,0,1,"Feeding Frenzy, Perpetual Motion, Under Pressure","Cornered, Successful Warm-Up, Unrelenting",8,3,1463,Cornered+Perpetual Motion | Cornered+Under Pressure | Feeding Frenzy+Successful Warm-Up | Feeding Frenzy+Unrelenting | Perpetual Motion+Successful Warm-Up | Perpetual Motion+Unrelenting | Successful Warm-Up+Under Pressure | Under Pressure+Unrelenting,2715240478
1003,Strident Whistle,preferred,Combat Bow,Solar,0,0,1,0,1,"Perpetual Motion, Shoot to Loot, Sneak Bow","Cornered, Dragonfly, Explosive Head",4,3,1101,Cornered+Shoot to Loot | Dragonfly+Shoot to Loot | Dragonfly+Sneak Bow | Explosive Head+Perpetual Motion,2591241074
1004,Dimensional Hypotrochoid,preferred,Grenade Launcher,Stasis,1,0,0,1,1,"Envious Arsenal, Envious Assassin, Rimestealer","Crystalline Corpsebloom, Disruption Break, Empty Traits Socket",5,3,863,Crystalline Corpsebloom+Envious Assassin | Disruption Break+Envious Assassin | Empty Traits Socket+Envious Arsenal | Empty Traits Socket+Envious Assassin | Empty Traits Socket+Rimestealer,1311684613
1005,Pardon Our Dust,preferred,Grenade Launcher,Kinetic,1,0,0,1,1,"Pulse Monitor, Stats for All","Danger Zone, Vorpal Weapon",2,3,695,Danger Zone+Stats for All | Pulse Monitor+Vorpal Weapon,3849810018
1006,Fair Judgment,preferred,Auto Rifle,Stasis,1,0,1,0,1,"Deconstruct, Enlightened Action, Keep Away","Frenzy, Rangefinder, Tap the Trigger",5,3,371,Deconstruct+Frenzy | Enlightened Action+Frenzy | Enlightened Action+Rangefinder | Keep Away+Rangefinder | Keep Away+Tap the Trigger,4113452819
1007,Wicked Sister,preferred,Grenade Launcher,Strand,0,0,1,0,1,"Envious Arsenal, Slice, Strategist","Bait and Switch, Deconstruct, High Ground",5,3,1019,Bait and Switch+Strategist | Deconstruct+Slice | Deconstruct+Strategist | Envious Arsenal+High Ground | High Ground+Slice,2039776723
1008,Qullim's Terminus (Harrowed),preferred,Machine Gun,Stasis,0,1,0,1,0,"Demolitionist, Dynamic Sway Reduction, Enlightened Action","Firing Line, Mega Kill Clip, Wellspring",7,3,390,Demolitionist+Firing Line | Demolitionist+Mega Kill Clip | Demolitionist+Wellspring | Dynamic Sway Reduction+Firing Line | Dynamic Sway Reduction+Wellspring | Enlightened Action+Firing Line | Enlightened Action+Wellspring,3248429089
1009,Unending Tempest,preferred,Submachine Gun,Stasis,1,0,1,0,1,"Demolitionist, Subsistence, Under-Over","Fragile Focus, Harmony, Tap the Trigger",6,3,1226,Demolitionist+Fragile Focus | Fragile Focus+Subsistence | Fragile Focus+Under-Over | Harmony+Subsistence | Harmony+Under-Over | Tap the Trigger+Under-Over,2510526114
1010,Luna Regolith III,preferred,Sniper Rifle,Solar,0,0,1,0,1,"Heal Clip, No Distractions, Surplus","Demolitionist, Explosive Payload, High Ground",7,3,1020,Demolitionist+Heal Clip | Demolitionist+Surplus | Explosive Payload+Heal Clip | Explosive Payload+No Distractions | Explosive Payload+Surplus | Heal Clip+High Ground | High Ground+No Distractions,1948035256
1011,Faustus Decline,preferred,Sidearm,Stasis,1,0,0,0,1,"Demolitionist, Killing Wind, Rimestealer","Kill Clip, Offhand Strike, Sword Logic",5,3,467,Demolitionist+Offhand Strike | Kill Clip+Killing Wind | Kill Clip+Rimestealer | Killing Wind+Offhand Strike | Rimestealer+Sword Logic,1663482635
1012,The Title,preferred,Submachine Gun,Void,1,0,0,0,1,"Recycled Energy, Repulsor Brace, Threat Detector","Demoralize, Elemental Honing, Rangefinder",3,3,348,Demoralize+Recycled Energy | Elemental Honing+Threat Detector | Rangefinder+Repulsor Brace,4106258882
1013,Stay Frosty,preferred,Pulse Rifle,Stasis,1,0,0,0,1,"Encore, Killing Wind, Moving Target","Desperado, Desperate Measures, Headseeker",5,3,479,Desperado+Moving Target | Desperate Measures+Encore | Desperate Measures+Killing Wind | Desperate Measures+Moving Target | Headseeker+Moving Target,3910523587
1014,The Call,preferred,Sidearm,Strand,1,0,0,1,1,"Slice, Stats for All, Strategist","Desperate Measures, Empty Traits Socket, Golden Tricorn",5,3,1088,Desperate Measures+Stats for All | Empty Traits Socket+Slice | Empty Traits Socket+Stats for All | Golden Tricorn+Slice | Golden Tricorn+Strategist,3947966653
1015,Bygones,preferred,Pulse Rifle,Kinetic,1,0,1,0,1,"Outlaw, Perpetual Motion, Under Pressure","Desperate Measures, Firefly, Kinetic Tremors",4,3,1294,Desperate Measures+Outlaw | Desperate Measures+Under Pressure | Firefly+Perpetual Motion | Kinetic Tremors+Under Pressure,2199554524
1016,Double-Edged Answer,preferred,Sword,Void,0,0,1,0,1,"Energy Transfer, Thresh, Wellspring","Collective Action, Destabilizing Rounds, Valiant Charge",8,3,1022,Collective Action+Energy Transfer | Collective Action+Wellspring | Destabilizing Rounds+Energy Transfer | Destabilizing Rounds+Thresh | Destabilizing Rounds+Wellspring | Energy Transfer+Valiant Charge | Thresh+Valiant Charge | Valiant Charge+Wellspring,105164264
1017,A Good Shout,preferred,Combat Bow,Void,1,0,1,0,1,No Distractions,"Destabilizing Rounds, Rampage",2,3,158,Destabilizing Rounds+No Distractions | No Distractions+Rampage,3615748501
1018,Kindled Orchid,preferred,Hand Cannon,Void,1,0,1,0,1,"Outlaw, Rangefinder, Repulsor Brace","Destabilizing Rounds, Eye of the Storm",3,3,336,Destabilizing Rounds+Outlaw | Destabilizing Rounds+Rangefinder | Eye of the Storm+Repulsor Brace,3961462214
1019,Reghusk's Pledge,preferred,Auto Rifle,Void,1,0,0,0,1,"Destabilizing Rounds, Impromptu Ammunition","Kill Clip, Swashbuckler, Target Lock",3,3,256,Destabilizing Rounds+Kill Clip | Destabilizing Rounds+Swashbuckler | Impromptu Ammunition+Target Lock,2370525224
1020,Mercurial Overreach,preferred,Sniper Rifle,Arc,1,0,1,0,1,"Discord, Keep Away, Lone Wolf","Bait and Switch, Elemental Capacitor, Vorpal Weapon",6,3,461,Bait and Switch+Keep Away | Discord+Elemental Capacitor | Discord+Vorpal Weapon | Elemental Capacitor+Keep Away | Elemental Capacitor+Lone Wolf | Lone Wolf+Vorpal Weapon,4257236930
1021,Retraced Path,preferred,Trace Rifle,Solar,1,0,0,1,1,"Feeding Frenzy, Perpetual Motion, Shoot to Loot","Disruption Break, Golden Tricorn Enhanced, Incandescent",7,3,739,Disruption Break+Shoot to Loot | Feeding Frenzy+Golden Tricorn Enhanced | Feeding Frenzy+Incandescent | Golden Tricorn Enhanced+Perpetual Motion | Golden Tricorn Enhanced+Shoot to Loot | Incandescent+Perpetual Motion | Incandescent+Shoot to Loot,548958835
1022,Joxer's Longsword,preferred,Pulse Rifle,Void,1,0,1,0,1,"Dragonfly, Gutshot Straight, Killing Wind","Demoralize, Swashbuckler, Zen Moment",4,3,923,Demoralize+Killing Wind | Dragonfly+Swashbuckler | Dragonfly+Zen Moment | Gutshot Straight+Zen Moment,157601190
1023,Eleatic Principle,preferred,Machine Gun,Arc,1,0,0,1,1,"Eddy Current, Well-Rounded, Zen Moment","Golden Tricorn Enhanced, Harmony, Rangefinder",6,3,593,Eddy Current+Golden Tricorn Enhanced | Eddy Current+Harmony | Golden Tricorn Enhanced+Well-Rounded | Harmony+Zen Moment | Rangefinder+Well-Rounded | Rangefinder+Zen Moment,105306149
1024,Mechabre,preferred,Sniper Rifle,Arc,1,0,0,0,1,"Demolitionist, Eddy Current, Triple Tap","High-Impact Reserves, Voltshot, Vorpal Weapon",4,3,429,Demolitionist+High-Impact Reserves | Eddy Current+High-Impact Reserves | Eddy Current+Vorpal Weapon | Triple Tap+Voltshot,3871226707
1025,Action Item,preferred,Trace Rifle,Stasis,1,0,0,0,1,"Envious Assassin, High-Impact Reserves","Binary Orbit, Elemental Honing, Target Lock",3,3,261,Binary Orbit+Envious Assassin | Elemental Honing+Envious Assassin | High-Impact Reserves+Target Lock,527989828
1026,Aberrant Action,preferred,Sidearm,Solar,1,0,0,1,1,"Ambitious Assassin, Empty Traits Socket, Threat Detector","Empty Traits Socket, Incandescent, Reverberation",7,3,703,Ambitious Assassin+Empty Traits Socket | Ambitious Assassin+Incandescent | Empty Traits Socket+Incandescent | Empty Traits Socket+Reverberation | Empty Traits Socket+Threat Detector | Incandescent+Threat Detector | Reverberation+Threat Detector,2198166292
1027,Iterative Loop,preferred,Fusion Rifle,Arc,1,0,0,1,1,"Successful Warm-Up, Supercharged Magazine, Well-Rounded","Empty Traits Socket, Pugilist, Voltshot",6,3,651,Empty Traits Socket+Successful Warm-Up | Empty Traits Socket+Supercharged Magazine | Empty Traits Socket+Well-Rounded | Pugilist+Successful Warm-Up | Successful Warm-Up+Voltshot | Voltshot+Well-Rounded,1289796511
1028,Phyllotactic Spiral,preferred,Pulse Rifle,Arc,1,0,0,1,1,"Perfect Float, Shot Swap, Trickle Charge","Empty Traits Socket, Frenzy, Voltshot",8,3,774,Empty Traits Socket+Perfect Float | Empty Traits Socket+Shot Swap | Empty Traits Socket+Trickle Charge | Frenzy+Shot Swap | Frenzy+Trickle Charge | Perfect Float+Voltshot | Shot Swap+Voltshot | Trickle Charge+Voltshot,3635821806
1029,Embraced Identity,preferred,Sniper Rifle,Void,1,0,0,1,1,"Destabilizing Rounds, Rewind Rounds, Withering Gaze","Empty Traits Socket, Moving Target, Precision Instrument",7,3,594,Destabilizing Rounds+Empty Traits Socket | Destabilizing Rounds+Moving Target | Destabilizing Rounds+Precision Instrument | Empty Traits Socket+Rewind Rounds | Empty Traits Socket+Withering Gaze | Moving Target+Rewind Rounds | Precision Instrument+Rewind Rounds,2821677368
1030,Qua Xaphan V,preferred,Machine Gun,Void,0,0,1,0,1,"Clown Cartridge, Encore, Field Prep","Adrenaline Junkie, Destabilizing Rounds, Rampage",5,3,1008,Adrenaline Junkie+Clown Cartridge | Clown Cartridge+Destabilizing Rounds | Clown Cartridge+Rampage | Destabilizing Rounds+Field Prep | Encore+Rampage,1975125963
1031,Sola's Scar,preferred,Sword,Solar,1,0,0,0,1,"Duelist's Trance, Energy Transfer, Relentless Strikes","Assassin's Blade, Elemental Honing, Frenzy",4,3,398,Assassin's Blade+Duelist's Trance | Assassin's Blade+Relentless Strikes | Duelist's Trance+Elemental Honing | Energy Transfer+Frenzy,4089030727
1032,Crowning Duologue,preferred,Rocket Launcher,Strand,1,0,0,0,1,"Demolitionist, Impulse Amplifier","Bait and Switch, Deconstruct, Envious Assassin",5,3,245,Bait and Switch+Impulse Amplifier | Deconstruct+Demolitionist | Deconstruct+Impulse Amplifier | Demolitionist+Envious Assassin | Envious Assassin+Impulse Amplifier,4106757302
1033,Autumn Wind,preferred,Pulse Rifle,Kinetic,1,0,1,0,1,"Envious Assassin, Pugilist, Shot Swap","Focused Fury, Swashbuckler, Thresh",6,3,1409,Envious Assassin+Swashbuckler | Envious Assassin+Thresh | Focused Fury+Pugilist | Focused Fury+Shot Swap | Pugilist+Thresh | Shot Swap+Swashbuckler,3110377595
1034,Anamnesis (Adept),preferred,Combat Bow,Void,0,1,0,0,1,"Repulsor Brace, Successful Warm-Up, To the Pain","Destabilizing Rounds, Explosive Head",4,3,248,Destabilizing Rounds+Successful Warm-Up | Destabilizing Rounds+To the Pain | Explosive Head+Repulsor Brace | Explosive Head+To the Pain,3949253499
1035,Bad Omens,preferred,Rocket Launcher,Void,1,0,1,0,1,Snapshot Sights,"Cluster Bomb, Explosive Light, Withering Gaze",3,3,225,Cluster Bomb+Snapshot Sights | Explosive Light+Snapshot Sights | Snapshot Sights+Withering Gaze,1996201272
1036,Doom of Chelchis (Harrowed),preferred,Scout Rifle,Void,0,1,0,1,0,"Adaptive Munitions, Explosive Payload, Vorpal Weapon","Dragonfly, Meganeura, Unrelenting",4,3,472,Adaptive Munitions+Unrelenting | Dragonfly+Explosive Payload | Dragonfly+Vorpal Weapon | Explosive Payload+Meganeura,1184692845
1037,Prolonged Engagement,preferred,Submachine Gun,Stasis,1,0,1,0,1,"Eye of the Storm, Fourth Time's the Charm, Grave Robber","Gutshot Straight, Multikill Clip, Target Lock",3,3,1028,Eye of the Storm+Multikill Clip | Fourth Time's the Charm+Gutshot Straight | Grave Robber+Target Lock,2349907931
1038,PLUG ONE.1,preferred,Fusion Rifle,Arc,1,0,1,0,1,"Feeding Frenzy, Reconstruction, Slideways","Kickstart, Voltshot",5,3,181,Feeding Frenzy+Kickstart | Feeding Frenzy+Voltshot | Kickstart+Reconstruction | Reconstruction+Voltshot | Slideways+Voltshot,3293524502
1039,21% Delirium,preferred,Machine Gun,Arc,1,0,1,0,1,"Eddy Current, Feeding Frenzy, Overflow","Killing Tally, One for All, Rolling Storm",5,3,258,Eddy Current+One for All | Feeding Frenzy+Killing Tally | Feeding Frenzy+Rolling Storm | Killing Tally+Overflow | Overflow+Rolling Storm,3001598094
1040,Claws of the Wolf,preferred,Pulse Rifle,Void,1,0,0,0,1,Field Prep,"High-Impact Reserves, Kill Clip",2,3,262,Field Prep+High-Impact Reserves | Field Prep+Kill Clip,1280933460
1041,Midha's Reckoning (Harrowed),preferred,Fusion Rifle,Arc,0,1,0,1,0,"Field Prep, Well-Rounded","Tap the Trigger, Vorpal Weapon",2,3,407,Field Prep+Tap the Trigger | Vorpal Weapon+Well-Rounded,3904516037
1042,Sole Survivor,preferred,Sniper Rifle,Arc,1,0,1,0,1,"Field Prep, Lead from Gold, Outlaw","Eye of the Storm, Frenzy, Voltshot",6,3,347,Eye of the Storm+Field Prep | Field Prep+Voltshot | Frenzy+Lead from Gold | Frenzy+Outlaw | Lead from Gold+Voltshot | Outlaw+Voltshot,1150492185
1043,Smite of Merain (Harrowed),preferred,Pulse Rifle,Kinetic,0,1,0,1,0,"Moving Target, Pugilist, Stats for All","Firefly, Gutshot Straight, Vorpal Weapon",5,3,582,Firefly+Pugilist | Firefly+Stats for All | Gutshot Straight+Moving Target | Gutshot Straight+Stats for All | Pugilist+Vorpal Weapon,3407395594
1044,Qullim's Terminus (Harrowed),preferred,Machine Gun,Stasis,0,1,0,1,0,"Demolitionist, Firmly Planted, Stats for All","Crystalline Corpsebloom, Headstone, Killing Tally",4,3,390,Crystalline Corpsebloom+Demolitionist | Crystalline Corpsebloom+Stats for All | Firmly Planted+Headstone | Killing Tally+Stats for All,3248429089
1045,Wastelander M5,preferred,Shotgun,Kinetic,1,0,0,1,1,"Ensemble, Lead from Gold, Slideshot","Fragile Focus, Killing Wind, Trench Barrel",7,3,509,Ensemble+Trench Barrel | Fragile Focus+Lead from Gold | Fragile Focus+Slideshot | Killing Wind+Lead from Gold | Killing Wind+Slideshot | Lead from Gold+Trench Barrel | Slideshot+Trench Barrel,1679868061
1046,Pure Poetry,preferred,Hand Cannon,Kinetic,0,0,1,0,1,"Ambitious Assassin, Fragile Focus, Well-Rounded","Elemental Capacitor, Multikill Clip, Swashbuckler",7,3,1182,Ambitious Assassin+Elemental Capacitor | Ambitious Assassin+Swashbuckler | Elemental Capacitor+Well-Rounded | Fragile Focus+Multikill Clip | Fragile Focus+Swashbuckler | Multikill Clip+Well-Rounded | Swashbuckler+Well-Rounded,2671639706
1047,Taipan-4fr,preferred,Linear Fusion Rifle,Void,1,0,0,1,1,"Compulsive Reloader, Fragile Focus, Triple Tap","Box Breathing, Firing Line, Repulsor Brace",4,3,557,Box Breathing+Compulsive Reloader | Compulsive Reloader+Firing Line | Fragile Focus+Repulsor Brace | Repulsor Brace+Triple Tap,1911060537
1048,Origin Story,preferred,Auto Rifle,Kinetic,1,0,1,0,1,"Fragile Focus, Hip-Fire Grip, Slideways","Pugilist, Snapshot Sights, Target Lock",5,3,1056,Fragile Focus+Pugilist | Fragile Focus+Target Lock | Hip-Fire Grip+Pugilist | Slideways+Snapshot Sights | Slideways+Target Lock,2826850739
1049,Fatebringer (Timelost),preferred,Hand Cannon,Kinetic,0,1,0,1,0,"Keep Away, Stopping Power, To the Pain","Elemental Honing, Firefly, Frenzy",4,3,329,Elemental Honing+To the Pain | Firefly+Keep Away | Firefly+Stopping Power | Frenzy+Stopping Power,4219826183
1050,The Spiteful Fang,preferred,Combat Bow,Stasis,1,0,1,0,1,"Impulse Amplifier, Perfect Float, Successful Warm-Up","Explosive Head, Frenzy, Golden Tricorn Enhanced",4,3,211,Explosive Head+Impulse Amplifier | Frenzy+Impulse Amplifier | Golden Tricorn Enhanced+Perfect Float | Golden Tricorn Enhanced+Successful Warm-Up,1704597062
1051,Yesteryear,preferred,Pulse Rifle,Void,1,0,1,0,1,"Heating Up, Outlaw, Steady Hands","Dragonfly, Gutshot Straight, Pugilist",6,3,1054,Dragonfly+Outlaw | Dragonfly+Steady Hands | Gutshot Straight+Steady Hands | Heating Up+Pugilist | Outlaw+Pugilist | Pugilist+Steady Hands,4028000428
1052,Liturgy,preferred,Grenade Launcher,Stasis,1,0,0,0,1,"Quickdraw, Rimestealer, Slideways","Harmony, One for All",4,3,313,Harmony+Quickdraw | Harmony+Rimestealer | One for All+Rimestealer | One for All+Slideways,3377522331
1053,Blowout,preferred,Rocket Launcher,Arc,0,0,1,0,1,"Demolitionist, Impulse Amplifier, Turnabout","Cluster Bomb, Disruption Break, Harmony",6,3,1083,Cluster Bomb+Demolitionist | Cluster Bomb+Impulse Amplifier | Demolitionist+Disruption Break | Disruption Break+Impulse Amplifier | Harmony+Impulse Amplifier | Harmony+Turnabout,1903182562
1054,Aisha's Care,preferred,Pulse Rifle,Strand,1,0,0,0,1,"Outlaw, Slice, To the Pain","Golden Tricorn Enhanced, Hatchling, Headseeker",5,3,440,Golden Tricorn Enhanced+Outlaw | Golden Tricorn Enhanced+Slice | Hatchling+Outlaw | Headseeker+Slice | Headseeker+To the Pain,3969379530
1055,Peculiar Charm,preferred,Submachine Gun,Kinetic,1,0,1,0,1,"Lone Wolf, Stopping Power","Firefly, Headseeker, Kinetic Tremors",3,3,210,Firefly+Lone Wolf | Headseeker+Stopping Power | Kinetic Tremors+Lone Wolf,3620277039
1056,Submersion,preferred,Combat Bow,Stasis,1,0,0,0,1,No Distractions,Headstone,1,3,122,Headstone+No Distractions,3524386983
1057,Something New,preferred,Hand Cannon,Stasis,1,0,0,0,1,"Discord, Triple Tap, Wellspring","Golden Tricorn Enhanced, Headstone, Kill Clip",4,3,516,Discord+Golden Tricorn Enhanced | Golden Tricorn Enhanced+Triple Tap | Headstone+Wellspring | Kill Clip+Wellspring,3240434620
1058,Null Composure,preferred,Fusion Rifle,Void,1,0,1,0,1,"Overflow, Successful Warm-Up","Elemental Honing, High-Impact Reserves",2,3,138,Elemental Honing+Successful Warm-Up | High-Impact Reserves+Overflow,3613444087
1059,Trinary System,preferred,Fusion Rifle,Solar,0,0,1,0,1,"Ambitious Assassin, Firmly Planted, Slideways","Backup Plan, Demolitionist, High-Impact Reserves",5,3,1281,Ambitious Assassin+Demolitionist | Backup Plan+Firmly Planted | Demolitionist+Slideways | Firmly Planted+High-Impact Reserves | High-Impact Reserves+Slideways,3258665412
1060,Watchful Eye,preferred,Machine Gun,Arc,1,0,0,0,1,Hip-Fire Grip,Killing Tally,1,3,213,Hip-Fire Grip+Killing Tally,3058845782
1061,Xenoclast IV,preferred,Shotgun,Arc,1,0,1,0,1,"Hip-Fire Grip, Slideways, Surplus","Eye of the Storm, Killing Wind, Trench Barrel",8,3,1175,Eye of the Storm+Hip-Fire Grip | Eye of the Storm+Slideways | Eye of the Storm+Surplus | Hip-Fire Grip+Killing Wind | Hip-Fire Grip+Trench Barrel | Killing Wind+Slideways | Killing Wind+Surplus | Surplus+Trench Barrel,963732594
1062,Herod-C,preferred,Auto Rifle,Stasis,1,0,1,0,1,"Heating Up, Hip-Fire Grip, Stats for All","Demolitionist, Moving Target, Turnabout",5,3,1560,Demolitionist+Heating Up | Demolitionist+Hip-Fire Grip | Heating Up+Moving Target | Hip-Fire Grip+Turnabout | Moving Target+Stats for All,2065366342
1063,Motif-41,preferred,Grenade Launcher,Solar,1,0,0,0,1,"Impulse Amplifier, Threat Detector, Wellspring","Attrition Orbs, Incandescent, Master of Arms",3,3,358,Attrition Orbs+Threat Detector | Impulse Amplifier+Master of Arms | Incandescent+Wellspring,1685533876
1064,Crowd Pleaser,preferred,Grenade Launcher,Void,0,0,1,0,1,"Grave Robber, Killing Wind, Surplus","Chain Reaction, Elemental Capacitor, Quickdraw",6,3,771,Chain Reaction+Grave Robber | Chain Reaction+Killing Wind | Elemental Capacitor+Killing Wind | Elemental Capacitor+Surplus | Killing Wind+Quickdraw | Quickdraw+Surplus,3565520715
1065,Giver's Blessing,preferred,Auto Rifle,Kinetic,1,0,0,0,1,"Demolitionist, Rewind Rounds, Shoot to Loot","Adagio, Adrenaline Junkie, Kinetic Tremors",5,3,351,Adagio+Demolitionist | Adagio+Rewind Rounds | Adagio+Shoot to Loot | Adrenaline Junkie+Rewind Rounds | Kinetic Tremors+Rewind Rounds,970034755
1066,Royal Entry,preferred,Rocket Launcher,Void,0,0,1,0,1,"Auto-Loading Holster, Impulse Amplifier, Quickdraw","Clown Cartridge, Lasting Impression, Thresh",5,3,674,Auto-Loading Holster+Clown Cartridge | Auto-Loading Holster+Lasting Impression | Impulse Amplifier+Thresh | Lasting Impression+Quickdraw | Quickdraw+Thresh,2448907086
1067,Fortissimo-11,preferred,Shotgun,Kinetic,1,0,1,0,1,"Lead from Gold, Outlaw, Subsistence","Adagio, Osmosis, Turnabout",7,3,1551,Adagio+Lead from Gold | Adagio+Outlaw | Adagio+Subsistence | Lead from Gold+Osmosis | Lead from Gold+Turnabout | Osmosis+Outlaw | Subsistence+Turnabout,963732595
1068,Someday,preferred,Shotgun,Kinetic,1,0,0,1,1,"Lead from Gold, One-Two Punch, Strategist","Empty Traits Socket, Opening Shot, Recombination",6,3,697,Empty Traits Socket+Lead from Gold | Empty Traits Socket+One-Two Punch | Lead from Gold+Opening Shot | Lead from Gold+Recombination | One-Two Punch+Opening Shot | Opening Shot+Strategist,3232203524
1069,The Palindrome,preferred,Hand Cannon,Arc,1,0,1,0,1,"Light Touch, Lone Wolf",Snapshot Sights,2,3,170,Light Touch+Snapshot Sights | Lone Wolf+Snapshot Sights,3303271523
1070,Gunburn,preferred,Submachine Gun,Kinetic,1,0,0,0,1,"Lone Wolf, Pugilist","Ancillary Ordinance, Binary Orbit, Wellspring",3,3,252,Ancillary Ordinance+Lone Wolf | Binary Orbit+Pugilist | Lone Wolf+Wellspring,3431536253
1071,Bold Endings,preferred,Hand Cannon,Stasis,1,0,0,1,1,"Air Trigger, Attrition Orbs, Loose Change","Empty Traits Socket, Golden Tricorn Enhanced, Moving Target",7,3,799,Air Trigger+Empty Traits Socket | Attrition Orbs+Empty Traits Socket | Attrition Orbs+Golden Tricorn Enhanced | Attrition Orbs+Moving Target | Empty Traits Socket+Loose Change | Golden Tricorn Enhanced+Loose Change | Loose Change+Moving Target,496728945
1072,Deadlock,preferred,Shotgun,Stasis,1,0,1,0,1,"Lone Wolf, Slideshot","Closing Time, Master of Arms, One-Two Punch",4,3,444,Closing Time+Slideshot | Lone Wolf+Master of Arms | Lone Wolf+One-Two Punch | Master of Arms+Slideshot,3926987546
1073,Ragnhild-D,preferred,Shotgun,Kinetic,1,0,0,1,1,"Dual Loader, Perpetual Motion, Steady Hands","Demolitionist, One-Two Punch, Thresh",4,3,601,Demolitionist+Perpetual Motion | Dual Loader+Thresh | One-Two Punch+Steady Hands | Perpetual Motion+Thresh,4225322581
1074,Hammerhead,preferred,Machine Gun,Void,1,0,1,0,1,"Envious Assassin, Fourth Time's the Charm, Rewind Rounds","Killing Tally, Onslaught, Surrounded",4,3,238,Envious Assassin+Surrounded | Fourth Time's the Charm+Surrounded | Killing Tally+Rewind Rounds | Onslaught+Rewind Rounds,1896309757
1075,Lethal Abundance,preferred,Auto Rifle,Strand,1,0,0,0,1,"Discord, Elemental Capacitor, Slice","Onslaught, Target Lock",4,3,264,Discord+Target Lock | Elemental Capacitor+Target Lock | Onslaught+Slice | Slice+Target Lock,2189073092
1076,Strident Whistle,preferred,Combat Bow,Solar,0,0,1,0,1,"Archer's Tempo, Sneak Bow, Well-Rounded","Adrenaline Junkie, Dragonfly, Opening Shot",6,3,1101,Adrenaline Junkie+Archer's Tempo | Archer's Tempo+Dragonfly | Archer's Tempo+Opening Shot | Dragonfly+Well-Rounded | Opening Shot+Sneak Bow | Opening Shot+Well-Rounded,2591241074
1077,Servant Leader,preferred,Scout Rifle,Kinetic,0,0,1,0,1,"Killing Wind, Rapid Hit, Subsistence","Osmosis, Snapshot Sights, Thresh",7,3,1538,Killing Wind+Osmosis | Killing Wind+Snapshot Sights | Killing Wind+Thresh | Osmosis+Rapid Hit | Rapid Hit+Snapshot Sights | Rapid Hit+Thresh | Snapshot Sights+Subsistence,1107446438
1078,Defiance of Yasmin (Harrowed),preferred,Sniper Rifle,Kinetic,0,1,0,1,0,"No Distractions, Osmosis, Snapshot Sights","Focused Fury, Moving Target, Slickdraw",5,3,478,Focused Fury+Snapshot Sights | Moving Target+No Distractions | Moving Target+Osmosis | Osmosis+Slickdraw | Slickdraw+Snapshot Sights,3503019618
1079,Borrowed Time,preferred,Submachine Gun,Solar,0,0,1,0,1,"Heating Up, Overflow, Tunnel Vision","Snapshot Sights, Surrounded, Thresh",6,3,1510,Heating Up+Surrounded | Overflow+Snapshot Sights | Overflow+Thresh | Snapshot Sights+Tunnel Vision | Surrounded+Tunnel Vision | Thresh+Tunnel Vision,875848769
1080,Rufus's Fury (Adept),preferred,Auto Rifle,Strand,0,1,0,1,0,"Pugilist, Rewind Rounds, Slice","Chaos Reshaped, Paracausal Affinity, Tap the Trigger",8,3,701,Chaos Reshaped+Pugilist | Chaos Reshaped+Rewind Rounds | Chaos Reshaped+Slice | Paracausal Affinity+Pugilist | Paracausal Affinity+Rewind Rounds | Paracausal Affinity+Slice | Pugilist+Tap the Trigger | Slice+Tap the Trigger,342514437
1081,Prolonged Engagement,preferred,Submachine Gun,Stasis,1,0,1,0,1,"Eye of the Storm, Grave Robber, Perfect Float","Frenzy, Headstone, Target Lock",6,3,1028,Eye of the Storm+Frenzy | Frenzy+Grave Robber | Frenzy+Perfect Float | Grave Robber+Headstone | Headstone+Perfect Float | Perfect Float+Target Lock,2349907931
1082,The Inquisitor,preferred,Shotgun,Arc,1,0,0,0,1,"Perpetual Motion, Slideshot, Threat Detector","Cascade Point, Precision Instrument, Rolling Storm",6,3,352,Cascade Point+Slideshot | Cascade Point+Threat Detector | Perpetual Motion+Precision Instrument | Perpetual Motion+Rolling Storm | Precision Instrument+Slideshot | Precision Instrument+Threat Detector,51129316
1083,Round Robin,preferred,Hand Cannon,Strand,1,0,0,1,1,"Keep Away, Subsistence, Tear","Adagio, Precision Instrument, Pugilist",5,3,1014,Adagio+Keep Away | Keep Away+Pugilist | Precision Instrument+Subsistence | Precision Instrument+Tear | Pugilist+Subsistence,2034215657
1084,Autumn Wind,preferred,Pulse Rifle,Kinetic,1,0,1,0,1,"Pugilist, Rangefinder, Tunnel Vision","Elemental Capacitor, Headseeker, Rampage",4,3,1409,Elemental Capacitor+Rangefinder | Elemental Capacitor+Tunnel Vision | Headseeker+Tunnel Vision | Pugilist+Rampage,3110377595
1085,Gunnora's Axe,preferred,Shotgun,Arc,1,0,0,0,1,"Field Prep, Full Auto Trigger System, Quickdraw","Moving Target, Opening Shot, Slideshot",5,3,567,Field Prep+Opening Shot | Full Auto Trigger System+Opening Shot | Moving Target+Quickdraw | Opening Shot+Quickdraw | Quickdraw+Slideshot,2326716489
1086,Main Ingredient,preferred,Fusion Rifle,Arc,1,0,1,0,1,"Firmly Planted, Hip-Fire Grip, Under Pressure","Kill Clip, Quickdraw, Rangefinder",8,3,479,Firmly Planted+Kill Clip | Firmly Planted+Quickdraw | Firmly Planted+Rangefinder | Hip-Fire Grip+Kill Clip | Hip-Fire Grip+Quickdraw | Hip-Fire Grip+Rangefinder | Quickdraw+Under Pressure | Rangefinder+Under Pressure,253196586
1087,Willful Hamartia,preferred,Linear Fusion Rifle,Arc,1,0,0,0,1,"Lone Wolf, Rapid Hit","Bait and Switch, Offhand Strike, Reservoir Burst",3,3,210,Bait and Switch+Rapid Hit | Lone Wolf+Offhand Strike | Rapid Hit+Reservoir Burst,1952295804
1088,Boomslang-4fr,preferred,Linear Fusion Rifle,Arc,1,0,1,0,1,"Heating Up, Rapid Hit","Successful Warm-Up, Vorpal Weapon",2,3,173,Heating Up+Vorpal Weapon | Rapid Hit+Successful Warm-Up,3926153598
1089,Tatara Gaze,preferred,Sniper Rifle,Arc,1,0,1,0,1,"Discord, Snapshot Sights","Box Breathing, Elemental Honing, Redirection",5,3,180,Box Breathing+Snapshot Sights | Discord+Elemental Honing | Discord+Redirection | Elemental Honing+Snapshot Sights | Redirection+Snapshot Sights,3595694326
1090,Unending Tempest,preferred,Submachine Gun,Stasis,1,0,1,0,1,"Moving Target, Perpetual Motion, Shot Swap","Collective Action, Surrounded, Target Lock",7,3,1226,Collective Action+Perpetual Motion | Moving Target+Surrounded | Moving Target+Target Lock | Perpetual Motion+Surrounded | Perpetual Motion+Target Lock | Shot Swap+Surrounded | Shot Swap+Target Lock,2510526114
1091,Abyss Defiant (Adept),preferred,Auto Rifle,Solar,0,1,0,1,0,"Outlaw, Stats for All, Subsistence","Collective Action, Incandescent, Sword Logic",5,3,612,Collective Action+Outlaw | Collective Action+Subsistence | Incandescent+Stats for All | Incandescent+Subsistence | Stats for All+Sword Logic,3782662983
1092,The Third Axiom,preferred,Pulse Rifle,Arc,1,0,1,0,1,"Genesis, Slideshot, Subsistence","Elemental Capacitor, Sympathetic Arsenal, Unrelenting",3,3,1362,Elemental Capacitor+Genesis | Slideshot+Unrelenting | Subsistence+Sympathetic Arsenal,3744058588
1093,Yesteryear,preferred,Pulse Rifle,Void,1,0,1,0,1,"Compulsive Reloader, Ensemble, Subsistence","Dragonfly, Repulsor Brace, Under-Over",4,3,1054,Compulsive Reloader+Dragonfly | Dragonfly+Ensemble | Repulsor Brace+Subsistence | Subsistence+Under-Over,4028000428
1094,Ill Omen,preferred,Sword,Stasis,1,0,0,1,1,"Relentless Strikes, Tireless Blade, Valiant Charge","Empty Traits Socket, One for All, Surrounded",5,3,590,Empty Traits Socket+Relentless Strikes | Empty Traits Socket+Tireless Blade | Empty Traits Socket+Valiant Charge | One for All+Tireless Blade | Surrounded+Valiant Charge,3794274730
1095,D.F.A.,preferred,Hand Cannon,Kinetic,1,0,1,0,1,"Triple Tap, Tunnel Vision","Opening Shot, Timed Payload, Wellspring",4,3,380,Opening Shot+Tunnel Vision | Timed Payload+Triple Tap | Timed Payload+Tunnel Vision | Tunnel Vision+Wellspring,575830664
1096,Pure Recollection,preferred,Shotgun,Void,1,0,1,0,1,Under Pressure,Withering Gaze,1,3,208,Under Pressure+Withering Gaze,1956186483
1097,Double-Edged Answer,preferred,Sword,Void,0,0,1,0,1,"Duelist's Trance, Repulsor Brace, Unrelenting","Attrition Orbs, Harmony, Valiant Charge",5,3,1022,Attrition Orbs+Repulsor Brace | Duelist's Trance+Harmony | Duelist's Trance+Valiant Charge | Harmony+Unrelenting | Unrelenting+Valiant Charge,105164264
1098,Riptide,preferred,Fusion Rifle,Stasis,1,0,1,0,1,"Ensemble, Lead from Gold, Well-Rounded","Golden Tricorn Enhanced, Successful Warm-Up, Unrelenting",5,3,1463,Ensemble+Successful Warm-Up | Golden Tricorn Enhanced+Lead from Gold | Lead from Gold+Successful Warm-Up | Successful Warm-Up+Well-Rounded | Unrelenting+Well-Rounded,2715240478
1099,Frontier's Cry,preferred,Hand Cannon,Solar,1,0,0,0,1,"Rapid Hit, Stats for All, Tunnel Vision","Adagio, One for All",3,4,243,Adagio+Stats for All | Adagio+Tunnel Vision | One for All+Rapid Hit,3203303472
1100,Crisis Inverted,preferred,Hand Cannon,Arc,0,0,1,0,1,"Compulsive Reloader, Ensemble, Shoot to Loot","Adaptive Munitions, Kill Clip, Rangefinder",4,4,1566,Adaptive Munitions+Shoot to Loot | Compulsive Reloader+Rangefinder | Ensemble+Kill Clip | Kill Clip+Shoot to Loot,2888266564
1101,Eleatic Principle,preferred,Machine Gun,Arc,1,0,0,1,1,"Offhand Strike, Well-Rounded, Zen Moment","Adaptive Munitions, Golden Tricorn Enhanced, Tap the Trigger",3,4,593,Adaptive Munitions+Well-Rounded | Golden Tricorn Enhanced+Offhand Strike | Tap the Trigger+Zen Moment,105306149
1102,Bygones,preferred,Pulse Rifle,Kinetic,1,0,1,0,1,"Attrition Orbs, Keep Away, Subsistence","Closing Time, Headseeker, Osmosis",4,4,1294,Attrition Orbs+Closing Time | Closing Time+Subsistence | Headseeker+Subsistence | Keep Away+Osmosis,2199554524
1103,The Slammer,preferred,Sword,Stasis,1,0,1,0,1,Attrition Orbs,Permeability,1,4,155,Attrition Orbs+Permeability,2889501828
1104,Wild Style,preferred,Grenade Launcher,Solar,1,0,1,0,1,"Danger Zone, Enlightened Action, Envious Assassin","Bait and Switch, Collective Action, Vorpal Weapon",6,4,479,Bait and Switch+Danger Zone | Bait and Switch+Enlightened Action | Collective Action+Enlightened Action | Collective Action+Envious Assassin | Enlightened Action+Vorpal Weapon | Envious Assassin+Vorpal Weapon,1332123064
1105,Retrofuturist,preferred,Shotgun,Void,1,0,1,0,1,"Auto-Loading Holster, Dual Loader, Slickdraw","Barrel Constrictor, Destabilizing Rounds, Frenzy",6,4,1011,Auto-Loading Holster+Destabilizing Rounds | Auto-Loading Holster+Frenzy | Barrel Constrictor+Slickdraw | Destabilizing Rounds+Slickdraw | Dual Loader+Frenzy | Frenzy+Slickdraw,1612781792
1106,Summum Bonum (Adept),preferred,Sword,Arc,0,1,0,1,0,"Deconstruct, Sharp Harvest, Strategist","Chain Reaction, Elemental Honing, One for All",5,4,525,Chain Reaction+Sharp Harvest | Chain Reaction+Strategist | Deconstruct+One for All | Elemental Honing+Strategist | One for All+Sharp Harvest,2001697739
1107,Acasia's Dejection (Adept),preferred,Trace Rifle,Solar,0,1,0,1,0,"Collective Demolition, Envious Assassin, Hip-Fire Grip","Chaos Reshaped, High-Impact Reserves, Incandescent",4,4,601,Chaos Reshaped+Envious Assassin | Collective Demolition+Incandescent | Envious Assassin+High-Impact Reserves | High-Impact Reserves+Hip-Fire Grip,3493494807
1108,Qua Xaphan V,preferred,Machine Gun,Void,0,0,1,0,1,"Clown Cartridge, Field Prep, Triple Tap","Dragonfly, Elemental Capacitor, Wellspring",6,4,1008,Clown Cartridge+Elemental Capacitor | Clown Cartridge+Wellspring | Dragonfly+Field Prep | Elemental Capacitor+Field Prep | Elemental Capacitor+Triple Tap | Field Prep+Wellspring,1975125963
1109,Wicked Sister,preferred,Grenade Launcher,Strand,0,0,1,0,1,"Clown Cartridge, Field Prep, Unrelenting","Demolitionist, One for All, Reverberation",5,4,1019,Clown Cartridge+One for All | Demolitionist+Field Prep | Demolitionist+Unrelenting | Field Prep+One for All | Field Prep+Reverberation,2039776723
1110,Parabellum,preferred,Submachine Gun,Solar,1,0,0,0,1,"Enlightened Action, Heal Clip, Rewind Rounds","Collective Action, One for All",4,4,233,Collective Action+Rewind Rounds | Enlightened Action+One for All | Heal Clip+One for All | One for All+Rewind Rounds,3769072067
1111,False Idols,preferred,Sword,Solar,1,0,0,1,1,"Empty Traits Socket, Flash Counter, Wellspring","Counterattack, Elemental Honing, Empty Traits Socket",5,4,731,Counterattack+Empty Traits Socket | Elemental Honing+Empty Traits Socket | Elemental Honing+Wellspring | Empty Traits Socket+Flash Counter | Empty Traits Socket+Wellspring,4207120603
1112,Empty Vessel,preferred,Grenade Launcher,Solar,1,0,1,0,1,"Ambitious Assassin, Field Prep, Quickdraw","Danger Zone, Snapshot Sights, Unrelenting",6,4,1120,Ambitious Assassin+Snapshot Sights | Ambitious Assassin+Unrelenting | Danger Zone+Field Prep | Danger Zone+Quickdraw | Field Prep+Snapshot Sights | Field Prep+Unrelenting,198068259
1113,Pointed Inquiry,preferred,Scout Rifle,Void,1,0,0,1,1,"Firmly Planted, Rapid Hit, Repulsor Brace","Demolitionist, Demoralize, Turnabout",4,4,730,Demolitionist+Rapid Hit | Demolitionist+Repulsor Brace | Demoralize+Rapid Hit | Firmly Planted+Turnabout,297296830
1114,A Distant Pull,preferred,Sniper Rifle,Stasis,1,0,0,1,1,"Keep Away, Moving Target, Tunnel Vision","Discord, Empty Traits Socket, Headstone",5,4,533,Discord+Keep Away | Discord+Moving Target | Empty Traits Socket+Keep Away | Empty Traits Socket+Tunnel Vision | Headstone+Keep Away,1769847435
1115,Ded Gramarye IV,preferred,Shotgun,Arc,1,0,0,0,1,"Slickdraw, Stats for All","Disruption Break, Surrounded, Voltshot",5,4,337,Disruption Break+Slickdraw | Disruption Break+Stats for All | Slickdraw+Surrounded | Stats for All+Surrounded | Stats for All+Voltshot,870893339
1116,Belisarius-D,preferred,Pulse Rifle,Strand,1,0,1,0,1,"Dragonfly, Elemental Capacitor, Rapid Hit","Eye of the Storm, Firefly, Kill Clip",5,4,368,Dragonfly+Eye of the Storm | Elemental Capacitor+Kill Clip | Eye of the Storm+Rapid Hit | Firefly+Rapid Hit | Kill Clip+Rapid Hit,747743637
1117,Exile's Curse,preferred,Fusion Rifle,Arc,1,0,0,0,1,"Field Prep, Firmly Planted, No Distractions","Elemental Capacitor, Multikill Clip, Vorpal Weapon",6,4,669,Elemental Capacitor+Firmly Planted | Elemental Capacitor+No Distractions | Field Prep+Multikill Clip | Firmly Planted+Vorpal Weapon | Multikill Clip+No Distractions | No Distractions+Vorpal Weapon,679281855
1118,Cynosure,preferred,Rocket Launcher,Strand,1,0,1,0,1,"Overflow, Reconstruction, Tracking Module","Adrenaline Junkie, Elemental Honing, Hatchling",3,4,773,Adrenaline Junkie+Reconstruction | Elemental Honing+Tracking Module | Hatchling+Overflow,694275488
1119,Volta Bracket,preferred,Sniper Rifle,Strand,1,0,0,1,1,"Envious Assassin, Firmly Planted, Lucky Shot","Empty Traits Socket, Eye of the Storm, Opening Shot",6,4,617,Empty Traits Socket+Firmly Planted | Empty Traits Socket+Lucky Shot | Envious Assassin+Eye of the Storm | Envious Assassin+Opening Shot | Firmly Planted+Opening Shot | Lucky Shot+Opening Shot,3920310144
1120,Axial Lacuna,preferred,Fusion Rifle,Solar,1,0,0,1,1,"Demolitionist, Empty Traits Socket, Reconstruction","Controlled Burst, Kickstart, Reservoir Burst",5,4,817,Controlled Burst+Demolitionist | Controlled Burst+Empty Traits Socket | Controlled Burst+Reconstruction | Empty Traits Socket+Kickstart | Empty Traits Socket+Reservoir Burst,3867373351
1121,Laser Painter,preferred,Linear Fusion Rifle,Strand,1,0,1,0,1,"Encore, Fragile Focus, Invisible Hand","Focused Fury, Harmony, Vorpal Weapon",6,4,1119,Encore+Focused Fury | Encore+Vorpal Weapon | Focused Fury+Fragile Focus | Focused Fury+Invisible Hand | Fragile Focus+Vorpal Weapon | Harmony+Invisible Hand,3221722018
1122,Better Devils,preferred,Hand Cannon,Kinetic,1,0,1,0,1,"Explosive Payload, Threat Detector, Triple Tap","Explosive Payload, Kill Clip, Zen Moment",5,4,526,Explosive Payload+Kill Clip | Explosive Payload+Threat Detector | Explosive Payload+Zen Moment | Kill Clip+Threat Detector | Triple Tap+Zen Moment,153979397
1123,Bottom Dollar,preferred,Hand Cannon,Void,1,0,1,0,1,"Killing Wind, Pulse Monitor, Quickdraw","Disruption Break, Explosive Payload, High-Impact Reserves",5,4,1468,Disruption Break+Killing Wind | Explosive Payload+Killing Wind | Explosive Payload+Quickdraw | High-Impact Reserves+Pulse Monitor | High-Impact Reserves+Quickdraw,2953199259
1124,Taipan-4fr,preferred,Linear Fusion Rifle,Void,1,0,0,1,1,"Clown Cartridge, Field Prep, Genesis","Empty Traits Socket, Firing Line, Snapshot Sights",6,4,557,Clown Cartridge+Empty Traits Socket | Empty Traits Socket+Field Prep | Empty Traits Socket+Genesis | Field Prep+Firing Line | Firing Line+Genesis | Genesis+Snapshot Sights,1911060537
1125,Locus Locutus,preferred,Sniper Rifle,Stasis,1,0,0,1,1,"Keep Away, Overflow, Steady Hands","Box Breathing, Firing Line, Under-Over",4,4,479,Box Breathing+Keep Away | Firing Line+Keep Away | Firing Line+Steady Hands | Overflow+Under-Over,4132072834
1126,Pure Poetry,preferred,Hand Cannon,Kinetic,0,0,1,0,1,"Fragile Focus, Grave Robber, Shoot to Loot","Harmony, Osmosis, Pugilist",3,4,1182,Fragile Focus+Osmosis | Grave Robber+Harmony | Pugilist+Shoot to Loot,2671639706
1127,Blowout,preferred,Rocket Launcher,Arc,0,0,1,0,1,"Ambitious Assassin, Genesis, Thresh","Frenzy, Harmony, Multikill Clip",7,4,1083,Ambitious Assassin+Frenzy | Ambitious Assassin+Harmony | Ambitious Assassin+Multikill Clip | Frenzy+Thresh | Genesis+Harmony | Genesis+Multikill Clip | Harmony+Thresh,1903182562
1128,Last Perdition,preferred,Pulse Rifle,Void,1,0,1,0,1,"Moving Target, Rangefinder, Under Pressure","Full Auto Trigger System, Kill Clip, Rampage",4,4,397,Full Auto Trigger System+Rangefinder | Kill Clip+Moving Target | Moving Target+Rampage | Rampage+Under Pressure,188882152
1129,Oversoul Edict (Adept),preferred,Pulse Rifle,Arc,0,1,0,1,0,"Keep Away, Perpetual Motion, Rolling Storm","Gear Shift, Jolting Feedback, Moving Target",5,4,489,Gear Shift+Keep Away | Jolting Feedback+Keep Away | Jolting Feedback+Perpetual Motion | Moving Target+Perpetual Motion | Moving Target+Rolling Storm,578105049
1130,Yesteryear,preferred,Pulse Rifle,Void,1,0,1,0,1,"Compulsive Reloader, Slideways, Tunnel Vision","Golden Tricorn, Golden Tricorn Enhanced, Pugilist",7,4,1054,Compulsive Reloader+Golden Tricorn | Compulsive Reloader+Golden Tricorn Enhanced | Golden Tricorn+Slideways | Golden Tricorn+Tunnel Vision | Golden Tricorn Enhanced+Slideways | Golden Tricorn Enhanced+Tunnel Vision | Pugilist+Tunnel Vision,4028000428
1131,Veiled Threat,preferred,Auto Rifle,Stasis,1,0,0,1,1,"Empty Traits Socket, Shoot to Loot, Threat Detector","Collective Action, Encore, Gutshot Straight",5,4,453,Collective Action+Empty Traits Socket | Collective Action+Threat Detector | Empty Traits Socket+Encore | Empty Traits Socket+Gutshot Straight | Gutshot Straight+Shoot to Loot,3685470415
1132,Unending Tempest,preferred,Submachine Gun,Stasis,1,0,1,0,1,"Discord, Dynamic Sway Reduction, Offhand Strike","Collective Action, Headstone, Surrounded",3,4,1226,Collective Action+Dynamic Sway Reduction | Discord+Surrounded | Headstone+Offhand Strike,2510526114
1133,Nullify (Adept),preferred,Pulse Rifle,Solar,0,1,0,1,0,"Demolitionist, Heal Clip","Desperate Measures, Meganeura",3,4,525,Demolitionist+Desperate Measures | Demolitionist+Meganeura | Heal Clip+Meganeura,892183998
1134,Frozen Orbit,preferred,Sniper Rifle,Void,1,0,1,0,1,"Lead from Gold, No Distractions","Closing Time, High Ground, Snapshot Sights",3,4,493,Closing Time+No Distractions | High Ground+Lead from Gold | Lead from Gold+Snapshot Sights,1516542120
1135,Retrofuturist,preferred,Shotgun,Void,1,0,1,0,1,"Auto-Loading Holster, Pugilist, Slickdraw","High Ground, Snapshot Sights, Trench Barrel",6,4,1011,Auto-Loading Holster+High Ground | Auto-Loading Holster+Trench Barrel | High Ground+Pugilist | Pugilist+Snapshot Sights | Pugilist+Trench Barrel | Slickdraw+Trench Barrel,1612781792
1136,Nameless Midnight,preferred,Scout Rifle,Kinetic,1,0,1,0,1,"Auto-Loading Holster, High-Impact Reserves, Triple Tap","Kill Clip, Rangefinder, Threat Detector",6,4,490,Auto-Loading Holster+Rangefinder | High-Impact Reserves+Kill Clip | High-Impact Reserves+Rangefinder | High-Impact Reserves+Threat Detector | Kill Clip+Triple Tap | Rangefinder+Triple Tap,3040742682
1137,Laser Painter,preferred,Linear Fusion Rifle,Strand,1,0,1,0,1,"Auto-Loading Holster, Moving Target, Stats for All","Box Breathing, Golden Tricorn, High-Impact Reserves",6,4,1119,Auto-Loading Holster+Golden Tricorn | Auto-Loading Holster+High-Impact Reserves | Box Breathing+Moving Target | Golden Tricorn+Moving Target | High-Impact Reserves+Moving Target | High-Impact Reserves+Stats for All,3221722018
1138,Stars in Shadow,preferred,Pulse Rifle,Solar,1,0,1,0,1,"Impromptu Ammunition, Lone Wolf, Zen Moment","Incandescent, Kill Clip, Sword Logic",6,4,335,Impromptu Ammunition+Incandescent | Impromptu Ammunition+Kill Clip | Incandescent+Lone Wolf | Incandescent+Zen Moment | Kill Clip+Lone Wolf | Sword Logic+Zen Moment,3602242905
1139,Royal Entry,preferred,Rocket Launcher,Void,0,0,1,0,1,"Auto-Loading Holster, Impulse Amplifier, Rangefinder","Ambitious Assassin, Cluster Bomb, Unrelenting",5,4,674,Ambitious Assassin+Auto-Loading Holster | Auto-Loading Holster+Cluster Bomb | Auto-Loading Holster+Unrelenting | Impulse Amplifier+Unrelenting | Rangefinder+Unrelenting,2448907086
1140,Motif-41,preferred,Grenade Launcher,Solar,1,0,0,0,1,Loose Change,"Incandescent, Vorpal Weapon",2,4,358,Incandescent+Loose Change | Loose Change+Vorpal Weapon,1685533876
1141,Ammit AR2,preferred,Auto Rifle,Solar,1,0,0,1,1,"Triple Tap, Turnabout, Well-Rounded","Gutshot Straight, Incandescent, Tap the Trigger",4,4,552,Gutshot Straight+Well-Rounded | Incandescent+Triple Tap | Incandescent+Turnabout | Tap the Trigger+Triple Tap,2119346509
1142,Trinary System,preferred,Fusion Rifle,Solar,0,0,1,0,1,"Quickdraw, Slideshot, Under Pressure","Kill Clip, Thresh, Wellspring",6,4,1281,Kill Clip+Quickdraw | Kill Clip+Slideshot | Slideshot+Thresh | Slideshot+Wellspring | Thresh+Under Pressure | Under Pressure+Wellspring,3258665412
1143,Wastelander M5,preferred,Shotgun,Kinetic,1,0,0,1,1,"Perpetual Motion, Pugilist, Subsistence","Adagio, Killing Wind, Trench Barrel",4,4,509,Adagio+Perpetual Motion | Adagio+Pugilist | Killing Wind+Subsistence | Subsistence+Trench Barrel,1679868061
1144,Tarnished Mettle,preferred,Scout Rifle,Arc,1,0,0,1,1,"Killing Wind, Rapid Hit, Shoot to Loot","Focused Fury, Multikill Clip, Voltshot",9,4,737,Focused Fury+Killing Wind | Focused Fury+Rapid Hit | Focused Fury+Shoot to Loot | Killing Wind+Multikill Clip | Killing Wind+Voltshot | Multikill Clip+Rapid Hit | Multikill Clip+Shoot to Loot | Rapid Hit+Voltshot | Shoot to Loot+Voltshot,2218569744
1145,Autumn Wind,preferred,Pulse Rifle,Kinetic,1,0,1,0,1,"Killing Wind, Perfect Float, Pugilist","Headseeker, Moving Target, Rampage",6,4,1409,Headseeker+Killing Wind | Killing Wind+Moving Target | Killing Wind+Rampage | Moving Target+Perfect Float | Moving Target+Pugilist | Perfect Float+Rampage,3110377595
1146,Embraced Identity,preferred,Sniper Rifle,Void,1,0,0,1,1,"Empty Traits Socket, Reconstruction","Box Breathing, Moving Target, Precision Instrument",3,4,594,Box Breathing+Empty Traits Socket | Moving Target+Reconstruction | Precision Instrument+Reconstruction,2821677368
1147,Malediction,preferred,Hand Cannon,Kinetic,1,0,1,0,1,Moving Target,"Harmony, Redirection",2,4,363,Harmony+Moving Target | Moving Target+Redirection,979721268
1148,Wishbringer,preferred,Shotgun,Solar,0,0,1,0,1,"Pulse Monitor, Slideshot, Threat Detector","Auto-Loading Holster, Moving Target, Rampage",6,4,328,Auto-Loading Holster+Pulse Monitor | Auto-Loading Holster+Threat Detector | Moving Target+Pulse Monitor | Moving Target+Slideshot | Pulse Monitor+Rampage | Rampage+Slideshot,3356526253
1149,Servant Leader,preferred,Scout Rifle,Kinetic,0,0,1,0,1,"No Distractions, Pulse Monitor, Tunnel Vision","Adrenaline Junkie, One for All, Osmosis",6,4,1538,Adrenaline Junkie+Pulse Monitor | No Distractions+One for All | No Distractions+Osmosis | One for All+Pulse Monitor | One for All+Tunnel Vision | Osmosis+Tunnel Vision,1107446438
1150,Prolonged Engagement,preferred,Submachine Gun,Stasis,1,0,1,0,1,"Feeding Frenzy, Perfect Float, Subsistence","Gutshot Straight, One for All, Pugilist",5,4,1028,Feeding Frenzy+Gutshot Straight | Feeding Frenzy+Pugilist | Gutshot Straight+Subsistence | One for All+Perfect Float | Perfect Float+Pugilist,2349907931
1151,Crisis Inverted,preferred,Hand Cannon,Arc,0,0,1,0,1,"Compulsive Reloader, Stats for All, Steady Hands","Opening Shot, Rangefinder, Snapshot Sights",5,4,1566,Compulsive Reloader+Opening Shot | Compulsive Reloader+Snapshot Sights | Opening Shot+Stats for All | Rangefinder+Steady Hands | Snapshot Sights+Stats for All,2888266564
1152,Survivor's Epitaph,preferred,Hand Cannon,Kinetic,1,0,1,0,1,"Moving Target, Outlaw, Quickdraw","Multikill Clip, Precision Instrument, Rangefinder",5,4,446,Moving Target+Precision Instrument | Multikill Clip+Outlaw | Outlaw+Precision Instrument | Outlaw+Rangefinder | Quickdraw+Rangefinder,4059111040
1153,Dimensional Hypotrochoid,preferred,Grenade Launcher,Stasis,1,0,0,1,1,"Empty Traits Socket, Threat Detector, Unrelenting","Bait and Switch, Pugilist, Thresh",6,4,863,Bait and Switch+Empty Traits Socket | Bait and Switch+Unrelenting | Empty Traits Socket+Thresh | Pugilist+Unrelenting | Threat Detector+Thresh | Thresh+Unrelenting,1311684613
1154,Strident Whistle,preferred,Combat Bow,Solar,0,0,1,0,1,"Rangefinder, Shoot to Loot, Surplus","Harmony, Incandescent, Successful Warm-Up",6,4,1101,Harmony+Rangefinder | Harmony+Surplus | Incandescent+Surplus | Rangefinder+Successful Warm-Up | Shoot to Loot+Successful Warm-Up | Successful Warm-Up+Surplus,2591241074
1155,Critical Anomaly (Adept),preferred,Sniper Rifle,Stasis,0,1,0,1,0,"Rampage, Reconstruction",Snapshot Sights,2,4,329,Rampage+Snapshot Sights | Reconstruction+Snapshot Sights,172461430
1156,Positive Outlook,preferred,Auto Rifle,Void,1,0,1,0,1,"Ambitious Assassin, Dynamic Sway Reduction, Stats for All","Cascade Point, Eye of the Storm, Repulsor Brace",5,4,963,Ambitious Assassin+Eye of the Storm | Cascade Point+Stats for All | Dynamic Sway Reduction+Repulsor Brace | Eye of the Storm+Stats for All | Repulsor Brace+Stats for All,491078457
1157,Spare Rations,preferred,Hand Cannon,Kinetic,1,0,1,0,1,"Offhand Strike, Snapshot Sights",Swashbuckler,2,4,449,Offhand Strike+Swashbuckler | Snapshot Sights+Swashbuckler,3236112986
1158,Origin Story,preferred,Auto Rifle,Kinetic,1,0,1,0,1,"Fragile Focus, Strategist, Threat Detector","Eye of the Storm, Harmony, Target Lock",4,4,1056,Eye of the Storm+Fragile Focus | Eye of the Storm+Threat Detector | Harmony+Threat Detector | Strategist+Target Lock,2826850739
1159,Iterative Loop,preferred,Fusion Rifle,Arc,1,0,0,1,1,"Empty Traits Socket, Under Pressure","Adagio, Controlled Burst, Voltshot",5,4,651,Adagio+Empty Traits Socket | Adagio+Under Pressure | Controlled Burst+Under Pressure | Empty Traits Socket+Voltshot | Under Pressure+Voltshot,1289796511
1160,Fortissimo-11,preferred,Shotgun,Kinetic,1,0,1,0,1,"Perpetual Motion, Steady Hands, Threat Detector","Adrenaline Junkie, Moving Target, Osmosis",6,5,1551,Adrenaline Junkie+Steady Hands | Adrenaline Junkie+Threat Detector | Moving Target+Steady Hands | Moving Target+Threat Detector | Osmosis+Perpetual Motion | Osmosis+Threat Detector,963732595
1161,Hezen Vengeance (Timelost),preferred,Rocket Launcher,Solar,0,1,0,1,0,"Auto-Loading Holster, Blast Distributor, Demolitionist","Aggregate Charge, Bipod, Elemental Honing",5,5,484,Aggregate Charge+Auto-Loading Holster | Aggregate Charge+Blast Distributor | Auto-Loading Holster+Bipod | Auto-Loading Holster+Elemental Honing | Bipod+Demolitionist,3623686757
1162,The Call,preferred,Sidearm,Strand,1,0,0,1,1,"Beacon Rounds, Stats for All, Subsistence","Aggregate Charge, Multikill Clip, One for All",3,5,1088,Aggregate Charge+Subsistence | Beacon Rounds+One for All | Multikill Clip+Stats for All,3947966653
1163,Insurmountable,preferred,Sidearm,Void,1,0,0,0,1,"Air Trigger, Lone Wolf, Repulsor Brace","Closing Time, Destabilizing Rounds, Surrounded",5,5,507,Air Trigger+Closing Time | Air Trigger+Surrounded | Destabilizing Rounds+Lone Wolf | Lone Wolf+Surrounded | Repulsor Brace+Surrounded,2596736862
1164,Blowout,preferred,Rocket Launcher,Arc,0,0,1,0,1,"Ambitious Assassin, Demolitionist","Cluster Bomb, Golden Tricorn, Golden Tricorn Enhanced",5,5,1083,Ambitious Assassin+Cluster Bomb | Ambitious Assassin+Golden Tricorn | Ambitious Assassin+Golden Tricorn Enhanced | Demolitionist+Golden Tricorn | Demolitionist+Golden Tricorn Enhanced,1903182562
1165,Uzume RR4,preferred,Sniper Rifle,Solar,1,0,1,0,1,"Attrition Orbs, Fourth Time's the Charm","Deconstruct, Incandescent, Precision Instrument",3,5,244,Attrition Orbs+Deconstruct | Attrition Orbs+Incandescent | Fourth Time's the Charm+Precision Instrument,2450917538
1166,Someday,preferred,Shotgun,Kinetic,1,0,0,1,1,"Loose Change, Slickdraw, Threat Detector","Barrel Constrictor, Cascade Point, Swashbuckler",4,5,697,Barrel Constrictor+Threat Detector | Cascade Point+Loose Change | Loose Change+Swashbuckler | Slickdraw+Swashbuckler,3232203524
1167,Cynosure,preferred,Rocket Launcher,Strand,1,0,1,0,1,"Field Prep, Slice, Tracking Module","Bipod, Chain Reaction, Quickdraw",5,5,773,Bipod+Field Prep | Bipod+Tracking Module | Chain Reaction+Slice | Chain Reaction+Tracking Module | Field Prep+Quickdraw,694275488
1168,Cataclysmic (Adept),preferred,Linear Fusion Rifle,Solar,0,1,0,1,0,"Fourth Time's the Charm, Surplus","Box Breathing, Turnabout",3,5,304,Box Breathing+Fourth Time's the Charm | Box Breathing+Surplus | Fourth Time's the Charm+Turnabout,2886339027
1169,Cataphract GL3,preferred,Grenade Launcher,Strand,1,0,0,0,1,"Lead From Light, Quickdraw",Chain Reaction,2,5,366,Chain Reaction+Lead From Light | Chain Reaction+Quickdraw,3805679279
1170,Riptide,preferred,Fusion Rifle,Stasis,1,0,1,0,1,"Compulsive Reloader, Ensemble, Well-Rounded","Cornered, Demolitionist, Wellspring",7,5,1463,Compulsive Reloader+Demolitionist | Compulsive Reloader+Wellspring | Cornered+Ensemble | Demolitionist+Ensemble | Demolitionist+Well-Rounded | Ensemble+Wellspring | Well-Rounded+Wellspring,2715240478
1171,Luna Regolith III,preferred,Sniper Rifle,Solar,0,0,1,0,1,"No Distractions, Perfect Float, Triple Tap","Demolitionist, Explosive Payload, Incandescent",4,5,1020,Demolitionist+Perfect Float | Demolitionist+Triple Tap | Explosive Payload+Perfect Float | Incandescent+No Distractions,1948035256
1172,Anonymous Autumn,preferred,Sidearm,Arc,1,0,1,0,1,"Attrition Orbs, Enlightened Action, Offhand Strike","Desperate Measures, Precision Instrument, Rampage",6,5,1101,Attrition Orbs+Precision Instrument | Attrition Orbs+Rampage | Desperate Measures+Offhand Strike | Enlightened Action+Precision Instrument | Enlightened Action+Rampage | Offhand Strike+Precision Instrument,1644501332
1173,Joxer's Longsword,preferred,Pulse Rifle,Void,1,0,1,0,1,"Closing Time, Killing Wind, Pugilist","Desperate Measures, Destabilizing Rounds, Swashbuckler",3,5,923,Closing Time+Swashbuckler | Desperate Measures+Pugilist | Destabilizing Rounds+Killing Wind,157601190
1174,Nessa's Oblation (Adept),preferred,Shotgun,Void,0,1,0,1,0,"Demolitionist, Dragonfly, Reconstruction","Frenzy, Harmony, Paracausal Affinity",5,5,679,Demolitionist+Paracausal Affinity | Dragonfly+Harmony | Frenzy+Reconstruction | Harmony+Reconstruction | Paracausal Affinity+Reconstruction,522366885
1175,Division (Adept),preferred,Sidearm,Arc,0,1,0,0,1,"Encore, Hip-Fire Grip, Pugilist","Surrounded, Sword Logic, Voltshot",5,5,388,Encore+Surrounded | Encore+Sword Logic | Hip-Fire Grip+Surrounded | Hip-Fire Grip+Voltshot | Pugilist+Voltshot,3734001727
1176,Wicked Sister,preferred,Grenade Launcher,Strand,0,0,1,0,1,"Envious Assassin, Perpetual Motion, Strategist","Chain Reaction, High Ground, Reverberation",4,5,1019,Chain Reaction+Envious Assassin | Envious Assassin+High Ground | High Ground+Perpetual Motion | Reverberation+Strategist,2039776723
1177,Better Devils,preferred,Hand Cannon,Kinetic,1,0,1,0,1,"Rangefinder, Threat Detector",Field Prep,2,5,526,Field Prep+Rangefinder | Field Prep+Threat Detector,153979397
1178,Pointed Inquiry,preferred,Scout Rifle,Void,1,0,0,1,1,"Firmly Planted, Genesis, Repulsor Brace","Dragonfly, Empty Traits Socket, Focused Fury",4,5,730,Dragonfly+Genesis | Empty Traits Socket+Repulsor Brace | Firmly Planted+Focused Fury | Focused Fury+Repulsor Brace,297296830
1179,Double-Edged Answer,preferred,Sword,Void,0,0,1,0,1,"Flash Counter, Relentless Strikes, Wellspring","One for All, Valiant Charge, Whirlwind Blade",4,5,1022,Flash Counter+Valiant Charge | One for All+Wellspring | Relentless Strikes+Valiant Charge | Wellspring+Whirlwind Blade,105164264
1180,Retrofuturist,preferred,Shotgun,Void,1,0,1,0,1,"Hip-Fire Grip, Loose Change, Quickdraw","Deconstruct, Frenzy, High Ground",4,5,1011,Deconstruct+Loose Change | Frenzy+Hip-Fire Grip | Frenzy+Quickdraw | High Ground+Hip-Fire Grip,1612781792
1181,Positive Outlook,preferred,Auto Rifle,Void,1,0,1,0,1,"Dynamic Sway Reduction, Shot Swap, Tunnel Vision","Cascade Point, Destabilizing Rounds, Gutshot Straight",5,5,963,Cascade Point+Shot Swap | Destabilizing Rounds+Shot Swap | Dynamic Sway Reduction+Gutshot Straight | Gutshot Straight+Shot Swap | Gutshot Straight+Tunnel Vision,491078457
1182,The Mountaintop,preferred,Grenade Launcher,Kinetic,1,0,0,0,1,"Lead from Gold, Slickdraw","Adrenaline Junkie, Harmony, Rampage",3,5,539,Adrenaline Junkie+Lead from Gold | Harmony+Slickdraw | Lead from Gold+Rampage,4043921923
1183,Round Robin,preferred,Hand Cannon,Strand,1,0,0,1,1,"Envious Assassin, Perfect Float, Under Pressure","Adagio, Hatchling, Precision Instrument",3,5,1014,Adagio+Perfect Float | Envious Assassin+Precision Instrument | Hatchling+Under Pressure,2034215657
1184,A Distant Pull,preferred,Sniper Rifle,Stasis,1,0,0,1,1,"Empty Traits Socket, Keep Away, Overflow","Discord, Focused Fury, Headstone",6,5,533,Discord+Empty Traits Socket | Empty Traits Socket+Focused Fury | Empty Traits Socket+Headstone | Focused Fury+Keep Away | Focused Fury+Overflow | Headstone+Overflow,1769847435
1185,Royal Entry,preferred,Rocket Launcher,Void,0,0,1,0,1,"Genesis, Impulse Amplifier, Rangefinder","Demolitionist, Wellspring",5,5,674,Demolitionist+Genesis | Demolitionist+Impulse Amplifier | Genesis+Wellspring | Impulse Amplifier+Wellspring | Rangefinder+Wellspring,2448907086
1186,Origin Story,preferred,Auto Rifle,Kinetic,1,0,1,0,1,"Attrition Orbs, Keep Away, Slideways","Harmony, Surrounded, Swashbuckler",6,5,1056,Attrition Orbs+Harmony | Harmony+Keep Away | Harmony+Slideways | Keep Away+Surrounded | Keep Away+Swashbuckler | Slideways+Surrounded,2826850739
1187,Axial Lacuna,preferred,Fusion Rifle,Solar,1,0,0,1,1,"Empty Traits Socket, Slickdraw, Threat Detector","Desperate Measures, Incandescent, Kickstart",4,5,817,Desperate Measures+Empty Traits Socket | Desperate Measures+Threat Detector | Incandescent+Slickdraw | Kickstart+Threat Detector,3867373351
1188,Servant Leader,preferred,Scout Rifle,Kinetic,0,0,1,0,1,"No Distractions, Pulse Monitor, Surplus","Kill Clip, Osmosis, Wellspring",6,5,1538,Kill Clip+No Distractions | Kill Clip+Pulse Monitor | No Distractions+Wellspring | Osmosis+Surplus | Pulse Monitor+Wellspring | Surplus+Wellspring,1107446438
1189,Main Ingredient,preferred,Fusion Rifle,Arc,1,0,1,0,1,"Rampage, Snapshot Sights, Threat Detector","Kill Clip, Quickdraw, Tap the Trigger",5,5,479,Kill Clip+Rampage | Kill Clip+Snapshot Sights | Quickdraw+Rampage | Quickdraw+Threat Detector | Rampage+Tap the Trigger,253196586
1190,Astral Horizon,preferred,Shotgun,Kinetic,1,0,0,0,1,"Auto-Loading Holster, Slideshot, Threat Detector","Demolitionist, Killing Wind, Swashbuckler",4,5,603,Auto-Loading Holster+Swashbuckler | Demolitionist+Slideshot | Demolitionist+Threat Detector | Killing Wind+Threat Detector,1697682876
1191,Trinary System,preferred,Fusion Rifle,Solar,0,0,1,0,1,"Ambitious Assassin, Hip-Fire Grip, Under Pressure","Multikill Clip, One for All, Wellspring",5,5,1281,Ambitious Assassin+Wellspring | Hip-Fire Grip+Multikill Clip | Hip-Fire Grip+Wellspring | Multikill Clip+Under Pressure | One for All+Under Pressure,3258665412
1192,Prolonged Engagement,preferred,Submachine Gun,Stasis,1,0,1,0,1,"Killing Wind, Offhand Strike, Outlaw","One for All, Target Lock, Thresh",4,5,1028,Killing Wind+Target Lock | Offhand Strike+One for All | One for All+Outlaw | Outlaw+Thresh,2349907931
1193,Borrowed Time,preferred,Submachine Gun,Solar,0,0,1,0,1,"Firmly Planted, Fourth Time's the Charm, Overflow","Snapshot Sights, Thresh, Wellspring",6,5,1510,Firmly Planted+Snapshot Sights | Firmly Planted+Thresh | Firmly Planted+Wellspring | Fourth Time's the Charm+Snapshot Sights | Fourth Time's the Charm+Wellspring | Overflow+Wellspring,875848769
1194,Oversoul Edict (Adept),preferred,Pulse Rifle,Arc,0,1,0,1,0,"Enlightened Action, Keep Away, Perpetual Motion","Adrenaline Junkie, Sword Logic, Voltshot",5,5,489,Adrenaline Junkie+Enlightened Action | Adrenaline Junkie+Keep Away | Keep Away+Voltshot | Perpetual Motion+Sword Logic | Perpetual Motion+Voltshot,578105049
1195,Autumn Wind,preferred,Pulse Rifle,Kinetic,1,0,1,0,1,"Envious Assassin, Offhand Strike, Shot Swap","Adrenaline Junkie, Elemental Capacitor, Rampage",4,5,1409,Adrenaline Junkie+Envious Assassin | Adrenaline Junkie+Offhand Strike | Elemental Capacitor+Offhand Strike | Rampage+Shot Swap,3110377595
1196,Crisis Inverted,preferred,Hand Cannon,Arc,0,0,1,0,1,"Compulsive Reloader, Ensemble, Shoot to Loot","Elemental Capacitor, Harmony, Snapshot Sights",5,5,1566,Compulsive Reloader+Elemental Capacitor | Compulsive Reloader+Harmony | Elemental Capacitor+Ensemble | Ensemble+Snapshot Sights | Shoot to Loot+Snapshot Sights,2888266564
1197,Fang of Ir Yût (Adept),preferred,Scout Rifle,Strand,0,1,0,1,0,"Keep Away, Slice","Binary Orbit, Meganeura, Sword Logic",4,5,629,Binary Orbit+Slice | Keep Away+Meganeura | Keep Away+Sword Logic | Slice+Sword Logic,128782990
1198,The Third Axiom,preferred,Pulse Rifle,Arc,1,0,1,0,1,"Slideshot, Surplus, Zen Moment","Disruption Break, Sympathetic Arsenal, Unrelenting",4,5,1362,Disruption Break+Slideshot | Surplus+Sympathetic Arsenal | Surplus+Unrelenting | Unrelenting+Zen Moment,3744058588
1199,Albruna-D,preferred,Sniper Rifle,Arc,0,0,1,0,1,"Ensemble, Surplus, Triple Tap","Eye of the Storm, Golden Tricorn, Under-Over",5,5,1169,Ensemble+Eye of the Storm | Eye of the Storm+Triple Tap | Golden Tricorn+Surplus | Golden Tricorn+Triple Tap | Surplus+Under-Over,676270382
1200,Fortissimo-11,preferred,Shotgun,Kinetic,1,0,1,0,1,"Feeding Frenzy, Surplus, Threat Detector","Adagio, Focused Fury, Moving Target",5,6,1551,Adagio+Surplus | Adagio+Threat Detector | Feeding Frenzy+Focused Fury | Focused Fury+Surplus | Moving Target+Surplus,963732595
1201,Kept Confidence,preferred,Hand Cannon,Strand,1,0,0,1,1,"Air Assault, Quickdraw",Empty Traits Socket,2,6,469,Air Assault+Empty Traits Socket | Empty Traits Socket+Quickdraw,1875512595
1202,Bold Endings,preferred,Hand Cannon,Stasis,1,0,0,1,1,"Air Trigger, Empty Traits Socket, Opening Shot","Eye of the Storm, Frenzy",3,6,799,Air Trigger+Frenzy | Empty Traits Socket+Eye of the Storm | Eye of the Storm+Opening Shot,496728945
1203,Dead Weight,preferred,Shotgun,Arc,0,0,1,0,1,"Auto-Loading Holster, Dual Loader, Field Prep","Adrenaline Junkie, Surrounded, Vorpal Weapon",4,6,1510,Adrenaline Junkie+Auto-Loading Holster | Auto-Loading Holster+Surrounded | Dual Loader+Vorpal Weapon | Field Prep+Surrounded,3738678140
1204,Wicked Sister,preferred,Grenade Launcher,Strand,0,0,1,0,1,"Auto-Loading Holster, Clown Cartridge, Danger Zone","Cascade Point, Chain Reaction, Explosive Light",4,6,1019,Auto-Loading Holster+Cascade Point | Auto-Loading Holster+Chain Reaction | Clown Cartridge+Explosive Light | Danger Zone+Explosive Light,2039776723
1205,Double-Edged Answer,preferred,Sword,Void,0,0,1,0,1,"Energy Transfer, Relentless Strikes, Unrelenting","Collective Action, Counterattack, Whirlwind Blade",4,6,1022,Collective Action+Relentless Strikes | Collective Action+Unrelenting | Counterattack+Energy Transfer | Energy Transfer+Whirlwind Blade,105164264
1206,Herod-C,preferred,Auto Rifle,Stasis,1,0,1,0,1,"Compulsive Reloader, Ensemble, Fourth Time's the Charm","Headstone, Moving Target, Multikill Clip",5,6,1560,Compulsive Reloader+Headstone | Compulsive Reloader+Moving Target | Ensemble+Headstone | Ensemble+Multikill Clip | Fourth Time's the Charm+Moving Target,2065366342
1207,Breakneck,preferred,Auto Rifle,Kinetic,1,0,1,0,1,"Keep Away, Pugilist, Subsistence","Deconstruct, Kinetic Tremors, Offhand Strike",4,6,893,Deconstruct+Keep Away | Keep Away+Offhand Strike | Kinetic Tremors+Subsistence | Offhand Strike+Pugilist,2026755633
1208,Ammit AR2,preferred,Auto Rifle,Solar,1,0,0,1,1,"Dynamic Sway Reduction, Empty Traits Socket, Stats for All","Adaptive Munitions, Empty Traits Socket, Tap the Trigger",4,6,552,Adaptive Munitions+Empty Traits Socket | Dynamic Sway Reduction+Empty Traits Socket | Empty Traits Socket+Tap the Trigger | Stats for All+Tap the Trigger,2119346509
1209,Cynosure,preferred,Rocket Launcher,Strand,1,0,1,0,1,"Impulse Amplifier, Reconstruction","Bipod, Elemental Honing, Hatchling",3,6,773,Bipod+Reconstruction | Elemental Honing+Impulse Amplifier | Hatchling+Impulse Amplifier,694275488
1210,Embraced Identity,preferred,Sniper Rifle,Void,1,0,0,1,1,"Demolitionist, Permeability","Empty Traits Socket, High Ground",3,6,594,Demolitionist+Empty Traits Socket | Demolitionist+High Ground | Empty Traits Socket+Permeability,2821677368
1211,Ill Omen,preferred,Sword,Stasis,1,0,0,1,1,"Attrition Orbs, Duelist's Trance, Unrelenting","En Garde, One for All",3,6,590,Attrition Orbs+One for All | Duelist's Trance+One for All | En Garde+Unrelenting,3794274730
1212,Laser Painter,preferred,Linear Fusion Rifle,Strand,1,0,1,0,1,"Encore, No Distractions, Outlaw","Golden Tricorn, Harmony, Wellspring",6,6,1119,Encore+Wellspring | Golden Tricorn+No Distractions | Golden Tricorn+Outlaw | Harmony+No Distractions | Harmony+Outlaw | Outlaw+Wellspring,3221722018
1213,Autumn Wind,preferred,Pulse Rifle,Kinetic,1,0,1,0,1,"Demolitionist, Offhand Strike, Slideways","Focused Fury, Thresh, Vorpal Weapon",4,6,1409,Demolitionist+Thresh | Focused Fury+Slideways | Offhand Strike+Vorpal Weapon | Slideways+Thresh,3110377595
1214,Gunnora's Axe,preferred,Shotgun,Arc,1,0,0,0,1,"Full Auto Trigger System, Outlaw, Quickdraw","Demolitionist, Swashbuckler",3,6,567,Demolitionist+Outlaw | Full Auto Trigger System+Swashbuckler | Quickdraw+Swashbuckler,2326716489
1215,The Third Axiom,preferred,Pulse Rifle,Arc,1,0,1,0,1,"Genesis, Hip-Fire Grip, Zen Moment","Disruption Break, Dragonfly, Opening Shot",4,6,1362,Disruption Break+Hip-Fire Grip | Dragonfly+Hip-Fire Grip | Genesis+Opening Shot | Opening Shot+Zen Moment,3744058588
1216,Rufus's Fury (Adept),preferred,Auto Rifle,Strand,0,1,0,1,0,"Demolitionist, Pugilist","Hatchling, Target Lock",3,6,701,Demolitionist+Target Lock | Hatchling+Pugilist | Pugilist+Target Lock,342514437
1217,Stay Frosty,preferred,Pulse Rifle,Stasis,1,0,0,0,1,"Lone Wolf, Tunnel Vision","Adrenaline Junkie, Frenzy, Headstone",4,6,479,Adrenaline Junkie+Lone Wolf | Frenzy+Lone Wolf | Frenzy+Tunnel Vision | Headstone+Lone Wolf,3910523587
1218,Abyss Defiant (Adept),preferred,Auto Rifle,Solar,0,1,0,1,0,"Enlightened Action, Heal Clip, Reconstruction","Eye of the Storm, Swashbuckler, Target Lock",3,6,612,Enlightened Action+Eye of the Storm | Heal Clip+Target Lock | Reconstruction+Swashbuckler,3782662983
1219,Veles-X,preferred,Pulse Rifle,Void,1,0,1,0,1,"Lone Wolf, Repulsor Brace","Eye of the Storm, Kill Clip",2,6,371,Eye of the Storm+Lone Wolf | Kill Clip+Repulsor Brace,438540299
1220,Riptide,preferred,Fusion Rifle,Stasis,1,0,1,0,1,"Lead from Gold, Stats for All, Under Pressure","Golden Tricorn Enhanced, Harmony, Thresh",5,6,1463,Golden Tricorn Enhanced+Under Pressure | Harmony+Lead from Gold | Harmony+Under Pressure | Lead from Gold+Thresh | Stats for All+Thresh,2715240478
1221,Servant Leader,preferred,Scout Rifle,Kinetic,0,0,1,0,1,"Hip-Fire Grip, Rapid Hit, Subsistence","Osmosis, Thresh, Wellspring",4,6,1538,Hip-Fire Grip+Osmosis | Hip-Fire Grip+Thresh | Rapid Hit+Wellspring | Subsistence+Wellspring,1107446438
1222,Bygones,preferred,Pulse Rifle,Kinetic,1,0,1,0,1,"Attrition Orbs, Demolitionist, To the Pain","Firefly, Kill Clip, Vorpal Weapon",4,6,1294,Attrition Orbs+Vorpal Weapon | Demolitionist+Firefly | Kill Clip+To the Pain | To the Pain+Vorpal Weapon,2199554524
1223,Blowout,preferred,Rocket Launcher,Arc,0,0,1,0,1,"Danger Zone, Demolitionist, Tracking Module","Explosive Light, Frenzy, Multikill Clip",5,7,1083,Danger Zone+Frenzy | Demolitionist+Explosive Light | Demolitionist+Frenzy | Demolitionist+Multikill Clip | Explosive Light+Tracking Module,1903182562
1224,Luna Regolith III,preferred,Sniper Rifle,Solar,0,0,1,0,1,"Heal Clip, Keep Away, Perfect Float","Collective Action, Demolitionist, Opening Shot",4,7,1020,Collective Action+Keep Away | Demolitionist+Keep Away | Heal Clip+Opening Shot | Opening Shot+Perfect Float,1948035256
1225,Herod-C,preferred,Auto Rifle,Stasis,1,0,1,0,1,"Dynamic Sway Reduction, Heating Up, Hip-Fire Grip","Focused Fury, Tap the Trigger, Unrelenting",5,7,1560,Dynamic Sway Reduction+Focused Fury | Focused Fury+Hip-Fire Grip | Heating Up+Tap the Trigger | Heating Up+Unrelenting | Hip-Fire Grip+Unrelenting,2065366342
1226,Albruna-D,preferred,Sniper Rifle,Arc,0,0,1,0,1,"Elemental Capacitor, No Distractions, Wellspring","Eye of the Storm, Frenzy, Snapshot Sights",4,7,1169,Elemental Capacitor+Frenzy | Elemental Capacitor+Snapshot Sights | Eye of the Storm+No Distractions | Frenzy+Wellspring,676270382
1227,Crisis Inverted,preferred,Hand Cannon,Arc,0,0,1,0,1,"Demolitionist, Outlaw, Under Pressure","Elemental Capacitor, Focused Fury, Snapshot Sights",6,7,1566,Demolitionist+Elemental Capacitor | Elemental Capacitor+Outlaw | Elemental Capacitor+Under Pressure | Focused Fury+Under Pressure | Outlaw+Snapshot Sights | Snapshot Sights+Under Pressure,2888266564
1228,Phyllotactic Spiral,preferred,Pulse Rifle,Arc,1,0,0,1,1,"Empty Traits Socket, Keep Away, Under-Over","Desperado, Empty Traits Socket, Headseeker",3,7,774,Desperado+Keep Away | Empty Traits Socket+Headseeker | Empty Traits Socket+Under-Over,3635821806
1229,Nasreddin,preferred,Sword,Arc,1,0,0,0,1,"Energy Transfer, Flash Counter, Wellspring","En Garde, Surrounded",4,7,338,En Garde+Energy Transfer | En Garde+Flash Counter | Energy Transfer+Surrounded | Surrounded+Wellspring,1979417829
1230,Pure Poetry,preferred,Hand Cannon,Kinetic,0,0,1,0,1,"Ensemble, Steady Hands, Well-Rounded","Eye of the Storm, Rampage, Swashbuckler",4,7,1182,Ensemble+Swashbuckler | Eye of the Storm+Well-Rounded | Rampage+Steady Hands | Rampage+Well-Rounded,2671639706
1231,Occluded Finality,preferred,Sniper Rifle,Arc,1,0,0,0,1,"Rapid Hit, Surplus, Under Pressure","Firing Line, Opening Shot, Vorpal Weapon",5,7,478,Firing Line+Rapid Hit | Firing Line+Surplus | Firing Line+Under Pressure | Opening Shot+Under Pressure | Under Pressure+Vorpal Weapon,852551895
1232,Red Tape,preferred,Scout Rifle,Stasis,1,0,0,0,1,"Keep Away, Lone Wolf","Explosive Payload, Focused Fury",2,7,397,Explosive Payload+Keep Away | Focused Fury+Lone Wolf,3423493037
1233,Autumn Wind,preferred,Pulse Rifle,Kinetic,1,0,1,0,1,"Perfect Float, Rangefinder, Tunnel Vision","Focused Fury, Harmony, Vorpal Weapon",5,7,1409,Focused Fury+Perfect Float | Focused Fury+Tunnel Vision | Harmony+Perfect Float | Rangefinder+Vorpal Weapon | Tunnel Vision+Vorpal Weapon,3110377595
1234,The Third Axiom,preferred,Pulse Rifle,Arc,1,0,1,0,1,"Genesis, Killing Wind, Zen Moment","One for All, Sympathetic Arsenal, Vorpal Weapon",5,7,1362,Genesis+Vorpal Weapon | Killing Wind+Sympathetic Arsenal | Killing Wind+Vorpal Weapon | One for All+Zen Moment | Vorpal Weapon+Zen Moment,3744058588
1235,No Hesitation,preferred,Auto Rifle,Solar,1,0,0,1,1,Grave Robber,"Empty Traits Socket, Incandescent",2,7,702,Empty Traits Socket+Grave Robber | Grave Robber+Incandescent,1801007332
1236,Borrowed Time,preferred,Submachine Gun,Solar,0,0,1,0,1,"Dynamic Sway Reduction, Grave Robber, Heating Up","One for All, Swashbuckler, Thresh",4,7,1510,Dynamic Sway Reduction+Swashbuckler | Grave Robber+One for All | Grave Robber+Thresh | Heating Up+Swashbuckler,875848769
1237,Anonymous Autumn,preferred,Sidearm,Arc,1,0,1,0,1,"Discord, Strategist, To the Pain","Precision Instrument, Surrounded, Swashbuckler",4,7,1101,Discord+Precision Instrument | Precision Instrument+To the Pain | Strategist+Surrounded | Swashbuckler+To the Pain,1644501332
1238,Crowd Pleaser,preferred,Grenade Launcher,Void,0,0,1,0,1,"Pulse Monitor, Threat Detector","Elemental Capacitor, Quickdraw, Unrelenting",4,7,771,Elemental Capacitor+Threat Detector | Pulse Monitor+Quickdraw | Pulse Monitor+Unrelenting | Threat Detector+Unrelenting,3565520715
1239,Joxer's Longsword,preferred,Pulse Rifle,Void,1,0,1,0,1,"Demolitionist, Lone Wolf, Repulsor Brace","Headseeker, One for All, Swashbuckler",4,7,923,Demolitionist+Headseeker | Lone Wolf+Swashbuckler | One for All+Repulsor Brace | Repulsor Brace+Swashbuckler,157601190
1240,Unending Tempest,preferred,Submachine Gun,Stasis,1,0,1,0,1,"Demolitionist, Killing Wind, Offhand Strike","Cascade Point, Harmony, Tap the Trigger",4,8,1226,Cascade Point+Demolitionist | Harmony+Killing Wind | Harmony+Offhand Strike | Killing Wind+Tap the Trigger,2510526114
1241,Dimensional Hypotrochoid,preferred,Grenade Launcher,Stasis,1,0,0,1,1,"Empty Traits Socket, Field Prep, Shot Swap","Chain Reaction, Thresh, Vorpal Weapon",3,8,863,Chain Reaction+Empty Traits Socket | Field Prep+Thresh | Shot Swap+Vorpal Weapon,1311684613
1242,Axial Lacuna,preferred,Fusion Rifle,Solar,1,0,0,1,1,"Empty Traits Socket, Slickdraw, Threat Detector","Closing Time, Empty Traits Socket, Surrounded",4,8,817,Closing Time+Empty Traits Socket | Closing Time+Threat Detector | Empty Traits Socket+Slickdraw | Empty Traits Socket+Surrounded,3867373351
1243,Positive Outlook,preferred,Auto Rifle,Void,1,0,1,0,1,"Perfect Float, Stats for All","Dragonfly, Kill Clip, Pugilist",3,8,963,Dragonfly+Stats for All | Kill Clip+Perfect Float | Pugilist+Stats for All,491078457
1244,Sightline Survey,preferred,Hand Cannon,Arc,1,0,0,1,1,"Enlightened Action, Fragile Focus, To the Pain","Empty Traits Socket, Opening Shot",4,8,517,Empty Traits Socket+Enlightened Action | Empty Traits Socket+Fragile Focus | Empty Traits Socket+To the Pain | Fragile Focus+Opening Shot,2350330520
1245,No Reprieve,preferred,Shotgun,Stasis,1,0,0,1,1,"Feeding Frenzy, Outlaw, Surplus","Empty Traits Socket, Snapshot Sights, Wellspring",5,8,753,Empty Traits Socket+Feeding Frenzy | Empty Traits Socket+Outlaw | Empty Traits Socket+Surplus | Feeding Frenzy+Snapshot Sights | Feeding Frenzy+Wellspring,2531963421
1246,Submission (Adept),preferred,Submachine Gun,Kinetic,0,1,0,1,0,Encore,Swashbuckler,1,8,499,Encore+Swashbuckler,1941816543
1247,Riptide,preferred,Fusion Rifle,Stasis,1,0,1,0,1,"Feeding Frenzy, Under Pressure, Well-Rounded","Frenzy, Golden Tricorn, Harmony",5,8,1463,Feeding Frenzy+Frenzy | Feeding Frenzy+Harmony | Frenzy+Under Pressure | Golden Tricorn+Under Pressure | Golden Tricorn+Well-Rounded,2715240478
1248,Retraced Path,preferred,Trace Rifle,Solar,1,0,0,1,1,Shoot to Loot,"Frenzy, Golden Tricorn, One for All",3,8,739,Frenzy+Shoot to Loot | Golden Tricorn+Shoot to Loot | One for All+Shoot to Loot,548958835
1249,Albruna-D,preferred,Sniper Rifle,Arc,0,0,1,0,1,"Clown Cartridge, Field Prep, Moving Target","Frenzy, Golden Tricorn Enhanced, Vorpal Weapon",6,8,1169,Clown Cartridge+Frenzy | Clown Cartridge+Vorpal Weapon | Field Prep+Frenzy | Field Prep+Golden Tricorn Enhanced | Frenzy+Moving Target | Golden Tricorn Enhanced+Moving Target,676270382
1250,Abyss Defiant (Adept),preferred,Auto Rifle,Solar,0,1,0,1,0,Pugilist,"Eye of the Storm, Kill Clip",2,8,612,Eye of the Storm+Pugilist | Kill Clip+Pugilist,3782662983
1251,Fortissimo-11,preferred,Shotgun,Kinetic,1,0,1,0,1,"Demolitionist, Outlaw, Unrelenting","Moving Target, Surrounded, Vorpal Weapon",5,8,1551,Demolitionist+Moving Target | Demolitionist+Surrounded | Moving Target+Unrelenting | Outlaw+Vorpal Weapon | Surrounded+Unrelenting,963732595
1252,Laser Painter,preferred,Linear Fusion Rifle,Strand,1,0,1,0,1,"Moving Target, Rapid Hit, Stats for All","Golden Tricorn Enhanced, Unrelenting, Wellspring",3,8,1119,Golden Tricorn Enhanced+Rapid Hit | Moving Target+Wellspring | Stats for All+Unrelenting,3221722018
1253,Luna Regolith III,preferred,Sniper Rifle,Solar,0,0,1,0,1,"No Distractions, Perfect Float, Shoot to Loot","Eye of the Storm, Precision Instrument",3,8,1020,Eye of the Storm+Perfect Float | Eye of the Storm+Shoot to Loot | No Distractions+Precision Instrument,1948035256
1254,Someday,preferred,Shotgun,Kinetic,1,0,0,1,1,"Empty Traits Socket, Slickdraw, Strategist","Cascade Point, Opening Shot, Vorpal Weapon",5,8,697,Cascade Point+Empty Traits Socket | Empty Traits Socket+Opening Shot | Opening Shot+Slickdraw | Slickdraw+Vorpal Weapon | Strategist+Vorpal Weapon,3232203524
1255,Blowout,preferred,Rocket Launcher,Arc,0,0,1,0,1,"Ambitious Assassin, Ensemble, Thresh","Adrenaline Junkie, Chain Reaction, Vorpal Weapon",5,8,1083,Adrenaline Junkie+Ensemble | Ambitious Assassin+Chain Reaction | Ambitious Assassin+Vorpal Weapon | Ensemble+Vorpal Weapon | Thresh+Vorpal Weapon,1903182562
1256,Trinary System,preferred,Fusion Rifle,Solar,0,0,1,0,1,"Auto-Loading Holster, Feeding Frenzy","Disruption Break, Kill Clip, Multikill Clip",3,9,1281,Auto-Loading Holster+Disruption Break | Auto-Loading Holster+Multikill Clip | Feeding Frenzy+Kill Clip,3258665412
1257,Mercurial Overreach,preferred,Sniper Rifle,Arc,1,0,1,0,1,Snapshot Sights,"Closing Time, Vorpal Weapon",2,9,461,Closing Time+Snapshot Sights | Snapshot Sights+Vorpal Weapon,4257236930
1258,Borrowed Time,preferred,Submachine Gun,Solar,0,0,1,0,1,"Firmly Planted, Rangefinder, Surplus","Dragonfly, One for All, Rampage",5,9,1510,Dragonfly+Rangefinder | Dragonfly+Surplus | Firmly Planted+One for All | Firmly Planted+Rampage | Rampage+Surplus,875848769
1259,Round Robin,preferred,Hand Cannon,Strand,1,0,0,1,1,"Envious Assassin, Keep Away, Under Pressure","Empty Traits Socket, Golden Tricorn, Harmony",4,9,1014,Empty Traits Socket+Under Pressure | Envious Assassin+Golden Tricorn | Envious Assassin+Harmony | Golden Tricorn+Keep Away,2034215657
1260,Igneous Hammer,preferred,Hand Cannon,Solar,1,0,0,0,1,"Keep Away, Rapid Hit, Slickdraw","Golden Tricorn, Golden Tricorn Enhanced",3,9,520,Golden Tricorn+Rapid Hit | Golden Tricorn+Slickdraw | Golden Tricorn Enhanced+Keep Away,1973107014
1261,Servant Leader,preferred,Scout Rifle,Kinetic,0,0,1,0,1,"Hip-Fire Grip, Pulse Monitor, Rapid Hit","Adrenaline Junkie, Harmony, Multikill Clip",4,9,1538,Adrenaline Junkie+Rapid Hit | Harmony+Hip-Fire Grip | Harmony+Rapid Hit | Multikill Clip+Pulse Monitor,1107446438
1262,Tarnished Mettle,preferred,Scout Rifle,Arc,1,0,0,1,1,"Empty Traits Socket, Killing Wind, Shoot to Loot","Dragonfly, Empty Traits Socket, Explosive Payload",4,10,737,Dragonfly+Empty Traits Socket | Empty Traits Socket+Explosive Payload | Empty Traits Socket+Killing Wind | Empty Traits Socket+Shoot to Loot,2218569744
1263,The Call,preferred,Sidearm,Strand,1,0,0,1,1,"Empty Traits Socket, Impulse Amplifier, Subsistence","Empty Traits Socket, Golden Tricorn, Golden Tricorn Enhanced",4,10,1088,Empty Traits Socket+Golden Tricorn | Empty Traits Socket+Impulse Amplifier | Golden Tricorn+Subsistence | Golden Tricorn Enhanced+Subsistence,3947966653
1264,Unending Tempest,preferred,Submachine Gun,Stasis,1,0,1,0,1,"Perpetual Motion, Shot Swap","Harmony, Headstone, Rangefinder",3,10,1226,Harmony+Shot Swap | Headstone+Perpetual Motion | Perpetual Motion+Rangefinder,2510526114
1265,Herod-C,preferred,Auto Rifle,Stasis,1,0,1,0,1,"Auto-Loading Holster, Hip-Fire Grip, Perpetual Motion","Elemental Capacitor, Focused Fury, Turnabout",4,11,1560,Auto-Loading Holster+Focused Fury | Elemental Capacitor+Hip-Fire Grip | Focused Fury+Perpetual Motion | Perpetual Motion+Turnabout,2065366342
1266,False Idols,preferred,Sword,Solar,1,0,0,1,1,"Duelist's Trance, Unrelenting","Chain Reaction, Empty Traits Socket, Surrounded",4,11,731,Chain Reaction+Duelist's Trance | Chain Reaction+Unrelenting | Duelist's Trance+Surrounded | Empty Traits Socket+Unrelenting,4207120603
1267,Origin Story,preferred,Auto Rifle,Kinetic,1,0,1,0,1,"Feeding Frenzy, Keep Away, Slideways","Rampage, Swashbuckler, Target Lock",4,11,1056,Feeding Frenzy+Swashbuckler | Feeding Frenzy+Target Lock | Keep Away+Target Lock | Rampage+Slideways,2826850739
1268,Albruna-D,preferred,Sniper Rifle,Arc,0,0,1,0,1,"Perpetual Motion, Surplus, Triple Tap","Eye of the Storm, Frenzy, Golden Tricorn",4,11,1169,Eye of the Storm+Perpetual Motion | Frenzy+Surplus | Frenzy+Triple Tap | Golden Tricorn+Perpetual Motion,676270382
1269,Bygones,preferred,Pulse Rifle,Kinetic,1,0,1,0,1,"Demolitionist, Rangefinder, Zen Moment","Eye of the Storm, Frenzy, Kill Clip",5,12,1294,Demolitionist+Eye of the Storm | Eye of the Storm+Zen Moment | Frenzy+Rangefinder | Frenzy+Zen Moment | Kill Clip+Rangefinder,2199554524
1270,Breakneck,preferred,Auto Rifle,Kinetic,1,0,1,0,1,Hip-Fire Grip,Offhand Strike,1,12,893,Hip-Fire Grip+Offhand Strike,2026755633
1271,Servant Leader,preferred,Scout Rifle,Kinetic,0,0,1,0,1,"Heating Up, Hip-Fire Grip, Rapid Hit","Frenzy, Rampage",3,12,1538,Frenzy+Heating Up | Hip-Fire Grip+Rampage | Rampage+Rapid Hit,1107446438
1272,Bottom Dollar,preferred,Hand Cannon,Void,1,0,1,0,1,"Killing Wind, Rangefinder",Opening Shot,2,12,1468,Killing Wind+Opening Shot | Opening Shot+Rangefinder,2953199259
1273,Ragnhild-D,preferred,Shotgun,Kinetic,1,0,0,1,1,"Auto-Loading Holster, Perpetual Motion, Steady Hands",Empty Traits Socket,3,13,601,Auto-Loading Holster+Empty Traits Socket | Empty Traits Socket+Perpetual Motion | Empty Traits Socket+Steady Hands,4225322581
1274,Phyllotactic Spiral,preferred,Pulse Rifle,Arc,1,0,0,1,1,"Compulsive Reloader, Empty Traits Socket, Hip-Fire Grip","Empty Traits Socket, Frenzy, Kill Clip",4,13,774,Compulsive Reloader+Empty Traits Socket | Compulsive Reloader+Frenzy | Empty Traits Socket+Hip-Fire Grip | Empty Traits Socket+Kill Clip,3635821806
1275,No Reprieve,preferred,Shotgun,Stasis,1,0,0,1,1,"Empty Traits Socket, Triple Tap","Empty Traits Socket, Focused Fury, Snapshot Sights",3,13,753,Empty Traits Socket+Snapshot Sights | Empty Traits Socket+Triple Tap | Focused Fury+Triple Tap,2531963421
1276,Fortissimo-11,preferred,Shotgun,Kinetic,1,0,1,0,1,"Feeding Frenzy, Steady Hands, Subsistence","Focused Fury, Frenzy, Vorpal Weapon",4,13,1551,Feeding Frenzy+Vorpal Weapon | Focused Fury+Subsistence | Frenzy+Subsistence | Steady Hands+Vorpal Weapon,963732595
1277,Borrowed Time,preferred,Submachine Gun,Solar,0,0,1,0,1,Threat Detector,"One for All, Snapshot Sights",2,13,1510,One for All+Threat Detector | Snapshot Sights+Threat Detector,875848769
1278,Syncopation-53,preferred,Pulse Rifle,Stasis,1,0,0,1,1,"Compulsive Reloader, Empty Traits Socket","Focused Fury, Rangefinder, Vorpal Weapon",3,14,600,Compulsive Reloader+Focused Fury | Compulsive Reloader+Vorpal Weapon | Empty Traits Socket+Rangefinder,2856514843
1279,Bold Endings,preferred,Hand Cannon,Stasis,1,0,0,1,1,Rapid Hit,Empty Traits Socket,1,18,799,Empty Traits Socket+Rapid Hit,496728945
1280,Trinary System,preferred,Fusion Rifle,Solar,0,0,1,0,1,Hip-Fire Grip,Swashbuckler,1,18,1281,Hip-Fire Grip+Swashbuckler,3258665412
1281,No Reprieve,preferred,Shotgun,Stasis,1,0,0,1,1,Empty Traits Socket,Swashbuckler,1,22,753,Empty Traits Socket+Swashbuckler,2531963421
1282,Fortissimo-11,preferred,Shotgun,Kinetic,1,0,1,0,1,Lead from Gold,Vorpal Weapon,1,25,1551,Lead from Gold+Vorpal Weapon,963732595
1283,Tyranny of Heaven,fallback,Combat Bow,Solar,0,0,0,1,0,Explosive Head,Adagio,1,1,703,Adagio+Explosive Head,3388655311
1284,Swarm of the Raven,fallback,Grenade Launcher,Void,0,0,0,0,1,Field Prep,Adagio,1,1,210,Adagio+Field Prep,433905699
1285,Firefright,fallback,Auto Rifle,Kinetic,0,0,0,1,0,Fragile Focus,Adagio,1,1,381,Adagio+Fragile Focus,2778013407
1286,Tyranny of Heaven,fallback,Combat Bow,Solar,0,0,0,1,0,Meganeura,Adagio,1,1,703,Adagio+Meganeura,3388655311
1287,Wolftone Draw,fallback,Combat Bow,Arc,0,0,0,0,1,Sneak Bow,Adagio,1,1,234,Adagio+Sneak Bow,3472875143
1288,Tyranny of Heaven,fallback,Combat Bow,Solar,0,0,0,1,0,Wellspring,Adagio,1,1,703,Adagio+Wellspring,3388655311
1289,IKELOS_HC_v1.0.3,fallback,Hand Cannon,Void,0,0,0,1,0,Air Assault,Adaptive Munitions,1,1,836,Adaptive Munitions+Air Assault,1731355324
1290,Under Your Skin,fallback,Combat Bow,Void,0,0,0,1,0,Archer's Tempo,Adaptive Munitions,1,1,324,Adaptive Munitions+Archer's Tempo,232928045
1291,Commemoration,fallback,Machine Gun,Void,0,0,0,1,0,Adaptive Munitions,Firing Line,1,1,875,Adaptive Munitions+Firing Line,4230965989
1292,Path of Least Resistance,fallback,Trace Rifle,Arc,0,0,0,1,0,Adaptive Munitions,Gutshot Straight,1,1,683,Adaptive Munitions+Gutshot Straight,2827764482
1293,Commemoration,fallback,Machine Gun,Void,0,0,0,1,0,Adaptive Munitions,High-Impact Reserves,1,1,875,Adaptive Munitions+High-Impact Reserves,4230965989
1294,Under Your Skin,fallback,Combat Bow,Void,0,0,0,1,0,Hip-Fire Grip,Adaptive Munitions,1,1,324,Adaptive Munitions+Hip-Fire Grip,232928045
1295,Nezarec's Whisper,fallback,Glaive,Arc,0,0,0,1,0,Impulse Amplifier,Adaptive Munitions,1,1,523,Adaptive Munitions+Impulse Amplifier,254636484
1296,Nezarec's Whisper,fallback,Glaive,Arc,0,0,0,1,0,Lead from Gold,Adaptive Munitions,1,1,523,Adaptive Munitions+Lead from Gold,254636484
1297,Commemoration,fallback,Machine Gun,Void,0,0,0,1,0,Adaptive Munitions,Rampage,1,1,875,Adaptive Munitions+Rampage,4230965989
1298,Commemoration,fallback,Machine Gun,Void,0,0,0,1,0,Adaptive Munitions,Redirection,1,1,875,Adaptive Munitions+Redirection,4230965989
1299,Come to Pass,fallback,Auto Rifle,Arc,0,0,0,1,0,Supercharged Magazine,Adaptive Munitions,1,1,738,Adaptive Munitions+Supercharged Magazine,927567426
1300,Hollow Denial,fallback,Trace Rifle,Void,0,0,0,1,0,Adaptive Munitions,Swashbuckler,1,1,389,Adaptive Munitions+Swashbuckler,2323544076
1301,Nezarec's Whisper,fallback,Glaive,Arc,0,0,0,1,0,Tilting at Windmills,Adaptive Munitions,1,1,523,Adaptive Munitions+Tilting at Windmills,254636484
1302,Come to Pass,fallback,Auto Rifle,Arc,0,0,0,1,0,Trickle Charge,Adaptive Munitions,1,1,738,Adaptive Munitions+Trickle Charge,927567426
1303,Path of Least Resistance,fallback,Trace Rifle,Arc,0,0,0,1,0,Adaptive Munitions,Voltshot,1,1,683,Adaptive Munitions+Voltshot,2827764482
1304,Transfiguration,fallback,Scout Rifle,Kinetic,0,0,0,1,0,Adhesive Ordnance,Adrenaline Junkie,1,1,870,Adhesive Ordnance+Adrenaline Junkie,3885259140
1305,Fel Taradiddle,fallback,Combat Bow,Kinetic,0,0,0,1,0,Archer's Tempo,Adhesive Ordnance,1,1,604,Adhesive Ordnance+Archer's Tempo,1399109800
1306,Transfiguration,fallback,Scout Rifle,Kinetic,0,0,0,1,0,Adhesive Ordnance,Collective Action,1,1,870,Adhesive Ordnance+Collective Action,3885259140
1307,Transfiguration,fallback,Scout Rifle,Kinetic,0,0,0,1,0,Adhesive Ordnance,Explosive Payload,1,1,870,Adhesive Ordnance+Explosive Payload,3885259140
1308,Transfiguration,fallback,Scout Rifle,Kinetic,0,0,0,1,0,Adhesive Ordnance,Harmony,1,1,870,Adhesive Ordnance+Harmony,3885259140
1309,Fel Taradiddle,fallback,Combat Bow,Kinetic,0,0,0,1,0,Impulse Amplifier,Adhesive Ordnance,1,1,604,Adhesive Ordnance+Impulse Amplifier,1399109800
1310,Transfiguration,fallback,Scout Rifle,Kinetic,0,0,0,1,0,Adhesive Ordnance,Kill Clip,1,1,870,Adhesive Ordnance+Kill Clip,3885259140
1311,Fel Taradiddle,fallback,Combat Bow,Kinetic,0,0,0,1,0,Killing Wind,Adhesive Ordnance,1,1,604,Adhesive Ordnance+Killing Wind,1399109800
1312,Transfiguration,fallback,Scout Rifle,Kinetic,0,0,0,1,0,Adhesive Ordnance,Kinetic Tremors,1,1,870,Adhesive Ordnance+Kinetic Tremors,3885259140
1313,Transfiguration,fallback,Scout Rifle,Kinetic,0,0,0,1,0,Adhesive Ordnance,Opening Shot,1,1,870,Adhesive Ordnance+Opening Shot,3885259140
1314,Fel Taradiddle,fallback,Combat Bow,Kinetic,0,0,0,1,0,Perpetual Motion,Adhesive Ordnance,1,1,604,Adhesive Ordnance+Perpetual Motion,1399109800
1315,Fel Taradiddle,fallback,Combat Bow,Kinetic,0,0,0,1,0,Rangefinder,Adhesive Ordnance,1,1,604,Adhesive Ordnance+Rangefinder,1399109800
1316,Fel Taradiddle,fallback,Combat Bow,Kinetic,0,0,0,1,0,To the Pain,Adhesive Ordnance,1,1,604,Adhesive Ordnance+To the Pain,1399109800
1317,Goldtusk,fallback,Sword,Arc,0,0,0,1,0,Assassin's Blade,Adrenaline Junkie,1,1,409,Adrenaline Junkie+Assassin's Blade,3371413057
1318,Red Herring,fallback,Rocket Launcher,Void,0,0,0,1,0,Cluster Bomb,Adrenaline Junkie,1,1,695,Adrenaline Junkie+Cluster Bomb,3175851496
1319,Sovereignty,fallback,Sniper Rifle,Void,0,0,0,0,1,Explosive Payload,Adrenaline Junkie,1,1,335,Adrenaline Junkie+Explosive Payload,3818198556
1320,Lodbrok-C,fallback,Auto Rifle,Kinetic,0,0,0,0,1,Fragile Focus,Adrenaline Junkie,1,1,355,Adrenaline Junkie+Fragile Focus,2328531378
1321,Farewell,fallback,Sidearm,Kinetic,0,0,0,0,1,Full Auto Trigger System,Adrenaline Junkie,1,1,384,Adrenaline Junkie+Full Auto Trigger System,541188001
1322,Lodbrok-C,fallback,Auto Rifle,Kinetic,0,0,0,0,1,Osmosis,Adrenaline Junkie,1,1,355,Adrenaline Junkie+Osmosis,2328531378
1323,Transfiguration,fallback,Scout Rifle,Kinetic,0,0,0,1,0,Rampage,Adrenaline Junkie,1,1,870,Adrenaline Junkie+Rampage,3885259140
1324,Nezarec's Whisper,fallback,Glaive,Arc,0,0,0,1,0,Tilting at Windmills,Adrenaline Junkie,1,1,523,Adrenaline Junkie+Tilting at Windmills,254636484
1325,Heritage,fallback,Shotgun,Kinetic,0,0,0,1,0,Dual Loader,Aggregate Charge,1,1,724,Aggregate Charge+Dual Loader,4248569242
1326,Techeun Force,fallback,Fusion Rifle,Arc,0,0,0,1,0,Kill Clip,Aggregate Charge,1,1,675,Aggregate Charge+Kill Clip,3591141932
1327,Heritage,fallback,Shotgun,Kinetic,0,0,0,1,0,Outlaw,Aggregate Charge,1,1,724,Aggregate Charge+Outlaw,4248569242
1328,Techeun Force,fallback,Fusion Rifle,Arc,0,0,0,1,0,Slideways,Aggregate Charge,1,1,675,Aggregate Charge+Slideways,3591141932
1329,Deadpan Delivery,fallback,Shotgun,Arc,0,0,0,0,1,Air Assault,Barrel Constrictor,1,1,163,Air Assault+Barrel Constrictor,1296429091
1330,Adhortative,fallback,Pulse Rifle,Solar,0,0,0,1,0,Air Assault,Deconstruct,1,1,532,Air Assault+Deconstruct,2993554824
1331,Austringer,fallback,Hand Cannon,Kinetic,0,0,0,1,0,Air Assault,Demolitionist,1,1,521,Air Assault+Demolitionist,3055790362
1332,The Showrunner,fallback,Submachine Gun,Kinetic,0,0,0,0,1,Dynamic Sway Reduction,Air Assault,1,1,180,Air Assault+Dynamic Sway Reduction,1999754402
1333,Combined Action,fallback,Hand Cannon,Arc,0,0,0,0,1,Eddy Current,Air Assault,1,1,176,Air Assault+Eddy Current,1331824604
1334,CALUS Mini-Tool,fallback,Submachine Gun,Solar,0,0,0,1,0,Air Assault,Feeding Frenzy,1,1,429,Air Assault+Feeding Frenzy,2490988246
1335,The Showrunner,fallback,Submachine Gun,Kinetic,0,0,0,0,1,Grave Robber,Air Assault,1,1,180,Air Assault+Grave Robber,1999754402
1336,Adhortative,fallback,Pulse Rifle,Solar,0,0,0,1,0,Air Assault,Headseeker,1,1,532,Air Assault+Headseeker,2993554824
1337,The Showrunner,fallback,Submachine Gun,Kinetic,0,0,0,0,1,Heating Up,Air Assault,1,1,180,Air Assault+Heating Up,1999754402
1338,Controlling Vision,fallback,Sidearm,Kinetic,0,0,0,0,1,Air Assault,High Ground,1,1,118,Air Assault+High Ground,423343404
1339,Combined Action,fallback,Hand Cannon,Arc,0,0,0,0,1,Hip-Fire Grip,Air Assault,1,1,176,Air Assault+Hip-Fire Grip,1331824604
1340,Adhortative,fallback,Pulse Rifle,Solar,0,0,0,1,0,Air Assault,Moving Target,1,1,532,Air Assault+Moving Target,2993554824
1341,Firefright,fallback,Auto Rifle,Kinetic,0,0,0,1,0,Air Assault,Mulligan,1,1,381,Air Assault+Mulligan,2778013407
1342,Combined Action,fallback,Hand Cannon,Arc,0,0,0,0,1,No Distractions,Air Assault,1,1,176,Air Assault+No Distractions,1331824604
1343,Controlling Vision,fallback,Sidearm,Kinetic,0,0,0,0,1,Air Assault,Offhand Strike,1,1,118,Air Assault+Offhand Strike,423343404
1344,The Showrunner,fallback,Submachine Gun,Kinetic,0,0,0,0,1,Overflow,Air Assault,1,1,180,Air Assault+Overflow,1999754402
1345,Combined Action,fallback,Hand Cannon,Arc,0,0,0,0,1,Perfect Float,Air Assault,1,1,176,Air Assault+Perfect Float,1331824604
1346,CALUS Mini-Tool,fallback,Submachine Gun,Solar,0,0,0,1,0,Air Assault,Tap the Trigger,1,1,429,Air Assault+Tap the Trigger,2490988246
1347,Controlling Vision,fallback,Sidearm,Kinetic,0,0,0,0,1,Air Assault,Threat Detector,1,1,118,Air Assault+Threat Detector,423343404
1348,Combined Action,fallback,Hand Cannon,Arc,0,0,0,0,1,Tunnel Vision,Air Assault,1,1,176,Air Assault+Tunnel Vision,1331824604
1349,Controlling Vision,fallback,Sidearm,Kinetic,0,0,0,0,1,Air Assault,Under Pressure,1,1,118,Air Assault+Under Pressure,423343404
1350,The Showrunner,fallback,Submachine Gun,Kinetic,0,0,0,0,1,Well-Rounded,Air Assault,1,1,180,Air Assault+Well-Rounded,1999754402
1351,Prophet of Doom,fallback,Shotgun,Arc,0,0,0,1,0,Air Trigger,Barrel Constrictor,1,1,478,Air Trigger+Barrel Constrictor,2145441168
1352,Ancient Gospel,fallback,Hand Cannon,Void,0,0,0,1,0,Air Trigger,Demoralize,1,1,818,Air Trigger+Demoralize,963574173
1353,Sojourner's Tale,fallback,Shotgun,Solar,0,0,0,0,1,Discord,Air Trigger,1,1,297,Air Trigger+Discord,2130875369
1354,Ancient Gospel,fallback,Hand Cannon,Void,0,0,0,1,0,Air Trigger,Explosive Payload,1,1,818,Air Trigger+Explosive Payload,963574173
1355,Veleda-F,fallback,Sniper Rifle,Void,0,0,0,0,1,Air Trigger,Firing Line,1,1,365,Air Trigger+Firing Line,4200122994
1356,Sojourner's Tale,fallback,Shotgun,Solar,0,0,0,0,1,Heal Clip,Air Trigger,1,1,297,Air Trigger+Heal Clip,2130875369
1357,Corrasion,fallback,Pulse Rifle,Arc,0,0,0,1,1,Air Trigger,High Ground,1,1,610,Air Trigger+High Ground,2126178511
1358,Prophet of Doom,fallback,Shotgun,Arc,0,0,0,1,0,Air Trigger,Jolting Feedback,1,1,478,Air Trigger+Jolting Feedback,2145441168
1359,Neoptolemus II,fallback,Combat Bow,Kinetic,0,0,0,0,1,Air Trigger,Lone Wolf,1,1,121,Air Trigger+Lone Wolf,2848549302
1360,Prophet of Doom,fallback,Shotgun,Arc,0,0,0,1,0,Air Trigger,One-Two Punch,1,1,478,Air Trigger+One-Two Punch,2145441168
1361,Neoptolemus II,fallback,Combat Bow,Kinetic,0,0,0,0,1,Air Trigger,Perfect Float,1,1,121,Air Trigger+Perfect Float,2848549302
1362,Sojourner's Tale,fallback,Shotgun,Solar,0,0,0,0,1,Quickdraw,Air Trigger,1,1,297,Air Trigger+Quickdraw,2130875369
1363,Ancient Gospel,fallback,Hand Cannon,Void,0,0,0,1,0,Air Trigger,Rangefinder,1,1,818,Air Trigger+Rangefinder,963574173
1364,Neoptolemus II,fallback,Combat Bow,Kinetic,0,0,0,0,1,Air Trigger,Sneak Bow,1,1,121,Air Trigger+Sneak Bow,2848549302
1365,Prophet of Doom,fallback,Shotgun,Arc,0,0,0,1,0,Air Trigger,Trench Barrel,1,1,478,Air Trigger+Trench Barrel,2145441168
1366,Neoptolemus II,fallback,Combat Bow,Kinetic,0,0,0,0,1,Air Trigger,Tunnel Vision,1,1,121,Air Trigger+Tunnel Vision,2848549302
1367,Neoptolemus II,fallback,Combat Bow,Kinetic,0,0,0,0,1,Air Trigger,Wellspring,1,1,121,Air Trigger+Wellspring,2848549302
1368,Veleda-F,fallback,Sniper Rifle,Void,0,0,0,0,1,Air Trigger,Withering Gaze,1,1,365,Air Trigger+Withering Gaze,4200122994
1369,Sacred Provenance,fallback,Pulse Rifle,Kinetic,0,0,0,1,0,Empty Traits Socket,All-Star,1,1,1014,All-Star+Empty Traits Socket,2241507890
1370,Sacred Provenance,fallback,Pulse Rifle,Kinetic,0,0,0,1,0,Heating Up,All-Star,1,1,1014,All-Star+Heating Up,2241507890
1371,Sacred Provenance,fallback,Pulse Rifle,Kinetic,0,0,0,1,0,Killing Wind,All-Star,1,1,1014,All-Star+Killing Wind,2241507890
1372,Zealot's Reward,fallback,Fusion Rifle,Void,0,0,0,1,0,Ambitious Assassin,Dimensional Shift,1,1,632,Ambitious Assassin+Dimensional Shift,2720651699
1373,Code Duello,fallback,Rocket Launcher,Solar,0,0,0,0,1,Surplus,Ambitious Assassin,1,1,267,Ambitious Assassin+Surplus,2496242052
1374,The Vision,fallback,Sidearm,Arc,0,0,0,0,1,Ambitious Assassin,Sympathetic Arsenal,1,1,332,Ambitious Assassin+Sympathetic Arsenal,2414141462
1375,Blood Feud,fallback,Submachine Gun,Stasis,0,0,0,1,0,Ambitious Assassin,Well-Rounded,1,1,618,Ambitious Assassin+Well-Rounded,1509167284
1376,Zealot's Reward,fallback,Fusion Rifle,Void,0,0,0,1,0,Ambitious Assassin,Withering Gaze,1,1,632,Ambitious Assassin+Withering Gaze,2720651699
1377,Transfiguration,fallback,Scout Rifle,Kinetic,0,0,0,1,0,Collective Demolition,Ancillary Ordinance,1,1,870,Ancillary Ordinance+Collective Demolition,3885259140
1378,Transfiguration,fallback,Scout Rifle,Kinetic,0,0,0,1,0,Demolitionist,Ancillary Ordinance,1,1,870,Ancillary Ordinance+Demolitionist,3885259140
1379,Transfiguration,fallback,Scout Rifle,Kinetic,0,0,0,1,0,Discord,Ancillary Ordinance,1,1,870,Ancillary Ordinance+Discord,3885259140
1380,Chattering Bone,fallback,Pulse Rifle,Kinetic,0,0,0,1,0,Ancillary Ordinance,Elemental Capacitor,1,1,692,Ancillary Ordinance+Elemental Capacitor,501329015
1381,Chattering Bone,fallback,Pulse Rifle,Kinetic,0,0,0,1,0,Ancillary Ordinance,Focused Fury,1,1,692,Ancillary Ordinance+Focused Fury,501329015
1382,Chattering Bone,fallback,Pulse Rifle,Kinetic,0,0,0,1,0,Ancillary Ordinance,Harmony,1,1,692,Ancillary Ordinance+Harmony,501329015
1383,Chattering Bone,fallback,Pulse Rifle,Kinetic,0,0,0,1,0,Ancillary Ordinance,Headseeker,1,1,692,Ancillary Ordinance+Headseeker,501329015
1384,Chattering Bone,fallback,Pulse Rifle,Kinetic,0,0,0,1,0,Ancillary Ordinance,High-Impact Reserves,1,1,692,Ancillary Ordinance+High-Impact Reserves,501329015
1385,Transfiguration,fallback,Scout Rifle,Kinetic,0,0,0,1,0,Keep Away,Ancillary Ordinance,1,1,870,Ancillary Ordinance+Keep Away,3885259140
1386,Chattering Bone,fallback,Pulse Rifle,Kinetic,0,0,0,1,0,Ancillary Ordinance,Kinetic Tremors,1,1,692,Ancillary Ordinance+Kinetic Tremors,501329015
1387,Transfiguration,fallback,Scout Rifle,Kinetic,0,0,0,1,0,Perfect Float,Ancillary Ordinance,1,1,870,Ancillary Ordinance+Perfect Float,3885259140
1388,Transfiguration,fallback,Scout Rifle,Kinetic,0,0,0,1,0,Rewind Rounds,Ancillary Ordinance,1,1,870,Ancillary Ordinance+Rewind Rounds,3885259140
1389,Accrued Redemption,fallback,Combat Bow,Kinetic,0,0,0,1,0,Attrition Orbs,Archer's Gambit,1,1,546,Archer's Gambit+Attrition Orbs,3621336854
1390,Tyranny of Heaven,fallback,Combat Bow,Solar,0,0,0,1,0,Burning Ambition,Archer's Gambit,1,1,703,Archer's Gambit+Burning Ambition,3388655311
1391,Tyranny of Heaven,fallback,Combat Bow,Solar,0,0,0,1,0,Explosive Head,Archer's Gambit,1,1,703,Archer's Gambit+Explosive Head,3388655311
1392,Tyranny of Heaven,fallback,Combat Bow,Solar,0,0,0,1,0,Meganeura,Archer's Gambit,1,1,703,Archer's Gambit+Meganeura,3388655311
1393,Tyranny of Heaven,fallback,Combat Bow,Solar,0,0,0,1,0,Moving Target,Archer's Gambit,1,1,703,Archer's Gambit+Moving Target,3388655311
1394,Accrued Redemption,fallback,Combat Bow,Kinetic,0,0,0,1,0,Offhand Strike,Archer's Gambit,1,1,546,Archer's Gambit+Offhand Strike,3621336854
1395,Tyranny of Heaven,fallback,Combat Bow,Solar,0,0,0,1,0,Pugilist,Archer's Gambit,1,1,703,Archer's Gambit+Pugilist,3388655311
1396,Accrued Redemption,fallback,Combat Bow,Kinetic,0,0,0,1,0,To the Pain,Archer's Gambit,1,1,546,Archer's Gambit+To the Pain,3621336854
1397,Accrued Redemption,fallback,Combat Bow,Kinetic,0,0,0,1,0,Tunnel Vision,Archer's Gambit,1,1,546,Archer's Gambit+Tunnel Vision,3621336854
1398,Tyranny of Heaven,fallback,Combat Bow,Solar,0,0,0,1,0,Archer's Tempo,Collective Action,1,1,703,Archer's Tempo+Collective Action,3388655311
1399,Wolftone Draw,fallback,Combat Bow,Arc,0,0,0,0,1,Archer's Tempo,Demolitionist,1,1,234,Archer's Tempo+Demolitionist,3472875143
1400,Raconteur,fallback,Combat Bow,Stasis,0,0,0,1,0,Archer's Tempo,Headstone,1,1,453,Archer's Tempo+Headstone,45643573
1401,Whispering Slab,fallback,Combat Bow,Kinetic,0,0,0,0,1,Archer's Tempo,High Ground,1,1,431,Archer's Tempo+High Ground,690341468
1402,Arsenic Bite-4b,fallback,Combat Bow,Arc,0,0,0,0,1,Hip-Fire Grip,Archer's Tempo,1,1,117,Archer's Tempo+Hip-Fire Grip,720351795
1403,Accrued Redemption,fallback,Combat Bow,Kinetic,0,0,0,1,0,Archer's Tempo,Kinetic Tremors,1,1,546,Archer's Tempo+Kinetic Tremors,3621336854
1404,Accrued Redemption,fallback,Combat Bow,Kinetic,0,0,0,1,0,Archer's Tempo,Lone Wolf,1,1,546,Archer's Tempo+Lone Wolf,3621336854
1405,Raconteur,fallback,Combat Bow,Stasis,0,0,0,1,0,Archer's Tempo,Pugilist,1,1,453,Archer's Tempo+Pugilist,45643573
1406,Arsenic Bite-4b,fallback,Combat Bow,Arc,0,0,0,0,1,Quickdraw,Archer's Tempo,1,1,117,Archer's Tempo+Quickdraw,720351795
1407,Accrued Redemption,fallback,Combat Bow,Kinetic,0,0,0,1,0,Archer's Tempo,Rapid Hit,1,1,546,Archer's Tempo+Rapid Hit,3621336854
1408,Arsenic Bite-4b,fallback,Combat Bow,Arc,0,0,0,0,1,Archer's Tempo,Sneak Bow,1,1,117,Archer's Tempo+Sneak Bow,720351795
1409,Imperial Needle,fallback,Combat Bow,Void,0,0,0,0,1,Archer's Tempo,Sympathetic Arsenal,1,1,274,Archer's Tempo+Sympathetic Arsenal,3460122497
1410,Tripwire Canary,fallback,Combat Bow,Arc,0,0,0,1,0,Archer's Tempo,Under-Over,1,1,479,Archer's Tempo+Under-Over,3849444474
1411,Goldtusk,fallback,Sword,Arc,0,0,0,1,0,Assassin's Blade,Cold Steel,1,1,409,Assassin's Blade+Cold Steel,3371413057
1412,Goldtusk,fallback,Sword,Arc,0,0,0,1,0,Assassin's Blade,Counterattack,1,1,409,Assassin's Blade+Counterattack,3371413057
1413,Goldtusk,fallback,Sword,Arc,0,0,0,1,0,Assassin's Blade,Harmony,1,1,409,Assassin's Blade+Harmony,3371413057
1414,Bequest,fallback,Sword,Arc,0,0,0,1,0,Killing Wind,Assassin's Blade,1,1,669,Assassin's Blade+Killing Wind,3366545721
1415,Bitter/Sweet,fallback,Grenade Launcher,Arc,0,0,0,0,1,Attrition Orbs,Cascade Point,1,1,323,Attrition Orbs+Cascade Point,2599338625
1416,Adhortative,fallback,Pulse Rifle,Solar,0,0,0,1,0,Attrition Orbs,Disruption Break,1,1,532,Attrition Orbs+Disruption Break,2993554824
1417,Accrued Redemption,fallback,Combat Bow,Kinetic,0,0,0,1,0,Attrition Orbs,Explosive Head,1,1,546,Attrition Orbs+Explosive Head,3621336854
1418,Marcato-45,fallback,Machine Gun,Strand,0,0,0,0,1,Attrition Orbs,Hatchling,1,1,272,Attrition Orbs+Hatchling,4233375372
1419,Zealot's Reward,fallback,Fusion Rifle,Void,0,0,0,1,0,Attrition Orbs,Kickstart,1,1,632,Attrition Orbs+Kickstart,2720651699
1420,Supercluster,fallback,Shotgun,Strand,0,0,0,1,0,Lead from Gold,Attrition Orbs,1,1,489,Attrition Orbs+Lead from Gold,92459755
1421,Pro Memoria,fallback,Machine Gun,Strand,0,0,0,1,0,Attrition Orbs,Mega Kill Clip,1,1,674,Attrition Orbs+Mega Kill Clip,3605603507
1422,Imperative,fallback,Scout Rifle,Kinetic,0,0,0,1,0,No Distractions,Attrition Orbs,1,1,623,Attrition Orbs+No Distractions,2045811635
1423,Scatter Signal,fallback,Fusion Rifle,Strand,0,0,0,1,0,Perpetual Motion,Attrition Orbs,1,1,340,Attrition Orbs+Perpetual Motion,2558925366
1424,Zealot's Reward,fallback,Fusion Rifle,Void,0,0,0,1,0,Attrition Orbs,Reservoir Burst,1,1,632,Attrition Orbs+Reservoir Burst,2720651699
1425,Supercluster,fallback,Shotgun,Strand,0,0,0,1,0,Slideshot,Attrition Orbs,1,1,489,Attrition Orbs+Slideshot,92459755
1426,Appetence,fallback,Trace Rifle,Stasis,0,0,0,1,0,Slideways,Attrition Orbs,1,1,487,Attrition Orbs+Slideways,4153087276
1427,Lethophobia,fallback,Combat Bow,Void,0,0,0,1,0,Steady Hands,Attrition Orbs,1,1,462,Attrition Orbs+Steady Hands,3710082365
1428,Scatter Signal,fallback,Fusion Rifle,Strand,0,0,0,1,0,Surplus,Attrition Orbs,1,1,340,Attrition Orbs+Surplus,2558925366
1429,Forensic Nightmare,fallback,Submachine Gun,Stasis,0,0,0,1,0,Attrition Orbs,Sword Logic,1,1,609,Attrition Orbs+Sword Logic,1526296434
1430,Forensic Nightmare,fallback,Submachine Gun,Stasis,0,0,0,1,0,Attrition Orbs,Sympathetic Arsenal,1,1,609,Attrition Orbs+Sympathetic Arsenal,1526296434
1431,Imperative,fallback,Scout Rifle,Kinetic,0,0,0,1,0,Triple Tap,Attrition Orbs,1,1,623,Attrition Orbs+Triple Tap,2045811635
1432,Tarnation,fallback,Grenade Launcher,Arc,0,0,0,1,0,Attrition Orbs,Turnabout,1,1,640,Attrition Orbs+Turnabout,2721157927
1433,Imperative,fallback,Scout Rifle,Kinetic,0,0,0,1,0,Well-Rounded,Attrition Orbs,1,1,623,Attrition Orbs+Well-Rounded,2045811635
1434,Chronophage,fallback,Trace Rifle,Void,0,0,0,1,1,Auto-Loading Holster,Desperate Measures,1,1,627,Auto-Loading Holster+Desperate Measures,1886840007
1435,Zealot's Reward,fallback,Fusion Rifle,Void,0,0,0,1,0,Auto-Loading Holster,Dimensional Shift,1,1,632,Auto-Loading Holster+Dimensional Shift,2720651699
1436,Tears of Contrition,fallback,Scout Rifle,Kinetic,0,0,0,1,0,Auto-Loading Holster,Fourth Time's the Charm,1,1,524,Auto-Loading Holster+Fourth Time's the Charm,1366394399
1437,Forge's Pledge,fallback,Pulse Rifle,Solar,0,0,0,0,1,Auto-Loading Holster,Iron Grip,1,1,578,Auto-Loading Holster+Iron Grip,1076810832
1438,Tears of Contrition,fallback,Scout Rifle,Kinetic,0,0,0,1,0,Auto-Loading Holster,Mulligan,1,1,524,Auto-Loading Holster+Mulligan,1366394399
1439,Dire Promise,fallback,Hand Cannon,Kinetic,0,0,0,0,1,Auto-Loading Holster,Osmosis,1,1,146,Auto-Loading Holster+Osmosis,2742838701
1440,Sojourner's Tale,fallback,Shotgun,Solar,0,0,0,0,1,Auto-Loading Holster,Precision Instrument,1,1,297,Auto-Loading Holster+Precision Instrument,2130875369
1441,Line in the Sand,fallback,Linear Fusion Rifle,Arc,0,0,0,0,1,Rapid Hit,Auto-Loading Holster,1,1,237,Auto-Loading Holster+Rapid Hit,946443267
1442,Friction Fire,fallback,Submachine Gun,Kinetic,0,0,0,0,1,Auto-Loading Holster,Slideways,1,1,379,Auto-Loading Holster+Slideways,1513993763
1443,Deafening Whisper,fallback,Grenade Launcher,Void,0,0,0,0,1,Surplus,Auto-Loading Holster,1,1,368,Auto-Loading Holster+Surplus,981718087
1444,Friction Fire,fallback,Submachine Gun,Kinetic,0,0,0,0,1,Auto-Loading Holster,Sympathetic Arsenal,1,1,379,Auto-Loading Holster+Sympathetic Arsenal,1513993763
1445,Suspectum-4fr,fallback,Linear Fusion Rifle,Stasis,0,0,0,0,1,Backup Plan,Box Breathing,1,1,139,Backup Plan+Box Breathing,3615421669
1446,Suspectum-4fr,fallback,Linear Fusion Rifle,Stasis,0,0,0,0,1,Backup Plan,Chill Clip,1,1,139,Backup Plan+Chill Clip,3615421669
1447,Techeun Force,fallback,Fusion Rifle,Arc,0,0,0,1,0,Collective Demolition,Backup Plan,1,1,675,Backup Plan+Collective Demolition,3591141932
1448,Techeun Force,fallback,Fusion Rifle,Arc,0,0,0,1,0,Demolitionist,Backup Plan,1,1,675,Backup Plan+Demolitionist,3591141932
1449,The Epicurean,fallback,Fusion Rifle,Void,0,0,0,1,0,Ensemble,Backup Plan,1,1,352,Backup Plan+Ensemble,2263839058
1450,Techeun Force,fallback,Fusion Rifle,Arc,0,0,0,1,0,Envious Assassin,Backup Plan,1,1,675,Backup Plan+Envious Assassin,3591141932
1451,Suspectum-4fr,fallback,Linear Fusion Rifle,Stasis,0,0,0,0,1,Backup Plan,Firing Line,1,1,139,Backup Plan+Firing Line,3615421669
1452,Suspectum-4fr,fallback,Linear Fusion Rifle,Stasis,0,0,0,0,1,Backup Plan,Fourth Time's the Charm,1,1,139,Backup Plan+Fourth Time's the Charm,3615421669
1453,Line in the Sand,fallback,Linear Fusion Rifle,Arc,0,0,0,0,1,Genesis,Backup Plan,1,1,237,Backup Plan+Genesis,946443267
1454,Suspectum-4fr,fallback,Linear Fusion Rifle,Stasis,0,0,0,0,1,Backup Plan,High Ground,1,1,139,Backup Plan+High Ground,3615421669
1455,Suspectum-4fr,fallback,Linear Fusion Rifle,Stasis,0,0,0,0,1,Backup Plan,Precision Instrument,1,1,139,Backup Plan+Precision Instrument,3615421669
1456,Line in the Sand,fallback,Linear Fusion Rifle,Arc,0,0,0,0,1,Rangefinder,Backup Plan,1,1,237,Backup Plan+Rangefinder,946443267
1457,Line in the Sand,fallback,Linear Fusion Rifle,Arc,0,0,0,0,1,Rapid Hit,Backup Plan,1,1,237,Backup Plan+Rapid Hit,946443267
1458,Techeun Force,fallback,Fusion Rifle,Arc,0,0,0,1,0,Reconstruction,Backup Plan,1,1,675,Backup Plan+Reconstruction,3591141932
1459,Techeun Force,fallback,Fusion Rifle,Arc,0,0,0,1,0,Rewind Rounds,Backup Plan,1,1,675,Backup Plan+Rewind Rounds,3591141932
1460,The Epicurean,fallback,Fusion Rifle,Void,0,0,0,1,0,Well-Rounded,Backup Plan,1,1,352,Backup Plan+Well-Rounded,2263839058
1461,Tarnation,fallback,Grenade Launcher,Arc,0,0,0,1,0,Ensemble,Bait and Switch,1,1,640,Bait and Switch+Ensemble,2721157927
1462,Father's Sins,fallback,Sniper Rifle,Void,0,0,0,1,0,Shoot to Loot,Bait and Switch,1,1,692,Bait and Switch+Shoot to Loot,3865728990
1463,Pro Memoria,fallback,Machine Gun,Strand,0,0,0,1,0,Tear,Bait and Switch,1,1,674,Bait and Switch+Tear,3605603507
1464,Pro Memoria,fallback,Machine Gun,Strand,0,0,0,1,0,To the Pain,Bait and Switch,1,1,674,Bait and Switch+To the Pain,3605603507
1465,Cruoris FR4,fallback,Fusion Rifle,Arc,0,0,0,0,1,Clown Cartridge,Barrel Constrictor,1,1,165,Barrel Constrictor+Clown Cartridge,891996636
1466,Cruoris FR4,fallback,Fusion Rifle,Arc,0,0,0,0,1,Eddy Current,Barrel Constrictor,1,1,165,Barrel Constrictor+Eddy Current,891996636
1467,Prophet of Doom,fallback,Shotgun,Arc,0,0,0,1,0,Envious Arsenal,Barrel Constrictor,1,1,478,Barrel Constrictor+Envious Arsenal,2145441168
1468,Prophet of Doom,fallback,Shotgun,Arc,0,0,0,1,0,Light Touch,Barrel Constrictor,1,1,478,Barrel Constrictor+Light Touch,2145441168
1469,Deadpan Delivery,fallback,Shotgun,Arc,0,0,0,0,1,Overflow,Barrel Constrictor,1,1,163,Barrel Constrictor+Overflow,1296429091
1470,Prophet of Doom,fallback,Shotgun,Arc,0,0,0,1,0,Reconstruction,Barrel Constrictor,1,1,478,Barrel Constrictor+Reconstruction,2145441168
1471,Cruoris FR4,fallback,Fusion Rifle,Arc,0,0,0,0,1,Recycled Energy,Barrel Constrictor,1,1,165,Barrel Constrictor+Recycled Energy,891996636
1472,Prophet of Doom,fallback,Shotgun,Arc,0,0,0,1,0,Slideways,Barrel Constrictor,1,1,478,Barrel Constrictor+Slideways,2145441168
1473,Prophet of Doom,fallback,Shotgun,Arc,0,0,0,1,0,Supercharged Magazine,Barrel Constrictor,1,1,478,Barrel Constrictor+Supercharged Magazine,2145441168
1474,Deadpan Delivery,fallback,Shotgun,Arc,0,0,0,0,1,Surplus,Barrel Constrictor,1,1,163,Barrel Constrictor+Surplus,1296429091
1475,The Supremacy,fallback,Sniper Rifle,Kinetic,0,0,0,1,0,Genesis,Bewildering Burst,1,1,785,Bewildering Burst+Genesis,2884596447
1476,Chattering Bone,fallback,Pulse Rifle,Kinetic,0,0,0,1,0,Kill Clip,Bewildering Burst,1,1,692,Bewildering Burst+Kill Clip,501329015
1477,The Supremacy,fallback,Sniper Rifle,Kinetic,0,0,0,1,0,Lead from Gold,Bewildering Burst,1,1,785,Bewildering Burst+Lead from Gold,2884596447
1478,The Supremacy,fallback,Sniper Rifle,Kinetic,0,0,0,1,0,Lucky Shot,Bewildering Burst,1,1,785,Bewildering Burst+Lucky Shot,2884596447
1479,The Supremacy,fallback,Sniper Rifle,Kinetic,0,0,0,1,0,Rewind Rounds,Bewildering Burst,1,1,785,Bewildering Burst+Rewind Rounds,2884596447
1480,Chattering Bone,fallback,Pulse Rifle,Kinetic,0,0,0,1,0,Slideways,Bewildering Burst,1,1,692,Bewildering Burst+Slideways,501329015
1481,Chattering Bone,fallback,Pulse Rifle,Kinetic,0,0,0,1,0,Under Pressure,Bewildering Burst,1,1,692,Bewildering Burst+Under Pressure,501329015
1482,Apex Predator,fallback,Rocket Launcher,Solar,0,0,0,1,0,Chain Reaction,Bipod,1,1,690,Bipod+Chain Reaction,1851777734
1483,Crux Termination IV,fallback,Rocket Launcher,Arc,0,0,0,0,1,Eddy Current,Bipod,1,1,130,Bipod+Eddy Current,1719687748
1484,Crux Termination IV,fallback,Rocket Launcher,Arc,0,0,0,0,1,Permeability,Bipod,1,1,130,Bipod+Permeability,1719687748
1485,Faith-Keeper,fallback,Rocket Launcher,Void,0,0,0,1,1,Repulsor Brace,Bipod,1,1,558,Bipod+Repulsor Brace,4195186942
1486,Faith-Keeper,fallback,Rocket Launcher,Void,0,0,0,1,1,Strategist,Bipod,1,1,558,Bipod+Strategist,4195186942
1487,Apex Predator,fallback,Rocket Launcher,Solar,0,0,0,1,0,Threat Detector,Bipod,1,1,690,Bipod+Threat Detector,1851777734
1488,Omniscient Eye,fallback,Sniper Rifle,Solar,0,0,0,1,0,Elemental Capacitor,Box Breathing,1,1,684,Box Breathing+Elemental Capacitor,147444292
1489,Tarantula,fallback,Linear Fusion Rifle,Arc,0,0,0,0,1,Feeding Frenzy,Box Breathing,1,1,328,Box Breathing+Feeding Frenzy,3335343363
1490,Suspectum-4fr,fallback,Linear Fusion Rifle,Stasis,0,0,0,0,1,Headstone,Box Breathing,1,1,139,Box Breathing+Headstone,3615421669
1491,Omniscient Eye,fallback,Sniper Rifle,Solar,0,0,0,1,0,Lucky Shot,Box Breathing,1,1,684,Box Breathing+Lucky Shot,147444292
1492,Omniscient Eye,fallback,Sniper Rifle,Solar,0,0,0,1,0,Mulligan,Box Breathing,1,1,684,Box Breathing+Mulligan,147444292
1493,IKELOS_SR_v1.0.3,fallback,Sniper Rifle,Solar,0,0,0,1,0,Perpetual Motion,Box Breathing,1,1,512,Box Breathing+Perpetual Motion,2302346155
1494,Tarantula,fallback,Linear Fusion Rifle,Arc,0,0,0,0,1,Pulse Monitor,Box Breathing,1,1,328,Box Breathing+Pulse Monitor,3335343363
1495,Succession,fallback,Sniper Rifle,Kinetic,0,0,0,1,0,Shot Swap,Box Breathing,1,1,748,Box Breathing+Shot Swap,2990047042
1496,Succession,fallback,Sniper Rifle,Kinetic,0,0,0,1,0,Slideways,Box Breathing,1,1,748,Box Breathing+Slideways,2990047042
1497,Tyranny of Heaven,fallback,Combat Bow,Solar,0,0,0,1,0,Burning Ambition,Golden Tricorn,1,1,703,Burning Ambition+Golden Tricorn,3388655311
1498,Tyranny of Heaven,fallback,Combat Bow,Solar,0,0,0,1,0,Burning Ambition,Golden Tricorn Enhanced,1,1,703,Burning Ambition+Golden Tricorn Enhanced,3388655311
1499,Omniscient Eye,fallback,Sniper Rifle,Solar,0,0,0,1,0,Lucky Shot,Burning Ambition,1,1,684,Burning Ambition+Lucky Shot,147444292
1500,Omniscient Eye,fallback,Sniper Rifle,Solar,0,0,0,1,0,Mulligan,Burning Ambition,1,1,684,Burning Ambition+Mulligan,147444292
1501,Omniscient Eye,fallback,Sniper Rifle,Solar,0,0,0,1,0,No Distractions,Burning Ambition,1,1,684,Burning Ambition+No Distractions,147444292
1502,Tyranny of Heaven,fallback,Combat Bow,Solar,0,0,0,1,0,Burning Ambition,One for All,1,1,703,Burning Ambition+One for All,3388655311
1503,Trustee,fallback,Scout Rifle,Solar,0,0,0,1,0,Reconstruction,Burning Ambition,1,1,953,Burning Ambition+Reconstruction,1392919471
1504,Trustee,fallback,Scout Rifle,Solar,0,0,0,1,0,Surplus,Burning Ambition,1,1,953,Burning Ambition+Surplus,1392919471
1505,Trustee,fallback,Scout Rifle,Solar,0,0,0,1,0,Under Pressure,Burning Ambition,1,1,953,Burning Ambition+Under Pressure,1392919471
1506,Legato-11,fallback,Shotgun,Solar,0,0,0,0,1,Deconstruct,Cascade Point,1,1,375,Cascade Point+Deconstruct,3753063346
1507,Prophet of Doom,fallback,Shotgun,Arc,0,0,0,1,0,Light Touch,Cascade Point,1,1,478,Cascade Point+Light Touch,2145441168
1508,Lodbrok-C,fallback,Auto Rifle,Kinetic,0,0,0,0,1,Osmosis,Cascade Point,1,1,355,Cascade Point+Osmosis,2328531378
1509,Heritage,fallback,Shotgun,Kinetic,0,0,0,1,0,Outlaw,Cascade Point,1,1,724,Cascade Point+Outlaw,4248569242
1510,Swarm of the Raven,fallback,Grenade Launcher,Void,0,0,0,0,1,Pulse Monitor,Cascade Point,1,1,210,Cascade Point+Pulse Monitor,433905699
1511,Regnant,fallback,Grenade Launcher,Void,0,0,0,1,0,Rangefinder,Cascade Point,1,1,572,Cascade Point+Rangefinder,268260372
1512,Heritage,fallback,Shotgun,Kinetic,0,0,0,1,0,Redirection,Cascade Point,1,1,724,Cascade Point+Redirection,4248569242
1513,Regnant,fallback,Grenade Launcher,Void,0,0,0,1,0,Repulsor Brace,Cascade Point,1,1,572,Cascade Point+Repulsor Brace,268260372
1514,Regnant,fallback,Grenade Launcher,Void,0,0,0,1,0,Thresh,Cascade Point,1,1,572,Cascade Point+Thresh,268260372
1515,Legato-11,fallback,Shotgun,Solar,0,0,0,0,1,To the Pain,Cascade Point,1,1,375,Cascade Point+To the Pain,3753063346
1516,Apex Predator,fallback,Rocket Launcher,Solar,0,0,0,1,0,Chain Reaction,Collective Demolition,1,1,690,Chain Reaction+Collective Demolition,1851777734
1517,Apex Predator,fallback,Rocket Launcher,Solar,0,0,0,1,0,Chain Reaction,Explosive Light,1,1,690,Chain Reaction+Explosive Light,1851777734
1518,Bequest,fallback,Sword,Arc,0,0,0,1,0,Jolting Feedback,Chain Reaction,1,1,669,Chain Reaction+Jolting Feedback,3366545721
1519,Suspectum-4fr,fallback,Linear Fusion Rifle,Stasis,0,0,0,0,1,Envious Assassin,Chill Clip,1,1,139,Chill Clip+Envious Assassin,3615421669
1520,Typhon GL5,fallback,Grenade Launcher,Stasis,0,0,0,0,1,Genesis,Chill Clip,1,1,433,Chill Clip+Genesis,3568377122
1521,Fire and Forget,fallback,Linear Fusion Rifle,Stasis,0,0,0,1,0,Outlaw,Chill Clip,1,1,716,Chill Clip+Outlaw,2272041093
1522,Fire and Forget,fallback,Linear Fusion Rifle,Stasis,0,0,0,1,0,Perfect Float,Chill Clip,1,1,716,Chill Clip+Perfect Float,2272041093
1523,Fire and Forget,fallback,Linear Fusion Rifle,Stasis,0,0,0,1,0,Rangefinder,Chill Clip,1,1,716,Chill Clip+Rangefinder,2272041093
1524,Bump in the Night,fallback,Rocket Launcher,Stasis,0,0,0,1,0,Tracking Module,Chill Clip,1,1,634,Chill Clip+Tracking Module,1959650777
1525,The Enigma,fallback,Glaive,Void,0,0,0,1,0,Feeding Frenzy,Close to Melee,1,1,599,Close to Melee+Feeding Frenzy,2595497736
1526,Judgment of Kelgorath,fallback,Glaive,Solar,0,0,0,1,0,Genesis,Close to Melee,1,1,432,Close to Melee+Genesis,2978226043
1527,Judgment of Kelgorath,fallback,Glaive,Solar,0,0,0,1,0,Shot Swap,Close to Melee,1,1,432,Close to Melee+Shot Swap,2978226043
1528,The Enigma,fallback,Glaive,Void,0,0,0,1,0,Subsistence,Close to Melee,1,1,599,Close to Melee+Subsistence,2595497736
1529,The Enigma,fallback,Glaive,Void,0,0,0,1,0,Threat Detector,Close to Melee,1,1,599,Close to Melee+Threat Detector,2595497736
1530,Ancient Gospel,fallback,Hand Cannon,Void,0,0,0,1,0,Ensemble,Closing Time,1,1,818,Closing Time+Ensemble,963574173
1531,The Supremacy,fallback,Sniper Rifle,Kinetic,0,0,0,1,0,Genesis,Closing Time,1,1,785,Closing Time+Genesis,2884596447
1532,Omniscient Eye,fallback,Sniper Rifle,Solar,0,0,0,1,0,Mulligan,Closing Time,1,1,684,Closing Time+Mulligan,147444292
1533,Boondoggle Mk. 55,fallback,Submachine Gun,Kinetic,0,0,0,0,1,Closing Time,Tap the Trigger,1,1,276,Closing Time+Tap the Trigger,32287609
1534,Swarm of the Raven,fallback,Grenade Launcher,Void,0,0,0,0,1,Clown Cartridge,Envious Assassin,1,1,210,Clown Cartridge+Envious Assassin,433905699
1535,Sailspy Pitchglass,fallback,Linear Fusion Rifle,Arc,0,0,0,1,1,Clown Cartridge,Heating Up,1,1,694,Clown Cartridge+Heating Up,1184309824
1536,Cruoris FR4,fallback,Fusion Rifle,Arc,0,0,0,0,1,Clown Cartridge,Kickstart,1,1,165,Clown Cartridge+Kickstart,891996636
1537,Appetence,fallback,Trace Rifle,Stasis,0,0,0,1,0,Clown Cartridge,Killing Tally,1,1,487,Clown Cartridge+Killing Tally,4153087276
1538,Distant Tumulus,fallback,Sniper Rifle,Solar,0,0,0,0,1,Clown Cartridge,Outlaw,1,1,134,Clown Cartridge+Outlaw,2807687156
1539,Line in the Sand,fallback,Linear Fusion Rifle,Arc,0,0,0,0,1,Rapid Hit,Clown Cartridge,1,1,237,Clown Cartridge+Rapid Hit,946443267
1540,Berenger's Memory,fallback,Grenade Launcher,Void,0,0,0,0,1,Clown Cartridge,Shield Disorient,1,1,287,Clown Cartridge+Shield Disorient,407621213
1541,Crux Termination IV,fallback,Rocket Launcher,Arc,0,0,0,0,1,Clown Cartridge,Surrounded,1,1,130,Clown Cartridge+Surrounded,1719687748
1542,Tarnation,fallback,Grenade Launcher,Arc,0,0,0,1,0,Clown Cartridge,Turnabout,1,1,640,Clown Cartridge+Turnabout,2721157927
1543,Line in the Sand,fallback,Linear Fusion Rifle,Arc,0,0,0,0,1,Under Pressure,Clown Cartridge,1,1,237,Clown Cartridge+Under Pressure,946443267
1544,Apex Predator,fallback,Rocket Launcher,Solar,0,0,0,1,0,Cluster Bomb,Collective Demolition,1,1,690,Cluster Bomb+Collective Demolition,1851777734
1545,Red Herring,fallback,Rocket Launcher,Void,0,0,0,1,0,Cluster Bomb,Golden Tricorn,1,1,695,Cluster Bomb+Golden Tricorn,3175851496
1546,Red Herring,fallback,Rocket Launcher,Void,0,0,0,1,0,Cluster Bomb,Golden Tricorn Enhanced,1,1,695,Cluster Bomb+Golden Tricorn Enhanced,3175851496
1547,Code Duello,fallback,Rocket Launcher,Solar,0,0,0,0,1,Surplus,Cluster Bomb,1,1,267,Cluster Bomb+Surplus,2496242052
1548,Apex Predator,fallback,Rocket Launcher,Solar,0,0,0,1,0,Cluster Bomb,Surrounded,1,1,690,Cluster Bomb+Surrounded,1851777734
1549,Reckless Oracle,fallback,Auto Rifle,Void,0,0,0,1,0,Destabilizing Rounds,Collective Action,1,1,805,Collective Action+Destabilizing Rounds,1992309064
1550,Nation of Beasts,fallback,Hand Cannon,Arc,0,0,0,1,0,Eddy Current,Collective Action,1,1,789,Collective Action+Eddy Current,70083888
1551,Tyranny of Heaven,fallback,Combat Bow,Solar,0,0,0,1,0,Explosive Head,Collective Action,1,1,703,Collective Action+Explosive Head,3388655311
1552,Likely Suspect,fallback,Fusion Rifle,Void,0,0,0,1,0,Firmly Planted,Collective Action,1,1,812,Collective Action+Firmly Planted,1994645182
1553,Nation of Beasts,fallback,Hand Cannon,Arc,0,0,0,1,0,Gear Shift,Collective Action,1,1,789,Collective Action+Gear Shift,70083888
1554,Pro Memoria,fallback,Machine Gun,Strand,0,0,0,1,0,Hatchling,Collective Action,1,1,674,Collective Action+Hatchling,3605603507
1555,Nation of Beasts,fallback,Hand Cannon,Arc,0,0,0,1,0,Hip-Fire Grip,Collective Action,1,1,789,Collective Action+Hip-Fire Grip,70083888
1556,Techeun Force,fallback,Fusion Rifle,Arc,0,0,0,1,0,Kill Clip,Collective Action,1,1,675,Collective Action+Kill Clip,3591141932
1557,Pro Memoria,fallback,Machine Gun,Strand,0,0,0,1,0,Lucky Shot,Collective Action,1,1,674,Collective Action+Lucky Shot,3605603507
1558,Transfiguration,fallback,Scout Rifle,Kinetic,0,0,0,1,0,Rampage,Collective Action,1,1,870,Collective Action+Rampage,3885259140
1559,Apex Predator,fallback,Rocket Launcher,Solar,0,0,0,1,0,Tracking Module,Collective Action,1,1,690,Collective Action+Tracking Module,1851777734
1560,Techeun Force,fallback,Fusion Rifle,Arc,0,0,0,1,0,Collective Demolition,Controlled Burst,1,1,675,Collective Demolition+Controlled Burst,3591141932
1561,Apex Predator,fallback,Rocket Launcher,Solar,0,0,0,1,0,Danger Zone,Collective Demolition,1,1,690,Collective Demolition+Danger Zone,1851777734
1562,Techeun Force,fallback,Fusion Rifle,Arc,0,0,0,1,0,Collective Demolition,Golden Tricorn,1,1,675,Collective Demolition+Golden Tricorn,3591141932
1563,Techeun Force,fallback,Fusion Rifle,Arc,0,0,0,1,0,Collective Demolition,Golden Tricorn Enhanced,1,1,675,Collective Demolition+Golden Tricorn Enhanced,3591141932
1564,Techeun Force,fallback,Fusion Rifle,Arc,0,0,0,1,0,Collective Demolition,Kickstart,1,1,675,Collective Demolition+Kickstart,3591141932
1565,Transfiguration,fallback,Scout Rifle,Kinetic,0,0,0,1,0,Collective Demolition,Kinetic Tremors,1,1,870,Collective Demolition+Kinetic Tremors,3885259140
1566,Transfiguration,fallback,Scout Rifle,Kinetic,0,0,0,1,0,Collective Demolition,Moving Target,1,1,870,Collective Demolition+Moving Target,3885259140
1567,Techeun Force,fallback,Fusion Rifle,Arc,0,0,0,1,0,Collective Demolition,Rangefinder,1,1,675,Collective Demolition+Rangefinder,3591141932
1568,Apex Predator,fallback,Rocket Launcher,Solar,0,0,0,1,0,Slideways,Collective Demolition,1,1,690,Collective Demolition+Slideways,1851777734
1569,Apex Predator,fallback,Rocket Launcher,Solar,0,0,0,1,0,Threat Detector,Collective Demolition,1,1,690,Collective Demolition+Threat Detector,1851777734
1570,The Eremite,fallback,Fusion Rifle,Solar,0,0,0,1,1,Compulsive Reloader,High Ground,1,1,433,Compulsive Reloader+High Ground,3347946548
1571,Come to Pass,fallback,Auto Rifle,Arc,0,0,0,1,0,Compulsive Reloader,Jolting Feedback,1,1,738,Compulsive Reloader+Jolting Feedback,927567426
1572,Adverse Possession IX,fallback,Scout Rifle,Arc,0,0,0,0,1,Compulsive Reloader,Keep Away,1,1,156,Compulsive Reloader+Keep Away,1890332078
1573,Empirical Evidence,fallback,Sidearm,Kinetic,0,0,0,1,0,Compulsive Reloader,Kinetic Tremors,1,1,742,Compulsive Reloader+Kinetic Tremors,2607304614
1574,Tears of Contrition,fallback,Scout Rifle,Kinetic,0,0,0,1,0,Compulsive Reloader,Mulligan,1,1,524,Compulsive Reloader+Mulligan,1366394399
1575,Adverse Possession IX,fallback,Scout Rifle,Arc,0,0,0,0,1,Compulsive Reloader,Sympathetic Arsenal,1,1,156,Compulsive Reloader+Sympathetic Arsenal,1890332078
1576,Cantata-57,fallback,Hand Cannon,Arc,0,0,0,0,1,Compulsive Reloader,Timed Payload,1,1,344,Compulsive Reloader+Timed Payload,372697604
1577,Nezarec's Whisper,fallback,Glaive,Arc,0,0,0,1,0,Compulsive Reloader,Unstoppable Force,1,1,523,Compulsive Reloader+Unstoppable Force,254636484
1578,Austringer,fallback,Hand Cannon,Kinetic,0,0,0,1,0,Compulsive Reloader,Zen Moment,1,1,521,Compulsive Reloader+Zen Moment,3055790362
1579,Zealot's Reward,fallback,Fusion Rifle,Void,0,0,0,1,0,Destabilizing Rounds,Controlled Burst,1,1,632,Controlled Burst+Destabilizing Rounds,2720651699
1580,Scatter Signal,fallback,Fusion Rifle,Strand,0,0,0,1,0,Encore,Controlled Burst,1,1,340,Controlled Burst+Encore,2558925366
1581,Techeun Force,fallback,Fusion Rifle,Arc,0,0,0,1,0,Kill Clip,Controlled Burst,1,1,675,Controlled Burst+Kill Clip,3591141932
1582,The Eremite,fallback,Fusion Rifle,Solar,0,0,0,1,1,Offhand Strike,Controlled Burst,1,1,433,Controlled Burst+Offhand Strike,3347946548
1583,The Eremite,fallback,Fusion Rifle,Solar,0,0,0,1,1,Pulse Monitor,Controlled Burst,1,1,433,Controlled Burst+Pulse Monitor,3347946548
1584,Scatter Signal,fallback,Fusion Rifle,Strand,0,0,0,1,0,Slice,Controlled Burst,1,1,340,Controlled Burst+Slice,2558925366
1585,Scatter Signal,fallback,Fusion Rifle,Strand,0,0,0,1,0,Surplus,Controlled Burst,1,1,340,Controlled Burst+Surplus,2558925366
1586,The Eremite,fallback,Fusion Rifle,Solar,0,0,0,1,1,Envious Assassin,Cornered,1,1,433,Cornered+Envious Assassin,3347946548
1587,The Eremite,fallback,Fusion Rifle,Solar,0,0,0,1,1,Heal Clip,Cornered,1,1,433,Cornered+Heal Clip,3347946548
1588,The Eremite,fallback,Fusion Rifle,Solar,0,0,0,1,1,Pulse Monitor,Cornered,1,1,433,Cornered+Pulse Monitor,3347946548
1589,The Eremite,fallback,Fusion Rifle,Solar,0,0,0,1,1,Slickdraw,Cornered,1,1,433,Cornered+Slickdraw,3347946548
1590,The Epicurean,fallback,Fusion Rifle,Void,0,0,0,1,0,Snapshot Sights,Cornered,1,1,352,Cornered+Snapshot Sights,2263839058
1591,Wolftone Draw,fallback,Combat Bow,Arc,0,0,0,0,1,Threat Detector,Cornered,1,1,234,Cornered+Threat Detector,3472875143
1592,Fel Taradiddle,fallback,Combat Bow,Kinetic,0,0,0,1,0,To the Pain,Cornered,1,1,604,Cornered+To the Pain,1399109800
1593,Death's Razor,fallback,Sword,Void,0,0,0,1,0,Counterattack,Destabilizing Rounds,1,1,401,Counterattack+Destabilizing Rounds,3371413056
1594,Death's Razor,fallback,Sword,Void,0,0,0,1,0,Counterattack,Surrounded,1,1,401,Counterattack+Surrounded,3371413056
1595,Death's Razor,fallback,Sword,Void,0,0,0,1,0,Counterattack,Vorpal Weapon,1,1,401,Counterattack+Vorpal Weapon,3371413056
1596,Death's Razor,fallback,Sword,Void,0,0,0,1,0,Counterattack,Whirlwind Blade,1,1,401,Counterattack+Whirlwind Blade,3371413056
1597,Forensic Nightmare,fallback,Submachine Gun,Stasis,0,0,0,1,0,Encore,Crystalline Corpsebloom,1,1,609,Crystalline Corpsebloom+Encore,1526296434
1598,Forensic Nightmare,fallback,Submachine Gun,Stasis,0,0,0,1,0,Grave Robber,Crystalline Corpsebloom,1,1,609,Crystalline Corpsebloom+Grave Robber,1526296434
1599,Forensic Nightmare,fallback,Submachine Gun,Stasis,0,0,0,1,0,Slideways,Crystalline Corpsebloom,1,1,609,Crystalline Corpsebloom+Slideways,1526296434
1600,Marsilion-C,fallback,Grenade Launcher,Solar,0,0,0,0,1,Snapshot Sights,Danger Zone,1,1,305,Danger Zone+Snapshot Sights,867154247
1601,Prodigal Return,fallback,Grenade Launcher,Arc,0,0,0,1,0,Thresh,Danger Zone,1,1,548,Danger Zone+Thresh,268260373
1602,Vantage Point,fallback,Pulse Rifle,Arc,0,0,0,0,1,Deconstruct,Desperado,1,1,309,Deconstruct+Desperado,3830941962
1603,Veleda-F,fallback,Sniper Rifle,Void,0,0,0,0,1,Deconstruct,Firing Line,1,1,365,Deconstruct+Firing Line,4200122994
1604,Vantage Point,fallback,Pulse Rifle,Arc,0,0,0,0,1,Deconstruct,Headseeker,1,1,309,Deconstruct+Headseeker,3830941962
1605,Adhortative,fallback,Pulse Rifle,Solar,0,0,0,1,0,Heal Clip,Deconstruct,1,1,532,Deconstruct+Heal Clip,2993554824
1606,Vantage Point,fallback,Pulse Rifle,Arc,0,0,0,0,1,Deconstruct,High-Impact Reserves,1,1,309,Deconstruct+High-Impact Reserves,3830941962
1607,Legato-11,fallback,Shotgun,Solar,0,0,0,0,1,Deconstruct,Offhand Strike,1,1,375,Deconstruct+Offhand Strike,3753063346
1608,Veleda-F,fallback,Sniper Rifle,Void,0,0,0,0,1,Deconstruct,Opening Shot,1,1,365,Deconstruct+Opening Shot,4200122994
1609,Supercluster,fallback,Shotgun,Strand,0,0,0,1,0,Slideshot,Deconstruct,1,1,489,Deconstruct+Slideshot,92459755
1610,Lethophobia,fallback,Combat Bow,Void,0,0,0,1,0,Steady Hands,Deconstruct,1,1,462,Deconstruct+Steady Hands,3710082365
1611,Lethophobia,fallback,Combat Bow,Void,0,0,0,1,0,Successful Warm-Up,Deconstruct,1,1,462,Deconstruct+Successful Warm-Up,3710082365
1612,Scatter Signal,fallback,Fusion Rifle,Strand,0,0,0,1,0,Surplus,Deconstruct,1,1,340,Deconstruct+Surplus,2558925366
1613,Vantage Point,fallback,Pulse Rifle,Arc,0,0,0,0,1,Deconstruct,Swashbuckler,1,1,309,Deconstruct+Swashbuckler,3830941962
1614,Imperative,fallback,Scout Rifle,Kinetic,0,0,0,1,0,Triple Tap,Deconstruct,1,1,623,Deconstruct+Triple Tap,2045811635
1615,Imperative,fallback,Scout Rifle,Kinetic,0,0,0,1,0,Well-Rounded,Deconstruct,1,1,623,Deconstruct+Well-Rounded,2045811635
1616,Crux Termination IV,fallback,Rocket Launcher,Arc,0,0,0,0,1,Eddy Current,Demolitionist,1,1,130,Demolitionist+Eddy Current,1719687748
1617,Crux Termination IV,fallback,Rocket Launcher,Arc,0,0,0,0,1,Permeability,Demolitionist,1,1,130,Demolitionist+Permeability,1719687748
1618,Prodigal Return,fallback,Grenade Launcher,Arc,0,0,0,1,0,Shot Swap,Demolitionist,1,1,548,Demolitionist+Shot Swap,268260373
1619,Wolftone Draw,fallback,Combat Bow,Arc,0,0,0,0,1,Sneak Bow,Demolitionist,1,1,234,Demolitionist+Sneak Bow,3472875143
1620,Hoosegow,fallback,Rocket Launcher,Arc,0,0,0,0,1,Tracking Module,Demolitionist,1,1,262,Demolitionist+Tracking Module,3669616453
1621,Posterity,fallback,Hand Cannon,Arc,0,0,0,1,0,Trickle Charge,Demolitionist,1,1,1006,Demolitionist+Trickle Charge,3281285075
1622,Ancient Gospel,fallback,Hand Cannon,Void,0,0,0,1,0,Ensemble,Demoralize,1,1,818,Demoralize+Ensemble,963574173
1623,Reckless Oracle,fallback,Auto Rifle,Void,0,0,0,1,0,Light Touch,Demoralize,1,1,805,Demoralize+Light Touch,1992309064
1624,Ancient Gospel,fallback,Hand Cannon,Void,0,0,0,1,0,Rampage,Demoralize,1,1,818,Demoralize+Rampage,963574173
1625,Reckless Oracle,fallback,Auto Rifle,Void,0,0,0,1,0,Tap the Trigger,Demoralize,1,1,805,Demoralize+Tap the Trigger,1992309064
1626,Disparity,fallback,Pulse Rifle,Stasis,0,0,0,1,0,Eye of the Storm,Desperado,1,1,694,Desperado+Eye of the Storm,1751893422
1627,Disparity,fallback,Pulse Rifle,Stasis,0,0,0,1,0,No Distractions,Desperado,1,1,694,Desperado+No Distractions,1751893422
1628,Chronophage,fallback,Trace Rifle,Void,0,0,0,1,1,Elemental Capacitor,Desperate Measures,1,1,627,Desperate Measures+Elemental Capacitor,1886840007
1629,Sovereignty,fallback,Sniper Rifle,Void,0,0,0,0,1,No Distractions,Desperate Measures,1,1,335,Desperate Measures+No Distractions,3818198556
1630,Sacred Provenance,fallback,Pulse Rifle,Kinetic,0,0,0,1,0,Stopping Power,Desperate Measures,1,1,1014,Desperate Measures+Stopping Power,2241507890
1631,Noxious Vetiver,fallback,Submachine Gun,Arc,0,0,0,0,1,Thresh,Desperate Measures,1,1,292,Desperate Measures+Thresh,825495813
1632,Noxious Vetiver,fallback,Submachine Gun,Arc,0,0,0,0,1,Unrelenting,Desperate Measures,1,1,292,Desperate Measures+Unrelenting,825495813
1633,Likely Suspect,fallback,Fusion Rifle,Void,0,0,0,1,0,Ensemble,Destabilizing Rounds,1,1,812,Destabilizing Rounds+Ensemble,1994645182
1634,Likely Suspect,fallback,Fusion Rifle,Void,0,0,0,1,0,Firmly Planted,Destabilizing Rounds,1,1,812,Destabilizing Rounds+Firmly Planted,1994645182
1635,Ancient Gospel,fallback,Hand Cannon,Void,0,0,0,1,0,Destabilizing Rounds,Harmony,1,1,818,Destabilizing Rounds+Harmony,963574173
1636,Zealot's Reward,fallback,Fusion Rifle,Void,0,0,0,1,0,Destabilizing Rounds,Kickstart,1,1,632,Destabilizing Rounds+Kickstart,2720651699
1637,Reckless Oracle,fallback,Auto Rifle,Void,0,0,0,1,0,Destabilizing Rounds,Paracausal Affinity,1,1,805,Destabilizing Rounds+Paracausal Affinity,1992309064
1638,Zealot's Reward,fallback,Fusion Rifle,Void,0,0,0,1,0,Destabilizing Rounds,Reservoir Burst,1,1,632,Destabilizing Rounds+Reservoir Burst,2720651699
1639,Veleda-F,fallback,Sniper Rifle,Void,0,0,0,0,1,Snapshot Sights,Destabilizing Rounds,1,1,365,Destabilizing Rounds+Snapshot Sights,4200122994
1640,Targeted Redaction,fallback,Hand Cannon,Void,0,0,0,1,1,Well-Rounded,Destabilizing Rounds,1,1,534,Destabilizing Rounds+Well-Rounded,3890055324
1641,Warlord's Spear,fallback,Trace Rifle,Arc,0,0,0,0,1,Loose Change,Detonator Beam,1,1,170,Detonator Beam+Loose Change,1968711238
1642,Zealot's Reward,fallback,Fusion Rifle,Void,0,0,0,1,0,Feeding Frenzy,Dimensional Shift,1,1,632,Dimensional Shift+Feeding Frenzy,2720651699
1643,Likely Suspect,fallback,Fusion Rifle,Void,0,0,0,1,0,Dimensional Shift,Golden Tricorn,1,1,812,Dimensional Shift+Golden Tricorn,1994645182
1644,Likely Suspect,fallback,Fusion Rifle,Void,0,0,0,1,0,Dimensional Shift,Golden Tricorn Enhanced,1,1,812,Dimensional Shift+Golden Tricorn Enhanced,1994645182
1645,Zealot's Reward,fallback,Fusion Rifle,Void,0,0,0,1,0,Lead from Gold,Dimensional Shift,1,1,632,Dimensional Shift+Lead from Gold,2720651699
1646,Reckless Oracle,fallback,Auto Rifle,Void,0,0,0,1,0,Dimensional Shift,Paracausal Affinity,1,1,805,Dimensional Shift+Paracausal Affinity,1992309064
1647,Zealot's Reward,fallback,Fusion Rifle,Void,0,0,0,1,0,Subsistence,Dimensional Shift,1,1,632,Dimensional Shift+Subsistence,2720651699
1648,Likely Suspect,fallback,Fusion Rifle,Void,0,0,0,1,0,Dimensional Shift,Successful Warm-Up,1,1,812,Dimensional Shift+Successful Warm-Up,1994645182
1649,Likely Suspect,fallback,Fusion Rifle,Void,0,0,0,1,0,Dimensional Shift,Turnabout,1,1,812,Dimensional Shift+Turnabout,1994645182
1650,Zealot's Reward,fallback,Fusion Rifle,Void,0,0,0,1,0,Under Pressure,Dimensional Shift,1,1,632,Dimensional Shift+Under Pressure,2720651699
1651,Likely Suspect,fallback,Fusion Rifle,Void,0,0,0,1,0,Dimensional Shift,Wellspring,1,1,812,Dimensional Shift+Wellspring,1994645182
1652,The Supremacy,fallback,Sniper Rifle,Kinetic,0,0,0,1,0,Discord,Fourth Time's the Charm,1,1,785,Discord+Fourth Time's the Charm,2884596447
1653,Adverse Possession IX,fallback,Scout Rifle,Arc,0,0,0,0,1,Discord,Heating Up,1,1,156,Discord+Heating Up,1890332078
1654,Nation of Beasts,fallback,Hand Cannon,Arc,0,0,0,1,0,Discord,Jolting Feedback,1,1,789,Discord+Jolting Feedback,70083888
1655,Deadpan Delivery,fallback,Shotgun,Arc,0,0,0,0,1,Discord,Killing Wind,1,1,163,Discord+Killing Wind,1296429091
1656,Succession,fallback,Sniper Rifle,Kinetic,0,0,0,1,0,Discord,Osmosis,1,1,748,Discord+Osmosis,2990047042
1657,Succession,fallback,Sniper Rifle,Kinetic,0,0,0,1,0,Discord,Recombination,1,1,748,Discord+Recombination,2990047042
1658,Adverse Possession IX,fallback,Scout Rifle,Arc,0,0,0,0,1,Discord,Sympathetic Arsenal,1,1,156,Discord+Sympathetic Arsenal,1890332078
1659,Succession,fallback,Sniper Rifle,Kinetic,0,0,0,1,0,Discord,Thresh,1,1,748,Discord+Thresh,2990047042
1660,Adverse Possession IX,fallback,Scout Rifle,Arc,0,0,0,0,1,Discord,Wellspring,1,1,156,Discord+Wellspring,1890332078
1661,Negative Space,fallback,Sword,Solar,0,0,0,0,1,Energy Transfer,Disruption Break,1,1,151,Disruption Break+Energy Transfer,3629968765
1662,The Vision,fallback,Sidearm,Arc,0,0,0,0,1,Full Auto Trigger System,Disruption Break,1,1,332,Disruption Break+Full Auto Trigger System,2414141462
1663,Adhortative,fallback,Pulse Rifle,Solar,0,0,0,1,0,Loose Change,Disruption Break,1,1,532,Disruption Break+Loose Change,2993554824
1664,Lethophobia,fallback,Combat Bow,Void,0,0,0,1,0,Permeability,Disruption Break,1,1,462,Disruption Break+Permeability,3710082365
1665,Jian 7 Rifle,fallback,Pulse Rifle,Arc,0,0,0,0,1,Disruption Break,Rampage,1,1,161,Disruption Break+Rampage,1162247618
1666,Negative Space,fallback,Sword,Solar,0,0,0,0,1,Relentless Strikes,Disruption Break,1,1,151,Disruption Break+Relentless Strikes,3629968765
1667,Lethophobia,fallback,Combat Bow,Void,0,0,0,1,0,Steady Hands,Disruption Break,1,1,462,Disruption Break+Steady Hands,3710082365
1668,Lethophobia,fallback,Combat Bow,Void,0,0,0,1,0,Successful Warm-Up,Disruption Break,1,1,462,Disruption Break+Successful Warm-Up,3710082365
1669,Jian 7 Rifle,fallback,Pulse Rifle,Arc,0,0,0,0,1,Disruption Break,Swashbuckler,1,1,161,Disruption Break+Swashbuckler,1162247618
1670,Negative Space,fallback,Sword,Solar,0,0,0,0,1,Tireless Blade,Disruption Break,1,1,151,Disruption Break+Tireless Blade,3629968765
1671,Harsh Language,fallback,Grenade Launcher,Void,0,0,0,0,1,Wellspring,Disruption Break,1,1,238,Disruption Break+Wellspring,1606497639
1672,Pro Memoria,fallback,Machine Gun,Strand,0,0,0,1,0,Envious Assassin,Dragonfly,1,1,674,Dragonfly+Envious Assassin,3605603507
1673,Tyranny of Heaven,fallback,Combat Bow,Solar,0,0,0,1,0,Dragonfly,Incandescent,1,1,703,Dragonfly+Incandescent,3388655311
1674,Dark Decider,fallback,Auto Rifle,Arc,0,0,0,0,1,Iron Grip,Dragonfly,1,1,174,Dragonfly+Iron Grip,540880995
1675,Nation of Beasts,fallback,Hand Cannon,Arc,0,0,0,1,0,Dragonfly,Jolting Feedback,1,1,789,Dragonfly+Jolting Feedback,70083888
1676,Commemoration,fallback,Machine Gun,Void,0,0,0,1,0,Dragonfly,Killing Tally,1,1,875,Dragonfly+Killing Tally,4230965989
1677,Hollow Denial,fallback,Trace Rifle,Void,0,0,0,1,0,Lead from Gold,Dragonfly,1,1,389,Dragonfly+Lead from Gold,2323544076
1678,Qua Furor V,fallback,Machine Gun,Stasis,0,0,0,0,1,Recycled Energy,Dragonfly,1,1,266,Dragonfly+Recycled Energy,751880654
1679,Commemoration,fallback,Machine Gun,Void,0,0,0,1,0,Dragonfly,Redirection,1,1,875,Dragonfly+Redirection,4230965989
1680,Come to Pass,fallback,Auto Rifle,Arc,0,0,0,1,0,Supercharged Magazine,Dragonfly,1,1,738,Dragonfly+Supercharged Magazine,927567426
1681,Come to Pass,fallback,Auto Rifle,Arc,0,0,0,1,0,Trickle Charge,Dragonfly,1,1,738,Dragonfly+Trickle Charge,927567426
1682,Tripwire Canary,fallback,Combat Bow,Arc,0,0,0,1,0,Dragonfly,Under-Over,1,1,479,Dragonfly+Under-Over,3849444474
1683,Heritage,fallback,Shotgun,Kinetic,0,0,0,1,0,Dual Loader,Moving Target,1,1,724,Dual Loader+Moving Target,4248569242
1684,Hand in Hand,fallback,Shotgun,Arc,0,0,0,0,1,Dual Loader,Pugilist,1,1,190,Dual Loader+Pugilist,664109750
1685,Throne-Cleaver,fallback,Sword,Solar,0,0,0,1,0,Duelist's Trance,Pugilist,1,1,389,Duelist's Trance+Pugilist,3371413059
1686,Razor's Edge,fallback,Sword,Void,0,0,0,0,1,Duelist's Trance,Thresh,1,1,271,Duelist's Trance+Thresh,1796949035
1687,Warlord's Spear,fallback,Trace Rifle,Arc,0,0,0,0,1,Dynamic Sway Reduction,Fourth Time's the Charm,1,1,170,Dynamic Sway Reduction+Fourth Time's the Charm,1968711238
1688,Reckless Oracle,fallback,Auto Rifle,Void,0,0,0,1,0,Keep Away,Dynamic Sway Reduction,1,1,805,Dynamic Sway Reduction+Keep Away,1992309064
1689,Reckless Oracle,fallback,Auto Rifle,Void,0,0,0,1,0,Killing Wind,Dynamic Sway Reduction,1,1,805,Dynamic Sway Reduction+Killing Wind,1992309064
1690,Commemoration,fallback,Machine Gun,Void,0,0,0,1,0,Dynamic Sway Reduction,Redirection,1,1,875,Dynamic Sway Reduction+Redirection,4230965989
1691,Commemoration,fallback,Machine Gun,Void,0,0,0,1,0,Dynamic Sway Reduction,Under Pressure,1,1,875,Dynamic Sway Reduction+Under Pressure,4230965989
1692,Ros Arago IV,fallback,Auto Rifle,Void,0,0,0,0,1,Dynamic Sway Reduction,Under-Over,1,1,226,Dynamic Sway Reduction+Under-Over,3583275737
1693,Blood Feud,fallback,Submachine Gun,Stasis,0,0,0,1,0,Dynamic Sway Reduction,Well-Rounded,1,1,618,Dynamic Sway Reduction+Well-Rounded,1509167284
1694,Adverse Possession IX,fallback,Scout Rifle,Arc,0,0,0,0,1,Eddy Current,Heating Up,1,1,156,Eddy Current+Heating Up,1890332078
1695,Adverse Possession IX,fallback,Scout Rifle,Arc,0,0,0,0,1,Eddy Current,Keep Away,1,1,156,Eddy Current+Keep Away,1890332078
1696,Cruoris FR4,fallback,Fusion Rifle,Arc,0,0,0,0,1,Eddy Current,Kickstart,1,1,165,Eddy Current+Kickstart,891996636
1697,Cruoris FR4,fallback,Fusion Rifle,Arc,0,0,0,0,1,Eddy Current,Successful Warm-Up,1,1,165,Eddy Current+Successful Warm-Up,891996636
1698,Adverse Possession IX,fallback,Scout Rifle,Arc,0,0,0,0,1,Eddy Current,Sympathetic Arsenal,1,1,156,Eddy Current+Sympathetic Arsenal,1890332078
1699,Combined Action,fallback,Hand Cannon,Arc,0,0,0,0,1,Eddy Current,Timed Payload,1,1,176,Eddy Current+Timed Payload,1331824604
1700,Crux Termination IV,fallback,Rocket Launcher,Arc,0,0,0,0,1,Eddy Current,Tracking Module,1,1,130,Eddy Current+Tracking Module,1719687748
1701,Adverse Possession IX,fallback,Scout Rifle,Arc,0,0,0,0,1,Eddy Current,Wellspring,1,1,156,Eddy Current+Wellspring,1890332078
1702,The Eremite,fallback,Fusion Rifle,Solar,0,0,0,1,1,Heal Clip,Elemental Capacitor,1,1,433,Elemental Capacitor+Heal Clip,3347946548
1703,Chronophage,fallback,Trace Rifle,Void,0,0,0,1,1,Elemental Capacitor,High Ground,1,1,627,Elemental Capacitor+High Ground,1886840007
1704,Memory Interdict,fallback,Grenade Launcher,Void,0,0,0,0,1,Impulse Amplifier,Elemental Capacitor,1,1,368,Elemental Capacitor+Impulse Amplifier,3165547384
1705,The Supremacy,fallback,Sniper Rifle,Kinetic,0,0,0,1,0,Lucky Shot,Elemental Capacitor,1,1,785,Elemental Capacitor+Lucky Shot,2884596447
1706,Chronophage,fallback,Trace Rifle,Void,0,0,0,1,1,Elemental Capacitor,One for All,1,1,627,Elemental Capacitor+One for All,1886840007
1707,Chattering Bone,fallback,Pulse Rifle,Kinetic,0,0,0,1,0,Stopping Power,Elemental Capacitor,1,1,692,Elemental Capacitor+Stopping Power,501329015
1708,Adverse Possession IX,fallback,Scout Rifle,Arc,0,0,0,0,1,Elemental Capacitor,Sympathetic Arsenal,1,1,156,Elemental Capacitor+Sympathetic Arsenal,1890332078
1709,Deadpan Delivery,fallback,Shotgun,Arc,0,0,0,0,1,Elemental Capacitor,Trench Barrel,1,1,163,Elemental Capacitor+Trench Barrel,1296429091
1710,Adverse Possession IX,fallback,Scout Rifle,Arc,0,0,0,0,1,Elemental Capacitor,Wellspring,1,1,156,Elemental Capacitor+Wellspring,1890332078
1711,Succession,fallback,Sniper Rifle,Kinetic,0,0,0,1,0,Firmly Planted,Elemental Honing,1,1,748,Elemental Honing+Firmly Planted,2990047042
1712,Qua Furor V,fallback,Machine Gun,Stasis,0,0,0,0,1,Offhand Strike,Elemental Honing,1,1,266,Elemental Honing+Offhand Strike,751880654
1713,Succession,fallback,Sniper Rifle,Kinetic,0,0,0,1,0,Shot Swap,Elemental Honing,1,1,748,Elemental Honing+Shot Swap,2990047042
1714,Succession,fallback,Sniper Rifle,Kinetic,0,0,0,1,0,Slideways,Elemental Honing,1,1,748,Elemental Honing+Slideways,2990047042
1715,Bequest,fallback,Sword,Arc,0,0,0,1,0,Thresh,Elemental Honing,1,1,669,Elemental Honing+Thresh,3366545721
1716,Judgment of Kelgorath,fallback,Glaive,Solar,0,0,0,1,0,Immovable Object,Empty Traits Socket,1,1,432,Empty Traits Socket+Immovable Object,2978226043
1717,Reckless Oracle,fallback,Auto Rifle,Void,0,0,0,1,0,Empty Traits Socket,Paracausal Affinity,1,1,805,Empty Traits Socket+Paracausal Affinity,1992309064
1718,The Enigma,fallback,Glaive,Void,0,0,0,1,0,Empty Traits Socket,Proximity Power,1,1,599,Empty Traits Socket+Proximity Power,2595497736
1719,Apex Predator,fallback,Rocket Launcher,Solar,0,0,0,1,0,Empty Traits Socket,Reaper's Tithe,1,1,690,Empty Traits Socket+Reaper's Tithe,1851777734
1720,The Enigma,fallback,Glaive,Void,0,0,0,1,0,Replenishing Aegis,Empty Traits Socket,1,1,599,Empty Traits Socket+Replenishing Aegis,2595497736
1721,Tripwire Canary,fallback,Combat Bow,Arc,0,0,0,1,0,Sneak Bow,Empty Traits Socket,1,1,479,Empty Traits Socket+Sneak Bow,3849444474
1722,Bequest,fallback,Sword,Arc,0,0,0,1,0,Jolting Feedback,En Garde,1,1,669,En Garde+Jolting Feedback,3366545721
1723,Bequest,fallback,Sword,Arc,0,0,0,1,0,Killing Wind,En Garde,1,1,669,En Garde+Killing Wind,3366545721
1724,Geodetic HSm,fallback,Sword,Void,0,0,0,0,1,Repulsor Brace,En Garde,1,1,348,En Garde+Repulsor Brace,3637669759
1725,Exuviae,fallback,Hand Cannon,Stasis,0,0,0,0,1,Encore,Explosive Payload,1,1,412,Encore+Explosive Payload,2823644677
1726,The Guiding Sight,fallback,Scout Rifle,Strand,0,0,0,0,1,Gutshot Straight,Encore,1,1,346,Encore+Gutshot Straight,1161561386
1727,Scatter Signal,fallback,Fusion Rifle,Strand,0,0,0,1,0,Encore,Kickstart,1,1,340,Encore+Kickstart,2558925366
1728,Fixed Odds,fallback,Machine Gun,Solar,0,0,0,1,0,Encore,Killing Tally,1,1,374,Encore+Killing Tally,2194955522
1729,Fixed Odds,fallback,Machine Gun,Solar,0,0,0,1,0,Encore,Rangefinder,1,1,374,Encore+Rangefinder,2194955522
1730,Exuviae,fallback,Hand Cannon,Stasis,0,0,0,0,1,Encore,Redirection,1,1,412,Encore+Redirection,2823644677
1731,The Guiding Sight,fallback,Scout Rifle,Strand,0,0,0,0,1,Tunnel Vision,Encore,1,1,346,Encore+Tunnel Vision,1161561386
1732,Controlling Vision,fallback,Sidearm,Kinetic,0,0,0,0,1,Encore,Under Pressure,1,1,118,Encore+Under Pressure,423343404
1733,Blood Feud,fallback,Submachine Gun,Stasis,0,0,0,1,0,Encore,Well-Rounded,1,1,618,Encore+Well-Rounded,1509167284
1734,Yarovit MG4,fallback,Submachine Gun,Stasis,0,0,0,0,1,Encore,Zen Moment,1,1,207,Encore+Zen Moment,3959549446
1735,Throne-Cleaver,fallback,Sword,Solar,0,0,0,1,0,Energy Transfer,Pugilist,1,1,389,Energy Transfer+Pugilist,3371413059
1736,Honor's Edge,fallback,Sword,Arc,0,0,0,0,1,Energy Transfer,Shattering Blade,1,1,148,Energy Transfer+Shattering Blade,2857348871
1737,Lethophobia,fallback,Combat Bow,Void,0,0,0,1,0,Enlightened Action,Explosive Head,1,1,462,Enlightened Action+Explosive Head,3710082365
1738,Suspectum-4fr,fallback,Linear Fusion Rifle,Stasis,0,0,0,0,1,Enlightened Action,Fourth Time's the Charm,1,1,139,Enlightened Action+Fourth Time's the Charm,3615421669
1739,Scatter Signal,fallback,Fusion Rifle,Strand,0,0,0,1,0,Enlightened Action,Kickstart,1,1,340,Enlightened Action+Kickstart,2558925366
1740,Psi Hermetic V,fallback,Pulse Rifle,Stasis,0,0,0,0,1,Enlightened Action,Perpetual Motion,1,1,365,Enlightened Action+Perpetual Motion,358788212
1741,Empirical Evidence,fallback,Sidearm,Kinetic,0,0,0,1,0,Enlightened Action,Thresh,1,1,742,Enlightened Action+Thresh,2607304614
1742,Empirical Evidence,fallback,Sidearm,Kinetic,0,0,0,1,0,Enlightened Action,Unrelenting,1,1,742,Enlightened Action+Unrelenting,2607304614
1743,Suspectum-4fr,fallback,Linear Fusion Rifle,Stasis,0,0,0,0,1,Ensemble,Fourth Time's the Charm,1,1,139,Ensemble+Fourth Time's the Charm,3615421669
1744,Sailspy Pitchglass,fallback,Linear Fusion Rifle,Arc,0,0,0,1,1,Ensemble,Heating Up,1,1,694,Ensemble+Heating Up,1184309824
1745,Iota Draconis,fallback,Fusion Rifle,Solar,0,0,0,0,1,Ensemble,Kickstart,1,1,280,Ensemble+Kickstart,3044460004
1746,Empirical Evidence,fallback,Sidearm,Kinetic,0,0,0,1,0,Ensemble,Kinetic Tremors,1,1,742,Ensemble+Kinetic Tremors,2607304614
1747,Pizzicato-22,fallback,Submachine Gun,Kinetic,0,0,0,0,1,Ensemble,Threat Detector,1,1,311,Ensemble+Threat Detector,4100775158
1748,Ancient Gospel,fallback,Hand Cannon,Void,0,0,0,1,0,Ensemble,To the Pain,1,1,818,Ensemble+To the Pain,963574173
1749,Sailspy Pitchglass,fallback,Linear Fusion Rifle,Arc,0,0,0,1,1,Ensemble,Voltshot,1,1,694,Ensemble+Voltshot,1184309824
1750,Blood Feud,fallback,Submachine Gun,Stasis,0,0,0,1,0,Ensemble,Well-Rounded,1,1,618,Ensemble+Well-Rounded,1509167284
1751,Heritage,fallback,Shotgun,Kinetic,0,0,0,1,0,Envious Arsenal,Focused Fury,1,1,724,Envious Arsenal+Focused Fury,4248569242
1752,Prophet of Doom,fallback,Shotgun,Arc,0,0,0,1,0,Envious Arsenal,Gear Shift,1,1,478,Envious Arsenal+Gear Shift,2145441168
1753,Omniscient Eye,fallback,Sniper Rifle,Solar,0,0,0,1,0,Envious Arsenal,Incandescent,1,1,684,Envious Arsenal+Incandescent,147444292
1754,Heritage,fallback,Shotgun,Kinetic,0,0,0,1,0,Envious Arsenal,Killing Wind,1,1,724,Envious Arsenal+Killing Wind,4248569242
1755,Heritage,fallback,Shotgun,Kinetic,0,0,0,1,0,Envious Arsenal,Offhand Strike,1,1,724,Envious Arsenal+Offhand Strike,4248569242
1756,Prophet of Doom,fallback,Shotgun,Arc,0,0,0,1,0,Envious Arsenal,One-Two Punch,1,1,478,Envious Arsenal+One-Two Punch,2145441168
1757,Heritage,fallback,Shotgun,Kinetic,0,0,0,1,0,Envious Arsenal,Recombination,1,1,724,Envious Arsenal+Recombination,4248569242
1758,Prophet of Doom,fallback,Shotgun,Arc,0,0,0,1,0,Envious Arsenal,Trench Barrel,1,1,478,Envious Arsenal+Trench Barrel,2145441168
1759,Heritage,fallback,Shotgun,Kinetic,0,0,0,1,0,Envious Arsenal,Unrelenting,1,1,724,Envious Arsenal+Unrelenting,4248569242
1760,Swarm of the Raven,fallback,Grenade Launcher,Void,0,0,0,0,1,Field Prep,Envious Assassin,1,1,210,Envious Assassin+Field Prep,433905699
1761,Senuna SI6,fallback,Sidearm,Stasis,0,0,0,0,1,Envious Assassin,Gutshot Straight,1,1,197,Envious Assassin+Gutshot Straight,5159537
1762,Targeted Redaction,fallback,Hand Cannon,Void,0,0,0,1,1,Envious Assassin,Keep Away,1,1,534,Envious Assassin+Keep Away,3890055324
1763,Royal Executioner,fallback,Fusion Rifle,Solar,0,0,0,1,0,Envious Assassin,Killing Wind,1,1,521,Envious Assassin+Killing Wind,1720503118
1764,Techeun Force,fallback,Fusion Rifle,Arc,0,0,0,1,0,Envious Assassin,Rangefinder,1,1,675,Envious Assassin+Rangefinder,3591141932
1765,Harsh Language,fallback,Grenade Launcher,Void,0,0,0,0,1,Envious Assassin,Repulsor Brace,1,1,238,Envious Assassin+Repulsor Brace,1606497639
1766,Royal Executioner,fallback,Fusion Rifle,Solar,0,0,0,1,0,Envious Assassin,Successful Warm-Up,1,1,521,Envious Assassin+Successful Warm-Up,1720503118
1767,Crux Termination IV,fallback,Rocket Launcher,Arc,0,0,0,0,1,Envious Assassin,Tracking Module,1,1,130,Envious Assassin+Tracking Module,1719687748
1768,Coronach-22,fallback,Auto Rifle,Solar,0,0,0,0,1,Envious Assassin,Under-Over,1,1,197,Envious Assassin+Under-Over,355382946
1769,Under Your Skin,fallback,Combat Bow,Void,0,0,0,1,0,Firmly Planted,Explosive Head,1,1,324,Explosive Head+Firmly Planted,232928045
1770,Tyranny of Heaven,fallback,Combat Bow,Solar,0,0,0,1,0,Explosive Head,Frenzy,1,1,703,Explosive Head+Frenzy,3388655311
1771,Tyranny of Heaven,fallback,Combat Bow,Solar,0,0,0,1,0,Explosive Head,Golden Tricorn,1,1,703,Explosive Head+Golden Tricorn,3388655311
1772,Tyranny of Heaven,fallback,Combat Bow,Solar,0,0,0,1,0,Explosive Head,Golden Tricorn Enhanced,1,1,703,Explosive Head+Golden Tricorn Enhanced,3388655311
1773,Accrued Redemption,fallback,Combat Bow,Kinetic,0,0,0,1,0,Offhand Strike,Explosive Head,1,1,546,Explosive Head+Offhand Strike,3621336854
1774,Tyranny of Heaven,fallback,Combat Bow,Solar,0,0,0,1,0,Explosive Head,One for All,1,1,703,Explosive Head+One for All,3388655311
1775,Lethophobia,fallback,Combat Bow,Void,0,0,0,1,0,Permeability,Explosive Head,1,1,462,Explosive Head+Permeability,3710082365
1776,Arsenic Bite-4b,fallback,Combat Bow,Arc,0,0,0,0,1,Explosive Head,Rampage,1,1,117,Explosive Head+Rampage,720351795
1777,Lethophobia,fallback,Combat Bow,Void,0,0,0,1,0,Steady Hands,Explosive Head,1,1,462,Explosive Head+Steady Hands,3710082365
1778,Under Your Skin,fallback,Combat Bow,Void,0,0,0,1,0,Unrelenting,Explosive Head,1,1,324,Explosive Head+Unrelenting,232928045
1779,Bitter/Sweet,fallback,Grenade Launcher,Arc,0,0,0,0,1,Loose Change,Explosive Light,1,1,323,Explosive Light+Loose Change,2599338625
1780,Crux Termination IV,fallback,Rocket Launcher,Arc,0,0,0,0,1,Permeability,Explosive Light,1,1,130,Explosive Light+Permeability,1719687748
1781,Tarnation,fallback,Grenade Launcher,Arc,0,0,0,1,0,Pulse Monitor,Explosive Light,1,1,640,Explosive Light+Pulse Monitor,2721157927
1782,Regnant,fallback,Grenade Launcher,Void,0,0,0,1,0,Rangefinder,Explosive Light,1,1,572,Explosive Light+Rangefinder,268260372
1783,Crux Termination IV,fallback,Rocket Launcher,Arc,0,0,0,0,1,Slideshot,Explosive Light,1,1,130,Explosive Light+Slideshot,1719687748
1784,Typhon GL5,fallback,Grenade Launcher,Stasis,0,0,0,0,1,Steady Hands,Explosive Light,1,1,433,Explosive Light+Steady Hands,3568377122
1785,Apex Predator,fallback,Rocket Launcher,Solar,0,0,0,1,0,Threat Detector,Explosive Light,1,1,690,Explosive Light+Threat Detector,1851777734
1786,Targeted Redaction,fallback,Hand Cannon,Void,0,0,0,1,1,Invisible Hand,Explosive Payload,1,1,534,Explosive Payload+Invisible Hand,3890055324
1787,Brya's Love,fallback,Scout Rifle,Void,0,0,0,1,0,Loose Change,Explosive Payload,1,1,743,Explosive Payload+Loose Change,2779821308
1788,Targeted Redaction,fallback,Hand Cannon,Void,0,0,0,1,1,Shot Swap,Explosive Payload,1,1,534,Explosive Payload+Shot Swap,3890055324
1789,Posterity,fallback,Hand Cannon,Arc,0,0,0,1,0,Supercharged Magazine,Explosive Payload,1,1,1006,Explosive Payload+Supercharged Magazine,3281285075
1790,Posterity,fallback,Hand Cannon,Arc,0,0,0,1,0,Wellspring,Explosive Payload,1,1,1006,Explosive Payload+Wellspring,3281285075
1791,Father's Sins,fallback,Sniper Rifle,Void,0,0,0,1,0,Light Touch,Eye of the Storm,1,1,692,Eye of the Storm+Light Touch,3865728990
1792,Austringer,fallback,Hand Cannon,Kinetic,0,0,0,1,0,Eye of the Storm,Rampage,1,1,521,Eye of the Storm+Rampage,3055790362
1793,Cantata-57,fallback,Hand Cannon,Arc,0,0,0,0,1,Eye of the Storm,Timed Payload,1,1,344,Eye of the Storm+Timed Payload,372697604
1794,Chronophage,fallback,Trace Rifle,Void,0,0,0,1,1,Feeding Frenzy,Fragile Focus,1,1,627,Feeding Frenzy+Fragile Focus,1886840007
1795,The Enigma,fallback,Glaive,Void,0,0,0,1,0,Feeding Frenzy,Proximity Power,1,1,599,Feeding Frenzy+Proximity Power,2595497736
1796,CALUS Mini-Tool,fallback,Submachine Gun,Solar,0,0,0,1,0,Slideways,Feeding Frenzy,1,1,429,Feeding Frenzy+Slideways,2490988246
1797,Coronach-22,fallback,Auto Rifle,Solar,0,0,0,0,1,Feeding Frenzy,Under-Over,1,1,197,Feeding Frenzy+Under-Over,355382946
1798,The Enigma,fallback,Glaive,Void,0,0,0,1,0,Feeding Frenzy,Unstoppable Force,1,1,599,Feeding Frenzy+Unstoppable Force,2595497736
1799,Without Remorse,fallback,Shotgun,Solar,0,0,0,1,0,Field Prep,Fragile Focus,1,1,501,Field Prep+Fragile Focus,1478986057
1800,Swarm of the Raven,fallback,Grenade Launcher,Void,0,0,0,0,1,Field Prep,Genesis,1,1,210,Field Prep+Genesis,433905699
1801,Recurrent Impact,fallback,Machine Gun,Stasis,0,0,0,1,0,Field Prep,Headstone,1,1,628,Field Prep+Headstone,1572896086
1802,Marsilion-C,fallback,Grenade Launcher,Solar,0,0,0,0,1,Field Prep,Impulse Amplifier,1,1,305,Field Prep+Impulse Amplifier,867154247
1803,Friction Fire,fallback,Submachine Gun,Kinetic,0,0,0,0,1,Field Prep,Slideways,1,1,379,Field Prep+Slideways,1513993763
1804,Father's Sins,fallback,Sniper Rifle,Void,0,0,0,1,0,Field Prep,Withering Gaze,1,1,692,Field Prep+Withering Gaze,3865728990
1805,Shattered Cipher,fallback,Machine Gun,Void,0,0,0,0,1,Field Prep,Zen Moment,1,1,282,Field Prep+Zen Moment,2434225986
1806,Accrued Redemption,fallback,Combat Bow,Kinetic,0,0,0,1,0,Offhand Strike,Firefly,1,1,546,Firefly+Offhand Strike,3621336854
1807,Sacred Provenance,fallback,Pulse Rifle,Kinetic,0,0,0,1,0,Steady Hands,Firefly,1,1,1014,Firefly+Steady Hands,2241507890
1808,Suspectum-4fr,fallback,Linear Fusion Rifle,Stasis,0,0,0,0,1,Headstone,Firing Line,1,1,139,Firing Line+Headstone,3615421669
1809,Veleda-F,fallback,Sniper Rifle,Void,0,0,0,0,1,Lone Wolf,Firing Line,1,1,365,Firing Line+Lone Wolf,4200122994
1810,Distant Tumulus,fallback,Sniper Rifle,Solar,0,0,0,0,1,Pulse Monitor,Firing Line,1,1,134,Firing Line+Pulse Monitor,2807687156
1811,Line in the Sand,fallback,Linear Fusion Rifle,Arc,0,0,0,0,1,Rangefinder,Firing Line,1,1,237,Firing Line+Rangefinder,946443267
1812,Veleda-F,fallback,Sniper Rifle,Void,0,0,0,0,1,Repulsor Brace,Firing Line,1,1,365,Firing Line+Repulsor Brace,4200122994
1813,Line in the Sand,fallback,Linear Fusion Rifle,Arc,0,0,0,0,1,Threat Detector,Firing Line,1,1,237,Firing Line+Threat Detector,946443267
1814,Shepherd's Watch,fallback,Sniper Rifle,Kinetic,0,0,0,0,1,Tunnel Vision,Firing Line,1,1,375,Firing Line+Tunnel Vision,3743729616
1815,Commemoration,fallback,Machine Gun,Void,0,0,0,1,0,Well-Rounded,Firing Line,1,1,875,Firing Line+Well-Rounded,4230965989
1816,Commemoration,fallback,Machine Gun,Void,0,0,0,1,0,Zen Moment,Firing Line,1,1,875,Firing Line+Zen Moment,4230965989
1817,Royal Executioner,fallback,Fusion Rifle,Solar,0,0,0,1,0,Firmly Planted,Killing Wind,1,1,521,Firmly Planted+Killing Wind,1720503118
1818,Succession,fallback,Sniper Rifle,Kinetic,0,0,0,1,0,Firmly Planted,Osmosis,1,1,748,Firmly Planted+Osmosis,2990047042
1819,Jian 7 Rifle,fallback,Pulse Rifle,Arc,0,0,0,0,1,Firmly Planted,Outlaw,1,1,161,Firmly Planted+Outlaw,1162247618
1820,Succession,fallback,Sniper Rifle,Kinetic,0,0,0,1,0,Firmly Planted,Recombination,1,1,748,Firmly Planted+Recombination,2990047042
1821,Succession,fallback,Sniper Rifle,Kinetic,0,0,0,1,0,Firmly Planted,Redirection,1,1,748,Firmly Planted+Redirection,2990047042
1822,Speleologist,fallback,Machine Gun,Solar,0,0,0,1,0,Firmly Planted,Strategist,1,1,496,Firmly Planted+Strategist,412251536
1823,Speleologist,fallback,Machine Gun,Solar,0,0,0,1,0,Firmly Planted,Target Lock,1,1,496,Firmly Planted+Target Lock,412251536
1824,Bequest,fallback,Sword,Arc,0,0,0,1,0,Killing Wind,Flash Counter,1,1,669,Flash Counter+Killing Wind,3366545721
1825,Throne-Cleaver,fallback,Sword,Solar,0,0,0,1,0,Flash Counter,Pugilist,1,1,389,Flash Counter+Pugilist,3371413059
1826,Bequest,fallback,Sword,Arc,0,0,0,1,0,Unrelenting,Flash Counter,1,1,669,Flash Counter+Unrelenting,3366545721
1827,Bequest,fallback,Sword,Arc,0,0,0,1,0,Wellspring,Flash Counter,1,1,669,Flash Counter+Wellspring,3366545721
1828,Corrasion,fallback,Pulse Rifle,Arc,0,0,0,1,1,High-Impact Reserves,Focused Fury,1,1,610,Focused Fury+High-Impact Reserves,2126178511
1829,Chattering Bone,fallback,Pulse Rifle,Kinetic,0,0,0,1,0,Kill Clip,Focused Fury,1,1,692,Focused Fury+Kill Clip,501329015
1830,Father's Sins,fallback,Sniper Rifle,Void,0,0,0,1,0,Light Touch,Focused Fury,1,1,692,Focused Fury+Light Touch,3865728990
1831,Scalar Potential,fallback,Pulse Rifle,Arc,0,0,0,1,0,Loose Change,Focused Fury,1,1,526,Focused Fury+Loose Change,2563668388
1832,The Supremacy,fallback,Sniper Rifle,Kinetic,0,0,0,1,0,Lucky Shot,Focused Fury,1,1,785,Focused Fury+Lucky Shot,2884596447
1833,Age-Old Bond,fallback,Auto Rifle,Void,0,0,0,1,0,Meganeura,Focused Fury,1,1,1058,Focused Fury+Meganeura,424291879
1834,Scalar Potential,fallback,Pulse Rifle,Arc,0,0,0,1,0,Permeability,Focused Fury,1,1,526,Focused Fury+Permeability,2563668388
1835,Fixed Odds,fallback,Machine Gun,Solar,0,0,0,1,0,Quickdraw,Focused Fury,1,1,374,Focused Fury+Quickdraw,2194955522
1836,Posterity,fallback,Hand Cannon,Arc,0,0,0,1,0,Supercharged Magazine,Focused Fury,1,1,1006,Focused Fury+Supercharged Magazine,3281285075
1837,Age-Old Bond,fallback,Auto Rifle,Void,0,0,0,1,0,Tap the Trigger,Focused Fury,1,1,1058,Focused Fury+Tap the Trigger,424291879
1838,Posterity,fallback,Hand Cannon,Arc,0,0,0,1,0,Trickle Charge,Focused Fury,1,1,1006,Focused Fury+Trickle Charge,3281285075
1839,Posterity,fallback,Hand Cannon,Arc,0,0,0,1,0,Voltshot,Focused Fury,1,1,1006,Focused Fury+Voltshot,3281285075
1840,Posterity,fallback,Hand Cannon,Arc,0,0,0,1,0,Wellspring,Focused Fury,1,1,1006,Focused Fury+Wellspring,3281285075
1841,Supercluster,fallback,Shotgun,Strand,0,0,0,1,0,Fourth Time's the Charm,Fragile Focus,1,1,489,Fourth Time's the Charm+Fragile Focus,92459755
1842,The Supremacy,fallback,Sniper Rifle,Kinetic,0,0,0,1,0,Genesis,Fourth Time's the Charm,1,1,785,Fourth Time's the Charm+Genesis,2884596447
1843,Warlord's Spear,fallback,Trace Rifle,Arc,0,0,0,0,1,Hip-Fire Grip,Fourth Time's the Charm,1,1,170,Fourth Time's the Charm+Hip-Fire Grip,1968711238
1844,The Supremacy,fallback,Sniper Rifle,Kinetic,0,0,0,1,0,Keep Away,Fourth Time's the Charm,1,1,785,Fourth Time's the Charm+Keep Away,2884596447
1845,Warlord's Spear,fallback,Trace Rifle,Arc,0,0,0,0,1,Loose Change,Fourth Time's the Charm,1,1,170,Fourth Time's the Charm+Loose Change,1968711238
1846,The Supremacy,fallback,Sniper Rifle,Kinetic,0,0,0,1,0,Lucky Shot,Fourth Time's the Charm,1,1,785,Fourth Time's the Charm+Lucky Shot,2884596447
1847,Firefright,fallback,Auto Rifle,Kinetic,0,0,0,1,0,Fourth Time's the Charm,Mulligan,1,1,381,Fourth Time's the Charm+Mulligan,2778013407
1848,Beloved,fallback,Sniper Rifle,Solar,0,0,0,1,0,Fourth Time's the Charm,Quickdraw,1,1,424,Fourth Time's the Charm+Quickdraw,3107853529
1849,The Supremacy,fallback,Sniper Rifle,Kinetic,0,0,0,1,0,Rapid Hit,Fourth Time's the Charm,1,1,785,Fourth Time's the Charm+Rapid Hit,2884596447
1850,Commemoration,fallback,Machine Gun,Void,0,0,0,1,0,Fourth Time's the Charm,Repulsor Brace,1,1,875,Fourth Time's the Charm+Repulsor Brace,4230965989
1851,Pleiades Corrector,fallback,Scout Rifle,Solar,0,0,0,0,1,Fourth Time's the Charm,Shield Disorient,1,1,341,Fourth Time's the Charm+Shield Disorient,3556999246
1852,IKELOS_SR_v1.0.3,fallback,Sniper Rifle,Solar,0,0,0,1,0,Fourth Time's the Charm,Slickdraw,1,1,512,Fourth Time's the Charm+Slickdraw,2302346155
1853,Pleiades Corrector,fallback,Scout Rifle,Solar,0,0,0,0,1,Fourth Time's the Charm,Sympathetic Arsenal,1,1,341,Fourth Time's the Charm+Sympathetic Arsenal,3556999246
1854,Tears of Contrition,fallback,Scout Rifle,Kinetic,0,0,0,1,0,Well-Rounded,Fourth Time's the Charm,1,1,524,Fourth Time's the Charm+Well-Rounded,1366394399
1855,The Showrunner,fallback,Submachine Gun,Kinetic,0,0,0,0,1,Grave Robber,Fragile Focus,1,1,180,Fragile Focus+Grave Robber,1999754402
1856,Firefright,fallback,Auto Rifle,Kinetic,0,0,0,1,0,Fragile Focus,Mulligan,1,1,381,Fragile Focus+Mulligan,2778013407
1857,The Showrunner,fallback,Submachine Gun,Kinetic,0,0,0,0,1,Overflow,Fragile Focus,1,1,180,Fragile Focus+Overflow,1999754402
1858,Supercluster,fallback,Shotgun,Strand,0,0,0,1,0,Reconstruction,Fragile Focus,1,1,489,Fragile Focus+Reconstruction,92459755
1859,Chronophage,fallback,Trace Rifle,Void,0,0,0,1,1,Shoot to Loot,Fragile Focus,1,1,627,Fragile Focus+Shoot to Loot,1886840007
1860,Supercluster,fallback,Shotgun,Strand,0,0,0,1,0,Slice,Fragile Focus,1,1,489,Fragile Focus+Slice,92459755
1861,Without Remorse,fallback,Shotgun,Solar,0,0,0,1,0,Stats for All,Fragile Focus,1,1,501,Fragile Focus+Stats for All,1478986057
1862,Without Remorse,fallback,Shotgun,Solar,0,0,0,1,0,Steady Hands,Fragile Focus,1,1,501,Fragile Focus+Steady Hands,1478986057
1863,Enyo-D,fallback,Submachine Gun,Kinetic,0,0,0,0,1,Fragile Focus,Sympathetic Arsenal,1,1,258,Fragile Focus+Sympathetic Arsenal,1601177201
1864,Lodbrok-C,fallback,Auto Rifle,Kinetic,0,0,0,0,1,Fragile Focus,Tap the Trigger,1,1,355,Fragile Focus+Tap the Trigger,2328531378
1865,Hand in Hand,fallback,Shotgun,Arc,0,0,0,0,1,Fragile Focus,Trench Barrel,1,1,190,Fragile Focus+Trench Barrel,664109750
1866,Controlling Vision,fallback,Sidearm,Kinetic,0,0,0,0,1,Fragile Focus,Under Pressure,1,1,118,Fragile Focus+Under Pressure,423343404
1867,Farewell,fallback,Sidearm,Kinetic,0,0,0,0,1,Full Auto Trigger System,Frenzy,1,1,384,Frenzy+Full Auto Trigger System,541188001
1868,Corrasion,fallback,Pulse Rifle,Arc,0,0,0,1,1,High-Impact Reserves,Frenzy,1,1,610,Frenzy+High-Impact Reserves,2126178511
1869,Tyranny of Heaven,fallback,Combat Bow,Solar,0,0,0,1,0,Meganeura,Frenzy,1,1,703,Frenzy+Meganeura,3388655311
1870,Ignition Code,fallback,Grenade Launcher,Kinetic,0,0,0,0,1,Permeability,Frenzy,1,1,229,Frenzy+Permeability,2761869150
1871,The Enigma,fallback,Glaive,Void,0,0,0,1,0,Replenishing Aegis,Frenzy,1,1,599,Frenzy+Replenishing Aegis,2595497736
1872,Posterity,fallback,Hand Cannon,Arc,0,0,0,1,0,Supercharged Magazine,Frenzy,1,1,1006,Frenzy+Supercharged Magazine,3281285075
1873,Pro Memoria,fallback,Machine Gun,Strand,0,0,0,1,0,Tear,Frenzy,1,1,674,Frenzy+Tear,3605603507
1874,The Vision,fallback,Sidearm,Arc,0,0,0,0,1,Full Auto Trigger System,One for All,1,1,332,Full Auto Trigger System+One for All,2414141462
1875,Royal Chase,fallback,Scout Rifle,Void,0,0,0,0,1,Full Auto Trigger System,Quickdraw,1,1,166,Full Auto Trigger System+Quickdraw,2776503072
1876,Enigma's Draw,fallback,Sidearm,Kinetic,0,0,0,0,1,Full Auto Trigger System,Rapid Hit,1,1,205,Full Auto Trigger System+Rapid Hit,1723380073
1877,The Vision,fallback,Sidearm,Arc,0,0,0,0,1,Full Auto Trigger System,Sympathetic Arsenal,1,1,332,Full Auto Trigger System+Sympathetic Arsenal,2414141462
1878,Farewell,fallback,Sidearm,Kinetic,0,0,0,0,1,Full Auto Trigger System,Unrelenting,1,1,384,Full Auto Trigger System+Unrelenting,541188001
1879,Swarm of the Raven,fallback,Grenade Launcher,Void,0,0,0,0,1,Pulse Monitor,Full Court,1,1,210,Full Court+Pulse Monitor,433905699
1880,Marsilion-C,fallback,Grenade Launcher,Solar,0,0,0,0,1,Shot Swap,Full Court,1,1,305,Full Court+Shot Swap,867154247
1881,Swarm of the Raven,fallback,Grenade Launcher,Void,0,0,0,0,1,Slickdraw,Full Court,1,1,210,Full Court+Slickdraw,433905699
1882,Marsilion-C,fallback,Grenade Launcher,Solar,0,0,0,0,1,Turnabout,Full Court,1,1,305,Full Court+Turnabout,867154247
1883,Nation of Beasts,fallback,Hand Cannon,Arc,0,0,0,1,0,Gear Shift,Golden Tricorn,1,1,789,Gear Shift+Golden Tricorn,70083888
1884,Nation of Beasts,fallback,Hand Cannon,Arc,0,0,0,1,0,Gear Shift,Golden Tricorn Enhanced,1,1,789,Gear Shift+Golden Tricorn Enhanced,70083888
1885,Nation of Beasts,fallback,Hand Cannon,Arc,0,0,0,1,0,Gear Shift,Harmony,1,1,789,Gear Shift+Harmony,70083888
1886,Nation of Beasts,fallback,Hand Cannon,Arc,0,0,0,1,0,Gear Shift,Jolting Feedback,1,1,789,Gear Shift+Jolting Feedback,70083888
1887,Nation of Beasts,fallback,Hand Cannon,Arc,0,0,0,1,0,Gear Shift,Kill Clip,1,1,789,Gear Shift+Kill Clip,70083888
1888,Nation of Beasts,fallback,Hand Cannon,Arc,0,0,0,1,0,Gear Shift,Offhand Strike,1,1,789,Gear Shift+Offhand Strike,70083888
1889,Prophet of Doom,fallback,Shotgun,Arc,0,0,0,1,0,Slideways,Gear Shift,1,1,478,Gear Shift+Slideways,2145441168
1890,Posterity,fallback,Hand Cannon,Arc,0,0,0,1,0,Genesis,Gutshot Straight,1,1,1006,Genesis+Gutshot Straight,3281285075
1891,Recurrent Impact,fallback,Machine Gun,Stasis,0,0,0,1,0,Genesis,Headstone,1,1,628,Genesis+Headstone,1572896086
1892,Come to Pass,fallback,Auto Rifle,Arc,0,0,0,1,0,Genesis,Jolting Feedback,1,1,738,Genesis+Jolting Feedback,927567426
1893,Tarantula,fallback,Linear Fusion Rifle,Arc,0,0,0,0,1,Genesis,Kill Clip,1,1,328,Genesis+Kill Clip,3335343363
1894,The Supremacy,fallback,Sniper Rifle,Kinetic,0,0,0,1,0,Genesis,Kinetic Tremors,1,1,785,Genesis+Kinetic Tremors,2884596447
1895,Martyr's Retribution,fallback,Grenade Launcher,Solar,0,0,0,0,1,Genesis,Lead from Gold,1,1,230,Genesis+Lead from Gold,3850168899
1896,Distant Tumulus,fallback,Sniper Rifle,Solar,0,0,0,0,1,Genesis,Outlaw,1,1,134,Genesis+Outlaw,2807687156
1897,Swarm of the Raven,fallback,Grenade Launcher,Void,0,0,0,0,1,Pulse Monitor,Genesis,1,1,210,Genesis+Pulse Monitor,433905699
1898,Martyr's Retribution,fallback,Grenade Launcher,Solar,0,0,0,0,1,Genesis,Rangefinder,1,1,230,Genesis+Rangefinder,3850168899
1899,Posterity,fallback,Hand Cannon,Arc,0,0,0,1,0,Genesis,Redirection,1,1,1006,Genesis+Redirection,3281285075
1900,Swarm of the Raven,fallback,Grenade Launcher,Void,0,0,0,0,1,Slickdraw,Genesis,1,1,210,Genesis+Slickdraw,433905699
1901,Recurrent Impact,fallback,Machine Gun,Stasis,0,0,0,1,0,Genesis,Tap the Trigger,1,1,628,Genesis+Tap the Trigger,1572896086
1902,Techeun Force,fallback,Fusion Rifle,Arc,0,0,0,1,0,Kill Clip,Golden Tricorn,1,1,675,Golden Tricorn+Kill Clip,3591141932
1903,Qua Furor V,fallback,Machine Gun,Stasis,0,0,0,0,1,Recycled Energy,Golden Tricorn,1,1,266,Golden Tricorn+Recycled Energy,751880654
1904,Come to Pass,fallback,Auto Rifle,Arc,0,0,0,1,0,Supercharged Magazine,Golden Tricorn,1,1,738,Golden Tricorn+Supercharged Magazine,927567426
1905,Techeun Force,fallback,Fusion Rifle,Arc,0,0,0,1,0,Kill Clip,Golden Tricorn Enhanced,1,1,675,Golden Tricorn Enhanced+Kill Clip,3591141932
1906,Red Herring,fallback,Rocket Launcher,Void,0,0,0,1,0,Quickdraw,Golden Tricorn Enhanced,1,1,695,Golden Tricorn Enhanced+Quickdraw,3175851496
1907,Qua Furor V,fallback,Machine Gun,Stasis,0,0,0,0,1,Recycled Energy,Golden Tricorn Enhanced,1,1,266,Golden Tricorn Enhanced+Recycled Energy,751880654
1908,Come to Pass,fallback,Auto Rifle,Arc,0,0,0,1,0,Supercharged Magazine,Golden Tricorn Enhanced,1,1,738,Golden Tricorn Enhanced+Supercharged Magazine,927567426
1909,The Showrunner,fallback,Submachine Gun,Kinetic,0,0,0,0,1,Grave Robber,Kinetic Tremors,1,1,180,Grave Robber+Kinetic Tremors,1999754402
1910,The Enigma,fallback,Glaive,Void,0,0,0,1,0,Grave Robber,Proximity Power,1,1,599,Grave Robber+Proximity Power,2595497736
1911,Enigma's Draw,fallback,Sidearm,Kinetic,0,0,0,0,1,Grave Robber,Rapid Hit,1,1,205,Grave Robber+Rapid Hit,1723380073
1912,Blood Feud,fallback,Submachine Gun,Stasis,0,0,0,1,0,Grave Robber,Well-Rounded,1,1,618,Grave Robber+Well-Rounded,1509167284
1913,Dark Decider,fallback,Auto Rifle,Arc,0,0,0,0,1,Iron Grip,Gutshot Straight,1,1,174,Gutshot Straight+Iron Grip,540880995
1914,Whispering Slab,fallback,Combat Bow,Kinetic,0,0,0,0,1,Lone Wolf,Gutshot Straight,1,1,431,Gutshot Straight+Lone Wolf,690341468
1915,The Guiding Sight,fallback,Scout Rifle,Strand,0,0,0,0,1,Gutshot Straight,Precision Instrument,1,1,346,Gutshot Straight+Precision Instrument,1161561386
1916,Posterity,fallback,Hand Cannon,Arc,0,0,0,1,0,Reconstruction,Gutshot Straight,1,1,1006,Gutshot Straight+Reconstruction,3281285075
1917,Posterity,fallback,Hand Cannon,Arc,0,0,0,1,0,Supercharged Magazine,Gutshot Straight,1,1,1006,Gutshot Straight+Supercharged Magazine,3281285075
1918,Posterity,fallback,Hand Cannon,Arc,0,0,0,1,0,Voltshot,Gutshot Straight,1,1,1006,Gutshot Straight+Voltshot,3281285075
1919,Fire and Forget,fallback,Linear Fusion Rifle,Stasis,0,0,0,1,0,Headstone,Harmony,1,1,716,Harmony+Headstone,2272041093
1920,Judgment of Kelgorath,fallback,Glaive,Solar,0,0,0,1,0,Immovable Object,Harmony,1,1,432,Harmony+Immovable Object,2978226043
1921,Chattering Bone,fallback,Pulse Rifle,Kinetic,0,0,0,1,0,Kill Clip,Harmony,1,1,692,Harmony+Kill Clip,501329015
1922,Age-Old Bond,fallback,Auto Rifle,Void,0,0,0,1,0,Meganeura,Harmony,1,1,1058,Harmony+Meganeura,424291879
1923,Planck's Stride,fallback,Machine Gun,Arc,0,0,0,1,1,Mulligan,Harmony,1,1,663,Harmony+Mulligan,820890091
1924,Nation of Beasts,fallback,Hand Cannon,Arc,0,0,0,1,0,Opening Shot,Harmony,1,1,789,Harmony+Opening Shot,70083888
1925,Ignition Code,fallback,Grenade Launcher,Kinetic,0,0,0,0,1,Permeability,Harmony,1,1,229,Harmony+Permeability,2761869150
1926,Bitter/Sweet,fallback,Grenade Launcher,Arc,0,0,0,0,1,Reverberation,Harmony,1,1,323,Harmony+Reverberation,2599338625
1927,Chattering Bone,fallback,Pulse Rifle,Kinetic,0,0,0,1,0,Stopping Power,Harmony,1,1,692,Harmony+Stopping Power,501329015
1928,Age-Old Bond,fallback,Auto Rifle,Void,0,0,0,1,0,Tap the Trigger,Harmony,1,1,1058,Harmony+Tap the Trigger,424291879
1929,Judgment of Kelgorath,fallback,Glaive,Solar,0,0,0,1,0,Tilting at Windmills,Harmony,1,1,432,Harmony+Tilting at Windmills,2978226043
1930,Pro Memoria,fallback,Machine Gun,Strand,0,0,0,1,0,Hatchling,Mega Kill Clip,1,1,674,Hatchling+Mega Kill Clip,3605603507
1931,Disparity,fallback,Pulse Rifle,Stasis,0,0,0,1,0,No Distractions,Headseeker,1,1,694,Headseeker+No Distractions,1751893422
1932,Scalar Potential,fallback,Pulse Rifle,Arc,0,0,0,1,0,Overflow,Headseeker,1,1,526,Headseeker+Overflow,2563668388
1933,Scalar Potential,fallback,Pulse Rifle,Arc,0,0,0,1,0,Permeability,Headseeker,1,1,526,Headseeker+Permeability,2563668388
1934,Suspectum-4fr,fallback,Linear Fusion Rifle,Stasis,0,0,0,0,1,Headstone,High Ground,1,1,139,Headstone+High Ground,3615421669
1935,Fire and Forget,fallback,Linear Fusion Rifle,Stasis,0,0,0,1,0,Headstone,Vorpal Weapon,1,1,716,Headstone+Vorpal Weapon,2272041093
1936,Speleologist,fallback,Machine Gun,Solar,0,0,0,1,0,Heal Clip,Killing Tally,1,1,496,Heal Clip+Killing Tally,412251536
1937,The Eremite,fallback,Fusion Rifle,Solar,0,0,0,1,1,Heal Clip,Pugilist,1,1,433,Heal Clip+Pugilist,3347946548
1938,Speleologist,fallback,Machine Gun,Solar,0,0,0,1,0,Heal Clip,Strategist,1,1,496,Heal Clip+Strategist,412251536
1939,Trustee,fallback,Scout Rifle,Solar,0,0,0,1,0,Heal Clip,Sympathetic Arsenal,1,1,953,Heal Clip+Sympathetic Arsenal,1392919471
1940,Trustee,fallback,Scout Rifle,Solar,0,0,0,1,0,Heal Clip,Wellspring,1,1,953,Heal Clip+Wellspring,1392919471
1941,Iota Draconis,fallback,Fusion Rifle,Solar,0,0,0,0,1,Heating Up,Kickstart,1,1,280,Heating Up+Kickstart,3044460004
1942,Sailspy Pitchglass,fallback,Linear Fusion Rifle,Arc,0,0,0,1,1,Outlaw,Heating Up,1,1,694,Heating Up+Outlaw,1184309824
1943,Adverse Possession IX,fallback,Scout Rifle,Arc,0,0,0,0,1,Overflow,Heating Up,1,1,156,Heating Up+Overflow,1890332078
1944,Psi Hermetic V,fallback,Pulse Rifle,Stasis,0,0,0,0,1,Heating Up,Perpetual Motion,1,1,365,Heating Up+Perpetual Motion,358788212
1945,Sailspy Pitchglass,fallback,Linear Fusion Rifle,Arc,0,0,0,1,1,Rapid Hit,Heating Up,1,1,694,Heating Up+Rapid Hit,1184309824
1946,Noxious Vetiver,fallback,Submachine Gun,Arc,0,0,0,0,1,Heating Up,Redirection,1,1,292,Heating Up+Redirection,825495813
1947,Forensic Nightmare,fallback,Submachine Gun,Stasis,0,0,0,1,0,Heating Up,Sword Logic,1,1,609,Heating Up+Sword Logic,1526296434
1948,Forensic Nightmare,fallback,Submachine Gun,Stasis,0,0,0,1,0,Heating Up,Sympathetic Arsenal,1,1,609,Heating Up+Sympathetic Arsenal,1526296434
1949,Adverse Possession IX,fallback,Scout Rifle,Arc,0,0,0,0,1,Threat Detector,Heating Up,1,1,156,Heating Up+Threat Detector,1890332078
1950,Cantata-57,fallback,Hand Cannon,Arc,0,0,0,0,1,Heating Up,Timed Payload,1,1,344,Heating Up+Timed Payload,372697604
1951,Shattered Cipher,fallback,Machine Gun,Void,0,0,0,0,1,Heating Up,Zen Moment,1,1,282,Heating Up+Zen Moment,2434225986
1952,Corrasion,fallback,Pulse Rifle,Arc,0,0,0,1,1,High-Impact Reserves,High Ground,1,1,610,High Ground+High-Impact Reserves,2126178511
1953,Ignition Code,fallback,Grenade Launcher,Kinetic,0,0,0,0,1,Slideshot,High Ground,1,1,229,High Ground+Slideshot,2761869150
1954,Iota Draconis,fallback,Fusion Rifle,Solar,0,0,0,0,1,Lead from Gold,High-Impact Reserves,1,1,280,High-Impact Reserves+Lead from Gold,3044460004
1955,Corrasion,fallback,Pulse Rifle,Arc,0,0,0,1,1,High-Impact Reserves,One for All,1,1,610,High-Impact Reserves+One for All,2126178511
1956,Battle Scar,fallback,Pulse Rifle,Kinetic,0,0,0,0,1,Shot Swap,High-Impact Reserves,1,1,206,High-Impact Reserves+Shot Swap,2099894368
1957,Chattering Bone,fallback,Pulse Rifle,Kinetic,0,0,0,1,0,Stopping Power,High-Impact Reserves,1,1,692,High-Impact Reserves+Stopping Power,501329015
1958,Corrasion,fallback,Pulse Rifle,Arc,0,0,0,1,1,High-Impact Reserves,Swashbuckler,1,1,610,High-Impact Reserves+Swashbuckler,2126178511
1959,Vantage Point,fallback,Pulse Rifle,Arc,0,0,0,0,1,To the Pain,High-Impact Reserves,1,1,309,High-Impact Reserves+To the Pain,3830941962
1960,Commemoration,fallback,Machine Gun,Void,0,0,0,1,0,Well-Rounded,High-Impact Reserves,1,1,875,High-Impact Reserves+Well-Rounded,4230965989
1961,Firefright,fallback,Auto Rifle,Kinetic,0,0,0,1,0,Hip-Fire Grip,Mulligan,1,1,381,Hip-Fire Grip+Mulligan,2778013407
1962,Subjunctive,fallback,Submachine Gun,Arc,0,0,0,1,0,Hip-Fire Grip,Permeability,1,1,765,Hip-Fire Grip+Permeability,1447836603
1963,Heritage,fallback,Shotgun,Kinetic,0,0,0,1,0,Hip-Fire Grip,Recombination,1,1,724,Hip-Fire Grip+Recombination,4248569242
1964,Fioritura-59,fallback,Sidearm,Void,0,0,0,0,1,Hip-Fire Grip,Repulsor Brace,1,1,348,Hip-Fire Grip+Repulsor Brace,2566006935
1965,Arsenic Bite-4b,fallback,Combat Bow,Arc,0,0,0,0,1,Hip-Fire Grip,Sneak Bow,1,1,117,Hip-Fire Grip+Sneak Bow,720351795
1966,Judgment of Kelgorath,fallback,Glaive,Solar,0,0,0,1,0,Immovable Object,Impulse Amplifier,1,1,432,Immovable Object+Impulse Amplifier,2978226043
1967,The Enigma,fallback,Glaive,Void,0,0,0,1,0,Impulse Amplifier,Kill Clip,1,1,599,Impulse Amplifier+Kill Clip,2595497736
1968,Accrued Redemption,fallback,Combat Bow,Kinetic,0,0,0,1,0,Impulse Amplifier,Kinetic Tremors,1,1,546,Impulse Amplifier+Kinetic Tremors,3621336854
1969,Accrued Redemption,fallback,Combat Bow,Kinetic,0,0,0,1,0,Impulse Amplifier,Lone Wolf,1,1,546,Impulse Amplifier+Lone Wolf,3621336854
1970,Imperial Needle,fallback,Combat Bow,Void,0,0,0,0,1,Impulse Amplifier,Opening Shot,1,1,274,Impulse Amplifier+Opening Shot,3460122497
1971,Judgment of Kelgorath,fallback,Glaive,Solar,0,0,0,1,0,Overflow,Impulse Amplifier,1,1,432,Impulse Amplifier+Overflow,2978226043
1972,Marsilion-C,fallback,Grenade Launcher,Solar,0,0,0,0,1,Perpetual Motion,Impulse Amplifier,1,1,305,Impulse Amplifier+Perpetual Motion,867154247
1973,Accrued Redemption,fallback,Combat Bow,Kinetic,0,0,0,1,0,Impulse Amplifier,Rapid Hit,1,1,546,Impulse Amplifier+Rapid Hit,3621336854
1974,Marsilion-C,fallback,Grenade Launcher,Solar,0,0,0,0,1,Snapshot Sights,Impulse Amplifier,1,1,305,Impulse Amplifier+Snapshot Sights,867154247
1975,Fel Taradiddle,fallback,Combat Bow,Kinetic,0,0,0,1,0,Impulse Amplifier,Sword Logic,1,1,604,Impulse Amplifier+Sword Logic,1399109800
1976,Imperial Needle,fallback,Combat Bow,Void,0,0,0,0,1,Impulse Amplifier,Sympathetic Arsenal,1,1,274,Impulse Amplifier+Sympathetic Arsenal,3460122497
1977,Judgment of Kelgorath,fallback,Glaive,Solar,0,0,0,1,0,Tilting at Windmills,Impulse Amplifier,1,1,432,Impulse Amplifier+Tilting at Windmills,2978226043
1978,Omniscient Eye,fallback,Sniper Rifle,Solar,0,0,0,1,0,Lucky Shot,Incandescent,1,1,684,Incandescent+Lucky Shot,147444292
1979,Tyranny of Heaven,fallback,Combat Bow,Solar,0,0,0,1,0,Meganeura,Incandescent,1,1,703,Incandescent+Meganeura,3388655311
1980,Omniscient Eye,fallback,Sniper Rifle,Solar,0,0,0,1,0,Mulligan,Incandescent,1,1,684,Incandescent+Mulligan,147444292
1981,The Domino,fallback,Sniper Rifle,Solar,0,0,0,0,1,Pulse Monitor,Incandescent,1,1,243,Incandescent+Pulse Monitor,2800870005
1982,Apex Predator,fallback,Rocket Launcher,Solar,0,0,0,1,0,Incandescent,Reaper's Tithe,1,1,690,Incandescent+Reaper's Tithe,1851777734
1983,Tyranny of Heaven,fallback,Combat Bow,Solar,0,0,0,1,0,Successful Warm-Up,Incandescent,1,1,703,Incandescent+Successful Warm-Up,3388655311
1984,Throne-Cleaver,fallback,Sword,Solar,0,0,0,1,0,Thresh,Incandescent,1,1,389,Incandescent+Thresh,3371413059
1985,Targeted Redaction,fallback,Hand Cannon,Void,0,0,0,1,1,Invisible Hand,Keep Away,1,1,534,Invisible Hand+Keep Away,3890055324
1986,Dark Decider,fallback,Auto Rifle,Arc,0,0,0,0,1,Iron Grip,Rangefinder,1,1,174,Iron Grip+Rangefinder,540880995
1987,Forge's Pledge,fallback,Pulse Rifle,Solar,0,0,0,0,1,Surplus,Iron Grip,1,1,578,Iron Grip+Surplus,1076810832
1988,Dark Decider,fallback,Auto Rifle,Arc,0,0,0,0,1,Iron Grip,Voltshot,1,1,174,Iron Grip+Voltshot,540880995
1989,Bequest,fallback,Sword,Arc,0,0,0,1,0,Jolting Feedback,One for All,1,1,669,Jolting Feedback+One for All,3366545721
1990,Bequest,fallback,Sword,Arc,0,0,0,1,0,Jolting Feedback,Redirection,1,1,669,Jolting Feedback+Redirection,3366545721
1991,Bequest,fallback,Sword,Arc,0,0,0,1,0,Jolting Feedback,Surrounded,1,1,669,Jolting Feedback+Surrounded,3366545721
1992,Prophet of Doom,fallback,Shotgun,Arc,0,0,0,1,0,Threat Detector,Jolting Feedback,1,1,478,Jolting Feedback+Threat Detector,2145441168
1993,Prophet of Doom,fallback,Shotgun,Arc,0,0,0,1,0,Threat Remover,Jolting Feedback,1,1,478,Jolting Feedback+Threat Remover,2145441168
1994,Noxious Vetiver,fallback,Submachine Gun,Arc,0,0,0,0,1,Thresh,Jolting Feedback,1,1,292,Jolting Feedback+Thresh,825495813
1995,Come to Pass,fallback,Auto Rifle,Arc,0,0,0,1,0,Triple Tap,Jolting Feedback,1,1,738,Jolting Feedback+Triple Tap,927567426
1996,Bequest,fallback,Sword,Arc,0,0,0,1,0,Jolting Feedback,Vorpal Weapon,1,1,669,Jolting Feedback+Vorpal Weapon,3366545721
1997,Doomed Petitioner,fallback,Linear Fusion Rifle,Void,0,0,0,1,0,Keep Away,Loose Change,1,1,585,Keep Away+Loose Change,1501688142
1998,Battle Scar,fallback,Pulse Rifle,Kinetic,0,0,0,0,1,Keep Away,Multikill Clip,1,1,206,Keep Away+Multikill Clip,2099894368
1999,Adverse Possession IX,fallback,Scout Rifle,Arc,0,0,0,0,1,Overflow,Keep Away,1,1,156,Keep Away+Overflow,1890332078
2000,Targeted Redaction,fallback,Hand Cannon,Void,0,0,0,1,1,Perfect Float,Keep Away,1,1,534,Keep Away+Perfect Float,3890055324
2001,Trustee,fallback,Scout Rifle,Solar,0,0,0,1,0,Keep Away,Sympathetic Arsenal,1,1,953,Keep Away+Sympathetic Arsenal,1392919471
2002,Adverse Possession IX,fallback,Scout Rifle,Arc,0,0,0,0,1,Threat Detector,Keep Away,1,1,156,Keep Away+Threat Detector,1890332078
2003,Targeted Redaction,fallback,Hand Cannon,Void,0,0,0,1,1,Well-Rounded,Keep Away,1,1,534,Keep Away+Well-Rounded,3890055324
2004,Scatter Signal,fallback,Fusion Rifle,Strand,0,0,0,1,0,Overflow,Kickstart,1,1,340,Kickstart+Overflow,2558925366
2005,Cruoris FR4,fallback,Fusion Rifle,Arc,0,0,0,0,1,Recycled Energy,Kickstart,1,1,165,Kickstart+Recycled Energy,891996636
2006,Zealot's Reward,fallback,Fusion Rifle,Void,0,0,0,1,0,Repulsor Brace,Kickstart,1,1,632,Kickstart+Repulsor Brace,2720651699
2007,Techeun Force,fallback,Fusion Rifle,Arc,0,0,0,1,0,Rewind Rounds,Kickstart,1,1,675,Kickstart+Rewind Rounds,3591141932
2008,Scatter Signal,fallback,Fusion Rifle,Strand,0,0,0,1,0,Slice,Kickstart,1,1,340,Kickstart+Slice,2558925366
2009,Cruoris FR4,fallback,Fusion Rifle,Arc,0,0,0,0,1,Stats for All,Kickstart,1,1,165,Kickstart+Stats for All,891996636
2010,Zealot's Reward,fallback,Fusion Rifle,Void,0,0,0,1,0,Subsistence,Kickstart,1,1,632,Kickstart+Subsistence,2720651699
2011,The Enigma,fallback,Glaive,Void,0,0,0,1,0,Lead from Gold,Kill Clip,1,1,599,Kill Clip+Lead from Gold,2595497736
2012,Age-Old Bond,fallback,Auto Rifle,Void,0,0,0,1,0,Meganeura,Kill Clip,1,1,1058,Kill Clip+Meganeura,424291879
2013,Lodbrok-C,fallback,Auto Rifle,Kinetic,0,0,0,0,1,Osmosis,Kill Clip,1,1,355,Kill Clip+Osmosis,2328531378
2014,Optative,fallback,Hand Cannon,Void,0,0,0,1,0,Permeability,Kill Clip,1,1,621,Kill Clip+Permeability,2817683783
2015,The Enigma,fallback,Glaive,Void,0,0,0,1,0,Replenishing Aegis,Kill Clip,1,1,599,Kill Clip+Replenishing Aegis,2595497736
2016,Sacred Provenance,fallback,Pulse Rifle,Kinetic,0,0,0,1,0,Stopping Power,Kill Clip,1,1,1014,Kill Clip+Stopping Power,2241507890
2017,The Enigma,fallback,Glaive,Void,0,0,0,1,0,Tilting at Windmills,Kill Clip,1,1,599,Kill Clip+Tilting at Windmills,2595497736
2018,Hollow Denial,fallback,Trace Rifle,Void,0,0,0,1,0,Lead from Gold,Killing Tally,1,1,389,Killing Tally+Lead from Gold,2323544076
2019,Bitter/Sweet,fallback,Grenade Launcher,Arc,0,0,0,0,1,Perpetual Motion,Killing Tally,1,1,323,Killing Tally+Perpetual Motion,2599338625
2020,Fixed Odds,fallback,Machine Gun,Solar,0,0,0,1,0,Quickdraw,Killing Tally,1,1,374,Killing Tally+Quickdraw,2194955522
2021,Hollow Denial,fallback,Trace Rifle,Void,0,0,0,1,0,Rangefinder,Killing Tally,1,1,389,Killing Tally+Rangefinder,2323544076
2022,Bitter/Sweet,fallback,Grenade Launcher,Arc,0,0,0,0,1,Reverberation,Killing Tally,1,1,323,Killing Tally+Reverberation,2599338625
2023,Fixed Odds,fallback,Machine Gun,Solar,0,0,0,1,0,Under Pressure,Killing Tally,1,1,374,Killing Tally+Under Pressure,2194955522
2024,Commemoration,fallback,Machine Gun,Void,0,0,0,1,0,Zen Moment,Killing Tally,1,1,875,Killing Tally+Zen Moment,4230965989
2025,Red Herring,fallback,Rocket Launcher,Void,0,0,0,1,0,Killing Wind,Lasting Impression,1,1,695,Killing Wind+Lasting Impression,3175851496
2026,Heritage,fallback,Shotgun,Kinetic,0,0,0,1,0,Outlaw,Killing Wind,1,1,724,Killing Wind+Outlaw,4248569242
2027,Reckless Oracle,fallback,Auto Rifle,Void,0,0,0,1,0,Killing Wind,Paracausal Affinity,1,1,805,Killing Wind+Paracausal Affinity,1992309064
2028,Succession,fallback,Sniper Rifle,Kinetic,0,0,0,1,0,Killing Wind,Recombination,1,1,748,Killing Wind+Recombination,2990047042
2029,Heritage,fallback,Shotgun,Kinetic,0,0,0,1,0,Reconstruction,Killing Wind,1,1,724,Killing Wind+Reconstruction,4248569242
2030,Boondoggle Mk. 55,fallback,Submachine Gun,Kinetic,0,0,0,0,1,To the Pain,Killing Wind,1,1,276,Killing Wind+To the Pain,32287609
2031,The Supremacy,fallback,Sniper Rifle,Kinetic,0,0,0,1,0,Lead from Gold,Kinetic Tremors,1,1,785,Kinetic Tremors+Lead from Gold,2884596447
2032,The Showrunner,fallback,Submachine Gun,Kinetic,0,0,0,0,1,Overflow,Kinetic Tremors,1,1,180,Kinetic Tremors+Overflow,1999754402
2033,Empirical Evidence,fallback,Sidearm,Kinetic,0,0,0,1,0,Pulse Monitor,Kinetic Tremors,1,1,742,Kinetic Tremors+Pulse Monitor,2607304614
2034,Battle Scar,fallback,Pulse Rifle,Kinetic,0,0,0,0,1,Shot Swap,Kinetic Tremors,1,1,206,Kinetic Tremors+Shot Swap,2099894368
2035,Sacred Provenance,fallback,Pulse Rifle,Kinetic,0,0,0,1,0,Steady Hands,Kinetic Tremors,1,1,1014,Kinetic Tremors+Steady Hands,2241507890
2036,Accrued Redemption,fallback,Combat Bow,Kinetic,0,0,0,1,0,Wellspring,Kinetic Tremors,1,1,546,Kinetic Tremors+Wellspring,3621336854
2037,Faith-Keeper,fallback,Rocket Launcher,Void,0,0,0,1,1,Repulsor Brace,Lasting Impression,1,1,558,Lasting Impression+Repulsor Brace,4195186942
2038,Faith-Keeper,fallback,Rocket Launcher,Void,0,0,0,1,1,Strategist,Lasting Impression,1,1,558,Lasting Impression+Strategist,4195186942
2039,Distant Tumulus,fallback,Sniper Rifle,Solar,0,0,0,0,1,Lead from Gold,Outlaw,1,1,134,Lead from Gold+Outlaw,2807687156
2040,The Enigma,fallback,Glaive,Void,0,0,0,1,0,Lead from Gold,Proximity Power,1,1,599,Lead from Gold+Proximity Power,2595497736
2041,Martyr's Retribution,fallback,Grenade Launcher,Solar,0,0,0,0,1,Pulse Monitor,Lead from Gold,1,1,230,Lead from Gold+Pulse Monitor,3850168899
2042,Hollow Denial,fallback,Trace Rifle,Void,0,0,0,1,0,Lead from Gold,Repulsor Brace,1,1,389,Lead from Gold+Repulsor Brace,2323544076
2043,Prophet of Doom,fallback,Shotgun,Arc,0,0,0,1,0,Light Touch,One-Two Punch,1,1,478,Light Touch+One-Two Punch,2145441168
2044,Omniscient Eye,fallback,Sniper Rifle,Solar,0,0,0,1,0,Light Touch,Precision Instrument,1,1,684,Light Touch+Precision Instrument,147444292
2045,Reckless Oracle,fallback,Auto Rifle,Void,0,0,0,1,0,Light Touch,Repulsor Brace,1,1,805,Light Touch+Repulsor Brace,1992309064
2046,Prophet of Doom,fallback,Shotgun,Arc,0,0,0,1,0,Light Touch,Trench Barrel,1,1,478,Light Touch+Trench Barrel,2145441168
2047,Father's Sins,fallback,Sniper Rifle,Void,0,0,0,1,0,Light Touch,Turnabout,1,1,692,Light Touch+Turnabout,3865728990
2048,Neoptolemus II,fallback,Combat Bow,Kinetic,0,0,0,0,1,Pugilist,Lone Wolf,1,1,121,Lone Wolf+Pugilist,2848549302
2049,Neoptolemus II,fallback,Combat Bow,Kinetic,0,0,0,0,1,Slickdraw,Lone Wolf,1,1,121,Lone Wolf+Slickdraw,2848549302
2050,Chattering Bone,fallback,Pulse Rifle,Kinetic,0,0,0,1,0,Slideways,Lone Wolf,1,1,692,Lone Wolf+Slideways,501329015
2051,Chattering Bone,fallback,Pulse Rifle,Kinetic,0,0,0,1,0,Stopping Power,Lone Wolf,1,1,692,Lone Wolf+Stopping Power,501329015
2052,Neoptolemus II,fallback,Combat Bow,Kinetic,0,0,0,0,1,Strategist,Lone Wolf,1,1,121,Lone Wolf+Strategist,2848549302
2053,Empirical Evidence,fallback,Sidearm,Kinetic,0,0,0,1,0,Lone Wolf,Thresh,1,1,742,Lone Wolf+Thresh,2607304614
2054,Accrued Redemption,fallback,Combat Bow,Kinetic,0,0,0,1,0,Tunnel Vision,Lone Wolf,1,1,546,Lone Wolf+Tunnel Vision,3621336854
2055,Father's Sins,fallback,Sniper Rifle,Void,0,0,0,1,0,Lone Wolf,Turnabout,1,1,692,Lone Wolf+Turnabout,3865728990
2056,Empirical Evidence,fallback,Sidearm,Kinetic,0,0,0,1,0,Lone Wolf,Unrelenting,1,1,742,Lone Wolf+Unrelenting,2607304614
2057,Doomed Petitioner,fallback,Linear Fusion Rifle,Void,0,0,0,1,0,Permeability,Loose Change,1,1,585,Loose Change+Permeability,1501688142
2058,Doomed Petitioner,fallback,Linear Fusion Rifle,Void,0,0,0,1,0,Reconstruction,Loose Change,1,1,585,Loose Change+Reconstruction,1501688142
2059,Hollow Words,fallback,Fusion Rifle,Arc,0,0,0,0,1,Loose Change,Successful Warm-Up,1,1,282,Loose Change+Successful Warm-Up,342027677
2060,Doomed Petitioner,fallback,Linear Fusion Rifle,Void,0,0,0,1,0,Threat Detector,Loose Change,1,1,585,Loose Change+Threat Detector,1501688142
2061,Omniscient Eye,fallback,Sniper Rifle,Solar,0,0,0,1,0,Lucky Shot,Snapshot Sights,1,1,684,Lucky Shot+Snapshot Sights,147444292
2062,Pro Memoria,fallback,Machine Gun,Strand,0,0,0,1,0,Lucky Shot,Tap the Trigger,1,1,674,Lucky Shot+Tap the Trigger,3605603507
2063,Pro Memoria,fallback,Machine Gun,Strand,0,0,0,1,0,Lucky Shot,Target Lock,1,1,674,Lucky Shot+Target Lock,3605603507
2064,Pro Memoria,fallback,Machine Gun,Strand,0,0,0,1,0,Strategist,Mega Kill Clip,1,1,674,Mega Kill Clip+Strategist,3605603507
2065,Pro Memoria,fallback,Machine Gun,Strand,0,0,0,1,0,Tear,Mega Kill Clip,1,1,674,Mega Kill Clip+Tear,3605603507
2066,Pro Memoria,fallback,Machine Gun,Strand,0,0,0,1,0,To the Pain,Mega Kill Clip,1,1,674,Mega Kill Clip+To the Pain,3605603507
2067,Tyranny of Heaven,fallback,Combat Bow,Solar,0,0,0,1,0,Meganeura,One for All,1,1,703,Meganeura+One for All,3388655311
2068,Trustee,fallback,Scout Rifle,Solar,0,0,0,1,0,Perpetual Motion,Meganeura,1,1,953,Meganeura+Perpetual Motion,1392919471
2069,Age-Old Bond,fallback,Auto Rifle,Void,0,0,0,1,0,Meganeura,Rampage,1,1,1058,Meganeura+Rampage,424291879
2070,Tyranny of Heaven,fallback,Combat Bow,Solar,0,0,0,1,0,Meganeura,Swashbuckler,1,1,703,Meganeura+Swashbuckler,3388655311
2071,Age-Old Bond,fallback,Auto Rifle,Void,0,0,0,1,0,Meganeura,Target Lock,1,1,1058,Meganeura+Target Lock,424291879
2072,Trustee,fallback,Scout Rifle,Solar,0,0,0,1,0,Under Pressure,Meganeura,1,1,953,Meganeura+Under Pressure,1392919471
2073,Trustee,fallback,Scout Rifle,Solar,0,0,0,1,0,Zen Moment,Meganeura,1,1,953,Meganeura+Zen Moment,1392919471
2074,Succession,fallback,Sniper Rifle,Kinetic,0,0,0,1,0,Moving Target,Recombination,1,1,748,Moving Target+Recombination,2990047042
2075,Arsenic Bite-4b,fallback,Combat Bow,Arc,0,0,0,0,1,Moving Target,Sneak Bow,1,1,117,Moving Target+Sneak Bow,720351795
2076,Pizzicato-22,fallback,Submachine Gun,Kinetic,0,0,0,0,1,Mulligan,Multikill Clip,1,1,311,Mulligan+Multikill Clip,4100775158
2077,Tears of Contrition,fallback,Scout Rifle,Kinetic,0,0,0,1,0,No Distractions,Mulligan,1,1,524,Mulligan+No Distractions,1366394399
2078,Planck's Stride,fallback,Machine Gun,Arc,0,0,0,1,1,Mulligan,One for All,1,1,663,Mulligan+One for All,820890091
2079,The Domino,fallback,Sniper Rifle,Solar,0,0,0,0,1,Overflow,Mulligan,1,1,243,Mulligan+Overflow,2800870005
2080,Tears of Contrition,fallback,Scout Rifle,Kinetic,0,0,0,1,0,Perpetual Motion,Mulligan,1,1,524,Mulligan+Perpetual Motion,1366394399
2081,Omniscient Eye,fallback,Sniper Rifle,Solar,0,0,0,1,0,Mulligan,Precision Instrument,1,1,684,Mulligan+Precision Instrument,147444292
2082,The Domino,fallback,Sniper Rifle,Solar,0,0,0,0,1,Pulse Monitor,Mulligan,1,1,243,Mulligan+Pulse Monitor,2800870005
2083,The Domino,fallback,Sniper Rifle,Solar,0,0,0,0,1,Shoot to Loot,Mulligan,1,1,243,Mulligan+Shoot to Loot,2800870005
2084,The Domino,fallback,Sniper Rifle,Solar,0,0,0,0,1,Shot Swap,Mulligan,1,1,243,Mulligan+Shot Swap,2800870005
2085,The Domino,fallback,Sniper Rifle,Solar,0,0,0,0,1,Slideways,Mulligan,1,1,243,Mulligan+Slideways,2800870005
2086,Omniscient Eye,fallback,Sniper Rifle,Solar,0,0,0,1,0,Mulligan,Snapshot Sights,1,1,684,Mulligan+Snapshot Sights,147444292
2087,The Domino,fallback,Sniper Rifle,Solar,0,0,0,0,1,Subsistence,Mulligan,1,1,243,Mulligan+Subsistence,2800870005
2088,Planck's Stride,fallback,Machine Gun,Arc,0,0,0,1,1,Mulligan,Tap the Trigger,1,1,663,Mulligan+Tap the Trigger,820890091
2089,Planck's Stride,fallback,Machine Gun,Arc,0,0,0,1,1,Mulligan,Thresh,1,1,663,Mulligan+Thresh,820890091
2090,Tears of Contrition,fallback,Scout Rifle,Kinetic,0,0,0,1,0,Triple Tap,Mulligan,1,1,524,Mulligan+Triple Tap,1366394399
2091,Annual Skate,fallback,Hand Cannon,Solar,0,0,0,0,1,Triple Tap,Multikill Clip,1,1,328,Multikill Clip+Triple Tap,6857689
2092,Combined Action,fallback,Hand Cannon,Arc,0,0,0,0,1,No Distractions,Offhand Strike,1,1,176,No Distractions+Offhand Strike,1331824604
2093,Brya's Love,fallback,Scout Rifle,Void,0,0,0,1,0,No Distractions,Pugilist,1,1,743,No Distractions+Pugilist,2779821308
2094,Fixed Odds,fallback,Machine Gun,Solar,0,0,0,1,0,No Distractions,Rangefinder,1,1,374,No Distractions+Rangefinder,2194955522
2095,Succession,fallback,Sniper Rifle,Kinetic,0,0,0,1,0,No Distractions,Recombination,1,1,748,No Distractions+Recombination,2990047042
2096,Commemoration,fallback,Machine Gun,Void,0,0,0,1,0,No Distractions,Repulsor Brace,1,1,875,No Distractions+Repulsor Brace,4230965989
2097,Royal Chase,fallback,Scout Rifle,Void,0,0,0,0,1,No Distractions,Threat Detector,1,1,166,No Distractions+Threat Detector,2776503072
2098,Commemoration,fallback,Machine Gun,Void,0,0,0,1,0,No Distractions,Under Pressure,1,1,875,No Distractions+Under Pressure,4230965989
2099,Combined Action,fallback,Hand Cannon,Arc,0,0,0,0,1,No Distractions,Voltshot,1,1,176,No Distractions+Voltshot,1331824604
2100,Heritage,fallback,Shotgun,Kinetic,0,0,0,1,0,Outlaw,Offhand Strike,1,1,724,Offhand Strike+Outlaw,4248569242
2101,Optative,fallback,Hand Cannon,Void,0,0,0,1,0,Permeability,Offhand Strike,1,1,621,Offhand Strike+Permeability,2817683783
2102,Heritage,fallback,Shotgun,Kinetic,0,0,0,1,0,Redirection,Offhand Strike,1,1,724,Offhand Strike+Redirection,4248569242
2103,Controlling Vision,fallback,Sidearm,Kinetic,0,0,0,0,1,Slickdraw,Offhand Strike,1,1,118,Offhand Strike+Slickdraw,423343404
2104,Heritage,fallback,Shotgun,Kinetic,0,0,0,1,0,Slideshot,Offhand Strike,1,1,724,Offhand Strike+Slideshot,4248569242
2105,Controlling Vision,fallback,Sidearm,Kinetic,0,0,0,0,1,Surplus,Offhand Strike,1,1,118,Offhand Strike+Surplus,423343404
2106,Nation of Beasts,fallback,Hand Cannon,Arc,0,0,0,1,0,Trickle Charge,Offhand Strike,1,1,789,Offhand Strike+Trickle Charge,70083888
2107,Legato-11,fallback,Shotgun,Solar,0,0,0,0,1,Triple Tap,Offhand Strike,1,1,375,Offhand Strike+Triple Tap,3753063346
2108,Reckless Oracle,fallback,Auto Rifle,Void,0,0,0,1,0,Tap the Trigger,One for All,1,1,805,One for All+Tap the Trigger,1992309064
2109,Prophet of Doom,fallback,Shotgun,Arc,0,0,0,1,0,Reconstruction,One-Two Punch,1,1,478,One-Two Punch+Reconstruction,2145441168
2110,Hand in Hand,fallback,Shotgun,Arc,0,0,0,0,1,Shot Swap,One-Two Punch,1,1,190,One-Two Punch+Shot Swap,664109750
2111,Without Remorse,fallback,Shotgun,Solar,0,0,0,1,0,Stats for All,One-Two Punch,1,1,501,One-Two Punch+Stats for All,1478986057
2112,IKELOS_SG_v1.0.3,fallback,Shotgun,Solar,0,0,0,1,0,Turnabout,One-Two Punch,1,1,714,One-Two Punch+Turnabout,1168625549
2113,Ros Arago IV,fallback,Auto Rifle,Void,0,0,0,0,1,Permeability,Onslaught,1,1,226,Onslaught+Permeability,3583275737
2114,Ros Arago IV,fallback,Auto Rifle,Void,0,0,0,0,1,Repulsor Brace,Onslaught,1,1,226,Onslaught+Repulsor Brace,3583275737
2115,Ros Arago IV,fallback,Auto Rifle,Void,0,0,0,0,1,Slickdraw,Onslaught,1,1,226,Onslaught+Slickdraw,3583275737
2116,Marcato-45,fallback,Machine Gun,Strand,0,0,0,0,1,Steady Hands,Onslaught,1,1,272,Onslaught+Steady Hands,4233375372
2117,Marcato-45,fallback,Machine Gun,Strand,0,0,0,0,1,Triple Tap,Onslaught,1,1,272,Onslaught+Triple Tap,4233375372
2118,Nation of Beasts,fallback,Hand Cannon,Arc,0,0,0,1,0,Opening Shot,Rolling Storm,1,1,789,Opening Shot+Rolling Storm,70083888
2119,Battle Scar,fallback,Pulse Rifle,Kinetic,0,0,0,0,1,Perfect Float,Osmosis,1,1,206,Osmosis+Perfect Float,2099894368
2120,Succession,fallback,Sniper Rifle,Kinetic,0,0,0,1,0,Reconstruction,Osmosis,1,1,748,Osmosis+Reconstruction,2990047042
2121,Dire Promise,fallback,Hand Cannon,Kinetic,0,0,0,0,1,Snapshot Sights,Osmosis,1,1,146,Osmosis+Snapshot Sights,2742838701
2122,Boudica-C,fallback,Sidearm,Kinetic,0,0,0,0,1,Stats for All,Osmosis,1,1,508,Osmosis+Stats for All,1916287826
2123,Succession,fallback,Sniper Rifle,Kinetic,0,0,0,1,0,Stopping Power,Osmosis,1,1,748,Osmosis+Stopping Power,2990047042
2124,Lodbrok-C,fallback,Auto Rifle,Kinetic,0,0,0,0,1,Osmosis,Tap the Trigger,1,1,355,Osmosis+Tap the Trigger,2328531378
2125,Lodbrok-C,fallback,Auto Rifle,Kinetic,0,0,0,0,1,Osmosis,Wellspring,1,1,355,Osmosis+Wellspring,2328531378
2126,Psi Hermetic V,fallback,Pulse Rifle,Stasis,0,0,0,0,1,Outlaw,Perpetual Motion,1,1,365,Outlaw+Perpetual Motion,358788212
2127,Distant Tumulus,fallback,Sniper Rifle,Solar,0,0,0,0,1,Pulse Monitor,Outlaw,1,1,134,Outlaw+Pulse Monitor,2807687156
2128,Heritage,fallback,Shotgun,Kinetic,0,0,0,1,0,Outlaw,Recombination,1,1,724,Outlaw+Recombination,4248569242
2129,Trustee,fallback,Scout Rifle,Solar,0,0,0,1,0,Outlaw,Redirection,1,1,953,Outlaw+Redirection,1392919471
2130,Pleiades Corrector,fallback,Scout Rifle,Solar,0,0,0,0,1,Outlaw,Shield Disorient,1,1,341,Outlaw+Shield Disorient,3556999246
2131,Dire Promise,fallback,Hand Cannon,Kinetic,0,0,0,0,1,Overflow,Rangefinder,1,1,146,Overflow+Rangefinder,2742838701
2132,IKELOS_SR_v1.0.3,fallback,Sniper Rifle,Solar,0,0,0,1,0,Overflow,Slickdraw,1,1,512,Overflow+Slickdraw,2302346155
2133,Adverse Possession IX,fallback,Scout Rifle,Arc,0,0,0,0,1,Overflow,Sympathetic Arsenal,1,1,156,Overflow+Sympathetic Arsenal,1890332078
2134,Gallu RR3,fallback,Sniper Rifle,Arc,0,0,0,0,1,Overflow,Turnabout,1,1,318,Overflow+Turnabout,617501162
2135,Dire Promise,fallback,Hand Cannon,Kinetic,0,0,0,0,1,Overflow,Under Pressure,1,1,146,Overflow+Under Pressure,2742838701
2136,Reckless Oracle,fallback,Auto Rifle,Void,0,0,0,1,0,Strategist,Paracausal Affinity,1,1,805,Paracausal Affinity+Strategist,1992309064
2137,Reckless Oracle,fallback,Auto Rifle,Void,0,0,0,1,0,Subsistence,Paracausal Affinity,1,1,805,Paracausal Affinity+Subsistence,1992309064
2138,Reckless Oracle,fallback,Auto Rifle,Void,0,0,0,1,0,Tap the Trigger,Paracausal Affinity,1,1,805,Paracausal Affinity+Tap the Trigger,1992309064
2139,Posterity,fallback,Hand Cannon,Arc,0,0,0,1,0,Perfect Float,Redirection,1,1,1006,Perfect Float+Redirection,3281285075
2140,Neoptolemus II,fallback,Combat Bow,Kinetic,0,0,0,0,1,Slickdraw,Perfect Float,1,1,121,Perfect Float+Slickdraw,2848549302
2141,Jararaca-3sr,fallback,Scout Rifle,Stasis,0,0,0,0,1,Perfect Float,Snapshot Sights,1,1,362,Perfect Float+Snapshot Sights,1851521408
2142,Neoptolemus II,fallback,Combat Bow,Kinetic,0,0,0,0,1,Strategist,Perfect Float,1,1,121,Perfect Float+Strategist,2848549302
2143,Combined Action,fallback,Hand Cannon,Arc,0,0,0,0,1,Perfect Float,Timed Payload,1,1,176,Perfect Float+Timed Payload,1331824604
2144,Persuader,fallback,Sniper Rifle,Void,0,0,0,0,1,Perfect Float,Triple Tap,1,1,320,Perfect Float+Triple Tap,781498181
2145,Posterity,fallback,Hand Cannon,Arc,0,0,0,1,0,Perfect Float,Unrelenting,1,1,1006,Perfect Float+Unrelenting,3281285075
2146,Crux Termination IV,fallback,Rocket Launcher,Arc,0,0,0,0,1,Permeability,Quickdraw,1,1,130,Permeability+Quickdraw,1719687748
2147,Ignition Code,fallback,Grenade Launcher,Kinetic,0,0,0,0,1,Permeability,Reverberation,1,1,229,Permeability+Reverberation,2761869150
2148,Subjunctive,fallback,Submachine Gun,Arc,0,0,0,1,0,Shoot to Loot,Permeability,1,1,765,Permeability+Shoot to Loot,1447836603
2149,Ignition Code,fallback,Grenade Launcher,Kinetic,0,0,0,0,1,Permeability,Strategist,1,1,229,Permeability+Strategist,2761869150
2150,Subjunctive,fallback,Submachine Gun,Arc,0,0,0,1,0,Threat Detector,Permeability,1,1,765,Permeability+Threat Detector,1447836603
2151,Crux Termination IV,fallback,Rocket Launcher,Arc,0,0,0,0,1,Permeability,Tracking Module,1,1,130,Permeability+Tracking Module,1719687748
2152,Subjunctive,fallback,Submachine Gun,Arc,0,0,0,1,0,Under Pressure,Permeability,1,1,765,Permeability+Under Pressure,1447836603
2153,Ignition Code,fallback,Grenade Launcher,Kinetic,0,0,0,0,1,Permeability,Vorpal Weapon,1,1,229,Permeability+Vorpal Weapon,2761869150
2154,Optative,fallback,Hand Cannon,Void,0,0,0,1,0,Permeability,Wellspring,1,1,621,Permeability+Wellspring,2817683783
2155,Optative,fallback,Hand Cannon,Void,0,0,0,1,0,Permeability,Zen Moment,1,1,621,Permeability+Zen Moment,2817683783
2156,Trustee,fallback,Scout Rifle,Solar,0,0,0,1,0,Perpetual Motion,Redirection,1,1,953,Perpetual Motion+Redirection,1392919471
2157,Pizzicato-22,fallback,Submachine Gun,Kinetic,0,0,0,0,1,Perpetual Motion,Threat Detector,1,1,311,Perpetual Motion+Threat Detector,4100775158
2158,Ancient Gospel,fallback,Hand Cannon,Void,0,0,0,1,0,Rampage,Precision Instrument,1,1,818,Precision Instrument+Rampage,963574173
2159,Sovereignty,fallback,Sniper Rifle,Void,0,0,0,0,1,Steady Hands,Precision Instrument,1,1,335,Precision Instrument+Steady Hands,3818198556
2160,Accrued Redemption,fallback,Combat Bow,Kinetic,0,0,0,1,0,Wellspring,Precision Instrument,1,1,546,Precision Instrument+Wellspring,3621336854
2161,The Enigma,fallback,Glaive,Void,0,0,0,1,0,Replenishing Aegis,Proximity Power,1,1,599,Proximity Power+Replenishing Aegis,2595497736
2162,The Enigma,fallback,Glaive,Void,0,0,0,1,0,Subsistence,Proximity Power,1,1,599,Proximity Power+Subsistence,2595497736
2163,The Enigma,fallback,Glaive,Void,0,0,0,1,0,Threat Detector,Proximity Power,1,1,599,Proximity Power+Threat Detector,2595497736
2164,The Enigma,fallback,Glaive,Void,0,0,0,1,0,Tilting at Windmills,Proximity Power,1,1,599,Proximity Power+Tilting at Windmills,2595497736
2165,Heritage,fallback,Shotgun,Kinetic,0,0,0,1,0,Pugilist,Recombination,1,1,724,Pugilist+Recombination,4248569242
2166,Posterity,fallback,Hand Cannon,Arc,0,0,0,1,0,Reconstruction,Pugilist,1,1,1006,Pugilist+Reconstruction,3281285075
2167,Neoptolemus II,fallback,Combat Bow,Kinetic,0,0,0,0,1,Pugilist,Sneak Bow,1,1,121,Pugilist+Sneak Bow,2848549302
2168,Throne-Cleaver,fallback,Sword,Solar,0,0,0,1,0,Tireless Blade,Pugilist,1,1,389,Pugilist+Tireless Blade,3371413059
2169,Posterity,fallback,Hand Cannon,Arc,0,0,0,1,0,Trickle Charge,Pugilist,1,1,1006,Pugilist+Trickle Charge,3281285075
2170,The Eremite,fallback,Fusion Rifle,Solar,0,0,0,1,1,Pulse Monitor,Reservoir Burst,1,1,433,Pulse Monitor+Reservoir Burst,3347946548
2171,Berenger's Memory,fallback,Grenade Launcher,Void,0,0,0,0,1,Pulse Monitor,Shield Disorient,1,1,287,Pulse Monitor+Shield Disorient,407621213
2172,Deafening Whisper,fallback,Grenade Launcher,Void,0,0,0,0,1,Pulse Monitor,Threat Detector,1,1,368,Pulse Monitor+Threat Detector,981718087
2173,The Epicurean,fallback,Fusion Rifle,Void,0,0,0,1,0,Quickdraw,Repulsor Brace,1,1,352,Quickdraw+Repulsor Brace,2263839058
2174,Berenger's Memory,fallback,Grenade Launcher,Void,0,0,0,0,1,Quickdraw,Shield Disorient,1,1,287,Quickdraw+Shield Disorient,407621213
2175,Royal Chase,fallback,Scout Rifle,Void,0,0,0,0,1,Slideways,Quickdraw,1,1,166,Quickdraw+Slideways,2776503072
2176,Arsenic Bite-4b,fallback,Combat Bow,Arc,0,0,0,0,1,Quickdraw,Sneak Bow,1,1,117,Quickdraw+Sneak Bow,720351795
2177,Thoughtless,fallback,Sniper Rifle,Stasis,0,0,0,1,0,Steady Hands,Quickdraw,1,1,422,Quickdraw+Steady Hands,4067556514
2178,The Enigma,fallback,Glaive,Void,0,0,0,1,0,Replenishing Aegis,Rampage,1,1,599,Rampage+Replenishing Aegis,2595497736
2179,Ancient Gospel,fallback,Hand Cannon,Void,0,0,0,1,0,Rampage,Swashbuckler,1,1,818,Rampage+Swashbuckler,963574173
2180,The Enigma,fallback,Glaive,Void,0,0,0,1,0,Tilting at Windmills,Rampage,1,1,599,Rampage+Tilting at Windmills,2595497736
2181,Techeun Force,fallback,Fusion Rifle,Arc,0,0,0,1,0,Reconstruction,Rangefinder,1,1,675,Rangefinder+Reconstruction,3591141932
2182,Techeun Force,fallback,Fusion Rifle,Arc,0,0,0,1,0,Rewind Rounds,Rangefinder,1,1,675,Rangefinder+Rewind Rounds,3591141932
2183,Techeun Force,fallback,Fusion Rifle,Arc,0,0,0,1,0,Slideways,Rangefinder,1,1,675,Rangefinder+Slideways,3591141932
2184,Neoptolemus II,fallback,Combat Bow,Kinetic,0,0,0,0,1,Rangefinder,Sneak Bow,1,1,121,Rangefinder+Sneak Bow,2848549302
2185,Hoosegow,fallback,Rocket Launcher,Arc,0,0,0,0,1,Tracking Module,Rangefinder,1,1,262,Rangefinder+Tracking Module,3669616453
2186,Trustee,fallback,Scout Rifle,Solar,0,0,0,1,0,Rapid Hit,Sympathetic Arsenal,1,1,953,Rapid Hit+Sympathetic Arsenal,1392919471
2187,Cantata-57,fallback,Hand Cannon,Arc,0,0,0,0,1,Rapid Hit,Timed Payload,1,1,344,Rapid Hit+Timed Payload,372697604
2188,Accrued Redemption,fallback,Combat Bow,Kinetic,0,0,0,1,0,Tunnel Vision,Rapid Hit,1,1,546,Rapid Hit+Tunnel Vision,3621336854
2189,Apex Predator,fallback,Rocket Launcher,Solar,0,0,0,1,0,Threat Detector,Reaper's Tithe,1,1,690,Reaper's Tithe+Threat Detector,1851777734
2190,Heritage,fallback,Shotgun,Kinetic,0,0,0,1,0,Redirection,Recombination,1,1,724,Recombination+Redirection,4248569242
2191,Succession,fallback,Sniper Rifle,Kinetic,0,0,0,1,0,Shot Swap,Recombination,1,1,748,Recombination+Shot Swap,2990047042
2192,Heritage,fallback,Shotgun,Kinetic,0,0,0,1,0,Slideshot,Recombination,1,1,724,Recombination+Slideshot,4248569242
2193,Succession,fallback,Sniper Rifle,Kinetic,0,0,0,1,0,Slideways,Recombination,1,1,748,Recombination+Slideways,2990047042
2194,Succession,fallback,Sniper Rifle,Kinetic,0,0,0,1,0,Stopping Power,Recombination,1,1,748,Recombination+Stopping Power,2990047042
2195,Commemoration,fallback,Machine Gun,Void,0,0,0,1,0,Reconstruction,Repulsor Brace,1,1,875,Reconstruction+Repulsor Brace,4230965989
2196,Trustee,fallback,Scout Rifle,Solar,0,0,0,1,0,Reconstruction,Sympathetic Arsenal,1,1,953,Reconstruction+Sympathetic Arsenal,1392919471
2197,Crux Termination IV,fallback,Rocket Launcher,Arc,0,0,0,0,1,Reconstruction,Tracking Module,1,1,130,Reconstruction+Tracking Module,1719687748
2198,Prophet of Doom,fallback,Shotgun,Arc,0,0,0,1,0,Reconstruction,Trench Barrel,1,1,478,Reconstruction+Trench Barrel,2145441168
2199,Red Herring,fallback,Rocket Launcher,Void,0,0,0,1,0,Reconstruction,Turnabout,1,1,695,Reconstruction+Turnabout,3175851496
2200,Commemoration,fallback,Machine Gun,Void,0,0,0,1,0,Reconstruction,Under Pressure,1,1,875,Reconstruction+Under Pressure,4230965989
2201,Cruoris FR4,fallback,Fusion Rifle,Arc,0,0,0,0,1,Recycled Energy,Rolling Storm,1,1,165,Recycled Energy+Rolling Storm,891996636
2202,Cruoris FR4,fallback,Fusion Rifle,Arc,0,0,0,0,1,Recycled Energy,Successful Warm-Up,1,1,165,Recycled Energy+Successful Warm-Up,891996636
2203,Qua Furor V,fallback,Machine Gun,Stasis,0,0,0,0,1,Recycled Energy,Tap the Trigger,1,1,266,Recycled Energy+Tap the Trigger,751880654
2204,Exuviae,fallback,Hand Cannon,Stasis,0,0,0,0,1,Rimestealer,Redirection,1,1,412,Redirection+Rimestealer,2823644677
2205,Succession,fallback,Sniper Rifle,Kinetic,0,0,0,1,0,Shot Swap,Redirection,1,1,748,Redirection+Shot Swap,2990047042
2206,Succession,fallback,Sniper Rifle,Kinetic,0,0,0,1,0,Slideways,Redirection,1,1,748,Redirection+Slideways,2990047042
2207,Exuviae,fallback,Hand Cannon,Stasis,0,0,0,0,1,Stats for All,Redirection,1,1,412,Redirection+Stats for All,2823644677
2208,Heritage,fallback,Shotgun,Kinetic,0,0,0,1,0,Redirection,Swashbuckler,1,1,724,Redirection+Swashbuckler,4248569242
2209,Trustee,fallback,Scout Rifle,Solar,0,0,0,1,0,Under Pressure,Redirection,1,1,953,Redirection+Under Pressure,1392919471
2210,Posterity,fallback,Hand Cannon,Arc,0,0,0,1,0,Voltshot,Redirection,1,1,1006,Redirection+Voltshot,3281285075
2211,Commemoration,fallback,Machine Gun,Void,0,0,0,1,0,Well-Rounded,Redirection,1,1,875,Redirection+Well-Rounded,4230965989
2212,Honor's Edge,fallback,Sword,Arc,0,0,0,0,1,Relentless Strikes,Shattering Blade,1,1,148,Relentless Strikes+Shattering Blade,2857348871
2213,The Enigma,fallback,Glaive,Void,0,0,0,1,0,Replenishing Aegis,Thresh,1,1,599,Replenishing Aegis+Thresh,2595497736
2214,Zealot's Reward,fallback,Fusion Rifle,Void,0,0,0,1,0,Repulsor Brace,Reservoir Burst,1,1,632,Repulsor Brace+Reservoir Burst,2720651699
2215,Reckless Oracle,fallback,Auto Rifle,Void,0,0,0,1,0,Strategist,Repulsor Brace,1,1,805,Repulsor Brace+Strategist,1992309064
2216,Ancient Gospel,fallback,Hand Cannon,Void,0,0,0,1,0,Repulsor Brace,To the Pain,1,1,818,Repulsor Brace+To the Pain,963574173
2217,Snorri FR5,fallback,Fusion Rifle,Void,0,0,0,0,1,Steady Hands,Reservoir Burst,1,1,356,Reservoir Burst+Steady Hands,4114929480
2218,Snorri FR5,fallback,Fusion Rifle,Void,0,0,0,0,1,Surplus,Reservoir Burst,1,1,356,Reservoir Burst+Surplus,4114929480
2219,Ignition Code,fallback,Grenade Launcher,Kinetic,0,0,0,0,1,Slideshot,Reverberation,1,1,229,Reverberation+Slideshot,2761869150
2220,Ignition Code,fallback,Grenade Launcher,Kinetic,0,0,0,0,1,Steady Hands,Reverberation,1,1,229,Reverberation+Steady Hands,2761869150
2221,Revoker,fallback,Sniper Rifle,Kinetic,0,0,0,0,1,Snapshot Sights,Reversal of Fortune,1,1,1,Reversal of Fortune+Snapshot Sights,654608616
2222,Ros Arago IV,fallback,Auto Rifle,Void,0,0,0,0,1,Rewind Rounds,Under-Over,1,1,226,Rewind Rounds+Under-Over,3583275737
2223,Forensic Nightmare,fallback,Submachine Gun,Stasis,0,0,0,1,0,Rimestealer,Sympathetic Arsenal,1,1,609,Rimestealer+Sympathetic Arsenal,1526296434
2224,Hollow Words,fallback,Fusion Rifle,Arc,0,0,0,0,1,Slickdraw,Rolling Storm,1,1,282,Rolling Storm+Slickdraw,342027677
2225,Hollow Words,fallback,Fusion Rifle,Arc,0,0,0,0,1,Steady Hands,Rolling Storm,1,1,282,Rolling Storm+Steady Hands,342027677
2226,Come to Pass,fallback,Auto Rifle,Arc,0,0,0,1,0,Triple Tap,Rolling Storm,1,1,738,Rolling Storm+Triple Tap,927567426
2227,Honor's Edge,fallback,Sword,Arc,0,0,0,0,1,Tireless Blade,Shattering Blade,1,1,148,Shattering Blade+Tireless Blade,2857348871
2228,Pleiades Corrector,fallback,Scout Rifle,Solar,0,0,0,0,1,Subsistence,Shield Disorient,1,1,341,Shield Disorient+Subsistence,3556999246
2229,Pleiades Corrector,fallback,Scout Rifle,Solar,0,0,0,0,1,Surplus,Shield Disorient,1,1,341,Shield Disorient+Surplus,3556999246
2230,Judgment of Kelgorath,fallback,Glaive,Solar,0,0,0,1,0,Shot Swap,Unstoppable Force,1,1,432,Shot Swap+Unstoppable Force,2978226043
2231,Neoptolemus II,fallback,Combat Bow,Kinetic,0,0,0,0,1,Slickdraw,Sneak Bow,1,1,121,Slickdraw+Sneak Bow,2848549302
2232,Planck's Stride,fallback,Machine Gun,Arc,0,0,0,1,1,Slickdraw,Tap the Trigger,1,1,663,Slickdraw+Tap the Trigger,820890091
2233,Controlling Vision,fallback,Sidearm,Kinetic,0,0,0,0,1,Slickdraw,Threat Detector,1,1,118,Slickdraw+Threat Detector,423343404
2234,Neoptolemus II,fallback,Combat Bow,Kinetic,0,0,0,0,1,Slickdraw,Tunnel Vision,1,1,121,Slickdraw+Tunnel Vision,2848549302
2235,Controlling Vision,fallback,Sidearm,Kinetic,0,0,0,0,1,Slickdraw,Under Pressure,1,1,118,Slickdraw+Under Pressure,423343404
2236,Veleda-F,fallback,Sniper Rifle,Void,0,0,0,0,1,Slickdraw,Withering Gaze,1,1,365,Slickdraw+Withering Gaze,4200122994
2237,Ignition Code,fallback,Grenade Launcher,Kinetic,0,0,0,0,1,Slideshot,Strategist,1,1,229,Slideshot+Strategist,2761869150
2238,Annual Skate,fallback,Hand Cannon,Solar,0,0,0,0,1,Slideshot,Timed Payload,1,1,328,Slideshot+Timed Payload,6857689
2239,Crux Termination IV,fallback,Rocket Launcher,Arc,0,0,0,0,1,Slideshot,Tracking Module,1,1,130,Slideshot+Tracking Module,1719687748
2240,Speleologist,fallback,Machine Gun,Solar,0,0,0,1,0,Slideways,Strategist,1,1,496,Slideways+Strategist,412251536
2241,Friction Fire,fallback,Submachine Gun,Kinetic,0,0,0,0,1,Subsistence,Slideways,1,1,379,Slideways+Subsistence,1513993763
2242,Likely Suspect,fallback,Fusion Rifle,Void,0,0,0,1,0,Slideways,Successful Warm-Up,1,1,812,Slideways+Successful Warm-Up,1994645182
2243,Likely Suspect,fallback,Fusion Rifle,Void,0,0,0,1,0,Slideways,Turnabout,1,1,812,Slideways+Turnabout,1994645182
2244,Controlling Vision,fallback,Sidearm,Kinetic,0,0,0,0,1,Slideways,Under Pressure,1,1,118,Slideways+Under Pressure,423343404
2245,Arsenic Bite-4b,fallback,Combat Bow,Arc,0,0,0,0,1,Snapshot Sights,Sneak Bow,1,1,117,Snapshot Sights+Sneak Bow,720351795
2246,Succession,fallback,Sniper Rifle,Kinetic,0,0,0,1,0,Stopping Power,Snapshot Sights,1,1,748,Snapshot Sights+Stopping Power,2990047042
2247,Red Herring,fallback,Rocket Launcher,Void,0,0,0,1,0,Tracking Module,Snapshot Sights,1,1,695,Snapshot Sights+Tracking Module,3175851496
2248,Beloved,fallback,Sniper Rifle,Solar,0,0,0,1,0,Snapshot Sights,Turnabout,1,1,424,Snapshot Sights+Turnabout,3107853529
2249,Neoptolemus II,fallback,Combat Bow,Kinetic,0,0,0,0,1,Strategist,Sneak Bow,1,1,121,Sneak Bow+Strategist,2848549302
2250,Imperial Needle,fallback,Combat Bow,Void,0,0,0,0,1,Sneak Bow,Sympathetic Arsenal,1,1,274,Sneak Bow+Sympathetic Arsenal,3460122497
2251,Imperial Needle,fallback,Combat Bow,Void,0,0,0,0,1,Sneak Bow,Thresh,1,1,274,Sneak Bow+Thresh,3460122497
2252,Neoptolemus II,fallback,Combat Bow,Kinetic,0,0,0,0,1,To the Pain,Sneak Bow,1,1,121,Sneak Bow+To the Pain,2848549302
2253,Tripwire Canary,fallback,Combat Bow,Arc,0,0,0,1,0,Sneak Bow,Under-Over,1,1,479,Sneak Bow+Under-Over,3849444474
2254,Ignition Code,fallback,Grenade Launcher,Kinetic,0,0,0,0,1,Steady Hands,Strategist,1,1,229,Steady Hands+Strategist,2761869150
2255,Succession,fallback,Sniper Rifle,Kinetic,0,0,0,1,0,Stopping Power,Thresh,1,1,748,Stopping Power+Thresh,2990047042
2256,Pro Memoria,fallback,Machine Gun,Strand,0,0,0,1,0,Strategist,Tap the Trigger,1,1,674,Strategist+Tap the Trigger,3605603507
2257,Neoptolemus II,fallback,Combat Bow,Kinetic,0,0,0,0,1,Strategist,Tunnel Vision,1,1,121,Strategist+Tunnel Vision,2848549302
2258,The Enigma,fallback,Glaive,Void,0,0,0,1,0,Subsistence,Unstoppable Force,1,1,599,Subsistence+Unstoppable Force,2595497736
2259,Lethophobia,fallback,Combat Bow,Void,0,0,0,1,0,Successful Warm-Up,Surrounded,1,1,462,Successful Warm-Up+Surrounded,3710082365
2260,Fel Taradiddle,fallback,Combat Bow,Kinetic,0,0,0,1,0,To the Pain,Successful Warm-Up,1,1,604,Successful Warm-Up+To the Pain,1399109800
2261,Under Your Skin,fallback,Combat Bow,Void,0,0,0,1,0,Tunnel Vision,Successful Warm-Up,1,1,324,Successful Warm-Up+Tunnel Vision,232928045
2262,Raconteur,fallback,Combat Bow,Stasis,0,0,0,1,0,Wellspring,Successful Warm-Up,1,1,453,Successful Warm-Up+Wellspring,45643573
2263,Come to Pass,fallback,Auto Rifle,Arc,0,0,0,1,0,Supercharged Magazine,Turnabout,1,1,738,Supercharged Magazine+Turnabout,927567426
2264,Posterity,fallback,Hand Cannon,Arc,0,0,0,1,0,Supercharged Magazine,Unrelenting,1,1,1006,Supercharged Magazine+Unrelenting,3281285075
2265,Come to Pass,fallback,Auto Rifle,Arc,0,0,0,1,0,Supercharged Magazine,Wellspring,1,1,738,Supercharged Magazine+Wellspring,927567426
2266,Annual Skate,fallback,Hand Cannon,Solar,0,0,0,0,1,Surplus,Timed Payload,1,1,328,Surplus+Timed Payload,6857689
2267,Persuader,fallback,Sniper Rifle,Void,0,0,0,0,1,Surplus,Triple Tap,1,1,320,Surplus+Triple Tap,781498181
2268,False Promises,fallback,Auto Rifle,Stasis,0,0,0,0,1,Surplus,Zen Moment,1,1,268,Surplus+Zen Moment,1390080550
2269,Apex Predator,fallback,Rocket Launcher,Solar,0,0,0,1,0,Tracking Module,Surrounded,1,1,690,Surrounded+Tracking Module,1851777734
2270,Forensic Nightmare,fallback,Submachine Gun,Stasis,0,0,0,1,0,Under Pressure,Sword Logic,1,1,609,Sword Logic+Under Pressure,1526296434
2271,Enyo-D,fallback,Submachine Gun,Kinetic,0,0,0,0,1,Tunnel Vision,Sympathetic Arsenal,1,1,258,Sympathetic Arsenal+Tunnel Vision,1601177201
2272,Enyo-D,fallback,Submachine Gun,Kinetic,0,0,0,0,1,Well-Rounded,Sympathetic Arsenal,1,1,258,Sympathetic Arsenal+Well-Rounded,1601177201
2273,Pro Memoria,fallback,Machine Gun,Strand,0,0,0,1,0,Tear,Tap the Trigger,1,1,674,Tap the Trigger+Tear,3605603507
2274,Marcato-45,fallback,Machine Gun,Strand,0,0,0,0,1,Threat Detector,Under-Over,1,1,272,Threat Detector+Under-Over,4233375372
2275,The Enigma,fallback,Glaive,Void,0,0,0,1,0,Threat Detector,Unstoppable Force,1,1,599,Threat Detector+Unstoppable Force,2595497736
2276,The Enigma,fallback,Glaive,Void,0,0,0,1,0,Tilting at Windmills,Thresh,1,1,599,Thresh+Tilting at Windmills,2595497736
2277,Fel Taradiddle,fallback,Combat Bow,Kinetic,0,0,0,1,0,To the Pain,Thresh,1,1,604,Thresh+To the Pain,1399109800
2278,Prodigal Return,fallback,Grenade Launcher,Arc,0,0,0,1,0,Thresh,Voltshot,1,1,548,Thresh+Voltshot,268260373
2279,Nezarec's Whisper,fallback,Glaive,Arc,0,0,0,1,0,Tilting at Windmills,Turnabout,1,1,523,Tilting at Windmills+Turnabout,254636484
2280,Combined Action,fallback,Hand Cannon,Arc,0,0,0,0,1,Zen Moment,Timed Payload,1,1,176,Timed Payload+Zen Moment,1331824604
2281,Neoptolemus II,fallback,Combat Bow,Kinetic,0,0,0,0,1,To the Pain,Tunnel Vision,1,1,121,To the Pain+Tunnel Vision,2848549302
2282,Neoptolemus II,fallback,Combat Bow,Kinetic,0,0,0,0,1,To the Pain,Wellspring,1,1,121,To the Pain+Wellspring,2848549302
2283,Bump in the Night,fallback,Rocket Launcher,Stasis,0,0,0,1,0,Tracking Module,Unrelenting,1,1,634,Tracking Module+Unrelenting,1959650777
2284,IKELOS_SG_v1.0.3,fallback,Shotgun,Solar,0,0,0,1,0,Turnabout,Trench Barrel,1,1,714,Trench Barrel+Turnabout,1168625549
2285,Come to Pass,fallback,Auto Rifle,Arc,0,0,0,1,0,Trickle Charge,Turnabout,1,1,738,Trickle Charge+Turnabout,927567426
2286,Posterity,fallback,Hand Cannon,Arc,0,0,0,1,0,Trickle Charge,Unrelenting,1,1,1006,Trickle Charge+Unrelenting,3281285075
2287,Come to Pass,fallback,Auto Rifle,Arc,0,0,0,1,0,Trickle Charge,Wellspring,1,1,738,Trickle Charge+Wellspring,927567426
2288,Blood Feud,fallback,Submachine Gun,Stasis,0,0,0,1,0,Triple Tap,Well-Rounded,1,1,618,Triple Tap+Well-Rounded,1509167284
2289,Father's Sins,fallback,Sniper Rifle,Void,0,0,0,1,0,Triple Tap,Withering Gaze,1,1,692,Triple Tap+Withering Gaze,3865728990
2290,Shattered Cipher,fallback,Machine Gun,Void,0,0,0,0,1,Tunnel Vision,Zen Moment,1,1,282,Tunnel Vision+Zen Moment,2434225986
2291,Prodigal Return,fallback,Grenade Launcher,Arc,0,0,0,1,0,Turnabout,Voltshot,1,1,548,Turnabout+Voltshot,268260373
2292,Commemoration,fallback,Machine Gun,Void,0,0,0,1,0,Well-Rounded,Under Pressure,1,1,875,Under Pressure+Well-Rounded,4230965989
2293,Coronach-22,fallback,Auto Rifle,Solar,0,0,0,0,1,Zen Moment,Under-Over,1,1,197,Under-Over+Zen Moment,355382946
2294,Brya's Love,fallback,Scout Rifle,Void,0,0,0,1,0,No Distractions,Adagio,1,2,743,Adagio+No Distractions,2779821308
2295,Scatter Signal,fallback,Fusion Rifle,Strand,0,0,0,1,0,Slice,Adagio,1,2,340,Adagio+Slice,2558925366
2296,Commemoration,fallback,Machine Gun,Void,0,0,0,1,0,Adaptive Munitions,Killing Tally,1,2,875,Adaptive Munitions+Killing Tally,4230965989
2297,Transfiguration,fallback,Scout Rifle,Kinetic,0,0,0,1,0,Adhesive Ordnance,Empty Traits Socket,1,2,870,Adhesive Ordnance+Empty Traits Socket,3885259140
2298,Adhortative,fallback,Pulse Rifle,Solar,0,0,0,1,0,Air Assault,Disruption Break,1,2,532,Air Assault+Disruption Break,2993554824
2299,Austringer,fallback,Hand Cannon,Kinetic,0,0,0,1,0,Air Assault,Zen Moment,1,2,521,Air Assault+Zen Moment,3055790362
2300,Corrasion,fallback,Pulse Rifle,Arc,0,0,0,1,1,Air Trigger,Focused Fury,1,2,610,Air Trigger+Focused Fury,2126178511
2301,Transfiguration,fallback,Scout Rifle,Kinetic,0,0,0,1,0,Empty Traits Socket,Ancillary Ordinance,1,2,870,Ancillary Ordinance+Empty Traits Socket,3885259140
2302,Transfiguration,fallback,Scout Rifle,Kinetic,0,0,0,1,0,Rampage,Ancillary Ordinance,1,2,870,Ancillary Ordinance+Rampage,3885259140
2303,Tyranny of Heaven,fallback,Combat Bow,Solar,0,0,0,1,0,Empty Traits Socket,Archer's Gambit,1,2,703,Archer's Gambit+Empty Traits Socket,3388655311
2304,Tyranny of Heaven,fallback,Combat Bow,Solar,0,0,0,1,0,Wellspring,Archer's Gambit,1,2,703,Archer's Gambit+Wellspring,3388655311
2305,Raconteur,fallback,Combat Bow,Stasis,0,0,0,1,0,Archer's Tempo,Gutshot Straight,1,2,453,Archer's Tempo+Gutshot Straight,45643573
2306,Tyranny of Heaven,fallback,Combat Bow,Solar,0,0,0,1,0,Archer's Tempo,Snapshot Sights,1,2,703,Archer's Tempo+Snapshot Sights,3388655311
2307,Fel Taradiddle,fallback,Combat Bow,Kinetic,0,0,0,1,0,Archer's Tempo,Thresh,1,2,604,Archer's Tempo+Thresh,1399109800
2308,Line in the Sand,fallback,Linear Fusion Rifle,Arc,0,0,0,0,1,Genesis,Auto-Loading Holster,1,2,237,Auto-Loading Holster+Genesis,946443267
2309,Deafening Whisper,fallback,Grenade Launcher,Void,0,0,0,0,1,Lead from Gold,Auto-Loading Holster,1,2,368,Auto-Loading Holster+Lead from Gold,981718087
2310,Heritage,fallback,Shotgun,Kinetic,0,0,0,1,0,Auto-Loading Holster,Offhand Strike,1,2,724,Auto-Loading Holster+Offhand Strike,4248569242
2311,Line in the Sand,fallback,Linear Fusion Rifle,Arc,0,0,0,0,1,Under Pressure,Auto-Loading Holster,1,2,237,Auto-Loading Holster+Under Pressure,946443267
2312,Techeun Force,fallback,Fusion Rifle,Arc,0,0,0,1,0,Empty Traits Socket,Backup Plan,1,2,675,Backup Plan+Empty Traits Socket,3591141932
2313,The Supremacy,fallback,Sniper Rifle,Kinetic,0,0,0,1,0,Lucky Shot,Bait and Switch,1,2,785,Bait and Switch+Lucky Shot,2884596447
2314,Cruoris FR4,fallback,Fusion Rifle,Arc,0,0,0,0,1,Discord,Barrel Constrictor,1,2,165,Barrel Constrictor+Discord,891996636
2315,The Supremacy,fallback,Sniper Rifle,Kinetic,0,0,0,1,0,Discord,Bewildering Burst,1,2,785,Bewildering Burst+Discord,2884596447
2316,The Supremacy,fallback,Sniper Rifle,Kinetic,0,0,0,1,0,Empty Traits Socket,Bewildering Burst,1,2,785,Bewildering Burst+Empty Traits Socket,2884596447
2317,The Supremacy,fallback,Sniper Rifle,Kinetic,0,0,0,1,0,Keep Away,Bewildering Burst,1,2,785,Bewildering Burst+Keep Away,2884596447
2318,Sovereignty,fallback,Sniper Rifle,Void,0,0,0,0,1,Enlightened Action,Box Breathing,1,2,335,Box Breathing+Enlightened Action,3818198556
2319,Nature Reclaimed,fallback,Scout Rifle,Solar,0,0,0,0,1,Killing Wind,Box Breathing,1,2,366,Box Breathing+Killing Wind,2639921391
2320,Lodbrok-C,fallback,Auto Rifle,Kinetic,0,0,0,0,1,Fragile Focus,Cascade Point,1,2,355,Cascade Point+Fragile Focus,2328531378
2321,IKELOS_SG_v1.0.3,fallback,Shotgun,Solar,0,0,0,1,0,Turnabout,Cascade Point,1,2,714,Cascade Point+Turnabout,1168625549
2322,The Enigma,fallback,Glaive,Void,0,0,0,1,0,Empty Traits Socket,Close to Melee,1,2,599,Close to Melee+Empty Traits Socket,2595497736
2323,Legato-11,fallback,Shotgun,Solar,0,0,0,0,1,Deconstruct,Closing Time,1,2,375,Closing Time+Deconstruct,3753063346
2324,Tarnation,fallback,Grenade Launcher,Arc,0,0,0,1,0,Clown Cartridge,Danger Zone,1,2,640,Clown Cartridge+Danger Zone,2721157927
2325,Threaded Needle,fallback,Linear Fusion Rifle,Void,0,0,0,0,1,Clown Cartridge,Multikill Clip,1,2,473,Clown Cartridge+Multikill Clip,3075224551
2326,Interference VI,fallback,Grenade Launcher,Arc,0,0,0,0,1,Clown Cartridge,Swashbuckler,1,2,170,Clown Cartridge+Swashbuckler,2257180473
2327,Red Herring,fallback,Rocket Launcher,Void,0,0,0,1,0,Cluster Bomb,Empty Traits Socket,1,2,695,Cluster Bomb+Empty Traits Socket,3175851496
2328,Age-Old Bond,fallback,Auto Rifle,Void,0,0,0,1,0,Meganeura,Collective Action,1,2,1058,Collective Action+Meganeura,424291879
2329,Age-Old Bond,fallback,Auto Rifle,Void,0,0,0,1,0,Tap the Trigger,Collective Action,1,2,1058,Collective Action+Tap the Trigger,424291879
2330,Sailspy Pitchglass,fallback,Linear Fusion Rifle,Arc,0,0,0,1,1,Compulsive Reloader,Heating Up,1,2,694,Compulsive Reloader+Heating Up,1184309824
2331,Staccato-46,fallback,Scout Rifle,Solar,0,0,0,0,1,Compulsive Reloader,Incandescent,1,2,297,Compulsive Reloader+Incandescent,4019668921
2332,Beloved,fallback,Sniper Rifle,Solar,0,0,0,1,0,Compulsive Reloader,Quickdraw,1,2,424,Compulsive Reloader+Quickdraw,3107853529
2333,Fel Taradiddle,fallback,Combat Bow,Kinetic,0,0,0,1,0,Impulse Amplifier,Cornered,1,2,604,Cornered+Impulse Amplifier,1399109800
2334,Prodigal Return,fallback,Grenade Launcher,Arc,0,0,0,1,0,Turnabout,Danger Zone,1,2,548,Danger Zone+Turnabout,268260373
2335,Doomed Petitioner,fallback,Linear Fusion Rifle,Void,0,0,0,1,0,Destabilizing Rounds,Deconstruct,1,2,585,Deconstruct+Destabilizing Rounds,1501688142
2336,Speleologist,fallback,Machine Gun,Solar,0,0,0,1,0,Deconstruct,Incandescent,1,2,496,Deconstruct+Incandescent,412251536
2337,Imperative,fallback,Scout Rifle,Kinetic,0,0,0,1,0,Rapid Hit,Deconstruct,1,2,623,Deconstruct+Rapid Hit,2045811635
2338,Doomed Petitioner,fallback,Linear Fusion Rifle,Void,0,0,0,1,0,Threat Detector,Deconstruct,1,2,585,Deconstruct+Threat Detector,1501688142
2339,Sacred Provenance,fallback,Pulse Rifle,Kinetic,0,0,0,1,0,Stats for All,Desperado,1,2,1014,Desperado+Stats for All,2241507890
2340,Sacred Provenance,fallback,Pulse Rifle,Kinetic,0,0,0,1,0,Heating Up,Desperate Measures,1,2,1014,Desperate Measures+Heating Up,2241507890
2341,Sacred Provenance,fallback,Pulse Rifle,Kinetic,0,0,0,1,0,Steady Hands,Desperate Measures,1,2,1014,Desperate Measures+Steady Hands,2241507890
2342,Reckless Oracle,fallback,Auto Rifle,Void,0,0,0,1,0,Dimensional Shift,Repulsor Brace,1,2,805,Dimensional Shift+Repulsor Brace,1992309064
2343,Commemoration,fallback,Machine Gun,Void,0,0,0,1,0,Reconstruction,Dragonfly,1,2,875,Dragonfly+Reconstruction,4230965989
2344,Caretaker,fallback,Sword,Solar,0,0,0,1,0,Duelist's Trance,Incandescent,1,2,325,Duelist's Trance+Incandescent,2508948099
2345,Omniscient Eye,fallback,Sniper Rifle,Solar,0,0,0,1,0,Lucky Shot,Elemental Honing,1,2,684,Elemental Honing+Lucky Shot,147444292
2346,Sacred Provenance,fallback,Pulse Rifle,Kinetic,0,0,0,1,0,Empty Traits Socket,Firefly,1,2,1014,Empty Traits Socket+Firefly,2241507890
2347,Nation of Beasts,fallback,Hand Cannon,Arc,0,0,0,1,0,Gear Shift,Empty Traits Socket,1,2,789,Empty Traits Socket+Gear Shift,70083888
2348,Age-Old Bond,fallback,Auto Rifle,Void,0,0,0,1,0,Meganeura,Empty Traits Socket,1,2,1058,Empty Traits Socket+Meganeura,424291879
2349,Imperative,fallback,Scout Rifle,Kinetic,0,0,0,1,0,Empty Traits Socket,Osmosis,1,2,623,Empty Traits Socket+Osmosis,2045811635
2350,Sacred Provenance,fallback,Pulse Rifle,Kinetic,0,0,0,1,0,Stopping Power,Empty Traits Socket,1,2,1014,Empty Traits Socket+Stopping Power,2241507890
2351,Forensic Nightmare,fallback,Submachine Gun,Stasis,0,0,0,1,0,Empty Traits Socket,Sword Logic,1,2,609,Empty Traits Socket+Sword Logic,1526296434
2352,Brigand's Law,fallback,Sidearm,Arc,0,0,0,1,1,Empty Traits Socket,Sympathetic Arsenal,1,2,742,Empty Traits Socket+Sympathetic Arsenal,1298815317
2353,Enyo-D,fallback,Submachine Gun,Kinetic,0,0,0,0,1,Encore,Multikill Clip,1,2,258,Encore+Multikill Clip,1601177201
2354,Forensic Nightmare,fallback,Submachine Gun,Stasis,0,0,0,1,0,Encore,Sympathetic Arsenal,1,2,609,Encore+Sympathetic Arsenal,1526296434
2355,Just in Case,fallback,Sword,Solar,0,0,0,0,1,Energy Transfer,Thresh,1,2,228,Energy Transfer+Thresh,1139727256
2356,Scalar Potential,fallback,Pulse Rifle,Arc,0,0,0,1,0,Enlightened Action,Under-Over,1,2,526,Enlightened Action+Under-Over,2563668388
2357,Ancient Gospel,fallback,Hand Cannon,Void,0,0,0,1,0,Ensemble,Precision Instrument,1,2,818,Ensemble+Precision Instrument,963574173
2358,Heritage,fallback,Shotgun,Kinetic,0,0,0,1,0,Envious Arsenal,Snapshot Sights,1,2,724,Envious Arsenal+Snapshot Sights,4248569242
2359,Warlord's Spear,fallback,Trace Rifle,Arc,0,0,0,0,1,Envious Assassin,Fourth Time's the Charm,1,2,170,Envious Assassin+Fourth Time's the Charm,1968711238
2360,Techeun Force,fallback,Fusion Rifle,Arc,0,0,0,1,0,Envious Assassin,Voltshot,1,2,675,Envious Assassin+Voltshot,3591141932
2361,Tripwire Canary,fallback,Combat Bow,Arc,0,0,0,1,0,Shot Swap,Explosive Head,1,2,479,Explosive Head+Shot Swap,3849444474
2362,Tripwire Canary,fallback,Combat Bow,Arc,0,0,0,1,0,Slickdraw,Explosive Head,1,2,479,Explosive Head+Slickdraw,3849444474
2363,Fel Taradiddle,fallback,Combat Bow,Kinetic,0,0,0,1,0,Stats for All,Explosive Head,1,2,604,Explosive Head+Stats for All,1399109800
2364,Accrued Redemption,fallback,Combat Bow,Kinetic,0,0,0,1,0,Tunnel Vision,Explosive Head,1,2,546,Explosive Head+Tunnel Vision,3621336854
2365,Accrued Redemption,fallback,Combat Bow,Kinetic,0,0,0,1,0,Wellspring,Explosive Head,1,2,546,Explosive Head+Wellspring,3621336854
2366,Red Herring,fallback,Rocket Launcher,Void,0,0,0,1,0,Killing Wind,Explosive Light,1,2,695,Explosive Light+Killing Wind,3175851496
2367,Regnant,fallback,Grenade Launcher,Void,0,0,0,1,0,Repulsor Brace,Explosive Light,1,2,572,Explosive Light+Repulsor Brace,268260372
2368,Perses-D,fallback,Scout Rifle,Stasis,0,0,0,0,1,Stats for All,Explosive Payload,1,2,482,Explosive Payload+Stats for All,1019000888
2369,Posterity,fallback,Hand Cannon,Arc,0,0,0,1,0,Trickle Charge,Explosive Payload,1,2,1006,Explosive Payload+Trickle Charge,3281285075
2370,Commemoration,fallback,Machine Gun,Void,0,0,0,1,0,Feeding Frenzy,Firing Line,1,2,875,Feeding Frenzy+Firing Line,4230965989
2371,Posterity,fallback,Hand Cannon,Arc,0,0,0,1,0,Feeding Frenzy,Redirection,1,2,1006,Feeding Frenzy+Redirection,3281285075
2372,Pleiades Corrector,fallback,Scout Rifle,Solar,0,0,0,0,1,Field Prep,Shield Disorient,1,2,341,Field Prep+Shield Disorient,3556999246
2373,Sacred Provenance,fallback,Pulse Rifle,Kinetic,0,0,0,1,0,Killing Wind,Firefly,1,2,1014,Firefly+Killing Wind,2241507890
2374,Posterity,fallback,Hand Cannon,Arc,0,0,0,1,0,Fourth Time's the Charm,Redirection,1,2,1006,Fourth Time's the Charm+Redirection,3281285075
2375,Pizzicato-22,fallback,Submachine Gun,Kinetic,0,0,0,0,1,Fragile Focus,Rangefinder,1,2,311,Fragile Focus+Rangefinder,4100775158
2376,Without Remorse,fallback,Shotgun,Solar,0,0,0,1,0,Well-Rounded,Fragile Focus,1,2,501,Fragile Focus+Well-Rounded,1478986057
2377,The Enigma,fallback,Glaive,Void,0,0,0,1,0,Tilting at Windmills,Frenzy,1,2,599,Frenzy+Tilting at Windmills,2595497736
2378,Farewell,fallback,Sidearm,Kinetic,0,0,0,0,1,Full Auto Trigger System,Thresh,1,2,384,Full Auto Trigger System+Thresh,541188001
2379,Judgment of Kelgorath,fallback,Glaive,Solar,0,0,0,1,0,Genesis,Impulse Amplifier,1,2,432,Genesis+Impulse Amplifier,2978226043
2380,Posterity,fallback,Hand Cannon,Arc,0,0,0,1,0,Genesis,Rolling Storm,1,2,1006,Genesis+Rolling Storm,3281285075
2381,Nezarec's Whisper,fallback,Glaive,Arc,0,0,0,1,0,Genesis,Unstoppable Force,1,2,523,Genesis+Unstoppable Force,254636484
2382,Age-Old Bond,fallback,Auto Rifle,Void,0,0,0,1,0,Meganeura,Golden Tricorn,1,2,1058,Golden Tricorn+Meganeura,424291879
2383,Nation of Beasts,fallback,Hand Cannon,Arc,0,0,0,1,0,Trickle Charge,Golden Tricorn,1,2,789,Golden Tricorn+Trickle Charge,70083888
2384,Age-Old Bond,fallback,Auto Rifle,Void,0,0,0,1,0,Meganeura,Golden Tricorn Enhanced,1,2,1058,Golden Tricorn Enhanced+Meganeura,424291879
2385,Nation of Beasts,fallback,Hand Cannon,Arc,0,0,0,1,0,Trickle Charge,Golden Tricorn Enhanced,1,2,789,Golden Tricorn Enhanced+Trickle Charge,70083888
2386,Forensic Nightmare,fallback,Submachine Gun,Stasis,0,0,0,1,0,Grave Robber,Sympathetic Arsenal,1,2,609,Grave Robber+Sympathetic Arsenal,1526296434
2387,Boudica-C,fallback,Sidearm,Kinetic,0,0,0,0,1,Slickdraw,Gutshot Straight,1,2,508,Gutshot Straight+Slickdraw,1916287826
2388,Posterity,fallback,Hand Cannon,Arc,0,0,0,1,0,Wellspring,Gutshot Straight,1,2,1006,Gutshot Straight+Wellspring,3281285075
2389,Transfiguration,fallback,Scout Rifle,Kinetic,0,0,0,1,0,Rampage,Harmony,1,2,870,Harmony+Rampage,3885259140
2390,Perpetualis,fallback,Auto Rifle,Strand,0,0,0,1,0,Hip-Fire Grip,Hatchling,1,2,671,Hatchling+Hip-Fire Grip,392008588
2391,Adhortative,fallback,Pulse Rifle,Solar,0,0,0,1,0,Loose Change,Headseeker,1,2,532,Headseeker+Loose Change,2993554824
2392,Forensic Nightmare,fallback,Submachine Gun,Stasis,0,0,0,1,0,Slideways,Headstone,1,2,609,Headstone+Slideways,1526296434
2393,Fire and Forget,fallback,Linear Fusion Rifle,Stasis,0,0,0,1,0,Perfect Float,High-Impact Reserves,1,2,716,High-Impact Reserves+Perfect Float,2272041093
2394,Optative,fallback,Hand Cannon,Void,0,0,0,1,0,Hip-Fire Grip,Under-Over,1,2,621,Hip-Fire Grip+Under-Over,2817683783
2395,Judgment of Kelgorath,fallback,Glaive,Solar,0,0,0,1,0,Shot Swap,Impulse Amplifier,1,2,432,Impulse Amplifier+Shot Swap,2978226043
2396,Nezarec's Whisper,fallback,Glaive,Arc,0,0,0,1,0,Impulse Amplifier,Turnabout,1,2,523,Impulse Amplifier+Turnabout,254636484
2397,Caretaker,fallback,Sword,Solar,0,0,0,1,0,Relentless Strikes,Incandescent,1,2,325,Incandescent+Relentless Strikes,2508948099
2398,Vantage Point,fallback,Pulse Rifle,Arc,0,0,0,0,1,To the Pain,Jolting Feedback,1,2,309,Jolting Feedback+To the Pain,3830941962
2399,Trustee,fallback,Scout Rifle,Solar,0,0,0,1,0,Keep Away,Wellspring,1,2,953,Keep Away+Wellspring,1392919471
2400,Scatter Signal,fallback,Fusion Rifle,Strand,0,0,0,1,0,Surplus,Kickstart,1,2,340,Kickstart+Surplus,2558925366
2401,Commemoration,fallback,Machine Gun,Void,0,0,0,1,0,No Distractions,Killing Tally,1,2,875,Killing Tally+No Distractions,4230965989
2402,Speleologist,fallback,Machine Gun,Solar,0,0,0,1,0,Slideways,Killing Tally,1,2,496,Killing Tally+Slideways,412251536
2403,Commemoration,fallback,Machine Gun,Void,0,0,0,1,0,Surplus,Killing Tally,1,2,875,Killing Tally+Surplus,4230965989
2404,Commemoration,fallback,Machine Gun,Void,0,0,0,1,0,Well-Rounded,Killing Tally,1,2,875,Killing Tally+Well-Rounded,4230965989
2405,Reckless Oracle,fallback,Auto Rifle,Void,0,0,0,1,0,Killing Wind,Repulsor Brace,1,2,805,Killing Wind+Repulsor Brace,1992309064
2406,Royal Executioner,fallback,Fusion Rifle,Solar,0,0,0,1,0,Slickdraw,Killing Wind,1,2,521,Killing Wind+Slickdraw,1720503118
2407,Transfiguration,fallback,Scout Rifle,Kinetic,0,0,0,1,0,Perfect Float,Kinetic Tremors,1,2,870,Kinetic Tremors+Perfect Float,3885259140
2408,Imperative,fallback,Scout Rifle,Kinetic,0,0,0,1,0,Well-Rounded,Kinetic Tremors,1,2,623,Kinetic Tremors+Well-Rounded,2045811635
2409,Lost Signal,fallback,Grenade Launcher,Stasis,0,0,0,1,1,Lead from Gold,Reverberation,1,2,822,Lead from Gold+Reverberation,1197771438
2410,Deafening Whisper,fallback,Grenade Launcher,Void,0,0,0,0,1,Lead from Gold,Threat Detector,1,2,368,Lead from Gold+Threat Detector,981718087
2411,Father's Sins,fallback,Sniper Rifle,Void,0,0,0,1,0,Lead from Gold,Withering Gaze,1,2,692,Lead from Gold+Withering Gaze,3865728990
2412,Noxious Vetiver,fallback,Submachine Gun,Arc,0,0,0,0,1,Loose Change,Target Lock,1,2,292,Loose Change+Target Lock,825495813
2413,Scalar Potential,fallback,Pulse Rifle,Arc,0,0,0,1,0,Loose Change,Under-Over,1,2,526,Loose Change+Under-Over,2563668388
2414,The Supremacy,fallback,Sniper Rifle,Kinetic,0,0,0,1,0,Lucky Shot,Vorpal Weapon,1,2,785,Lucky Shot+Vorpal Weapon,2884596447
2415,Commemoration,fallback,Machine Gun,Void,0,0,0,1,0,Well-Rounded,Moving Target,1,2,875,Moving Target+Well-Rounded,4230965989
2416,Planck's Stride,fallback,Machine Gun,Arc,0,0,0,1,1,Mulligan,Pugilist,1,2,663,Mulligan+Pugilist,820890091
2417,Planck's Stride,fallback,Machine Gun,Arc,0,0,0,1,1,Mulligan,Swashbuckler,1,2,663,Mulligan+Swashbuckler,820890091
2418,Firefright,fallback,Auto Rifle,Kinetic,0,0,0,1,0,Threat Detector,Mulligan,1,2,381,Mulligan+Threat Detector,2778013407
2419,Tears of Contrition,fallback,Scout Rifle,Kinetic,0,0,0,1,0,Well-Rounded,Mulligan,1,2,524,Mulligan+Well-Rounded,1366394399
2420,Boudica-C,fallback,Sidearm,Kinetic,0,0,0,0,1,Slickdraw,Multikill Clip,1,2,508,Multikill Clip+Slickdraw,1916287826
2421,Annual Skate,fallback,Hand Cannon,Solar,0,0,0,0,1,No Distractions,Timed Payload,1,2,328,No Distractions+Timed Payload,6857689
2422,IKELOS_HC_v1.0.3,fallback,Hand Cannon,Void,0,0,0,1,0,Offhand Strike,Repulsor Brace,1,2,836,Offhand Strike+Repulsor Brace,1731355324
2423,Heritage,fallback,Shotgun,Kinetic,0,0,0,1,0,Threat Detector,Offhand Strike,1,2,724,Offhand Strike+Threat Detector,4248569242
2424,Until Its Return,fallback,Shotgun,Strand,0,0,0,1,0,Offhand Strike,Trench Barrel,1,2,630,Offhand Strike+Trench Barrel,2883484461
2425,Fioritura-59,fallback,Sidearm,Void,0,0,0,0,1,Tunnel Vision,Offhand Strike,1,2,348,Offhand Strike+Tunnel Vision,2566006935
2426,Posterity,fallback,Hand Cannon,Arc,0,0,0,1,0,Supercharged Magazine,One for All,1,2,1006,One for All+Supercharged Magazine,3281285075
2427,Escape Velocity,fallback,Submachine Gun,Kinetic,0,0,0,0,1,Overflow,Osmosis,1,2,221,Osmosis+Overflow,1786797708
2428,Succession,fallback,Sniper Rifle,Kinetic,0,0,0,1,0,Shot Swap,Osmosis,1,2,748,Osmosis+Shot Swap,2990047042
2429,Succession,fallback,Sniper Rifle,Kinetic,0,0,0,1,0,Slideways,Osmosis,1,2,748,Osmosis+Slideways,2990047042
2430,Imperative,fallback,Scout Rifle,Kinetic,0,0,0,1,0,Triple Tap,Osmosis,1,2,623,Osmosis+Triple Tap,2045811635
2431,Breachlight,fallback,Sidearm,Kinetic,0,0,0,0,1,Outlaw,Quickdraw,1,2,387,Outlaw+Quickdraw,1289997971
2432,Trustee,fallback,Scout Rifle,Solar,0,0,0,1,0,Outlaw,Sympathetic Arsenal,1,2,953,Outlaw+Sympathetic Arsenal,1392919471
2433,Tripwire Canary,fallback,Combat Bow,Arc,0,0,0,1,0,Perfect Float,Successful Warm-Up,1,2,479,Perfect Float+Successful Warm-Up,3849444474
2434,Tripwire Canary,fallback,Combat Bow,Arc,0,0,0,1,0,Perfect Float,Under-Over,1,2,479,Perfect Float+Under-Over,3849444474
2435,Posterity,fallback,Hand Cannon,Arc,0,0,0,1,0,Rapid Hit,Pugilist,1,2,1006,Pugilist+Rapid Hit,3281285075
2436,Trustee,fallback,Scout Rifle,Solar,0,0,0,1,0,Pugilist,Redirection,1,2,953,Pugilist+Redirection,1392919471
2437,Regnant,fallback,Grenade Launcher,Void,0,0,0,1,0,Repulsor Brace,Pugilist,1,2,572,Pugilist+Repulsor Brace,268260372
2438,Trustee,fallback,Scout Rifle,Solar,0,0,0,1,0,Pugilist,Sympathetic Arsenal,1,2,953,Pugilist+Sympathetic Arsenal,1392919471
2439,The Number,fallback,Auto Rifle,Arc,0,0,0,0,1,Pulse Monitor,Sympathetic Arsenal,1,2,365,Pulse Monitor+Sympathetic Arsenal,2492081469
2440,Succession,fallback,Sniper Rifle,Kinetic,0,0,0,1,0,Stopping Power,Rampage,1,2,748,Rampage+Stopping Power,2990047042
2441,Prodigal Return,fallback,Grenade Launcher,Arc,0,0,0,1,0,Thresh,Rampage,1,2,548,Rampage+Thresh,268260373
2442,Retrofit Escapade,fallback,Machine Gun,Void,0,0,0,1,0,Turnabout,Rampage,1,2,910,Rampage+Turnabout,3103325054
2443,Posterity,fallback,Hand Cannon,Arc,0,0,0,1,0,Wellspring,Rampage,1,2,1006,Rampage+Wellspring,3281285075
2444,Commemoration,fallback,Machine Gun,Void,0,0,0,1,0,Rapid Hit,Repulsor Brace,1,2,875,Rapid Hit+Repulsor Brace,4230965989
2445,Succession,fallback,Sniper Rifle,Kinetic,0,0,0,1,0,Reconstruction,Recombination,1,2,748,Recombination+Reconstruction,2990047042
2446,Succession,fallback,Sniper Rifle,Kinetic,0,0,0,1,0,Reconstruction,Thresh,1,2,748,Reconstruction+Thresh,2990047042
2447,Trustee,fallback,Scout Rifle,Solar,0,0,0,1,0,Zen Moment,Redirection,1,2,953,Redirection+Zen Moment,1392919471
2448,Razor's Edge,fallback,Sword,Void,0,0,0,0,1,Relentless Strikes,Thresh,1,2,271,Relentless Strikes+Thresh,1796949035
2449,Fioritura-59,fallback,Sidearm,Void,0,0,0,0,1,Threat Detector,Repulsor Brace,1,2,348,Repulsor Brace+Threat Detector,2566006935
2450,Optative,fallback,Hand Cannon,Void,0,0,0,1,0,Repulsor Brace,Under-Over,1,2,621,Repulsor Brace+Under-Over,2817683783
2451,Tripwire Canary,fallback,Combat Bow,Arc,0,0,0,1,0,Shot Swap,Successful Warm-Up,1,2,479,Shot Swap+Successful Warm-Up,3849444474
2452,Tripwire Canary,fallback,Combat Bow,Arc,0,0,0,1,0,Shot Swap,Under-Over,1,2,479,Shot Swap+Under-Over,3849444474
2453,Regnant,fallback,Grenade Launcher,Void,0,0,0,1,0,Shot Swap,Unrelenting,1,2,572,Shot Swap+Unrelenting,268260372
2454,Scatter Signal,fallback,Fusion Rifle,Strand,0,0,0,1,0,Slice,Under-Over,1,2,340,Slice+Under-Over,2558925366
2455,Friction Fire,fallback,Submachine Gun,Kinetic,0,0,0,0,1,Zen Moment,Slideways,1,2,379,Slideways+Zen Moment,1513993763
2456,Tripwire Canary,fallback,Combat Bow,Arc,0,0,0,1,0,Sneak Bow,Swashbuckler,1,2,479,Sneak Bow+Swashbuckler,3849444474
2457,Brigand's Law,fallback,Sidearm,Arc,0,0,0,1,1,Steady Hands,Sympathetic Arsenal,1,2,742,Steady Hands+Sympathetic Arsenal,1298815317
2458,Lost Signal,fallback,Grenade Launcher,Stasis,0,0,0,1,1,Strategist,Unrelenting,1,2,822,Strategist+Unrelenting,1197771438
2459,Lost Signal,fallback,Grenade Launcher,Stasis,0,0,0,1,1,Strategist,Wellspring,1,2,822,Strategist+Wellspring,1197771438
2460,Royal Executioner,fallback,Fusion Rifle,Solar,0,0,0,1,0,Threat Detector,Successful Warm-Up,1,2,521,Successful Warm-Up+Threat Detector,1720503118
2461,Deafening Whisper,fallback,Grenade Launcher,Void,0,0,0,0,1,Surplus,Threat Detector,1,2,368,Surplus+Threat Detector,981718087
2462,Commemoration,fallback,Machine Gun,Void,0,0,0,1,0,Surplus,Under Pressure,1,2,875,Surplus+Under Pressure,4230965989
2463,Tyranny of Heaven,fallback,Combat Bow,Solar,0,0,0,1,0,Wellspring,Swashbuckler,1,2,703,Swashbuckler+Wellspring,3388655311
2464,Razor's Edge,fallback,Sword,Void,0,0,0,0,1,Tireless Blade,Thresh,1,2,271,Thresh+Tireless Blade,1796949035
2465,Razor's Edge,fallback,Sword,Void,0,0,0,0,1,Wellspring,Thresh,1,2,271,Thresh+Wellspring,1796949035
2466,Red Herring,fallback,Rocket Launcher,Void,0,0,0,1,0,Tracking Module,Turnabout,1,2,695,Tracking Module+Turnabout,3175851496
2467,Likely Suspect,fallback,Fusion Rifle,Void,0,0,0,1,0,Firmly Planted,Adagio,1,3,812,Adagio+Firmly Planted,1994645182
2468,Krait,fallback,Auto Rifle,Stasis,0,0,0,0,1,Overflow,Adagio,1,3,429,Adagio+Overflow,2852052802
2469,Scalar Potential,fallback,Pulse Rifle,Arc,0,0,0,1,0,Slickdraw,Attrition Orbs,1,3,526,Attrition Orbs+Slickdraw,2563668388
2470,Succession,fallback,Sniper Rifle,Kinetic,0,0,0,1,0,Firmly Planted,Box Breathing,1,3,748,Box Breathing+Firmly Planted,2990047042
2471,Fugue-55,fallback,Sniper Rifle,Void,0,0,0,0,1,Lead from Gold,Box Breathing,1,3,372,Box Breathing+Lead from Gold,2233545123
2472,Heritage,fallback,Shotgun,Kinetic,0,0,0,1,0,Hip-Fire Grip,Cascade Point,1,3,724,Cascade Point+Hip-Fire Grip,4248569242
2473,Heritage,fallback,Shotgun,Kinetic,0,0,0,1,0,Pugilist,Cascade Point,1,3,724,Cascade Point+Pugilist,4248569242
2474,Age-Old Bond,fallback,Auto Rifle,Void,0,0,0,1,0,Dragonfly,Collective Action,1,3,1058,Collective Action+Dragonfly,424291879
2475,Until Its Return,fallback,Shotgun,Strand,0,0,0,1,0,Well-Rounded,Collective Action,1,3,630,Collective Action+Well-Rounded,2883484461
2476,Transfiguration,fallback,Scout Rifle,Kinetic,0,0,0,1,0,Collective Demolition,Empty Traits Socket,1,3,870,Collective Demolition+Empty Traits Socket,3885259140
2477,Tears of Contrition,fallback,Scout Rifle,Kinetic,0,0,0,1,0,Compulsive Reloader,Explosive Payload,1,3,524,Compulsive Reloader+Explosive Payload,1366394399
2478,Tarnation,fallback,Grenade Launcher,Arc,0,0,0,1,0,Envious Assassin,Danger Zone,1,3,640,Danger Zone+Envious Assassin,2721157927
2479,Legato-11,fallback,Shotgun,Solar,0,0,0,0,1,Deconstruct,Focused Fury,1,3,375,Deconstruct+Focused Fury,3753063346
2480,Optative,fallback,Hand Cannon,Void,0,0,0,1,0,Repulsor Brace,Deconstruct,1,3,621,Deconstruct+Repulsor Brace,2817683783
2481,Likely Suspect,fallback,Fusion Rifle,Void,0,0,0,1,0,Dimensional Shift,Empty Traits Socket,1,3,812,Dimensional Shift+Empty Traits Socket,1994645182
2482,Commemoration,fallback,Machine Gun,Void,0,0,0,1,0,Dragonfly,Firing Line,1,3,875,Dragonfly+Firing Line,4230965989
2483,Age-Old Bond,fallback,Auto Rifle,Void,0,0,0,1,0,Dragonfly,Golden Tricorn,1,3,1058,Dragonfly+Golden Tricorn,424291879
2484,Age-Old Bond,fallback,Auto Rifle,Void,0,0,0,1,0,Dragonfly,Golden Tricorn Enhanced,1,3,1058,Dragonfly+Golden Tricorn Enhanced,424291879
2485,Nature of the Beast,fallback,Hand Cannon,Arc,0,0,0,0,1,Snapshot Sights,Dragonfly,1,3,256,Dragonfly+Snapshot Sights,1835747805
2486,Succession,fallback,Sniper Rifle,Kinetic,0,0,0,1,0,Killing Wind,Elemental Honing,1,3,748,Elemental Honing+Killing Wind,2990047042
2487,Death's Razor,fallback,Sword,Void,0,0,0,1,0,Energy Transfer,Empty Traits Socket,1,3,401,Empty Traits Socket+Energy Transfer,3371413056
2488,Nation of Beasts,fallback,Hand Cannon,Arc,0,0,0,1,0,Empty Traits Socket,Jolting Feedback,1,3,789,Empty Traits Socket+Jolting Feedback,70083888
2489,The Enigma,fallback,Glaive,Void,0,0,0,1,0,Tilting at Windmills,Empty Traits Socket,1,3,599,Empty Traits Socket+Tilting at Windmills,2595497736
2490,Red Herring,fallback,Rocket Launcher,Void,0,0,0,1,0,Tracking Module,Empty Traits Socket,1,3,695,Empty Traits Socket+Tracking Module,3175851496
2491,IKELOS_SG_v1.0.3,fallback,Shotgun,Solar,0,0,0,1,0,Empty Traits Socket,Trench Barrel,1,3,714,Empty Traits Socket+Trench Barrel,1168625549
2492,The Enigma,fallback,Glaive,Void,0,0,0,1,0,Empty Traits Socket,Unstoppable Force,1,3,599,Empty Traits Socket+Unstoppable Force,2595497736
2493,Throne-Cleaver,fallback,Sword,Solar,0,0,0,1,0,Energy Transfer,Incandescent,1,3,389,Energy Transfer+Incandescent,3371413059
2494,Friction Fire,fallback,Submachine Gun,Kinetic,0,0,0,0,1,Field Prep,Sympathetic Arsenal,1,3,379,Field Prep+Sympathetic Arsenal,1513993763
2495,Irukandji,fallback,Sniper Rifle,Stasis,0,0,0,0,1,Fourth Time's the Charm,Firing Line,1,3,390,Firing Line+Fourth Time's the Charm,2673925403
2496,Throne-Cleaver,fallback,Sword,Solar,0,0,0,1,0,Flash Counter,Incandescent,1,3,389,Flash Counter+Incandescent,3371413059
2497,Tripwire Canary,fallback,Combat Bow,Arc,0,0,0,1,0,Sneak Bow,Frenzy,1,3,479,Frenzy+Sneak Bow,3849444474
2498,Adhortative,fallback,Pulse Rifle,Solar,0,0,0,1,0,Slickdraw,Headseeker,1,3,532,Headseeker+Slickdraw,2993554824
2499,Forensic Nightmare,fallback,Submachine Gun,Stasis,0,0,0,1,0,Under Pressure,Headstone,1,3,609,Headstone+Under Pressure,1526296434
2500,Throne-Cleaver,fallback,Sword,Solar,0,0,0,1,0,Tireless Blade,Incandescent,1,3,389,Incandescent+Tireless Blade,3371413059
2501,Appetence,fallback,Trace Rifle,Stasis,0,0,0,1,0,Loose Change,Killing Tally,1,3,487,Killing Tally+Loose Change,4153087276
2502,Noxious Vetiver,fallback,Submachine Gun,Arc,0,0,0,0,1,Loose Change,Rampage,1,3,292,Loose Change+Rampage,825495813
2503,Piece of Mind,fallback,Pulse Rifle,Kinetic,0,0,0,1,0,Overflow,Moving Target,1,3,693,Moving Target+Overflow,2097055732
2504,Father's Sins,fallback,Sniper Rifle,Void,0,0,0,1,0,No Distractions,Withering Gaze,1,3,692,No Distractions+Withering Gaze,3865728990
2505,Perpetualis,fallback,Auto Rifle,Strand,0,0,0,1,0,Zen Moment,Offhand Strike,1,3,671,Offhand Strike+Zen Moment,392008588
2506,Optative,fallback,Hand Cannon,Void,0,0,0,1,0,Permeability,Under-Over,1,3,621,Permeability+Under-Over,2817683783
2507,Trustee,fallback,Scout Rifle,Solar,0,0,0,1,0,Perpetual Motion,Sympathetic Arsenal,1,3,953,Perpetual Motion+Sympathetic Arsenal,1392919471
2508,Funnelweb,fallback,Submachine Gun,Void,0,0,0,0,1,Pulse Monitor,Rangefinder,1,3,470,Pulse Monitor+Rangefinder,3341893443
2509,Posterity,fallback,Hand Cannon,Arc,0,0,0,1,0,Reconstruction,Rampage,1,3,1006,Rampage+Reconstruction,3281285075
2510,Posterity,fallback,Hand Cannon,Arc,0,0,0,1,0,Reconstruction,Unrelenting,1,3,1006,Reconstruction+Unrelenting,3281285075
2511,Posterity,fallback,Hand Cannon,Arc,0,0,0,1,0,Surplus,Redirection,1,3,1006,Redirection+Surplus,3281285075
2512,Heritage,fallback,Shotgun,Kinetic,0,0,0,1,0,Redirection,Thresh,1,3,724,Redirection+Thresh,4248569242
2513,Heritage,fallback,Shotgun,Kinetic,0,0,0,1,0,Redirection,Unrelenting,1,3,724,Redirection+Unrelenting,4248569242
2514,Likely Suspect,fallback,Fusion Rifle,Void,0,0,0,1,0,Repulsor Brace,Wellspring,1,3,812,Repulsor Brace+Wellspring,1994645182
2515,Royal Executioner,fallback,Fusion Rifle,Solar,0,0,0,1,0,Slickdraw,Successful Warm-Up,1,3,521,Slickdraw+Successful Warm-Up,1720503118
2516,Scalar Potential,fallback,Pulse Rifle,Arc,0,0,0,1,0,Slickdraw,Under-Over,1,3,526,Slickdraw+Under-Over,2563668388
2517,Friction Fire,fallback,Submachine Gun,Kinetic,0,0,0,0,1,Threat Detector,Slideways,1,3,379,Slideways+Threat Detector,1513993763
2518,Trustee,fallback,Scout Rifle,Solar,0,0,0,1,0,Under Pressure,Sympathetic Arsenal,1,3,953,Sympathetic Arsenal+Under Pressure,1392919471
2519,Sweet Sorrow,fallback,Auto Rifle,Arc,0,0,0,1,0,Triple Tap,Turnabout,1,3,739,Triple Tap+Turnabout,1248372789
2520,Blast Battue,fallback,Grenade Launcher,Arc,0,0,0,0,1,Clown Cartridge,Disruption Break,1,4,368,Clown Cartridge+Disruption Break,2453357042
2521,Piece of Mind,fallback,Pulse Rifle,Kinetic,0,0,0,1,0,Overflow,Elemental Capacitor,1,4,693,Elemental Capacitor+Overflow,2097055732
2522,Speleologist,fallback,Machine Gun,Solar,0,0,0,1,0,Empty Traits Socket,Killing Tally,1,4,496,Empty Traits Socket+Killing Tally,412251536
2523,Reckless Oracle,fallback,Auto Rifle,Void,0,0,0,1,0,Light Touch,Empty Traits Socket,1,4,805,Empty Traits Socket+Light Touch,1992309064
2524,Omniscient Eye,fallback,Sniper Rifle,Solar,0,0,0,1,0,Mulligan,Empty Traits Socket,1,4,684,Empty Traits Socket+Mulligan,147444292
2525,Empirical Evidence,fallback,Sidearm,Kinetic,0,0,0,1,0,Pulse Monitor,Empty Traits Socket,1,4,742,Empty Traits Socket+Pulse Monitor,2607304614
2526,Nation of Beasts,fallback,Hand Cannon,Arc,0,0,0,1,0,Perpetual Motion,Explosive Payload,1,4,789,Explosive Payload+Perpetual Motion,70083888
2527,Imperative,fallback,Scout Rifle,Kinetic,0,0,0,1,0,Well-Rounded,Explosive Payload,1,4,623,Explosive Payload+Well-Rounded,2045811635
2528,Likely Suspect,fallback,Fusion Rifle,Void,0,0,0,1,0,Firmly Planted,Successful Warm-Up,1,4,812,Firmly Planted+Successful Warm-Up,1994645182
2529,Eternity's Edge,fallback,Sword,Solar,0,0,0,0,1,Thresh,Flash Counter,1,4,216,Flash Counter+Thresh,2782325301
2530,Judgment of Kelgorath,fallback,Glaive,Solar,0,0,0,1,0,Shot Swap,Incandescent,1,4,432,Incandescent+Shot Swap,2978226043
2531,Doomed Petitioner,fallback,Linear Fusion Rifle,Void,0,0,0,1,0,Permeability,Surrounded,1,4,585,Permeability+Surrounded,1501688142
2532,Brigand's Law,fallback,Sidearm,Arc,0,0,0,1,1,Threat Detector,Sympathetic Arsenal,1,4,742,Sympathetic Arsenal+Threat Detector,1298815317
2533,Stochastic Variable,fallback,Submachine Gun,Arc,0,0,0,0,1,Zen Moment,Wellspring,1,4,332,Wellspring+Zen Moment,2272470786
2534,Optative,fallback,Hand Cannon,Void,0,0,0,1,0,Permeability,Deconstruct,1,5,621,Deconstruct+Permeability,2817683783
2535,Fire and Forget,fallback,Linear Fusion Rifle,Stasis,0,0,0,1,0,Empty Traits Socket,High-Impact Reserves,1,5,716,Empty Traits Socket+High-Impact Reserves,2272041093
2536,Quickfang,fallback,Sword,Void,0,0,0,0,1,Energy Transfer,Flash Counter,1,5,151,Energy Transfer+Flash Counter,2782325300
2537,Optative,fallback,Hand Cannon,Void,0,0,0,1,0,Permeability,Golden Tricorn,1,5,621,Golden Tricorn+Permeability,2817683783
2538,Optative,fallback,Hand Cannon,Void,0,0,0,1,0,Permeability,Golden Tricorn Enhanced,1,5,621,Golden Tricorn Enhanced+Permeability,2817683783
2539,Posterity,fallback,Hand Cannon,Arc,0,0,0,1,0,Killing Wind,Redirection,1,5,1006,Killing Wind+Redirection,3281285075
2540,Tyranny of Heaven,fallback,Combat Bow,Solar,0,0,0,1,0,Archer's Tempo,Empty Traits Socket,1,6,703,Archer's Tempo+Empty Traits Socket,3388655311
2541,Tyranny of Heaven,fallback,Combat Bow,Solar,0,0,0,1,0,Explosive Head,Empty Traits Socket,1,7,703,Empty Traits Socket+Explosive Head,3388655311
2542,Sacred Provenance,fallback,Pulse Rifle,Kinetic,0,0,0,1,0,Empty Traits Socket,Kinetic Tremors,1,7,1014,Empty Traits Socket+Kinetic Tremors,2241507890
2543,Sacred Provenance,fallback,Pulse Rifle,Kinetic,0,0,0,1,0,Lone Wolf,Empty Traits Socket,1,8,1014,Empty Traits Socket+Lone Wolf,2241507890
2544,Brya's Love,fallback,Scout Rifle,Void,0,0,0,1,0,No Distractions,Empty Traits Socket,1,9,743,Empty Traits Socket+No Distractions,2779821308
2545,Imperative,fallback,Scout Rifle,Kinetic,0,0,0,1,0,Empty Traits Socket,Deconstruct,1,10,623,Deconstruct+Empty Traits Socket,2045811635
2546,Likely Suspect,fallback,Fusion Rifle,Void,0,0,0,1,0,Slideways,Empty Traits Socket,1,10,812,Empty Traits Socket+Slideways,1994645182
2547,Age-Old Bond,fallback,Auto Rifle,Void,0,0,0,1,0,Empty Traits Socket,Rampage,1,14,1058,Empty Traits Socket+Rampage,424291879
