copy_index,weapon,role,type,damage_type,is_tiered,is_adept,is_vendor6,is_craftable,is_obtainable,col2_perks,col3_perks,combos_solved,best_pos,gfs,sample_combos,hash
1,Keraunios,preferred,Trace Rifle,Arc,1,0,0,0,1,"Fourth Time's the Charm, Overflow, Rapid Hit","Butterfly, Chain Reaction, Detonator Beam",9,,,Butterfly+Fourth Time's the Charm | Butterfly+Overflow | Butterfly+Rapid Hit | Chain Reaction+Fourth Time's the Charm | Chain Reaction+Overflow | Chain Reaction+Rapid Hit | Detonator Beam+Fourth Time's the Charm | Detonator Beam+Overflow | Detonator Beam+Rapid Hit,2386208942
2,A Good Shout,preferred,Combat Bow,Void,1,0,1,0,1,"Bolt Scavenger, Built to Blast, Envious Arsenal","Box Breathing, Butterfly, Demoralize",9,,,Bolt Scavenger+Box Breathing | Bolt Scavenger+Butterfly | Bolt Scavenger+Demoralize | Box Breathing+Built to Blast | Box Breathing+Envious Arsenal | Built to Blast+Butterfly | Built to Blast+Demoralize | Butterfly+Envious Arsenal | Demoralize+Envious Arsenal,3615748501
3,Smite of Merain (Harrowed),preferred,Pulse Rifle,Kinetic,0,1,0,1,0,"Ancillary Ordinance, Bewildering Burst, Demolitionist","Adhesive Ordnance, Adrenaline Junkie, All-Star",9,,,Adhesive Ordnance+Ancillary Ordinance | Adhesive Ordnance+Bewildering Burst | Adhesive Ordnance+Demolitionist | Adrenaline Junkie+Ancillary Ordinance | Adrenaline Junkie+Bewildering Burst | Adrenaline Junkie+Demolitionist | All-Star+Ancillary Ordinance | All-Star+Bewildering Burst | All-Star+Demolitionist,3407395594
4,Reghusk's Pledge,preferred,Auto Rifle,Void,1,0,0,0,1,"Built to Blast, Demoralize, Destabilizing Rounds","Attrition Orbs, Golden Tricorn, Golden Tricorn Enhanced",9,,,Attrition Orbs+Built to Blast | Attrition Orbs+Demoralize | Attrition Orbs+Destabilizing Rounds | Built to Blast+Golden Tricorn | Built to Blast+Golden Tricorn Enhanced | Demoralize+Golden Tricorn | Demoralize+Golden Tricorn Enhanced | Destabilizing Rounds+Golden Tricorn | Destabilizing Rounds+Golden Tricorn Enhanced,2370525224
5,Finite Impactor,preferred,Hand Cannon,Solar,1,0,0,0,1,"Elemental Capacitor, Enlightened Action, Fragile Focus","Burning Ambition, Heating Up, Iron Reach",9,,,Burning Ambition+Elemental Capacitor | Burning Ambition+Enlightened Action | Burning Ambition+Fragile Focus | Elemental Capacitor+Heating Up | Elemental Capacitor+Iron Reach | Enlightened Action+Heating Up | Enlightened Action+Iron Reach | Fragile Focus+Heating Up | Fragile Focus+Iron Reach,1917334929
6,Duty Bound,preferred,Auto Rifle,Kinetic,1,0,1,0,1,"Compulsive Reloader, Perpetual Motion, Stats for All","Dynamic Sway Reduction, Fourth Time's the Charm, Frenzy",9,,,Compulsive Reloader+Dynamic Sway Reduction | Compulsive Reloader+Fourth Time's the Charm | Compulsive Reloader+Frenzy | Dynamic Sway Reduction+Perpetual Motion | Dynamic Sway Reduction+Stats for All | Fourth Time's the Charm+Perpetual Motion | Fourth Time's the Charm+Stats for All | Frenzy+Perpetual Motion | Frenzy+Stats for All,435216110
7,Tinasha's Mastery,preferred,Sidearm,Stasis,1,0,0,0,1,"Air Trigger, Deconstruct, Enlightened Action","Adagio, Bait and Switch, Chill Clip",9,,,Adagio+Air Trigger | Adagio+Deconstruct | Adagio+Enlightened Action | Air Trigger+Bait and Switch | Air Trigger+Chill Clip | Bait and Switch+Deconstruct | Bait and Switch+Enlightened Action | Chill Clip+Deconstruct | Chill Clip+Enlightened Action,480368036
8,Swordbreaker (Adept),preferred,Shotgun,Strand,0,1,0,1,0,"Demolitionist, Elemental Capacitor, Fragile Focus","Aggregate Charge, Barrel Constrictor, Chaos Reshaped",9,,,Aggregate Charge+Demolitionist | Aggregate Charge+Elemental Capacitor | Aggregate Charge+Fragile Focus | Barrel Constrictor+Demolitionist | Barrel Constrictor+Elemental Capacitor | Barrel Constrictor+Fragile Focus | Chaos Reshaped+Demolitionist | Chaos Reshaped+Elemental Capacitor | Chaos Reshaped+Fragile Focus,1239700299
9,Submission (Adept),preferred,Submachine Gun,Kinetic,0,1,0,1,0,"Closing Time, Encore, Kinetic Tremors","Bait and Switch, Chaos Reshaped, Demolitionist",9,,,Bait and Switch+Closing Time | Bait and Switch+Encore | Bait and Switch+Kinetic Tremors | Chaos Reshaped+Closing Time | Chaos Reshaped+Encore | Chaos Reshaped+Kinetic Tremors | Closing Time+Demolitionist | Demolitionist+Encore | Demolitionist+Kinetic Tremors,1941816543
10,Stryker's Sure-Hand,preferred,Sword,Void,1,0,1,0,1,"Assassin's Blade, Duelist's Trance, Rampage","Binary Orbit, Destabilizing Rounds, Flash Counter",9,,,Assassin's Blade+Binary Orbit | Assassin's Blade+Destabilizing Rounds | Assassin's Blade+Flash Counter | Binary Orbit+Duelist's Trance | Binary Orbit+Rampage | Destabilizing Rounds+Duelist's Trance | Destabilizing Rounds+Rampage | Duelist's Trance+Flash Counter | Flash Counter+Rampage,2490460292
11,Song of Ir Yût (Adept),preferred,Machine Gun,Arc,0,1,0,1,0,"Demolitionist, Feeding Frenzy, Jolting Feedback","Bait and Switch, Cascade Point, Elemental Capacitor",9,,,Bait and Switch+Demolitionist | Bait and Switch+Feeding Frenzy | Bait and Switch+Jolting Feedback | Cascade Point+Demolitionist | Cascade Point+Feeding Frenzy | Cascade Point+Jolting Feedback | Demolitionist+Elemental Capacitor | Elemental Capacitor+Feeding Frenzy | Elemental Capacitor+Jolting Feedback,407511664
12,Deliverance (Adept),preferred,Fusion Rifle,Stasis,0,1,0,1,0,"Compulsive Reloader, Cornered, Crystalline Corpsebloom","Chain Reaction, Chill Clip, Controlled Burst",9,,,Chain Reaction+Compulsive Reloader | Chain Reaction+Cornered | Chain Reaction+Crystalline Corpsebloom | Chill Clip+Compulsive Reloader | Chill Clip+Cornered | Chill Clip+Crystalline Corpsebloom | Compulsive Reloader+Controlled Burst | Controlled Burst+Cornered | Controlled Burst+Crystalline Corpsebloom,2943293195
13,VS Chill Inhibitor,preferred,Grenade Launcher,Stasis,1,0,0,0,1,"Attrition Orbs, Cascade Point, Chill Clip","Chain Reaction, Elemental Honing, Explosive Light",9,,,Attrition Orbs+Chain Reaction | Attrition Orbs+Elemental Honing | Attrition Orbs+Explosive Light | Cascade Point+Chain Reaction | Cascade Point+Elemental Honing | Cascade Point+Explosive Light | Chain Reaction+Chill Clip | Chill Clip+Elemental Honing | Chill Clip+Explosive Light,2452936817
14,Embraced Identity,preferred,Sniper Rifle,Void,1,0,0,1,1,"Destabilizing Rounds, Opening Shot, Permeability","Box Breathing, Fourth Time's the Charm, High Ground",9,,,Box Breathing+Destabilizing Rounds | Box Breathing+Opening Shot | Box Breathing+Permeability | Destabilizing Rounds+Fourth Time's the Charm | Destabilizing Rounds+High Ground | Fourth Time's the Charm+Opening Shot | Fourth Time's the Charm+Permeability | High Ground+Opening Shot | High Ground+Permeability,2821677368
15,Multimach CCX,preferred,Submachine Gun,Kinetic,1,0,0,0,1,"Attrition Orbs, Dynamic Sway Reduction, Iron Gaze","Frenzy, Iron Reach, Kill Clip",9,,,Attrition Orbs+Frenzy | Attrition Orbs+Iron Reach | Attrition Orbs+Kill Clip | Dynamic Sway Reduction+Frenzy | Dynamic Sway Reduction+Iron Reach | Dynamic Sway Reduction+Kill Clip | Frenzy+Iron Gaze | Iron Gaze+Iron Reach | Iron Gaze+Kill Clip,3211624072
16,Midha's Reckoning (Harrowed),preferred,Fusion Rifle,Arc,0,1,0,1,0,"Backup Plan, Cornered, Field Prep","Closing Time, Gear Shift, Golden Tricorn",9,,,Backup Plan+Closing Time | Backup Plan+Gear Shift | Backup Plan+Golden Tricorn | Closing Time+Cornered | Closing Time+Field Prep | Cornered+Gear Shift | Cornered+Golden Tricorn | Field Prep+Gear Shift | Field Prep+Golden Tricorn,3904516037
17,Tempered Dynamo,preferred,Fusion Rifle,Arc,1,0,1,0,1,"Impromptu Ammunition, Kickstart, Opening Shot","Discord, Jolting Feedback, Kill Clip",9,,,Discord+Impromptu Ammunition | Discord+Kickstart | Discord+Opening Shot | Impromptu Ammunition+Jolting Feedback | Impromptu Ammunition+Kill Clip | Jolting Feedback+Kickstart | Jolting Feedback+Opening Shot | Kickstart+Kill Clip | Kill Clip+Opening Shot,2925315757
18,Chain of Command,preferred,Machine Gun,Stasis,1,0,1,0,1,"Headstone, Osmosis, Overflow","Adaptive Munitions, Desperate Measures, Focused Fury",9,,,Adaptive Munitions+Headstone | Adaptive Munitions+Osmosis | Adaptive Munitions+Overflow | Desperate Measures+Headstone | Desperate Measures+Osmosis | Desperate Measures+Overflow | Focused Fury+Headstone | Focused Fury+Osmosis | Focused Fury+Overflow,1716620044
19,Bite of the Fox,preferred,Sniper Rifle,Kinetic,1,0,0,0,1,"Firmly Planted, Hip-Fire Grip, Rapid Hit","Ambitious Assassin, Explosive Payload, Field Prep",9,,,Ambitious Assassin+Firmly Planted | Ambitious Assassin+Hip-Fire Grip | Ambitious Assassin+Rapid Hit | Explosive Payload+Firmly Planted | Explosive Payload+Hip-Fire Grip | Explosive Payload+Rapid Hit | Field Prep+Firmly Planted | Field Prep+Hip-Fire Grip | Field Prep+Rapid Hit,3169616514
20,Auric Disabler,preferred,Auto Rifle,Strand,1,0,0,0,1,"Dragonfly, Gutshot Straight, Hatchling","Desperate Measures, Onslaught, Sword Logic",9,,,Desperate Measures+Dragonfly | Desperate Measures+Gutshot Straight | Desperate Measures+Hatchling | Dragonfly+Onslaught | Dragonfly+Sword Logic | Gutshot Straight+Onslaught | Gutshot Straight+Sword Logic | Hatchling+Onslaught | Hatchling+Sword Logic,702001725
21,Action Item,preferred,Trace Rifle,Stasis,1,0,0,0,1,"Deconstruct, Demolitionist, Dynamic Sway Reduction","Binary Orbit, Crystalline Corpsebloom, Detonator Beam",9,,,Binary Orbit+Deconstruct | Binary Orbit+Demolitionist | Binary Orbit+Dynamic Sway Reduction | Crystalline Corpsebloom+Deconstruct | Crystalline Corpsebloom+Demolitionist | Crystalline Corpsebloom+Dynamic Sway Reduction | Deconstruct+Detonator Beam | Demolitionist+Detonator Beam | Detonator Beam+Dynamic Sway Reduction,527989828
22,Whatchamacallit,preferred,Submachine Gun,Arc,1,0,1,0,1,"Collective Pugilism, Enlightened Action, Headseeker","Dragonfly, Gear Shift, Jolting Feedback",9,,,Collective Pugilism+Dragonfly | Collective Pugilism+Gear Shift | Collective Pugilism+Jolting Feedback | Dragonfly+Enlightened Action | Dragonfly+Headseeker | Enlightened Action+Gear Shift | Enlightened Action+Jolting Feedback | Gear Shift+Headseeker | Headseeker+Jolting Feedback,357669417
23,Wastelander M5,preferred,Shotgun,Kinetic,1,0,0,1,1,"Air Assault, Dual Loader, Ensemble","Adagio, Fragile Focus, Harmony",9,,,Adagio+Air Assault | Adagio+Dual Loader | Adagio+Ensemble | Air Assault+Fragile Focus | Air Assault+Harmony | Dual Loader+Fragile Focus | Dual Loader+Harmony | Ensemble+Fragile Focus | Ensemble+Harmony,1679868061
24,Vision of Confluence (Timelost),preferred,Scout Rifle,Solar,0,1,0,1,0,"Butterfly, Demolitionist, Heal Clip","Burning Ambition, Desperate Measures, Elemental Honing",9,,,Burning Ambition+Butterfly | Burning Ambition+Demolitionist | Burning Ambition+Heal Clip | Butterfly+Desperate Measures | Butterfly+Elemental Honing | Demolitionist+Desperate Measures | Demolitionist+Elemental Honing | Desperate Measures+Heal Clip | Elemental Honing+Heal Clip,337578911
25,Drang,preferred,Sidearm,Solar,1,0,0,1,1,"Collective Pugilism, Discord, Disruption Break","Aggregate Charge, Binary Orbit, Eye of the Storm",9,,,Aggregate Charge+Collective Pugilism | Aggregate Charge+Discord | Aggregate Charge+Disruption Break | Binary Orbit+Collective Pugilism | Binary Orbit+Discord | Binary Orbit+Disruption Break | Collective Pugilism+Eye of the Storm | Discord+Eye of the Storm | Disruption Break+Eye of the Storm,358190158
26,Found Verdict (Timelost),preferred,Shotgun,Arc,0,1,0,1,0,"Aggregate Charge, Barrel Constrictor, Pugilist","Desperate Measures, Elemental Honing, Gear Shift",9,,,Aggregate Charge+Desperate Measures | Aggregate Charge+Elemental Honing | Aggregate Charge+Gear Shift | Barrel Constrictor+Desperate Measures | Barrel Constrictor+Elemental Honing | Barrel Constrictor+Gear Shift | Desperate Measures+Pugilist | Elemental Honing+Pugilist | Gear Shift+Pugilist,851296754
27,Ulterior Observation,preferred,Machine Gun,Stasis,1,0,0,0,1,"Built to Blast, Envious Arsenal, Feeding Frenzy","Adagio, Dragonfly, Dynamic Sway Reduction",9,,,Adagio+Built to Blast | Adagio+Envious Arsenal | Adagio+Feeding Frenzy | Built to Blast+Dragonfly | Built to Blast+Dynamic Sway Reduction | Dragonfly+Envious Arsenal | Dragonfly+Feeding Frenzy | Dynamic Sway Reduction+Envious Arsenal | Dynamic Sway Reduction+Feeding Frenzy,1079872540
28,Prolonged Engagement,preferred,Submachine Gun,Stasis,1,0,1,0,1,"Eye of the Storm, Fourth Time's the Charm, Grave Robber","Encore, Gutshot Straight, Headstone",9,,,Encore+Eye of the Storm | Encore+Fourth Time's the Charm | Encore+Grave Robber | Eye of the Storm+Gutshot Straight | Eye of the Storm+Headstone | Fourth Time's the Charm+Gutshot Straight | Fourth Time's the Charm+Headstone | Grave Robber+Gutshot Straight | Grave Robber+Headstone,2349907931
29,The Time-Worn Spire,preferred,Pulse Rifle,Kinetic,1,0,0,0,1,"Feeding Frenzy, Moving Target, Quickdraw","Iron Gaze, Iron Grip, Iron Reach",9,,,Feeding Frenzy+Iron Gaze | Feeding Frenzy+Iron Grip | Feeding Frenzy+Iron Reach | Iron Gaze+Moving Target | Iron Gaze+Quickdraw | Iron Grip+Moving Target | Iron Grip+Quickdraw | Iron Reach+Moving Target | Iron Reach+Quickdraw,3593598010
30,The Scholar,preferred,Scout Rifle,Kinetic,1,0,0,0,1,"Full Auto Trigger System, Opening Shot, Pulse Monitor","Celerity, Elemental Capacitor, No Distractions",9,,,Celerity+Full Auto Trigger System | Celerity+Opening Shot | Celerity+Pulse Monitor | Elemental Capacitor+Full Auto Trigger System | Elemental Capacitor+Opening Shot | Elemental Capacitor+Pulse Monitor | Full Auto Trigger System+No Distractions | No Distractions+Opening Shot | No Distractions+Pulse Monitor,2478792241
31,The Martlet,preferred,Pulse Rifle,Void,1,0,0,0,1,"Firefly, Headseeker, Keep Away","Desperado, Desperate Measures, Destabilizing Rounds",9,,,Desperado+Firefly | Desperado+Headseeker | Desperado+Keep Away | Desperate Measures+Firefly | Desperate Measures+Headseeker | Desperate Measures+Keep Away | Destabilizing Rounds+Firefly | Destabilizing Rounds+Headseeker | Destabilizing Rounds+Keep Away,877384
32,Strident Whistle,preferred,Combat Bow,Solar,0,0,1,0,1,"Archer's Tempo, Killing Wind, Moving Target","Adrenaline Junkie, Cornered, Dragonfly",9,,,Adrenaline Junkie+Archer's Tempo | Adrenaline Junkie+Killing Wind | Adrenaline Junkie+Moving Target | Archer's Tempo+Cornered | Archer's Tempo+Dragonfly | Cornered+Killing Wind | Cornered+Moving Target | Dragonfly+Killing Wind | Dragonfly+Moving Target,2591241074
33,Steelfeather Repeater,preferred,Auto Rifle,Kinetic,1,0,0,0,1,"Firmly Planted, Grave Robber, Proximity Power","Ancillary Ordinance, Multikill Clip, Surrounded",9,,,Ancillary Ordinance+Firmly Planted | Ancillary Ordinance+Grave Robber | Ancillary Ordinance+Proximity Power | Firmly Planted+Multikill Clip | Firmly Planted+Surrounded | Grave Robber+Multikill Clip | Grave Robber+Surrounded | Multikill Clip+Proximity Power | Proximity Power+Surrounded,771811870
34,Lubrae's Ruin (Adept),preferred,Glaive,Solar,0,1,0,1,0,"Close to Melee, Frenzy, Immovable Object","Bait and Switch, Chaos Reshaped, Incandescent",9,,,Bait and Switch+Close to Melee | Bait and Switch+Frenzy | Bait and Switch+Immovable Object | Chaos Reshaped+Close to Melee | Chaos Reshaped+Frenzy | Chaos Reshaped+Immovable Object | Close to Melee+Incandescent | Frenzy+Incandescent | Immovable Object+Incandescent,1466006054
35,Semiotician,preferred,Rocket Launcher,Strand,1,0,0,1,1,"Field Prep, Impulse Amplifier, Keep Away","Bipod, Danger Zone, Explosive Light",9,,,Bipod+Field Prep | Bipod+Impulse Amplifier | Bipod+Keep Away | Danger Zone+Field Prep | Danger Zone+Impulse Amplifier | Danger Zone+Keep Away | Explosive Light+Field Prep | Explosive Light+Impulse Amplifier | Explosive Light+Keep Away,2922749929
36,Royal Entry,preferred,Rocket Launcher,Void,0,0,1,0,1,"Auto-Loading Holster, Field Prep, Genesis","Ambitious Assassin, Chain Reaction, Clown Cartridge",9,,,Ambitious Assassin+Auto-Loading Holster | Ambitious Assassin+Field Prep | Ambitious Assassin+Genesis | Auto-Loading Holster+Chain Reaction | Auto-Loading Holster+Clown Cartridge | Chain Reaction+Field Prep | Chain Reaction+Genesis | Clown Cartridge+Field Prep | Clown Cartridge+Genesis,2448907086
37,Forbearance (Adept),preferred,Grenade Launcher,Arc,0,1,0,1,0,"Ambitious Assassin, Rolling Storm, Sleight of Hand","Gear Shift, Golden Tricorn, Golden Tricorn Enhanced",9,,,Ambitious Assassin+Gear Shift | Ambitious Assassin+Golden Tricorn | Ambitious Assassin+Golden Tricorn Enhanced | Gear Shift+Rolling Storm | Gear Shift+Sleight of Hand | Golden Tricorn+Rolling Storm | Golden Tricorn+Sleight of Hand | Golden Tricorn Enhanced+Rolling Storm | Golden Tricorn Enhanced+Sleight of Hand,4038592169
38,Crowning Duologue,preferred,Rocket Launcher,Strand,1,0,0,0,1,"Grave Robber, Hatchling, Reconstruction","Cluster Bomb, Deconstruct, Envious Assassin",9,,,Cluster Bomb+Grave Robber | Cluster Bomb+Hatchling | Cluster Bomb+Reconstruction | Deconstruct+Grave Robber | Deconstruct+Hatchling | Deconstruct+Reconstruction | Envious Assassin+Grave Robber | Envious Assassin+Hatchling | Envious Assassin+Reconstruction,4106757302
39,Blowout,preferred,Rocket Launcher,Arc,0,0,1,0,1,"Danger Zone, Sympathetic Arsenal, Thresh","Cluster Bomb, Disruption Break, Lasting Impression",9,,,Cluster Bomb+Danger Zone | Cluster Bomb+Sympathetic Arsenal | Cluster Bomb+Thresh | Danger Zone+Disruption Break | Danger Zone+Lasting Impression | Disruption Break+Sympathetic Arsenal | Disruption Break+Thresh | Lasting Impression+Sympathetic Arsenal | Lasting Impression+Thresh,1903182562
40,Bellowing Giant,preferred,Rocket Launcher,Void,1,0,1,0,1,"Air Trigger, Impromptu Ammunition, Lasting Impression","Aggregate Charge, Bipod, Clown Cartridge",9,,,Aggregate Charge+Air Trigger | Aggregate Charge+Impromptu Ammunition | Aggregate Charge+Lasting Impression | Air Trigger+Bipod | Air Trigger+Clown Cartridge | Bipod+Impromptu Ammunition | Bipod+Lasting Impression | Clown Cartridge+Impromptu Ammunition | Clown Cartridge+Lasting Impression,1889005379
41,Albedo Wing,preferred,Glaive,Arc,1,0,0,0,1,"Beacon Rounds, Clown Cartridge, Immovable Object","Attrition Orbs, Close to Melee, Demolitionist",9,,,Attrition Orbs+Beacon Rounds | Attrition Orbs+Clown Cartridge | Attrition Orbs+Immovable Object | Beacon Rounds+Close to Melee | Beacon Rounds+Demolitionist | Close to Melee+Clown Cartridge | Close to Melee+Immovable Object | Clown Cartridge+Demolitionist | Demolitionist+Immovable Object,2680976411
42,Forthcoming Deviance (Adept),preferred,Glaive,Void,0,1,0,1,0,"Dimensional Shift, Disruption Break, Grave Robber","Chain Reaction, Collective Action, Collective Demolition",9,,,Chain Reaction+Dimensional Shift | Chain Reaction+Disruption Break | Chain Reaction+Grave Robber | Collective Action+Dimensional Shift | Collective Action+Disruption Break | Collective Action+Grave Robber | Collective Demolition+Dimensional Shift | Collective Demolition+Disruption Break | Collective Demolition+Grave Robber,3123651616
43,Indebted Kindness,preferred,Sidearm,Arc,1,0,0,0,1,"Air Trigger, Danger Zone, Deconstruct","Chain Reaction, Gear Shift, Rolling Storm",9,,,Air Trigger+Chain Reaction | Air Trigger+Gear Shift | Air Trigger+Rolling Storm | Chain Reaction+Danger Zone | Chain Reaction+Deconstruct | Danger Zone+Gear Shift | Danger Zone+Rolling Storm | Deconstruct+Gear Shift | Deconstruct+Rolling Storm,2554513694
44,Folded Root,preferred,Rocket Launcher,Void,1,0,0,0,1,"Ambitious Assassin, Cluster Bomb, Lead From Light","Destabilizing Rounds, Frenzy, Multikill Clip",9,,,Ambitious Assassin+Destabilizing Rounds | Ambitious Assassin+Frenzy | Ambitious Assassin+Multikill Clip | Cluster Bomb+Destabilizing Rounds | Cluster Bomb+Frenzy | Cluster Bomb+Multikill Clip | Destabilizing Rounds+Lead From Light | Frenzy+Lead From Light | Lead From Light+Multikill Clip,3184457500
45,Positive Outlook,preferred,Auto Rifle,Void,1,0,1,0,1,"Invisible Hand, Perfect Float, Perpetual Motion","Adaptive Munitions, Cascade Point, Dragonfly",9,,,Adaptive Munitions+Invisible Hand | Adaptive Munitions+Perfect Float | Adaptive Munitions+Perpetual Motion | Cascade Point+Invisible Hand | Cascade Point+Perfect Float | Cascade Point+Perpetual Motion | Dragonfly+Invisible Hand | Dragonfly+Perfect Float | Dragonfly+Perpetual Motion,491078457
46,Nox Sidereal IV,preferred,Fusion Rifle,Stasis,1,0,1,0,1,"Clown Cartridge, Proximity Power, Shot Swap","Discord, Master of Arms, Reservoir Burst",9,,,Clown Cartridge+Discord | Clown Cartridge+Master of Arms | Clown Cartridge+Reservoir Burst | Discord+Proximity Power | Discord+Shot Swap | Master of Arms+Proximity Power | Master of Arms+Shot Swap | Proximity Power+Reservoir Burst | Reservoir Burst+Shot Swap,2875763009
47,Bad Omens,preferred,Rocket Launcher,Void,1,0,1,0,1,"Auto-Loading Holster, Bipod, Light Touch","Bait and Switch, Elemental Honing, Explosive Light",9,,,Auto-Loading Holster+Bait and Switch | Auto-Loading Holster+Elemental Honing | Auto-Loading Holster+Explosive Light | Bait and Switch+Bipod | Bait and Switch+Light Touch | Bipod+Elemental Honing | Bipod+Explosive Light | Elemental Honing+Light Touch | Explosive Light+Light Touch,1996201272
48,Volta Bracket,preferred,Sniper Rifle,Strand,1,0,0,1,1,"Ambitious Assassin, Keep Away, Lucky Shot","Eye of the Storm, Firing Line, Mega Kill Clip",9,,,Ambitious Assassin+Eye of the Storm | Ambitious Assassin+Firing Line | Ambitious Assassin+Mega Kill Clip | Eye of the Storm+Keep Away | Eye of the Storm+Lucky Shot | Firing Line+Keep Away | Firing Line+Lucky Shot | Keep Away+Mega Kill Clip | Lucky Shot+Mega Kill Clip,3920310144
49,Sightline Survey,preferred,Hand Cannon,Arc,1,0,0,1,1,"Air Trigger, Enlightened Action, Fragile Focus","Encore, Kill Clip, Opening Shot",9,,,Air Trigger+Encore | Air Trigger+Kill Clip | Air Trigger+Opening Shot | Encore+Enlightened Action | Encore+Fragile Focus | Enlightened Action+Kill Clip | Enlightened Action+Opening Shot | Fragile Focus+Kill Clip | Fragile Focus+Opening Shot,2350330520
50,Ribbontail,preferred,Trace Rifle,Strand,1,0,0,0,1,"Envious Arsenal, Subsistence, Threat Detector","Binary Orbit, Detonator Beam, Killing Tally",9,,,Binary Orbit+Envious Arsenal | Binary Orbit+Subsistence | Binary Orbit+Threat Detector | Detonator Beam+Envious Arsenal | Detonator Beam+Subsistence | Detonator Beam+Threat Detector | Envious Arsenal+Killing Tally | Killing Tally+Subsistence | Killing Tally+Threat Detector,407150808
51,Micromort,preferred,Rocket Launcher,Arc,1,0,0,0,1,"Clown Cartridge, Cluster Bomb, Lead From Light","Bait and Switch, Paracausal Affinity, Rolling Storm",9,,,Bait and Switch+Clown Cartridge | Bait and Switch+Cluster Bomb | Bait and Switch+Lead From Light | Clown Cartridge+Paracausal Affinity | Clown Cartridge+Rolling Storm | Cluster Bomb+Paracausal Affinity | Cluster Bomb+Rolling Storm | Lead From Light+Paracausal Affinity | Lead From Light+Rolling Storm,602331467
52,Retrofuturist,preferred,Shotgun,Void,1,0,1,0,1,"Auto-Loading Holster, Dual Loader, Feeding Frenzy","Barrel Constrictor, Deconstruct, Destabilizing Rounds",9,,,Auto-Loading Holster+Barrel Constrictor | Auto-Loading Holster+Deconstruct | Auto-Loading Holster+Destabilizing Rounds | Barrel Constrictor+Dual Loader | Barrel Constrictor+Feeding Frenzy | Deconstruct+Dual Loader | Deconstruct+Feeding Frenzy | Destabilizing Rounds+Dual Loader | Destabilizing Rounds+Feeding Frenzy,1612781792
53,Qua Vinctus IV,preferred,Machine Gun,Strand,1,0,1,0,1,"Built to Blast, Demolitionist, Hatchling","Killing Tally, Lone Wolf, Meganeura",9,,,Built to Blast+Killing Tally | Built to Blast+Lone Wolf | Built to Blast+Meganeura | Demolitionist+Killing Tally | Demolitionist+Lone Wolf | Demolitionist+Meganeura | Hatchling+Killing Tally | Hatchling+Lone Wolf | Hatchling+Meganeura,4176551594
54,Python,preferred,Shotgun,Void,1,0,1,0,1,"Dimensional Shift, Loose Change, Overflow","Destabilizing Rounds, Harmony, One-Two Punch",9,,,Destabilizing Rounds+Dimensional Shift | Destabilizing Rounds+Loose Change | Destabilizing Rounds+Overflow | Dimensional Shift+Harmony | Dimensional Shift+One-Two Punch | Harmony+Loose Change | Harmony+Overflow | Loose Change+One-Two Punch | One-Two Punch+Overflow,4276696962
55,The Heron,preferred,Glaive,Void,1,0,0,0,1,"Envious Assassin, Lead from Gold, Proximity Power","Close to Melee, Redirection, Sword Logic",9,,,Close to Melee+Envious Assassin | Close to Melee+Lead from Gold | Close to Melee+Proximity Power | Envious Assassin+Redirection | Envious Assassin+Sword Logic | Lead from Gold+Redirection | Lead from Gold+Sword Logic | Proximity Power+Redirection | Proximity Power+Sword Logic,2246386812
56,Patron of Lost Causes,preferred,Scout Rifle,Kinetic,1,0,0,0,1,"Field Prep, Grave Robber, Mulligan","Opening Shot, Osmosis, Under Pressure",9,,,Field Prep+Opening Shot | Field Prep+Osmosis | Field Prep+Under Pressure | Grave Robber+Opening Shot | Grave Robber+Osmosis | Grave Robber+Under Pressure | Mulligan+Opening Shot | Mulligan+Osmosis | Mulligan+Under Pressure,2723241847
57,No Hesitation,preferred,Auto Rifle,Solar,1,0,0,1,1,"Burning Ambition, Ensemble, Physic","Attrition Orbs, Circle of Life, Disruption Break",9,,,Attrition Orbs+Burning Ambition | Attrition Orbs+Ensemble | Attrition Orbs+Physic | Burning Ambition+Circle of Life | Burning Ambition+Disruption Break | Circle of Life+Ensemble | Circle of Life+Physic | Disruption Break+Ensemble | Disruption Break+Physic,1801007332
58,Nightshade,preferred,Pulse Rifle,Strand,1,0,1,0,1,"Lead From Light, Outlaw, Slice","Feeding Frenzy, Hatchling, Headseeker",9,,,Feeding Frenzy+Lead From Light | Feeding Frenzy+Outlaw | Feeding Frenzy+Slice | Hatchling+Lead From Light | Hatchling+Outlaw | Hatchling+Slice | Headseeker+Lead From Light | Headseeker+Outlaw | Headseeker+Slice,1559068369
59,Imminence (Adept),preferred,Submachine Gun,Strand,0,1,0,1,0,"Ambitious Assassin, Perpetual Motion, Tear","Firefly, Paracausal Affinity, Strategist",9,,,Ambitious Assassin+Firefly | Ambitious Assassin+Paracausal Affinity | Ambitious Assassin+Strategist | Firefly+Perpetual Motion | Firefly+Tear | Paracausal Affinity+Perpetual Motion | Paracausal Affinity+Tear | Perpetual Motion+Strategist | Strategist+Tear,3951511045
60,Adamantite (Adept),preferred,Auto Rifle,Strand,0,1,0,0,1,"Reciprocity, Subsistence, Unrelenting","Frenzy, Kill Clip, Tear",9,,,Frenzy+Reciprocity | Frenzy+Subsistence | Frenzy+Unrelenting | Kill Clip+Reciprocity | Kill Clip+Subsistence | Kill Clip+Unrelenting | Reciprocity+Tear | Subsistence+Tear | Tear+Unrelenting,3485029080
61,Punching Out,preferred,Sidearm,Solar,1,0,1,0,1,"Heal Clip, Light Touch, Overflow","Feeding Frenzy, Incandescent, Swashbuckler",9,,,Feeding Frenzy+Heal Clip | Feeding Frenzy+Light Touch | Feeding Frenzy+Overflow | Heal Clip+Incandescent | Heal Clip+Swashbuckler | Incandescent+Light Touch | Incandescent+Overflow | Light Touch+Swashbuckler | Overflow+Swashbuckler,1469372193
62,Rake Angle,preferred,Glaive,Stasis,1,0,1,0,1,"Impulse Amplifier, Pugilist, Replenishing Aegis","Chill Clip, Surrounded, Unstoppable Force",9,,,Chill Clip+Impulse Amplifier | Chill Clip+Pugilist | Chill Clip+Replenishing Aegis | Impulse Amplifier+Surrounded | Impulse Amplifier+Unstoppable Force | Pugilist+Surrounded | Pugilist+Unstoppable Force | Replenishing Aegis+Surrounded | Replenishing Aegis+Unstoppable Force,2298039571
63,Nessa's Oblation (Adept),preferred,Shotgun,Void,0,1,0,1,0,"Dragonfly, Envious Assassin, Proximity Power","Demoralize, Focused Fury, Harmony",9,,,Demoralize+Dragonfly | Demoralize+Envious Assassin | Demoralize+Proximity Power | Dragonfly+Focused Fury | Dragonfly+Harmony | Envious Assassin+Focused Fury | Envious Assassin+Harmony | Focused Fury+Proximity Power | Harmony+Proximity Power,522366885
64,Koraxis's Distress (Adept),preferred,Grenade Launcher,Strand,0,1,0,1,0,"Blast Distributor, Chain Reaction, Danger Zone","Frenzy, Full Court, Paracausal Affinity",9,,,Blast Distributor+Frenzy | Blast Distributor+Full Court | Blast Distributor+Paracausal Affinity | Chain Reaction+Frenzy | Chain Reaction+Full Court | Chain Reaction+Paracausal Affinity | Danger Zone+Frenzy | Danger Zone+Full Court | Danger Zone+Paracausal Affinity,495442100
65,Cry Mutiny,preferred,Grenade Launcher,Solar,1,0,1,0,1,"Blast Distributor, Incandescent, Reverberation","Mega Kill Clip, Swashbuckler, Vorpal Weapon",9,,,Blast Distributor+Mega Kill Clip | Blast Distributor+Swashbuckler | Blast Distributor+Vorpal Weapon | Incandescent+Mega Kill Clip | Incandescent+Swashbuckler | Incandescent+Vorpal Weapon | Mega Kill Clip+Reverberation | Reverberation+Swashbuckler | Reverberation+Vorpal Weapon,768696858
66,Mykel's Reverence (Adept),preferred,Sidearm,Strand,0,1,0,1,0,"Collective Demolition, Elemental Capacitor, Perfect Float","Binary Orbit, Harmony, Master of Arms",9,,,Binary Orbit+Collective Demolition | Binary Orbit+Elemental Capacitor | Binary Orbit+Perfect Float | Collective Demolition+Harmony | Collective Demolition+Master of Arms | Elemental Capacitor+Harmony | Elemental Capacitor+Master of Arms | Harmony+Perfect Float | Master of Arms+Perfect Float,1986287028
67,Live Fire,preferred,Scout Rifle,Stasis,1,0,0,0,1,"Air Trigger, Heating Up, Perfect Float","Headstone, No Distractions, Offhand Strike",9,,,Air Trigger+Headstone | Air Trigger+No Distractions | Air Trigger+Offhand Strike | Headstone+Heating Up | Headstone+Perfect Float | Heating Up+No Distractions | Heating Up+Offhand Strike | No Distractions+Perfect Float | Offhand Strike+Perfect Float,3612142623
68,Last Rite,preferred,Scout Rifle,Kinetic,1,0,1,0,1,"Dual Loader, Keep Away, Reconstruction","Firefly, Focused Fury, Offhand Strike",9,,,Dual Loader+Firefly | Dual Loader+Focused Fury | Dual Loader+Offhand Strike | Firefly+Keep Away | Firefly+Reconstruction | Focused Fury+Keep Away | Focused Fury+Reconstruction | Keep Away+Offhand Strike | Offhand Strike+Reconstruction,3708636616
69,King Orfeo,preferred,Combat Bow,Arc,1,0,0,0,1,"Explosive Head, Impulse Amplifier, Pugilist","Jolting Feedback, Meganeura, Precision Instrument",9,,,Explosive Head+Jolting Feedback | Explosive Head+Meganeura | Explosive Head+Precision Instrument | Impulse Amplifier+Jolting Feedback | Impulse Amplifier+Meganeura | Impulse Amplifier+Precision Instrument | Jolting Feedback+Pugilist | Meganeura+Pugilist | Precision Instrument+Pugilist,3481382332
70,Hushed Whisper,preferred,Combat Bow,Strand,1,0,0,0,1,"Snapshot Sights, Successful Warm-Up, Tear","Aggregate Charge, Archer's Gambit, Collective Action",9,,,Aggregate Charge+Snapshot Sights | Aggregate Charge+Successful Warm-Up | Aggregate Charge+Tear | Archer's Gambit+Snapshot Sights | Archer's Gambit+Successful Warm-Up | Archer's Gambit+Tear | Collective Action+Snapshot Sights | Collective Action+Successful Warm-Up | Collective Action+Tear,3574168117
71,Felwinter's Lie,preferred,Shotgun,Solar,1,0,0,0,1,"Cascade Point, Dual Loader, Lone Wolf","Bait and Switch, Closing Time, Iron Reach",9,,,Bait and Switch+Cascade Point | Bait and Switch+Dual Loader | Bait and Switch+Lone Wolf | Cascade Point+Closing Time | Cascade Point+Iron Reach | Closing Time+Dual Loader | Closing Time+Lone Wolf | Dual Loader+Iron Reach | Iron Reach+Lone Wolf,218787950
72,Deadlock,preferred,Shotgun,Stasis,1,0,1,0,1,"Offhand Strike, Perpetual Motion, Quickdraw","Fragile Focus, Master of Arms, One-Two Punch",9,,,Fragile Focus+Offhand Strike | Fragile Focus+Perpetual Motion | Fragile Focus+Quickdraw | Master of Arms+Offhand Strike | Master of Arms+Perpetual Motion | Master of Arms+Quickdraw | Offhand Strike+One-Two Punch | One-Two Punch+Perpetual Motion | One-Two Punch+Quickdraw,3926987546
73,Willful Hamartia,preferred,Linear Fusion Rifle,Arc,1,0,0,0,1,"Envious Assassin, High-Impact Reserves, Rapid Hit","Headseeker, Jolting Feedback, Kickstart",9,,,Envious Assassin+Headseeker | Envious Assassin+Jolting Feedback | Envious Assassin+Kickstart | Headseeker+High-Impact Reserves | Headseeker+Rapid Hit | High-Impact Reserves+Jolting Feedback | High-Impact Reserves+Kickstart | Jolting Feedback+Rapid Hit | Kickstart+Rapid Hit,1952295804
74,Exile's Curse,preferred,Fusion Rifle,Arc,1,0,0,0,1,"Field Prep, Hip-Fire Grip, Killing Wind","Backup Plan, Disruption Break, Feeding Frenzy",9,,,Backup Plan+Field Prep | Backup Plan+Hip-Fire Grip | Backup Plan+Killing Wind | Disruption Break+Field Prep | Disruption Break+Hip-Fire Grip | Disruption Break+Killing Wind | Feeding Frenzy+Field Prep | Feeding Frenzy+Hip-Fire Grip | Feeding Frenzy+Killing Wind,679281855
75,Ded Gramarye IV,preferred,Shotgun,Arc,1,0,0,0,1,"Discord, Eddy Current, Slickdraw","Chain Reaction, Disruption Break, Golden Tricorn",9,,,Chain Reaction+Discord | Chain Reaction+Eddy Current | Chain Reaction+Slickdraw | Discord+Disruption Break | Discord+Golden Tricorn | Disruption Break+Eddy Current | Disruption Break+Slickdraw | Eddy Current+Golden Tricorn | Golden Tricorn+Slickdraw,870893339
76,Critical Anomaly (Adept),preferred,Sniper Rifle,Stasis,0,1,0,1,0,"Built to Blast, Crystalline Corpsebloom, Opening Shot","Bait and Switch, Chaos Reshaped, Explosive Payload",9,,,Bait and Switch+Built to Blast | Bait and Switch+Crystalline Corpsebloom | Bait and Switch+Opening Shot | Built to Blast+Chaos Reshaped | Built to Blast+Explosive Payload | Chaos Reshaped+Crystalline Corpsebloom | Chaos Reshaped+Opening Shot | Crystalline Corpsebloom+Explosive Payload | Explosive Payload+Opening Shot,172461430
77,Corrective Measure (Timelost),preferred,Machine Gun,Void,0,1,0,1,0,"Collective Demolition, Destabilizing Rounds, Dimensional Shift","Butterfly, Demoralize, High-Impact Reserves",9,,,Butterfly+Collective Demolition | Butterfly+Destabilizing Rounds | Butterfly+Dimensional Shift | Collective Demolition+Demoralize | Collective Demolition+High-Impact Reserves | Demoralize+Destabilizing Rounds | Demoralize+Dimensional Shift | Destabilizing Rounds+High-Impact Reserves | Dimensional Shift+High-Impact Reserves,2334480463
78,Pure Recollection,preferred,Shotgun,Void,1,0,1,0,1,"Envious Arsenal, Threat Detector, Under Pressure","Headseeker, Tap the Trigger, Withering Gaze",9,,,Envious Arsenal+Headseeker | Envious Arsenal+Tap the Trigger | Envious Arsenal+Withering Gaze | Headseeker+Threat Detector | Headseeker+Under Pressure | Tap the Trigger+Threat Detector | Tap the Trigger+Under Pressure | Threat Detector+Withering Gaze | Under Pressure+Withering Gaze,1956186483
79,Cataclysmic (Adept),preferred,Linear Fusion Rifle,Solar,0,1,0,1,0,"Burning Ambition, Compulsive Reloader, Fourth Time's the Charm","Adaptive Munitions, Bait and Switch, Box Breathing",9,,,Adaptive Munitions+Burning Ambition | Adaptive Munitions+Compulsive Reloader | Adaptive Munitions+Fourth Time's the Charm | Bait and Switch+Burning Ambition | Bait and Switch+Compulsive Reloader | Bait and Switch+Fourth Time's the Charm | Box Breathing+Burning Ambition | Box Breathing+Compulsive Reloader | Box Breathing+Fourth Time's the Charm,2886339027
80,Bold Endings,preferred,Hand Cannon,Stasis,1,0,0,1,1,"Air Trigger, Loose Change, Opening Shot","Collective Action, Crystalline Corpsebloom, Demolitionist",9,,,Air Trigger+Collective Action | Air Trigger+Crystalline Corpsebloom | Air Trigger+Demolitionist | Collective Action+Loose Change | Collective Action+Opening Shot | Crystalline Corpsebloom+Loose Change | Crystalline Corpsebloom+Opening Shot | Demolitionist+Loose Change | Demolitionist+Opening Shot,496728945
81,Fimbulwinter Stitch,preferred,Sidearm,Arc,1,0,0,0,1,"Lone Wolf, Rangefinder, Supercharged Magazine","Kill Clip, Precision Instrument, Redirection",9,,,Kill Clip+Lone Wolf | Kill Clip+Rangefinder | Kill Clip+Supercharged Magazine | Lone Wolf+Precision Instrument | Lone Wolf+Redirection | Precision Instrument+Rangefinder | Precision Instrument+Supercharged Magazine | Rangefinder+Redirection | Redirection+Supercharged Magazine,3685829362
82,Taraxippos,preferred,Scout Rifle,Strand,1,0,0,0,1,"Closing Time, Fourth Time's the Charm, Perfect Float","Explosive Payload, High Ground, Tear",9,,,Closing Time+Explosive Payload | Closing Time+High Ground | Closing Time+Tear | Explosive Payload+Fourth Time's the Charm | Explosive Payload+Perfect Float | Fourth Time's the Charm+High Ground | Fourth Time's the Charm+Tear | High Ground+Perfect Float | Perfect Float+Tear,4148460558
83,Mos Athanor IV,preferred,Hand Cannon,Void,1,0,1,0,1,"Destabilizing Rounds, Moving Target, Slideways","Adagio, Opening Shot, Sword Logic",9,,,Adagio+Destabilizing Rounds | Adagio+Moving Target | Adagio+Slideways | Destabilizing Rounds+Opening Shot | Destabilizing Rounds+Sword Logic | Moving Target+Opening Shot | Moving Target+Sword Logic | Opening Shot+Slideways | Slideways+Sword Logic,4118334987
84,Solemn Remembrance,preferred,Hand Cannon,Stasis,1,0,1,0,1,"Built to Blast, Impromptu Ammunition, Slideshot","Firefly, Keep Away, Magnificent Howl",9,,,Built to Blast+Firefly | Built to Blast+Keep Away | Built to Blast+Magnificent Howl | Firefly+Impromptu Ammunition | Firefly+Slideshot | Impromptu Ammunition+Keep Away | Impromptu Ammunition+Magnificent Howl | Keep Away+Slideshot | Magnificent Howl+Slideshot,4116518582
85,The Spiteful Fang,preferred,Combat Bow,Stasis,1,0,1,0,1,"Archer's Tempo, Headstone, Impulse Amplifier","Crystalline Corpsebloom, Explosive Head, Frenzy",9,,,Archer's Tempo+Crystalline Corpsebloom | Archer's Tempo+Explosive Head | Archer's Tempo+Frenzy | Crystalline Corpsebloom+Headstone | Crystalline Corpsebloom+Impulse Amplifier | Explosive Head+Headstone | Explosive Head+Impulse Amplifier | Frenzy+Headstone | Frenzy+Impulse Amplifier,1704597062
86,Pre Astyanax IV,preferred,Combat Bow,Solar,1,0,1,0,1,"Firefly, Rapid Hit, Successful Warm-Up","Binary Orbit, Burning Ambition, Elemental Honing",9,,,Binary Orbit+Firefly | Binary Orbit+Rapid Hit | Binary Orbit+Successful Warm-Up | Burning Ambition+Firefly | Burning Ambition+Rapid Hit | Burning Ambition+Successful Warm-Up | Elemental Honing+Firefly | Elemental Honing+Rapid Hit | Elemental Honing+Successful Warm-Up,471764396
87,Trachinus,preferred,Shotgun,Stasis,1,0,0,0,1,"Killing Wind, Lead from Gold, Proximity Power","Chill Clip, Encore, Headstone",9,,,Chill Clip+Killing Wind | Chill Clip+Lead from Gold | Chill Clip+Proximity Power | Encore+Killing Wind | Encore+Lead from Gold | Encore+Proximity Power | Headstone+Killing Wind | Headstone+Lead from Gold | Headstone+Proximity Power,2888021254
88,Peculiar Charm,preferred,Submachine Gun,Kinetic,1,0,1,0,1,"Attrition Orbs, Lone Wolf, Rangefinder","All-Star, Bewildering Burst, Desperado",9,,,All-Star+Attrition Orbs | All-Star+Lone Wolf | All-Star+Rangefinder | Attrition Orbs+Bewildering Burst | Attrition Orbs+Desperado | Bewildering Burst+Lone Wolf | Bewildering Burst+Rangefinder | Desperado+Lone Wolf | Desperado+Rangefinder,3620277039
89,Gunburn,preferred,Submachine Gun,Kinetic,1,0,0,0,1,"Lead From Light, Lone Wolf, Pugilist","Ancillary Ordinance, Kinetic Tremors, One for All",9,,,Ancillary Ordinance+Lead From Light | Ancillary Ordinance+Lone Wolf | Ancillary Ordinance+Pugilist | Kinetic Tremors+Lead From Light | Kinetic Tremors+Lone Wolf | Kinetic Tremors+Pugilist | Lead From Light+One for All | Lone Wolf+One for All | One for All+Pugilist,3431536253
90,Forced Memorializer,preferred,Scout Rifle,Kinetic,1,0,1,0,1,"Bewildering Burst, Explosive Payload, Shoot to Loot","Multikill Clip, Outlaw, To the Pain",9,,,Bewildering Burst+Multikill Clip | Bewildering Burst+Outlaw | Bewildering Burst+To the Pain | Explosive Payload+Multikill Clip | Explosive Payload+Outlaw | Explosive Payload+To the Pain | Multikill Clip+Shoot to Loot | Outlaw+Shoot to Loot | Shoot to Loot+To the Pain,1197073834
91,Last Man Standing,preferred,Shotgun,Solar,1,0,1,0,1,"Compulsive Reloader, Hip-Fire Grip, Subsistence","One-Two Punch, Rampage, Shot Swap",9,,,Compulsive Reloader+One-Two Punch | Compulsive Reloader+Rampage | Compulsive Reloader+Shot Swap | Hip-Fire Grip+One-Two Punch | Hip-Fire Grip+Rampage | Hip-Fire Grip+Shot Swap | One-Two Punch+Subsistence | Rampage+Subsistence | Shot Swap+Subsistence,4287947559
92,Fatebringer (Timelost),preferred,Hand Cannon,Kinetic,0,1,0,1,0,"Explosive Payload, Kinetic Tremors, Opening Shot","All-Star, Binary Orbit, Elemental Honing",9,,,All-Star+Explosive Payload | All-Star+Kinetic Tremors | All-Star+Opening Shot | Binary Orbit+Explosive Payload | Binary Orbit+Kinetic Tremors | Binary Orbit+Opening Shot | Elemental Honing+Explosive Payload | Elemental Honing+Kinetic Tremors | Elemental Honing+Opening Shot,4219826183
93,Fair Judgment,preferred,Auto Rifle,Stasis,1,0,1,0,1,"Deconstruct, Rimestealer, Slideshot","Headstone, Onslaught, Rangefinder",9,,,Deconstruct+Headstone | Deconstruct+Onslaught | Deconstruct+Rangefinder | Headstone+Rimestealer | Headstone+Slideshot | Onslaught+Rimestealer | Onslaught+Slideshot | Rangefinder+Rimestealer | Rangefinder+Slideshot,4113452819
94,Ascendancy,preferred,Rocket Launcher,Solar,1,0,1,0,1,"Ambitious Assassin, Lead From Light, Slideways","Incandescent, Lasting Impression, Reaper's Tithe",9,,,Ambitious Assassin+Incandescent | Ambitious Assassin+Lasting Impression | Ambitious Assassin+Reaper's Tithe | Incandescent+Lead From Light | Incandescent+Slideways | Lasting Impression+Lead From Light | Lasting Impression+Slideways | Lead From Light+Reaper's Tithe | Reaper's Tithe+Slideways,1713388226
95,Afterlight (Adept),preferred,Fusion Rifle,Void,0,1,0,0,1,"Discord, Grave Robber, Lead from Gold","Adagio, Cornered, Reservoir Burst",9,,,Adagio+Discord | Adagio+Grave Robber | Adagio+Lead from Gold | Cornered+Discord | Cornered+Grave Robber | Cornered+Lead from Gold | Discord+Reservoir Burst | Grave Robber+Reservoir Burst | Lead from Gold+Reservoir Burst,3953163559
96,The Beacon,preferred,Fusion Rifle,Solar,1,0,0,0,1,"Collective Pugilism, Envious Arsenal, Overflow","Controlled Burst, Deconstruct, Successful Warm-Up",9,,,Collective Pugilism+Controlled Burst | Collective Pugilism+Deconstruct | Collective Pugilism+Successful Warm-Up | Controlled Burst+Envious Arsenal | Controlled Burst+Overflow | Deconstruct+Envious Arsenal | Deconstruct+Overflow | Envious Arsenal+Successful Warm-Up | Overflow+Successful Warm-Up,2161618499
97,Burden of Guilt,preferred,Fusion Rifle,Stasis,1,0,0,0,1,"Ambitious Assassin, Eye of the Storm, Perpetual Motion","Aggregate Charge, Chill Clip, Crystalline Corpsebloom",9,,,Aggregate Charge+Ambitious Assassin | Aggregate Charge+Eye of the Storm | Aggregate Charge+Perpetual Motion | Ambitious Assassin+Chill Clip | Ambitious Assassin+Crystalline Corpsebloom | Chill Clip+Eye of the Storm | Chill Clip+Perpetual Motion | Crystalline Corpsebloom+Eye of the Storm | Crystalline Corpsebloom+Perpetual Motion,976459525
98,Zephyr,preferred,Sword,Stasis,1,0,0,0,1,"Duelist's Trance, Osmosis, Relentless Strikes","Assassin's Blade, Chain Reaction, Cold Steel",9,,,Assassin's Blade+Duelist's Trance | Assassin's Blade+Osmosis | Assassin's Blade+Relentless Strikes | Chain Reaction+Duelist's Trance | Chain Reaction+Osmosis | Chain Reaction+Relentless Strikes | Cold Steel+Duelist's Trance | Cold Steel+Osmosis | Cold Steel+Relentless Strikes,396910433
99,Double-Edged Answer,preferred,Sword,Void,0,0,1,0,1,"En Garde, Energy Transfer, Repulsor Brace","Attrition Orbs, Collective Action, Counterattack",9,,,Attrition Orbs+En Garde | Attrition Orbs+Energy Transfer | Attrition Orbs+Repulsor Brace | Collective Action+En Garde | Collective Action+Energy Transfer | Collective Action+Repulsor Brace | Counterattack+En Garde | Counterattack+Energy Transfer | Counterattack+Repulsor Brace,105164264
100,Chivalric Fire,preferred,Sword,Void,1,0,1,0,1,"Collective Demolition, Relentless Strikes, Sharp Harvest","Eager Edge, Energy Transfer, Flash Counter",9,,,Collective Demolition+Eager Edge | Collective Demolition+Energy Transfer | Collective Demolition+Flash Counter | Eager Edge+Relentless Strikes | Eager Edge+Sharp Harvest | Energy Transfer+Relentless Strikes | Energy Transfer+Sharp Harvest | Flash Counter+Relentless Strikes | Flash Counter+Sharp Harvest,938936806
101,Throne-Cleaver,preferred,Sword,Void,1,0,0,0,1,"Relentless Strikes, Shattering Blade, Tireless Blade","Counterattack, En Garde, Whirlwind Blade",9,,,Counterattack+Relentless Strikes | Counterattack+Shattering Blade | Counterattack+Tireless Blade | En Garde+Relentless Strikes | En Garde+Shattering Blade | En Garde+Tireless Blade | Relentless Strikes+Whirlwind Blade | Shattering Blade+Whirlwind Blade | Tireless Blade+Whirlwind Blade,569799273
102,Summum Bonum (Adept),preferred,Sword,Arc,0,1,0,1,0,"Sharp Harvest, Strategist, Unrelenting","Chaos Reshaped, Jolting Feedback, One for All",9,,,Chaos Reshaped+Sharp Harvest | Chaos Reshaped+Strategist | Chaos Reshaped+Unrelenting | Jolting Feedback+Sharp Harvest | Jolting Feedback+Strategist | Jolting Feedback+Unrelenting | One for All+Sharp Harvest | One for All+Strategist | One for All+Unrelenting,2001697739
103,Wild Style,preferred,Grenade Launcher,Solar,1,0,1,0,1,"Danger Zone, Envious Assassin, Keep Away","Attrition Orbs, Incandescent, Permeability",9,,,Attrition Orbs+Danger Zone | Attrition Orbs+Envious Assassin | Attrition Orbs+Keep Away | Danger Zone+Incandescent | Danger Zone+Permeability | Envious Assassin+Incandescent | Envious Assassin+Permeability | Incandescent+Keep Away | Keep Away+Permeability,1332123064
104,Non-Denouement (Adept),preferred,Combat Bow,Arc,0,1,0,1,0,"Archer's Tempo, Hip-Fire Grip, Shoot to Loot","Archer's Gambit, Desperate Measures, Voltshot",9,,,Archer's Gambit+Archer's Tempo | Archer's Gambit+Hip-Fire Grip | Archer's Gambit+Shoot to Loot | Archer's Tempo+Desperate Measures | Archer's Tempo+Voltshot | Desperate Measures+Hip-Fire Grip | Desperate Measures+Shoot to Loot | Hip-Fire Grip+Voltshot | Shoot to Loot+Voltshot,1039915310
105,Nasreddin,preferred,Sword,Arc,1,0,0,0,1,"Duelist's Trance, Energy Transfer, Flash Counter","Jolting Feedback, Rolling Storm, Surrounded",9,,,Duelist's Trance+Jolting Feedback | Duelist's Trance+Rolling Storm | Duelist's Trance+Surrounded | Energy Transfer+Jolting Feedback | Energy Transfer+Rolling Storm | Energy Transfer+Surrounded | Flash Counter+Jolting Feedback | Flash Counter+Rolling Storm | Flash Counter+Surrounded,1979417829
106,Abyssal Edge,preferred,Sword,Strand,1,0,0,0,1,"Duelist's Trance, Energy Transfer, Valiant Charge","Demolitionist, Elemental Honing, Redirection",9,,,Demolitionist+Duelist's Trance | Demolitionist+Energy Transfer | Demolitionist+Valiant Charge | Duelist's Trance+Elemental Honing | Duelist's Trance+Redirection | Elemental Honing+Energy Transfer | Elemental Honing+Valiant Charge | Energy Transfer+Redirection | Redirection+Valiant Charge,4221591387
107,Theodolite,preferred,Grenade Launcher,Arc,1,0,1,0,1,"Eddy Current, Reconstruction, Reverberation","Binary Orbit, Elemental Honing, Reaper's Tithe",9,,,Binary Orbit+Eddy Current | Binary Orbit+Reconstruction | Binary Orbit+Reverberation | Eddy Current+Elemental Honing | Eddy Current+Reaper's Tithe | Elemental Honing+Reconstruction | Elemental Honing+Reverberation | Reaper's Tithe+Reconstruction | Reaper's Tithe+Reverberation,4146673635
108,Watchful Eye,preferred,Machine Gun,Arc,1,0,0,0,1,"Dynamic Sway Reduction, Field Prep, Hip-Fire Grip","Jolting Feedback, Killing Tally, Rolling Storm",9,,,Dynamic Sway Reduction+Jolting Feedback | Dynamic Sway Reduction+Killing Tally | Dynamic Sway Reduction+Rolling Storm | Field Prep+Jolting Feedback | Field Prep+Killing Tally | Field Prep+Rolling Storm | Hip-Fire Grip+Jolting Feedback | Hip-Fire Grip+Killing Tally | Hip-Fire Grip+Rolling Storm,3058845782
109,Trendsetter,preferred,Auto Rifle,Arc,1,0,0,0,1,"Light Touch, Outlaw, Supercharged Magazine","Rampage, Tap the Trigger, Zen Moment",9,,,Light Touch+Rampage | Light Touch+Tap the Trigger | Light Touch+Zen Moment | Outlaw+Rampage | Outlaw+Tap the Trigger | Outlaw+Zen Moment | Rampage+Supercharged Magazine | Supercharged Magazine+Tap the Trigger | Supercharged Magazine+Zen Moment,2863808104
110,Claws of the Wolf,preferred,Pulse Rifle,Void,1,0,0,0,1,"Field Prep, Snapshot Sights, Threat Detector","Full Auto Trigger System, Grave Robber, Kill Clip",9,,,Field Prep+Full Auto Trigger System | Field Prep+Grave Robber | Field Prep+Kill Clip | Full Auto Trigger System+Snapshot Sights | Full Auto Trigger System+Threat Detector | Grave Robber+Snapshot Sights | Grave Robber+Threat Detector | Kill Clip+Snapshot Sights | Kill Clip+Threat Detector,1280933460
111,Yesteryear,preferred,Pulse Rifle,Void,1,0,1,0,1,"Ensemble, Heating Up, Slideways","Desperado, Focused Fury, Gutshot Straight",9,,,Desperado+Ensemble | Desperado+Heating Up | Desperado+Slideways | Ensemble+Focused Fury | Ensemble+Gutshot Straight | Focused Fury+Heating Up | Focused Fury+Slideways | Gutshot Straight+Heating Up | Gutshot Straight+Slideways,4028000428
112,Taipan-4fr,preferred,Linear Fusion Rifle,Void,1,0,0,1,1,"Clown Cartridge, Genesis, Triple Tap","Firing Line, Repulsor Brace, Snapshot Sights",9,,,Clown Cartridge+Firing Line | Clown Cartridge+Repulsor Brace | Clown Cartridge+Snapshot Sights | Firing Line+Genesis | Firing Line+Triple Tap | Genesis+Repulsor Brace | Genesis+Snapshot Sights | Repulsor Brace+Triple Tap | Snapshot Sights+Triple Tap,1911060537
113,Zaouli's Bane (Harrowed),preferred,Hand Cannon,Solar,0,1,0,1,0,"Explosive Payload, Hip-Fire Grip, Redirection","Chaos Reshaped, Demolitionist, Firefly",9,,,Chaos Reshaped+Explosive Payload | Chaos Reshaped+Hip-Fire Grip | Chaos Reshaped+Redirection | Demolitionist+Explosive Payload | Demolitionist+Hip-Fire Grip | Demolitionist+Redirection | Explosive Payload+Firefly | Firefly+Hip-Fire Grip | Firefly+Redirection,291092617
114,Sublimation,preferred,Scout Rifle,Arc,1,0,0,0,1,"Eddy Current, Impromptu Ammunition, Sympathetic Arsenal","No Distractions, Precision Instrument, Rolling Storm",9,,,Eddy Current+No Distractions | Eddy Current+Precision Instrument | Eddy Current+Rolling Storm | Impromptu Ammunition+No Distractions | Impromptu Ammunition+Precision Instrument | Impromptu Ammunition+Rolling Storm | No Distractions+Sympathetic Arsenal | Precision Instrument+Sympathetic Arsenal | Rolling Storm+Sympathetic Arsenal,1674692344
115,Unfall,preferred,Sidearm,Arc,1,0,1,0,1,"Beacon Rounds, Lead from Gold, Sleight of Hand","Deconstruct, Master of Arms, One for All",9,,,Beacon Rounds+Deconstruct | Beacon Rounds+Master of Arms | Beacon Rounds+One for All | Deconstruct+Lead from Gold | Deconstruct+Sleight of Hand | Lead from Gold+Master of Arms | Lead from Gold+One for All | Master of Arms+Sleight of Hand | One for All+Sleight of Hand,738446555
116,The Mountaintop,preferred,Grenade Launcher,Kinetic,1,0,0,0,1,"Ambitious Assassin, Auto-Loading Holster, Slickdraw","Rampage, Recombination, Vorpal Weapon",9,,,Ambitious Assassin+Rampage | Ambitious Assassin+Recombination | Ambitious Assassin+Vorpal Weapon | Auto-Loading Holster+Rampage | Auto-Loading Holster+Recombination | Auto-Loading Holster+Vorpal Weapon | Rampage+Slickdraw | Recombination+Slickdraw | Slickdraw+Vorpal Weapon,4043921923
117,Submersion,preferred,Combat Bow,Stasis,1,0,0,0,1,"Auto-Loading Holster, Bolt Scavenger, Ensemble","Aggregate Charge, Collective Action, Firing Line",9,,,Aggregate Charge+Auto-Loading Holster | Aggregate Charge+Bolt Scavenger | Aggregate Charge+Ensemble | Auto-Loading Holster+Collective Action | Auto-Loading Holster+Firing Line | Bolt Scavenger+Collective Action | Bolt Scavenger+Firing Line | Collective Action+Ensemble | Ensemble+Firing Line,3524386983
118,Haliaetus,preferred,Rocket Launcher,Strand,1,0,0,0,1,"Blast Distributor, Grave Robber, Quickdraw","Binary Orbit, Collective Pugilism, Reaper's Tithe",9,,,Binary Orbit+Blast Distributor | Binary Orbit+Grave Robber | Binary Orbit+Quickdraw | Blast Distributor+Collective Pugilism | Blast Distributor+Reaper's Tithe | Collective Pugilism+Grave Robber | Collective Pugilism+Quickdraw | Grave Robber+Reaper's Tithe | Quickdraw+Reaper's Tithe,2155534128
119,Solemn Lie,preferred,Hand Cannon,Arc,1,0,1,0,1,"Killing Wind, Quickdraw, Rangefinder","Elemental Capacitor, Lone Wolf, Rapid Hit",9,,,Elemental Capacitor+Killing Wind | Elemental Capacitor+Quickdraw | Elemental Capacitor+Rangefinder | Killing Wind+Lone Wolf | Killing Wind+Rapid Hit | Lone Wolf+Quickdraw | Lone Wolf+Rangefinder | Quickdraw+Rapid Hit | Rangefinder+Rapid Hit,1041028435
120,Sixth Sense,preferred,Hand Cannon,Strand,1,0,0,0,1,"Explosive Payload, Rapid Hit, Triple Tap","Dragonfly, Hatchling, Tear",9,,,Dragonfly+Explosive Payload | Dragonfly+Rapid Hit | Dragonfly+Triple Tap | Explosive Payload+Hatchling | Explosive Payload+Tear | Hatchling+Rapid Hit | Hatchling+Triple Tap | Rapid Hit+Tear | Tear+Triple Tap,4032097591
121,Maahes HC4,preferred,Hand Cannon,Void,1,0,0,0,1,"Enlightened Action, Pulse Monitor, Repulsor Brace","Destabilizing Rounds, Disruption Break, Golden Tricorn",9,,,Destabilizing Rounds+Enlightened Action | Destabilizing Rounds+Pulse Monitor | Destabilizing Rounds+Repulsor Brace | Disruption Break+Enlightened Action | Disruption Break+Pulse Monitor | Disruption Break+Repulsor Brace | Enlightened Action+Golden Tricorn | Golden Tricorn+Pulse Monitor | Golden Tricorn+Repulsor Brace,1246793994
122,Anamnesis (Adept),preferred,Combat Bow,Void,0,1,0,0,1,"Hip-Fire Grip, Perfect Float, Successful Warm-Up","Adagio, Demoralize, Impulse Amplifier",9,,,Adagio+Hip-Fire Grip | Adagio+Perfect Float | Adagio+Successful Warm-Up | Demoralize+Hip-Fire Grip | Demoralize+Perfect Float | Demoralize+Successful Warm-Up | Hip-Fire Grip+Impulse Amplifier | Impulse Amplifier+Perfect Float | Impulse Amplifier+Successful Warm-Up,3949253499
123,Ecliptic Distaff,preferred,Glaive,Void,1,0,1,0,1,"Disruption Break, Grave Robber, Tilting at Windmills","Chaos Reshaped, Desperate Measures, Withering Gaze",9,,,Chaos Reshaped+Disruption Break | Chaos Reshaped+Grave Robber | Chaos Reshaped+Tilting at Windmills | Desperate Measures+Disruption Break | Desperate Measures+Grave Robber | Desperate Measures+Tilting at Windmills | Disruption Break+Withering Gaze | Grave Robber+Withering Gaze | Tilting at Windmills+Withering Gaze,1942143745
124,Word of Crota (Adept),preferred,Hand Cannon,Void,0,1,0,1,0,"Collective Demolition, Demolitionist, Rapid Hit","Focused Fury, Frenzy, Magnificent Howl",9,,,Collective Demolition+Focused Fury | Collective Demolition+Frenzy | Collective Demolition+Magnificent Howl | Demolitionist+Focused Fury | Demolitionist+Frenzy | Demolitionist+Magnificent Howl | Focused Fury+Rapid Hit | Frenzy+Rapid Hit | Magnificent Howl+Rapid Hit,3926103986
125,Trust,preferred,Hand Cannon,Solar,1,0,1,0,1,"Genesis, Snapshot Sights, Triple Tap","Hip-Fire Grip, Rampage, Rapid Hit",9,,,Genesis+Hip-Fire Grip | Genesis+Rampage | Genesis+Rapid Hit | Hip-Fire Grip+Snapshot Sights | Hip-Fire Grip+Triple Tap | Rampage+Snapshot Sights | Rampage+Triple Tap | Rapid Hit+Snapshot Sights | Rapid Hit+Triple Tap,4077196130
126,The Title,preferred,Submachine Gun,Void,1,0,0,0,1,"Closing Time, Perpetual Motion, Recycled Energy","Demoralize, Elemental Honing, Rangefinder",9,,,Closing Time+Demoralize | Closing Time+Elemental Honing | Closing Time+Rangefinder | Demoralize+Perpetual Motion | Demoralize+Recycled Energy | Elemental Honing+Perpetual Motion | Elemental Honing+Recycled Energy | Perpetual Motion+Rangefinder | Rangefinder+Recycled Energy,4106258882
127,Shayura's Wrath,preferred,Submachine Gun,Void,1,0,0,0,1,"Dynamic Sway Reduction, Perpetual Motion, Tunnel Vision","Celerity, Golden Tricorn, Harmony",9,,,Celerity+Dynamic Sway Reduction | Celerity+Perpetual Motion | Celerity+Tunnel Vision | Dynamic Sway Reduction+Golden Tricorn | Dynamic Sway Reduction+Harmony | Golden Tricorn+Perpetual Motion | Golden Tricorn+Tunnel Vision | Harmony+Perpetual Motion | Harmony+Tunnel Vision,3682803680
128,Liturgy,preferred,Grenade Launcher,Stasis,1,0,0,0,1,"Envious Arsenal, Quickdraw, Rimestealer","Chain Reaction, Desperate Measures, Lead from Gold",9,,,Chain Reaction+Envious Arsenal | Chain Reaction+Quickdraw | Chain Reaction+Rimestealer | Desperate Measures+Envious Arsenal | Desperate Measures+Quickdraw | Desperate Measures+Rimestealer | Envious Arsenal+Lead from Gold | Lead from Gold+Quickdraw | Lead from Gold+Rimestealer,3377522331
129,Doomsday,preferred,Grenade Launcher,Arc,1,0,1,0,1,"Ambitious Assassin, Snapshot Sights, Supercharged Magazine","Full Court, Jolting Feedback, Quickdraw",9,,,Ambitious Assassin+Full Court | Ambitious Assassin+Jolting Feedback | Ambitious Assassin+Quickdraw | Full Court+Snapshot Sights | Full Court+Supercharged Magazine | Jolting Feedback+Snapshot Sights | Jolting Feedback+Supercharged Magazine | Quickdraw+Snapshot Sights | Quickdraw+Supercharged Magazine,713132408
130,Shadow Price,preferred,Auto Rifle,Arc,1,0,1,0,1,"Bottomless Grief, Fourth Time's the Charm, Surplus","One for All, Thresh, Unrelenting",9,,,Bottomless Grief+One for All | Bottomless Grief+Thresh | Bottomless Grief+Unrelenting | Fourth Time's the Charm+One for All | Fourth Time's the Charm+Thresh | Fourth Time's the Charm+Unrelenting | One for All+Surplus | Surplus+Thresh | Surplus+Unrelenting,2633186522
131,The Third Axiom,preferred,Pulse Rifle,Arc,1,0,1,0,1,"Genesis, Slideshot, Zen Moment","Headseeker, Multikill Clip, Sympathetic Arsenal",9,,,Genesis+Headseeker | Genesis+Multikill Clip | Genesis+Sympathetic Arsenal | Headseeker+Slideshot | Headseeker+Zen Moment | Multikill Clip+Slideshot | Multikill Clip+Zen Moment | Slideshot+Sympathetic Arsenal | Sympathetic Arsenal+Zen Moment,3744058588
132,Qullim's Terminus (Harrowed),preferred,Machine Gun,Stasis,0,1,0,1,0,"Enlightened Action, Firmly Planted, Slickdraw","Eye of the Storm, Firefly, Mega Kill Clip",9,,,Enlightened Action+Eye of the Storm | Enlightened Action+Firefly | Enlightened Action+Mega Kill Clip | Eye of the Storm+Firmly Planted | Eye of the Storm+Slickdraw | Firefly+Firmly Planted | Firefly+Slickdraw | Firmly Planted+Mega Kill Clip | Mega Kill Clip+Slickdraw,3248429089
133,Pointed Inquiry,preferred,Scout Rifle,Void,1,0,0,1,1,"Firmly Planted, Genesis, Repulsor Brace","Demolitionist, Demoralize, Harmony",9,,,Demolitionist+Firmly Planted | Demolitionist+Genesis | Demolitionist+Repulsor Brace | Demoralize+Firmly Planted | Demoralize+Genesis | Demoralize+Repulsor Brace | Firmly Planted+Harmony | Genesis+Harmony | Harmony+Repulsor Brace,297296830
134,Permafrost,preferred,Grenade Launcher,Stasis,1,0,0,0,1,"Attrition Orbs, Blast Distributor, Impromptu Ammunition","Adrenaline Junkie, Pugilist, Wellspring",9,,,Adrenaline Junkie+Attrition Orbs | Adrenaline Junkie+Blast Distributor | Adrenaline Junkie+Impromptu Ammunition | Attrition Orbs+Pugilist | Attrition Orbs+Wellspring | Blast Distributor+Pugilist | Blast Distributor+Wellspring | Impromptu Ammunition+Pugilist | Impromptu Ammunition+Wellspring,2922964484
135,Oversoul Edict (Adept),preferred,Pulse Rifle,Arc,0,1,0,1,0,"Eddy Current, Encore, Eye of the Storm","Headseeker, High Ground, Moving Target",9,,,Eddy Current+Headseeker | Eddy Current+High Ground | Eddy Current+Moving Target | Encore+Headseeker | Encore+High Ground | Encore+Moving Target | Eye of the Storm+Headseeker | Eye of the Storm+High Ground | Eye of the Storm+Moving Target,578105049
136,Albruna-D,preferred,Sniper Rifle,Arc,0,0,1,0,1,"Air Assault, Surplus, Wellspring","Golden Tricorn Enhanced, High-Impact Reserves, Slickdraw",9,,,Air Assault+Golden Tricorn Enhanced | Air Assault+High-Impact Reserves | Air Assault+Slickdraw | Golden Tricorn Enhanced+Surplus | Golden Tricorn Enhanced+Wellspring | High-Impact Reserves+Surplus | High-Impact Reserves+Wellspring | Slickdraw+Surplus | Slickdraw+Wellspring,676270382
137,Origin Story,preferred,Auto Rifle,Kinetic,1,0,1,0,1,"Feeding Frenzy, Fragile Focus, Strategist","High Ground, Onslaught, Surrounded",9,,,Feeding Frenzy+High Ground | Feeding Frenzy+Onslaught | Feeding Frenzy+Surrounded | Fragile Focus+High Ground | Fragile Focus+Onslaught | Fragile Focus+Surrounded | High Ground+Strategist | Onslaught+Strategist | Strategist+Surrounded,2826850739
138,Breakneck,preferred,Auto Rifle,Kinetic,1,0,1,0,1,"Dynamic Sway Reduction, Shoot to Loot, Subsistence","Deconstruct, Osmosis, Target Lock",9,,,Deconstruct+Dynamic Sway Reduction | Deconstruct+Shoot to Loot | Deconstruct+Subsistence | Dynamic Sway Reduction+Osmosis | Dynamic Sway Reduction+Target Lock | Osmosis+Shoot to Loot | Osmosis+Subsistence | Shoot to Loot+Target Lock | Subsistence+Target Lock,2026755633
139,Veiled Threat,preferred,Auto Rifle,Stasis,1,0,0,1,1,"Attrition Orbs, Threat Detector, To the Pain","Gutshot Straight, Headstone, Moving Target",9,,,Attrition Orbs+Gutshot Straight | Attrition Orbs+Headstone | Attrition Orbs+Moving Target | Gutshot Straight+Threat Detector | Gutshot Straight+To the Pain | Headstone+Threat Detector | Headstone+To the Pain | Moving Target+Threat Detector | Moving Target+To the Pain,3685470415
140,Sorrow's Verse,preferred,Auto Rifle,Arc,1,0,1,0,1,"Feeding Frenzy, Recycled Energy, Rewind Rounds","Demolitionist, Multikill Clip, Voltshot",9,,,Demolitionist+Feeding Frenzy | Demolitionist+Recycled Energy | Demolitionist+Rewind Rounds | Feeding Frenzy+Multikill Clip | Feeding Frenzy+Voltshot | Multikill Clip+Recycled Energy | Multikill Clip+Rewind Rounds | Recycled Energy+Voltshot | Rewind Rounds+Voltshot,2557966895
141,Seraphine Haze,preferred,Submachine Gun,Stasis,1,0,1,0,1,"Hip-Fire Grip, Lead From Light, Rimestealer","Adrenaline Junkie, Attrition Orbs, Collective Pugilism",9,,,Adrenaline Junkie+Hip-Fire Grip | Adrenaline Junkie+Lead From Light | Adrenaline Junkie+Rimestealer | Attrition Orbs+Hip-Fire Grip | Attrition Orbs+Lead From Light | Attrition Orbs+Rimestealer | Collective Pugilism+Hip-Fire Grip | Collective Pugilism+Lead From Light | Collective Pugilism+Rimestealer,1524387902
142,Servant Leader,preferred,Scout Rifle,Kinetic,0,0,1,0,1,"Heating Up, No Distractions, Pulse Monitor","Harmony, Kill Clip, Wellspring",9,,,Harmony+Heating Up | Harmony+No Distractions | Harmony+Pulse Monitor | Heating Up+Kill Clip | Heating Up+Wellspring | Kill Clip+No Distractions | Kill Clip+Pulse Monitor | No Distractions+Wellspring | Pulse Monitor+Wellspring,1107446438
143,Sarpedon-D,preferred,Hand Cannon,Arc,1,0,1,0,1,"Proximity Power, To the Pain, Trickle Charge","Desperate Measures, One-Two Punch, Trench Barrel",9,,,Desperate Measures+Proximity Power | Desperate Measures+To the Pain | Desperate Measures+Trickle Charge | One-Two Punch+Proximity Power | One-Two Punch+To the Pain | One-Two Punch+Trickle Charge | Proximity Power+Trench Barrel | To the Pain+Trench Barrel | Trench Barrel+Trickle Charge,3318545829
144,Resounding,preferred,Fusion Rifle,Strand,1,0,1,0,1,"Compulsive Reloader, Cornered, Threat Detector","Aggregate Charge, One for All, Reservoir Burst",9,,,Aggregate Charge+Compulsive Reloader | Aggregate Charge+Cornered | Aggregate Charge+Threat Detector | Compulsive Reloader+One for All | Compulsive Reloader+Reservoir Burst | Cornered+One for All | Cornered+Reservoir Burst | One for All+Threat Detector | Reservoir Burst+Threat Detector,3273807888
145,Frontier's Cry,preferred,Hand Cannon,Solar,1,0,0,0,1,"Adaptive Munitions, Rapid Hit, Stats for All","Adagio, Eye of the Storm, Iron Grip",9,,,Adagio+Adaptive Munitions | Adagio+Rapid Hit | Adagio+Stats for All | Adaptive Munitions+Eye of the Storm | Adaptive Munitions+Iron Grip | Eye of the Storm+Rapid Hit | Eye of the Storm+Stats for All | Iron Grip+Rapid Hit | Iron Grip+Stats for All,3203303472
146,Romantic Death,preferred,Grenade Launcher,Void,1,0,0,0,1,"Proximity Power, Reverberation, Stats for All","Aggregate Charge, Chain Reaction, Impulse Amplifier",9,,,Aggregate Charge+Proximity Power | Aggregate Charge+Reverberation | Aggregate Charge+Stats for All | Chain Reaction+Proximity Power | Chain Reaction+Reverberation | Chain Reaction+Stats for All | Impulse Amplifier+Proximity Power | Impulse Amplifier+Reverberation | Impulse Amplifier+Stats for All,2979965246
147,Perfect Pitch,preferred,Submachine Gun,Solar,1,0,1,0,1,"Discord, Enlightened Action, To the Pain","Focused Fury, Onslaught, Rangefinder",9,,,Discord+Focused Fury | Discord+Onslaught | Discord+Rangefinder | Enlightened Action+Focused Fury | Enlightened Action+Onslaught | Enlightened Action+Rangefinder | Focused Fury+To the Pain | Onslaught+To the Pain | Rangefinder+To the Pain,2191451996
148,No Feelings,preferred,Scout Rifle,Arc,1,0,1,0,1,"Collective Demolition, Keep Away, Voltshot","Adrenaline Junkie, Box Breathing, Meganeura",9,,,Adrenaline Junkie+Collective Demolition | Adrenaline Junkie+Keep Away | Adrenaline Junkie+Voltshot | Box Breathing+Collective Demolition | Box Breathing+Keep Away | Box Breathing+Voltshot | Collective Demolition+Meganeura | Keep Away+Meganeura | Meganeura+Voltshot,2979764077
149,Rapid Growth,preferred,Sniper Rifle,Arc,1,0,0,0,1,"Fourth Time's the Charm, Light Touch, Lucky Shot","Binary Orbit, Closing Time, Gear Shift",9,,,Binary Orbit+Fourth Time's the Charm | Binary Orbit+Light Touch | Binary Orbit+Lucky Shot | Closing Time+Fourth Time's the Charm | Closing Time+Light Touch | Closing Time+Lucky Shot | Fourth Time's the Charm+Gear Shift | Gear Shift+Light Touch | Gear Shift+Lucky Shot,3856342856
150,Arcane Embrace,preferred,Shotgun,Arc,1,0,0,0,1,"Air Trigger, Dual Loader, Slideshot","Desperado, Swashbuckler, Voltshot",9,,,Air Trigger+Desperado | Air Trigger+Swashbuckler | Air Trigger+Voltshot | Desperado+Dual Loader | Desperado+Slideshot | Dual Loader+Swashbuckler | Dual Loader+Voltshot | Slideshot+Swashbuckler | Slideshot+Voltshot,3649985571
151,Someday,preferred,Shotgun,Kinetic,1,0,0,1,1,"Lead from Gold, One-Two Punch, Strategist","Cascade Point, Closing Time, Frenzy",9,,,Cascade Point+Lead from Gold | Cascade Point+One-Two Punch | Cascade Point+Strategist | Closing Time+Lead from Gold | Closing Time+One-Two Punch | Closing Time+Strategist | Frenzy+Lead from Gold | Frenzy+One-Two Punch | Frenzy+Strategist,3232203524
152,Iterative Loop,preferred,Fusion Rifle,Arc,1,0,0,1,1,"Slickdraw, Supercharged Magazine, Under Pressure","Demolitionist, Kickstart, Pugilist",9,,,Demolitionist+Slickdraw | Demolitionist+Supercharged Magazine | Demolitionist+Under Pressure | Kickstart+Slickdraw | Kickstart+Supercharged Magazine | Kickstart+Under Pressure | Pugilist+Slickdraw | Pugilist+Supercharged Magazine | Pugilist+Under Pressure,1289796511
153,Red Tape,preferred,Scout Rifle,Stasis,1,0,0,0,1,"Attrition Orbs, Closing Time, Lone Wolf","Focused Fury, High-Impact Reserves, Rampage",9,,,Attrition Orbs+Focused Fury | Attrition Orbs+High-Impact Reserves | Attrition Orbs+Rampage | Closing Time+Focused Fury | Closing Time+High-Impact Reserves | Closing Time+Rampage | Focused Fury+Lone Wolf | High-Impact Reserves+Lone Wolf | Lone Wolf+Rampage,3423493037
154,Reckless Endangerment,preferred,Shotgun,Kinetic,1,0,1,0,1,"Barrel Constrictor, Perpetual Motion, Steady Hands","Binary Orbit, Offhand Strike, Trench Barrel",9,,,Barrel Constrictor+Binary Orbit | Barrel Constrictor+Offhand Strike | Barrel Constrictor+Trench Barrel | Binary Orbit+Perpetual Motion | Binary Orbit+Steady Hands | Offhand Strike+Perpetual Motion | Offhand Strike+Steady Hands | Perpetual Motion+Trench Barrel | Steady Hands+Trench Barrel,3085559077
155,Ahab Char,preferred,Auto Rifle,Solar,1,0,0,0,1,"Proximity Power, Recycled Energy, Transcendent Moment","Adagio, Eye of the Storm, High-Impact Reserves",9,,,Adagio+Proximity Power | Adagio+Recycled Energy | Adagio+Transcendent Moment | Eye of the Storm+Proximity Power | Eye of the Storm+Recycled Energy | Eye of the Storm+Transcendent Moment | High-Impact Reserves+Proximity Power | High-Impact Reserves+Recycled Energy | High-Impact Reserves+Transcendent Moment,1411560894
156,Phoneutria Fera,preferred,Hand Cannon,Solar,1,0,0,0,1,"Barrel Constrictor, Threat Remover, Transcendent Moment","Frenzy, Incandescent, One-Two Punch",9,,,Barrel Constrictor+Frenzy | Barrel Constrictor+Incandescent | Barrel Constrictor+One-Two Punch | Frenzy+Threat Remover | Frenzy+Transcendent Moment | Incandescent+Threat Remover | Incandescent+Transcendent Moment | One-Two Punch+Threat Remover | One-Two Punch+Transcendent Moment,3804242795
157,Occluded Finality,preferred,Sniper Rifle,Arc,1,0,0,0,1,"Mulligan, Snapshot Sights, Surplus","Demolitionist, Elemental Capacitor, Iron Reach",9,,,Demolitionist+Mulligan | Demolitionist+Snapshot Sights | Demolitionist+Surplus | Elemental Capacitor+Mulligan | Elemental Capacitor+Snapshot Sights | Elemental Capacitor+Surplus | Iron Reach+Mulligan | Iron Reach+Snapshot Sights | Iron Reach+Surplus,852551895
158,Mint Retrograde,preferred,Pulse Rifle,Strand,1,0,1,0,1,"Beacon Rounds, Hatchling, Rewind Rounds","Bait and Switch, Cascade Point, Elemental Honing",9,,,Bait and Switch+Beacon Rounds | Bait and Switch+Hatchling | Bait and Switch+Rewind Rounds | Beacon Rounds+Cascade Point | Beacon Rounds+Elemental Honing | Cascade Point+Hatchling | Cascade Point+Rewind Rounds | Elemental Honing+Hatchling | Elemental Honing+Rewind Rounds,3285784871
159,Mindbender's Ambition,preferred,Shotgun,Solar,1,0,1,0,1,"Auto-Loading Holster, Lead from Gold, Pugilist","Fragile Focus, One-Two Punch, Steady Hands",9,,,Auto-Loading Holster+Fragile Focus | Auto-Loading Holster+One-Two Punch | Auto-Loading Holster+Steady Hands | Fragile Focus+Lead from Gold | Fragile Focus+Pugilist | Lead from Gold+One-Two Punch | Lead from Gold+Steady Hands | One-Two Punch+Pugilist | Pugilist+Steady Hands,1094005544
160,MIDA Mini-Tool,preferred,Submachine Gun,Solar,1,0,0,0,1,"Discord, Envious Assassin, Loose Change","Collective Pugilism, Master of Arms, Offhand Strike",9,,,Collective Pugilism+Discord | Collective Pugilism+Envious Assassin | Collective Pugilism+Loose Change | Discord+Master of Arms | Discord+Offhand Strike | Envious Assassin+Master of Arms | Envious Assassin+Offhand Strike | Loose Change+Master of Arms | Loose Change+Offhand Strike,3946054154
161,Lotus-Eater,preferred,Sidearm,Void,1,0,1,0,1,"Beacon Rounds, Reconstruction, Shoot to Loot","Adrenaline Junkie, Reverberation, Withering Gaze",9,,,Adrenaline Junkie+Beacon Rounds | Adrenaline Junkie+Reconstruction | Adrenaline Junkie+Shoot to Loot | Beacon Rounds+Reverberation | Beacon Rounds+Withering Gaze | Reconstruction+Reverberation | Reconstruction+Withering Gaze | Reverberation+Shoot to Loot | Shoot to Loot+Withering Gaze,3922217119
162,Jurisprudent,preferred,Scout Rifle,Stasis,1,0,0,0,1,"Built to Blast, Enlightened Action, Recycled Energy","Adrenaline Junkie, Binary Orbit, No Distractions",9,,,Adrenaline Junkie+Built to Blast | Adrenaline Junkie+Enlightened Action | Adrenaline Junkie+Recycled Energy | Binary Orbit+Built to Blast | Binary Orbit+Enlightened Action | Binary Orbit+Recycled Energy | Built to Blast+No Distractions | Enlightened Action+No Distractions | No Distractions+Recycled Energy,4090134063
163,Jorum's Claw,preferred,Pulse Rifle,Solar,1,0,0,0,1,"Gutshot Straight, Iron Grip, Offhand Strike","Frenzy, Golden Tricorn, Incandescent",9,,,Frenzy+Gutshot Straight | Frenzy+Iron Grip | Frenzy+Offhand Strike | Golden Tricorn+Gutshot Straight | Golden Tricorn+Iron Grip | Golden Tricorn+Offhand Strike | Gutshot Straight+Incandescent | Incandescent+Iron Grip | Incandescent+Offhand Strike,62937067
164,Infinite Paths 8,preferred,Pulse Rifle,Arc,1,0,0,0,1,"Auto-Loading Holster, Genesis, Threat Detector","Shield Disorient, Swashbuckler, Zen Moment",9,,,Auto-Loading Holster+Shield Disorient | Auto-Loading Holster+Swashbuckler | Auto-Loading Holster+Zen Moment | Genesis+Shield Disorient | Genesis+Swashbuckler | Genesis+Zen Moment | Shield Disorient+Threat Detector | Swashbuckler+Threat Detector | Threat Detector+Zen Moment,3233390913
165,Gunnora's Axe,preferred,Shotgun,Arc,1,0,0,0,1,"Field Prep, Full Auto Trigger System, Pulse Monitor","Demolitionist, Slideshot, Triple Tap",9,,,Demolitionist+Field Prep | Demolitionist+Full Auto Trigger System | Demolitionist+Pulse Monitor | Field Prep+Slideshot | Field Prep+Triple Tap | Full Auto Trigger System+Slideshot | Full Auto Trigger System+Triple Tap | Pulse Monitor+Slideshot | Pulse Monitor+Triple Tap,2326716489
166,Hawthorne's Field-Forged Shotgun,preferred,Shotgun,Kinetic,1,0,0,0,1,"Full Auto Trigger System, Grave Robber, Pulse Monitor","Eye of the Storm, Hip-Fire Grip, One-Two Punch",9,,,Eye of the Storm+Full Auto Trigger System | Eye of the Storm+Grave Robber | Eye of the Storm+Pulse Monitor | Full Auto Trigger System+Hip-Fire Grip | Full Auto Trigger System+One-Two Punch | Grave Robber+Hip-Fire Grip | Grave Robber+One-Two Punch | Hip-Fire Grip+Pulse Monitor | One-Two Punch+Pulse Monitor,1807343361
167,Wicked Sister,preferred,Grenade Launcher,Strand,0,0,1,0,1,"Envious Assassin, Perpetual Motion, Quickdraw","Full Court, High Ground, Reverberation",9,,,Envious Assassin+Full Court | Envious Assassin+High Ground | Envious Assassin+Reverberation | Full Court+Perpetual Motion | Full Court+Quickdraw | High Ground+Perpetual Motion | High Ground+Quickdraw | Perpetual Motion+Reverberation | Quickdraw+Reverberation,2039776723
168,The Forward Path,preferred,Auto Rifle,Kinetic,1,0,0,0,1,"Dynamic Sway Reduction, Fourth Time's the Charm, Hip-Fire Grip","Iron Gaze, Swashbuckler, Tap the Trigger",9,,,Dynamic Sway Reduction+Iron Gaze | Dynamic Sway Reduction+Swashbuckler | Dynamic Sway Reduction+Tap the Trigger | Fourth Time's the Charm+Iron Gaze | Fourth Time's the Charm+Swashbuckler | Fourth Time's the Charm+Tap the Trigger | Hip-Fire Grip+Iron Gaze | Hip-Fire Grip+Swashbuckler | Hip-Fire Grip+Tap the Trigger,1690783811
169,Inbound Surveillance,preferred,Scout Rifle,Kinetic,1,0,0,0,1,"Keep Away, Lucky Shot, Shoot to Loot","Kinetic Tremors, Precision Instrument, Redirection",9,,,Keep Away+Kinetic Tremors | Keep Away+Precision Instrument | Keep Away+Redirection | Kinetic Tremors+Lucky Shot | Kinetic Tremors+Shoot to Loot | Lucky Shot+Precision Instrument | Lucky Shot+Redirection | Precision Instrument+Shoot to Loot | Redirection+Shoot to Loot,2776506837
170,Imperial Decree,preferred,Shotgun,Kinetic,1,0,0,1,1,"Feeding Frenzy, Full Auto Trigger System, Pulse Monitor","Auto-Loading Holster, Rampage, Trench Barrel",9,,,Auto-Loading Holster+Feeding Frenzy | Auto-Loading Holster+Full Auto Trigger System | Auto-Loading Holster+Pulse Monitor | Feeding Frenzy+Rampage | Feeding Frenzy+Trench Barrel | Full Auto Trigger System+Rampage | Full Auto Trigger System+Trench Barrel | Pulse Monitor+Rampage | Pulse Monitor+Trench Barrel,2919334548
171,Hullabaloo,preferred,Grenade Launcher,Arc,1,0,0,0,1,"Envious Arsenal, Envious Assassin, Impulse Amplifier","Golden Tricorn Enhanced, One for All, Strategist",9,,,Envious Arsenal+Golden Tricorn Enhanced | Envious Arsenal+One for All | Envious Arsenal+Strategist | Envious Assassin+Golden Tricorn Enhanced | Envious Assassin+One for All | Envious Assassin+Strategist | Golden Tricorn Enhanced+Impulse Amplifier | Impulse Amplifier+One for All | Impulse Amplifier+Strategist,2666273249
172,Returned Memory,preferred,Sidearm,Solar,1,0,1,0,1,"Beacon Rounds, Blast Distributor, Impromptu Ammunition","Adagio, Burning Ambition, Desperate Measures",9,,,Adagio+Beacon Rounds | Adagio+Blast Distributor | Adagio+Impromptu Ammunition | Beacon Rounds+Burning Ambition | Beacon Rounds+Desperate Measures | Blast Distributor+Burning Ambition | Blast Distributor+Desperate Measures | Burning Ambition+Impromptu Ammunition | Desperate Measures+Impromptu Ammunition,4049127142
173,Horror's Least,preferred,Pulse Rifle,Arc,1,0,1,0,1,"Steady Hands, Under Pressure, Zen Moment","High-Impact Reserves, Turnabout, Vorpal Weapon",9,,,High-Impact Reserves+Steady Hands | High-Impact Reserves+Under Pressure | High-Impact Reserves+Zen Moment | Steady Hands+Turnabout | Steady Hands+Vorpal Weapon | Turnabout+Under Pressure | Turnabout+Zen Moment | Under Pressure+Vorpal Weapon | Vorpal Weapon+Zen Moment,216983039
174,The Hero's Burden,preferred,Submachine Gun,Void,1,0,0,0,1,"Air Assault, Tunnel Vision, Well-Rounded","Eye of the Storm, Iron Grip, Repulsor Brace",9,,,Air Assault+Eye of the Storm | Air Assault+Iron Grip | Air Assault+Repulsor Brace | Eye of the Storm+Tunnel Vision | Eye of the Storm+Well-Rounded | Iron Grip+Tunnel Vision | Iron Grip+Well-Rounded | Repulsor Brace+Tunnel Vision | Repulsor Brace+Well-Rounded,2488587246
175,Veles-X,preferred,Pulse Rifle,Void,1,0,1,0,1,"Rapid Hit, To the Pain, Wellspring","Desperado, Firefly, Withering Gaze",9,,,Desperado+Rapid Hit | Desperado+To the Pain | Desperado+Wellspring | Firefly+Rapid Hit | Firefly+To the Pain | Firefly+Wellspring | Rapid Hit+Withering Gaze | To the Pain+Withering Gaze | Wellspring+Withering Gaze,438540299
176,Gnawing Hunger,preferred,Auto Rifle,Void,1,0,1,0,1,"Demolitionist, Enlightened Action, Withering Gaze","Dynamic Sway Reduction, Master of Arms, Multikill Clip",9,,,Demolitionist+Dynamic Sway Reduction | Demolitionist+Master of Arms | Demolitionist+Multikill Clip | Dynamic Sway Reduction+Enlightened Action | Dynamic Sway Reduction+Withering Gaze | Enlightened Action+Master of Arms | Enlightened Action+Multikill Clip | Master of Arms+Withering Gaze | Multikill Clip+Withering Gaze,214545213
177,Eleatic Principle,preferred,Machine Gun,Arc,1,0,0,1,1,"Eddy Current, Well-Rounded, Zen Moment","Adaptive Munitions, Golden Tricorn Enhanced, Rangefinder",9,,,Adaptive Munitions+Eddy Current | Adaptive Munitions+Well-Rounded | Adaptive Munitions+Zen Moment | Eddy Current+Golden Tricorn Enhanced | Eddy Current+Rangefinder | Golden Tricorn Enhanced+Well-Rounded | Golden Tricorn Enhanced+Zen Moment | Rangefinder+Well-Rounded | Rangefinder+Zen Moment,105306149
178,Ammit AR2,preferred,Auto Rifle,Solar,1,0,0,1,1,"Stats for All, Triple Tap, Turnabout","Adrenaline Junkie, Gutshot Straight, Pugilist",9,,,Adrenaline Junkie+Stats for All | Adrenaline Junkie+Triple Tap | Adrenaline Junkie+Turnabout | Gutshot Straight+Stats for All | Gutshot Straight+Triple Tap | Gutshot Straight+Turnabout | Pugilist+Stats for All | Pugilist+Triple Tap | Pugilist+Turnabout,2119346509
179,The Summoner,preferred,Auto Rifle,Solar,1,0,0,0,1,"Elemental Capacitor, Heal Clip, Overflow","Golden Tricorn Enhanced, Onslaught, Rampage",9,,,Elemental Capacitor+Golden Tricorn Enhanced | Elemental Capacitor+Onslaught | Elemental Capacitor+Rampage | Golden Tricorn Enhanced+Heal Clip | Golden Tricorn Enhanced+Overflow | Heal Clip+Onslaught | Heal Clip+Rampage | Onslaught+Overflow | Overflow+Rampage,1820994983
180,Death Adder,preferred,Submachine Gun,Solar,1,0,0,0,1,"Auto-Loading Holster, Dynamic Sway Reduction, Mulligan","Eye of the Storm, Moving Target, Quickdraw",9,,,Auto-Loading Holster+Eye of the Storm | Auto-Loading Holster+Moving Target | Auto-Loading Holster+Quickdraw | Dynamic Sway Reduction+Eye of the Storm | Dynamic Sway Reduction+Moving Target | Dynamic Sway Reduction+Quickdraw | Eye of the Storm+Mulligan | Moving Target+Mulligan | Mulligan+Quickdraw,2742490609
181,D.F.A.,preferred,Hand Cannon,Kinetic,1,0,1,0,1,"Fragile Focus, Perpetual Motion, Tunnel Vision","Focused Fury, Timed Payload, Wellspring",9,,,Focused Fury+Fragile Focus | Focused Fury+Perpetual Motion | Focused Fury+Tunnel Vision | Fragile Focus+Timed Payload | Fragile Focus+Wellspring | Perpetual Motion+Timed Payload | Perpetual Motion+Wellspring | Timed Payload+Tunnel Vision | Tunnel Vision+Wellspring,575830664
182,Cataphract GL3,preferred,Grenade Launcher,Strand,1,0,0,0,1,"Envious Arsenal, Envious Assassin, Impulse Amplifier","Bait and Switch, Demolitionist, Impromptu Ammunition",9,,,Bait and Switch+Envious Arsenal | Bait and Switch+Envious Assassin | Bait and Switch+Impulse Amplifier | Demolitionist+Envious Arsenal | Demolitionist+Envious Assassin | Demolitionist+Impulse Amplifier | Envious Arsenal+Impromptu Ammunition | Envious Assassin+Impromptu Ammunition | Impromptu Ammunition+Impulse Amplifier,3805679279
183,Unwavering Duty,preferred,Machine Gun,Solar,1,0,0,0,1,"Auto-Loading Holster, Incandescent, Rampage","Burning Ambition, Cascade Point, Onslaught",9,,,Auto-Loading Holster+Burning Ambition | Auto-Loading Holster+Cascade Point | Auto-Loading Holster+Onslaught | Burning Ambition+Incandescent | Burning Ambition+Rampage | Cascade Point+Incandescent | Cascade Point+Rampage | Incandescent+Onslaught | Onslaught+Rampage,3489054606
184,Dawn Far Off,preferred,Machine Gun,Solar,1,0,0,0,1,"Attrition Orbs, Burning Ambition, Triple Tap","Aggregate Charge, Killing Tally, Redirection",9,,,Aggregate Charge+Attrition Orbs | Aggregate Charge+Burning Ambition | Aggregate Charge+Triple Tap | Attrition Orbs+Killing Tally | Attrition Orbs+Redirection | Burning Ambition+Killing Tally | Burning Ambition+Redirection | Killing Tally+Triple Tap | Redirection+Triple Tap,2770617440
185,Boomslang-4fr,preferred,Linear Fusion Rifle,Arc,1,0,1,0,1,"Heating Up, Rolling Storm, Transcendent Moment","Precision Instrument, Reservoir Burst, Vorpal Weapon",9,,,Heating Up+Precision Instrument | Heating Up+Reservoir Burst | Heating Up+Vorpal Weapon | Precision Instrument+Rolling Storm | Precision Instrument+Transcendent Moment | Reservoir Burst+Rolling Storm | Reservoir Burst+Transcendent Moment | Rolling Storm+Vorpal Weapon | Transcendent Moment+Vorpal Weapon,3926153598
186,Aurora Dawn,preferred,Sword,Stasis,1,0,1,0,1,"Flash Counter, Proximity Power, Rimestealer","Binary Orbit, Cold Steel, Elemental Honing",9,,,Binary Orbit+Flash Counter | Binary Orbit+Proximity Power | Binary Orbit+Rimestealer | Cold Steel+Flash Counter | Cold Steel+Proximity Power | Cold Steel+Rimestealer | Elemental Honing+Flash Counter | Elemental Honing+Proximity Power | Elemental Honing+Rimestealer,2111625436
187,Archon's Thunder,preferred,Machine Gun,Stasis,1,0,0,0,1,"Air Trigger, Envious Assassin, High-Impact Reserves","Desperate Measures, Killing Tally, Rewind Rounds",9,,,Air Trigger+Desperate Measures | Air Trigger+Killing Tally | Air Trigger+Rewind Rounds | Desperate Measures+Envious Assassin | Desperate Measures+High-Impact Reserves | Envious Assassin+Killing Tally | Envious Assassin+Rewind Rounds | High-Impact Reserves+Killing Tally | High-Impact Reserves+Rewind Rounds,2896109856
188,Briar's Contempt (Adept),preferred,Linear Fusion Rifle,Solar,0,1,0,1,0,"Burning Ambition, Incandescent, Slideshot","Adagio, Paracausal Affinity, Surrounded",9,,,Adagio+Burning Ambition | Adagio+Incandescent | Adagio+Slideshot | Burning Ambition+Paracausal Affinity | Burning Ambition+Surrounded | Incandescent+Paracausal Affinity | Incandescent+Surrounded | Paracausal Affinity+Slideshot | Slideshot+Surrounded,2890082420
189,Adored,preferred,Sniper Rifle,Arc,1,0,1,0,1,"Elemental Capacitor, Jolting Feedback, Supercharged Magazine","Elemental Honing, Moving Target, No Distractions",9,,,Elemental Capacitor+Elemental Honing | Elemental Capacitor+Moving Target | Elemental Capacitor+No Distractions | Elemental Honing+Jolting Feedback | Elemental Honing+Supercharged Magazine | Jolting Feedback+Moving Target | Jolting Feedback+No Distractions | Moving Target+Supercharged Magazine | No Distractions+Supercharged Magazine,1405095983
190,Acosmic,preferred,Grenade Launcher,Void,1,0,0,0,1,"Clown Cartridge, Reverberation, Withering Gaze","Cascade Point, Deconstruct, Destabilizing Rounds",9,,,Cascade Point+Clown Cartridge | Cascade Point+Reverberation | Cascade Point+Withering Gaze | Clown Cartridge+Deconstruct | Clown Cartridge+Destabilizing Rounds | Deconstruct+Reverberation | Deconstruct+Withering Gaze | Destabilizing Rounds+Reverberation | Destabilizing Rounds+Withering Gaze,1106017703
191,Acasia's Dejection (Adept),preferred,Trace Rifle,Solar,0,1,0,1,0,"Field Prep, Hip-Fire Grip, Reconstruction","Detonator Beam, Target Lock, Vorpal Weapon",9,,,Detonator Beam+Field Prep | Detonator Beam+Hip-Fire Grip | Detonator Beam+Reconstruction | Field Prep+Target Lock | Field Prep+Vorpal Weapon | Hip-Fire Grip+Target Lock | Hip-Fire Grip+Vorpal Weapon | Reconstruction+Target Lock | Reconstruction+Vorpal Weapon,3493494807
192,21% Delirium,preferred,Machine Gun,Arc,1,0,1,0,1,"Feeding Frenzy, Overflow, Reconstruction","Frenzy, Jolting Feedback, Killing Tally",9,,,Feeding Frenzy+Frenzy | Feeding Frenzy+Jolting Feedback | Feeding Frenzy+Killing Tally | Frenzy+Overflow | Frenzy+Reconstruction | Jolting Feedback+Overflow | Jolting Feedback+Reconstruction | Killing Tally+Overflow | Killing Tally+Reconstruction,3001598094
193,Unending Tempest,preferred,Submachine Gun,Stasis,1,0,1,0,1,"Discord, Shot Swap, Under-Over","Collective Action, Headstone, Surrounded",9,,,Collective Action+Discord | Collective Action+Shot Swap | Collective Action+Under-Over | Discord+Headstone | Discord+Surrounded | Headstone+Shot Swap | Headstone+Under-Over | Shot Swap+Surrounded | Surrounded+Under-Over,2510526114
194,Monody-44,preferred,Fusion Rifle,Void,1,0,0,0,1,"Discord, Enlightened Action, Lone Wolf","Controlled Burst, Successful Warm-Up, Withering Gaze",9,,,Controlled Burst+Discord | Controlled Burst+Enlightened Action | Controlled Burst+Lone Wolf | Discord+Successful Warm-Up | Discord+Withering Gaze | Enlightened Action+Successful Warm-Up | Enlightened Action+Withering Gaze | Lone Wolf+Successful Warm-Up | Lone Wolf+Withering Gaze,3201200906
195,Parabellum,preferred,Submachine Gun,Solar,1,0,0,0,1,"Collective Demolition, Killing Wind, Rewind Rounds","Attrition Orbs, One for All, Perfect Float",9,,,Attrition Orbs+Collective Demolition | Attrition Orbs+Killing Wind | Attrition Orbs+Rewind Rounds | Collective Demolition+One for All | Collective Demolition+Perfect Float | Killing Wind+One for All | Killing Wind+Perfect Float | One for All+Rewind Rounds | Perfect Float+Rewind Rounds,3769072067
196,Joxer's Longsword,preferred,Pulse Rifle,Void,1,0,1,0,1,"Closing Time, Gutshot Straight, Strategist","Desperado, Swashbuckler, Zen Moment",9,,,Closing Time+Desperado | Closing Time+Swashbuckler | Closing Time+Zen Moment | Desperado+Gutshot Straight | Desperado+Strategist | Gutshot Straight+Swashbuckler | Gutshot Straight+Zen Moment | Strategist+Swashbuckler | Strategist+Zen Moment,157601190
197,Tomorrow's Answer,preferred,Rocket Launcher,Void,1,0,0,0,1,"Envious Assassin, Tracking Module, Withering Gaze","Cluster Bomb, Explosive Light, Vorpal Weapon",9,,,Cluster Bomb+Envious Assassin | Cluster Bomb+Tracking Module | Cluster Bomb+Withering Gaze | Envious Assassin+Explosive Light | Envious Assassin+Vorpal Weapon | Explosive Light+Tracking Module | Explosive Light+Withering Gaze | Tracking Module+Vorpal Weapon | Vorpal Weapon+Withering Gaze,3009199534
198,Thin Precipice,preferred,Sword,Strand,1,0,0,1,1,"Flash Counter, Steady Hands, Unrelenting","Adrenaline Junkie, Collective Action, Golden Tricorn",9,,,Adrenaline Junkie+Flash Counter | Adrenaline Junkie+Steady Hands | Adrenaline Junkie+Unrelenting | Collective Action+Flash Counter | Collective Action+Steady Hands | Collective Action+Unrelenting | Flash Counter+Golden Tricorn | Golden Tricorn+Steady Hands | Golden Tricorn+Unrelenting,4066778670
199,The Riposte,preferred,Auto Rifle,Void,1,0,1,0,1,"Dimensional Shift, Rewind Rounds, Zen Moment","Desperate Measures, Kill Clip, Target Lock",9,,,Desperate Measures+Dimensional Shift | Desperate Measures+Rewind Rounds | Desperate Measures+Zen Moment | Dimensional Shift+Kill Clip | Dimensional Shift+Target Lock | Kill Clip+Rewind Rounds | Kill Clip+Zen Moment | Rewind Rounds+Target Lock | Target Lock+Zen Moment,866434750
200,Forgiveness,preferred,Sidearm,Arc,1,0,0,0,1,"Offhand Strike, Tap the Trigger, Voltshot","Headseeker, Precision Instrument, Surrounded",9,,,Headseeker+Offhand Strike | Headseeker+Tap the Trigger | Headseeker+Voltshot | Offhand Strike+Precision Instrument | Offhand Strike+Surrounded | Precision Instrument+Tap the Trigger | Precision Instrument+Voltshot | Surrounded+Tap the Trigger | Surrounded+Voltshot,1552443158
201,Abyss Defiant (Adept),preferred,Auto Rifle,Solar,0,1,0,1,0,"Burning Ambition, Outlaw, Pugilist","Collective Action, Collective Pugilism, Swashbuckler",9,,,Burning Ambition+Collective Action | Burning Ambition+Collective Pugilism | Burning Ambition+Swashbuckler | Collective Action+Outlaw | Collective Action+Pugilist | Collective Pugilism+Outlaw | Collective Pugilism+Pugilist | Outlaw+Swashbuckler | Pugilist+Swashbuckler,3782662983
202,The Slammer,preferred,Sword,Stasis,1,0,1,0,1,"Attrition Orbs, Chain Reaction, Eager Edge","Bait and Switch, Demolitionist, Permeability",9,,,Attrition Orbs+Bait and Switch | Attrition Orbs+Demolitionist | Attrition Orbs+Permeability | Bait and Switch+Chain Reaction | Bait and Switch+Eager Edge | Chain Reaction+Demolitionist | Chain Reaction+Permeability | Demolitionist+Eager Edge | Eager Edge+Permeability,2889501828
203,Mirror Imago (Adept),preferred,Submachine Gun,Strand,0,1,0,0,1,"Grave Robber, Recycled Energy, To the Pain","Hatchling, Offhand Strike, Permeability",9,,,Grave Robber+Hatchling | Grave Robber+Offhand Strike | Grave Robber+Permeability | Hatchling+Recycled Energy | Hatchling+To the Pain | Offhand Strike+Recycled Energy | Offhand Strike+To the Pain | Permeability+Recycled Energy | Permeability+To the Pain,4116546788
204,The Ringing Nail,preferred,Auto Rifle,Solar,1,0,1,0,1,"Keep Away, Rewind Rounds, Zen Moment","Disruption Break, Rampage, Sword Logic",9,,,Disruption Break+Keep Away | Disruption Break+Rewind Rounds | Disruption Break+Zen Moment | Keep Away+Rampage | Keep Away+Sword Logic | Rampage+Rewind Rounds | Rampage+Zen Moment | Rewind Rounds+Sword Logic | Sword Logic+Zen Moment,4206550094
205,The Immortal,preferred,Submachine Gun,Strand,1,0,0,0,1,"Keep Away, Slice, Threat Detector","Master of Arms, Target Lock, Transcendent Moment",9,,,Keep Away+Master of Arms | Keep Away+Target Lock | Keep Away+Transcendent Moment | Master of Arms+Slice | Master of Arms+Threat Detector | Slice+Target Lock | Slice+Transcendent Moment | Target Lock+Threat Detector | Threat Detector+Transcendent Moment,2872063099
206,The Hothead,preferred,Rocket Launcher,Arc,1,0,1,0,1,"Envious Arsenal, Reconstruction, Tracking Module","Aggregate Charge, Bipod, Clown Cartridge",9,,,Aggregate Charge+Envious Arsenal | Aggregate Charge+Reconstruction | Aggregate Charge+Tracking Module | Bipod+Envious Arsenal | Bipod+Reconstruction | Bipod+Tracking Module | Clown Cartridge+Envious Arsenal | Clown Cartridge+Reconstruction | Clown Cartridge+Tracking Module,3960301269
207,Tatara Gaze,preferred,Sniper Rifle,Arc,1,0,1,0,1,"Discord, Impromptu Ammunition, Overflow","Box Breathing, Mega Kill Clip, Redirection",9,,,Box Breathing+Discord | Box Breathing+Impromptu Ammunition | Box Breathing+Overflow | Discord+Mega Kill Clip | Discord+Redirection | Impromptu Ammunition+Mega Kill Clip | Impromptu Ammunition+Redirection | Mega Kill Clip+Overflow | Overflow+Redirection,3595694326
208,Something Something,preferred,Sniper Rifle,Kinetic,1,0,1,0,1,"No Distractions, Snapshot Sights, Stopping Power","Adhesive Ordnance, Elemental Honing, Kinetic Tremors",9,,,Adhesive Ordnance+No Distractions | Adhesive Ordnance+Snapshot Sights | Adhesive Ordnance+Stopping Power | Elemental Honing+No Distractions | Elemental Honing+Snapshot Sights | Elemental Honing+Stopping Power | Kinetic Tremors+No Distractions | Kinetic Tremors+Snapshot Sights | Kinetic Tremors+Stopping Power,3421075982
209,Sole Survivor,preferred,Sniper Rifle,Arc,1,0,1,0,1,"Eddy Current, Outlaw, Snapshot Sights","Eye of the Storm, Firing Line, Voltshot",9,,,Eddy Current+Eye of the Storm | Eddy Current+Firing Line | Eddy Current+Voltshot | Eye of the Storm+Outlaw | Eye of the Storm+Snapshot Sights | Firing Line+Outlaw | Firing Line+Snapshot Sights | Outlaw+Voltshot | Snapshot Sights+Voltshot,1150492185
210,The Palindrome,preferred,Hand Cannon,Arc,1,0,1,0,1,"Light Touch, Lone Wolf, Supercharged Magazine","Magnificent Howl, Rolling Storm, Snapshot Sights",9,,,Light Touch+Magnificent Howl | Light Touch+Rolling Storm | Light Touch+Snapshot Sights | Lone Wolf+Magnificent Howl | Lone Wolf+Rolling Storm | Lone Wolf+Snapshot Sights | Magnificent Howl+Supercharged Magazine | Rolling Storm+Supercharged Magazine | Snapshot Sights+Supercharged Magazine,3303271523
211,Kindled Orchid,preferred,Hand Cannon,Void,1,0,1,0,1,"Kill Clip, Rangefinder, Shoot to Loot","Demoralize, Explosive Payload, Magnificent Howl",9,,,Demoralize+Kill Clip | Demoralize+Rangefinder | Demoralize+Shoot to Loot | Explosive Payload+Kill Clip | Explosive Payload+Rangefinder | Explosive Payload+Shoot to Loot | Kill Clip+Magnificent Howl | Magnificent Howl+Rangefinder | Magnificent Howl+Shoot to Loot,3961462214
212,BxR-55 Battler,preferred,Pulse Rifle,Solar,1,0,0,1,1,"Auto-Loading Holster, Outlaw, Pugilist","Blunt Execution Rounds, Gutshot Straight, Incandescent",9,,,Auto-Loading Holster+Blunt Execution Rounds | Auto-Loading Holster+Gutshot Straight | Auto-Loading Holster+Incandescent | Blunt Execution Rounds+Outlaw | Blunt Execution Rounds+Pugilist | Gutshot Straight+Outlaw | Gutshot Straight+Pugilist | Incandescent+Outlaw | Incandescent+Pugilist,2708806099
213,Salvager's Salvo,preferred,Grenade Launcher,Arc,1,0,1,0,1,"Chain Reaction, Demolitionist, Trickle Charge","Collective Action, Reaper's Tithe, Voltshot",9,,,Chain Reaction+Collective Action | Chain Reaction+Reaper's Tithe | Chain Reaction+Voltshot | Collective Action+Demolitionist | Collective Action+Trickle Charge | Demolitionist+Reaper's Tithe | Demolitionist+Voltshot | Reaper's Tithe+Trickle Charge | Trickle Charge+Voltshot,2461640837
214,Rufus's Fury (Adept),preferred,Auto Rifle,Strand,0,1,0,1,0,"Moving Target, Pugilist, Thresh","Chaos Reshaped, Harmony, Tap the Trigger",9,,,Chaos Reshaped+Moving Target | Chaos Reshaped+Pugilist | Chaos Reshaped+Thresh | Harmony+Moving Target | Harmony+Pugilist | Harmony+Thresh | Moving Target+Tap the Trigger | Pugilist+Tap the Trigger | Tap the Trigger+Thresh,342514437
215,Riiswalker,preferred,Shotgun,Kinetic,1,0,0,0,1,"Killing Wind, Shot Swap, Slickdraw","Fragile Focus, Harmony, Iron Reach",9,,,Fragile Focus+Killing Wind | Fragile Focus+Shot Swap | Fragile Focus+Slickdraw | Harmony+Killing Wind | Harmony+Shot Swap | Harmony+Slickdraw | Iron Reach+Killing Wind | Iron Reach+Shot Swap | Iron Reach+Slickdraw,1764868900
216,Retraced Path,preferred,Trace Rifle,Solar,1,0,0,1,1,"Adaptive Munitions, Shoot to Loot, Subsistence","Disruption Break, Focused Fury, Incandescent",9,,,Adaptive Munitions+Disruption Break | Adaptive Munitions+Focused Fury | Adaptive Munitions+Incandescent | Disruption Break+Shoot to Loot | Disruption Break+Subsistence | Focused Fury+Shoot to Loot | Focused Fury+Subsistence | Incandescent+Shoot to Loot | Incandescent+Subsistence,548958835
217,Nullify (Adept),preferred,Pulse Rifle,Solar,0,1,0,1,0,"Fourth Time's the Charm, Rapid Hit, Under-Over","Chaos Reshaped, Sword Logic, Vorpal Weapon",9,,,Chaos Reshaped+Fourth Time's the Charm | Chaos Reshaped+Rapid Hit | Chaos Reshaped+Under-Over | Fourth Time's the Charm+Sword Logic | Fourth Time's the Charm+Vorpal Weapon | Rapid Hit+Sword Logic | Rapid Hit+Vorpal Weapon | Sword Logic+Under-Over | Under-Over+Vorpal Weapon,892183998
218,Defiance of Yasmin (Harrowed),preferred,Sniper Rifle,Kinetic,0,1,0,1,0,"Firefly, Lead from Gold, Stopping Power","All-Star, Moving Target, Vorpal Weapon",9,,,All-Star+Firefly | All-Star+Lead from Gold | All-Star+Stopping Power | Firefly+Moving Target | Firefly+Vorpal Weapon | Lead from Gold+Moving Target | Lead from Gold+Vorpal Weapon | Moving Target+Stopping Power | Stopping Power+Vorpal Weapon,3503019618
219,Agape,preferred,Hand Cannon,Solar,1,0,0,0,1,"Encore, Rewind Rounds, Snapshot Sights","Burning Ambition, Master of Arms, Vorpal Weapon",9,,,Burning Ambition+Encore | Burning Ambition+Rewind Rounds | Burning Ambition+Snapshot Sights | Encore+Master of Arms | Encore+Vorpal Weapon | Master of Arms+Rewind Rounds | Master of Arms+Snapshot Sights | Rewind Rounds+Vorpal Weapon | Snapshot Sights+Vorpal Weapon,4124362340
220,Precipial,preferred,Shotgun,Void,1,0,0,0,1,"Lone Wolf, Moving Target, One-Two Punch","Destabilizing Rounds, Discord, Slideshot",9,,,Destabilizing Rounds+Lone Wolf | Destabilizing Rounds+Moving Target | Destabilizing Rounds+One-Two Punch | Discord+Lone Wolf | Discord+Moving Target | Discord+One-Two Punch | Lone Wolf+Slideshot | Moving Target+Slideshot | One-Two Punch+Slideshot,367772693
221,A Distant Pull,preferred,Sniper Rifle,Stasis,1,0,0,1,1,"Ambitious Assassin, Empty Traits Socket, Triple Tap","Explosive Payload, Headstone, Killing Wind",9,,,Ambitious Assassin+Explosive Payload | Ambitious Assassin+Headstone | Ambitious Assassin+Killing Wind | Empty Traits Socket+Explosive Payload | Empty Traits Socket+Headstone | Empty Traits Socket+Killing Wind | Explosive Payload+Triple Tap | Headstone+Triple Tap | Killing Wind+Triple Tap,1769847435
222,Pardon Our Dust,preferred,Grenade Launcher,Kinetic,1,0,0,1,1,"Ensemble, Killing Wind, Perpetual Motion","Danger Zone, Demolitionist, Turnabout",9,,,Danger Zone+Ensemble | Danger Zone+Killing Wind | Danger Zone+Perpetual Motion | Demolitionist+Ensemble | Demolitionist+Killing Wind | Demolitionist+Perpetual Motion | Ensemble+Turnabout | Killing Wind+Turnabout | Perpetual Motion+Turnabout,3849810018
223,Riptide,preferred,Fusion Rifle,Stasis,1,0,1,0,1,"Auto-Loading Holster, Stats for All, Well-Rounded","Snapshot Sights, Successful Warm-Up, Thresh",9,,,Auto-Loading Holster+Snapshot Sights | Auto-Loading Holster+Successful Warm-Up | Auto-Loading Holster+Thresh | Snapshot Sights+Stats for All | Snapshot Sights+Well-Rounded | Stats for All+Successful Warm-Up | Stats for All+Thresh | Successful Warm-Up+Well-Rounded | Thresh+Well-Rounded,2715240478
224,Dimensional Hypotrochoid,preferred,Grenade Launcher,Stasis,1,0,0,1,1,"Empty Traits Socket, Genesis, Shot Swap","Crystalline Corpsebloom, Disruption Break, Turnabout",9,,,Crystalline Corpsebloom+Empty Traits Socket | Crystalline Corpsebloom+Genesis | Crystalline Corpsebloom+Shot Swap | Disruption Break+Empty Traits Socket | Disruption Break+Genesis | Disruption Break+Shot Swap | Empty Traits Socket+Turnabout | Genesis+Turnabout | Shot Swap+Turnabout,1311684613
225,Xenoclast IV,preferred,Shotgun,Arc,1,0,1,0,1,"Dual Loader, Lead from Gold, Slideways","Killing Wind, Trench Barrel, Unrelenting",9,,,Dual Loader+Killing Wind | Dual Loader+Trench Barrel | Dual Loader+Unrelenting | Killing Wind+Lead from Gold | Killing Wind+Slideways | Lead from Gold+Trench Barrel | Lead from Gold+Unrelenting | Slideways+Trench Barrel | Slideways+Unrelenting,963732594
226,PLUG ONE.1,preferred,Fusion Rifle,Arc,1,0,1,0,1,"Reconstruction, Slideways, Well-Rounded","Closing Time, Desperate Measures, Reservoir Burst",9,,,Closing Time+Reconstruction | Closing Time+Slideways | Closing Time+Well-Rounded | Desperate Measures+Reconstruction | Desperate Measures+Slideways | Desperate Measures+Well-Rounded | Reconstruction+Reservoir Burst | Reservoir Burst+Slideways | Reservoir Burst+Well-Rounded,3293524502
227,Oxygen SR3,preferred,Scout Rifle,Solar,1,0,1,0,1,"Shoot to Loot, Stats for All, To the Pain","Binary Orbit, Box Breathing, Collective Pugilism",9,,,Binary Orbit+Shoot to Loot | Binary Orbit+Stats for All | Binary Orbit+To the Pain | Box Breathing+Shoot to Loot | Box Breathing+Stats for All | Box Breathing+To the Pain | Collective Pugilism+Shoot to Loot | Collective Pugilism+Stats for All | Collective Pugilism+To the Pain,4104613038
228,Null Composure,preferred,Fusion Rifle,Void,1,0,1,0,1,"Envious Arsenal, Feeding Frenzy, Heating Up","Closing Time, High-Impact Reserves, Master of Arms",9,,,Closing Time+Envious Arsenal | Closing Time+Feeding Frenzy | Closing Time+Heating Up | Envious Arsenal+High-Impact Reserves | Envious Arsenal+Master of Arms | Feeding Frenzy+High-Impact Reserves | Feeding Frenzy+Master of Arms | Heating Up+High-Impact Reserves | Heating Up+Master of Arms,3613444087
229,Triple Laureate,preferred,Hand Cannon,Stasis,1,0,0,0,1,"Ambitious Assassin, Rangefinder, Slideshot","Master of Arms, Pugilist, Trench Barrel",9,,,Ambitious Assassin+Master of Arms | Ambitious Assassin+Pugilist | Ambitious Assassin+Trench Barrel | Master of Arms+Rangefinder | Master of Arms+Slideshot | Pugilist+Rangefinder | Pugilist+Slideshot | Rangefinder+Trench Barrel | Slideshot+Trench Barrel,2908653246
230,Malediction,preferred,Hand Cannon,Kinetic,1,0,1,0,1,"Discord, Sleight of Hand, To the Pain","All-Star, Harmony, Kill Clip",9,,,All-Star+Discord | All-Star+Sleight of Hand | All-Star+To the Pain | Discord+Harmony | Discord+Kill Clip | Harmony+Sleight of Hand | Harmony+To the Pain | Kill Clip+Sleight of Hand | Kill Clip+To the Pain,979721268
231,The Messenger,preferred,Pulse Rifle,Kinetic,1,0,0,0,1,"Outlaw, Perpetual Motion, Under-Over","Desperado, Encore, Kinetic Tremors",9,,,Desperado+Outlaw | Desperado+Perpetual Motion | Desperado+Under-Over | Encore+Outlaw | Encore+Perpetual Motion | Encore+Under-Over | Kinetic Tremors+Outlaw | Kinetic Tremors+Perpetual Motion | Kinetic Tremors+Under-Over,3796795102
232,Bygones,preferred,Pulse Rifle,Kinetic,1,0,1,0,1,"Attrition Orbs, Rangefinder, Under Pressure","Eye of the Storm, High Ground, Osmosis",9,,,Attrition Orbs+Eye of the Storm | Attrition Orbs+High Ground | Attrition Orbs+Osmosis | Eye of the Storm+Rangefinder | Eye of the Storm+Under Pressure | High Ground+Rangefinder | High Ground+Under Pressure | Osmosis+Rangefinder | Osmosis+Under Pressure,2199554524
233,Qua Xaphan V,preferred,Machine Gun,Void,0,0,1,0,1,"Encore, Shot Swap, Slideways","Cascade Point, Destabilizing Rounds, Rampage",9,,,Cascade Point+Encore | Cascade Point+Shot Swap | Cascade Point+Slideways | Destabilizing Rounds+Encore | Destabilizing Rounds+Shot Swap | Destabilizing Rounds+Slideways | Encore+Rampage | Rampage+Shot Swap | Rampage+Slideways,1975125963
234,MIDA Macro-Tool,preferred,Shotgun,Arc,1,0,1,0,1,"Envious Assassin, Grave Robber, Threat Detector","Closing Time, Rolling Storm, Trench Barrel",9,,,Closing Time+Envious Assassin | Closing Time+Grave Robber | Closing Time+Threat Detector | Envious Assassin+Rolling Storm | Envious Assassin+Trench Barrel | Grave Robber+Rolling Storm | Grave Robber+Trench Barrel | Rolling Storm+Threat Detector | Threat Detector+Trench Barrel,2699423382
235,Locus Locutus,preferred,Sniper Rifle,Stasis,1,0,0,1,1,"Steady Hands, Surplus, Wellspring","Empty Traits Socket, High Ground, Under-Over",9,,,Empty Traits Socket+Steady Hands | Empty Traits Socket+Surplus | Empty Traits Socket+Wellspring | High Ground+Steady Hands | High Ground+Surplus | High Ground+Wellspring | Steady Hands+Under-Over | Surplus+Under-Over | Under-Over+Wellspring,4132072834
236,Palmyra-B,preferred,Rocket Launcher,Stasis,1,0,0,1,1,"Empty Traits Socket, Ensemble, Surplus","Adrenaline Junkie, Chain Reaction, Lasting Impression",9,,,Adrenaline Junkie+Empty Traits Socket | Adrenaline Junkie+Ensemble | Adrenaline Junkie+Surplus | Chain Reaction+Empty Traits Socket | Chain Reaction+Ensemble | Chain Reaction+Surplus | Empty Traits Socket+Lasting Impression | Ensemble+Lasting Impression | Lasting Impression+Surplus,3489657138
237,Last Thursday,preferred,Pulse Rifle,Strand,1,0,0,0,1,"Built to Blast, Moving Target, Strategist","Hatchling, Headseeker, Slice",9,,,Built to Blast+Hatchling | Built to Blast+Headseeker | Built to Blast+Slice | Hatchling+Moving Target | Hatchling+Strategist | Headseeker+Moving Target | Headseeker+Strategist | Moving Target+Slice | Slice+Strategist,3813721211
238,Last Perdition,preferred,Pulse Rifle,Void,1,0,1,0,1,"Firmly Planted, Grave Robber, Moving Target","Full Auto Trigger System, High-Impact Reserves, Kill Clip",9,,,Firmly Planted+Full Auto Trigger System | Firmly Planted+High-Impact Reserves | Firmly Planted+Kill Clip | Full Auto Trigger System+Grave Robber | Full Auto Trigger System+Moving Target | Grave Robber+High-Impact Reserves | Grave Robber+Kill Clip | High-Impact Reserves+Moving Target | Kill Clip+Moving Target,188882152
239,Laser Painter,preferred,Linear Fusion Rifle,Strand,1,0,1,0,1,"Clown Cartridge, Compulsive Reloader, Invisible Hand","Golden Tricorn, Golden Tricorn Enhanced, Hip-Fire Grip",9,,,Clown Cartridge+Golden Tricorn | Clown Cartridge+Golden Tricorn Enhanced | Clown Cartridge+Hip-Fire Grip | Compulsive Reloader+Golden Tricorn | Compulsive Reloader+Golden Tricorn Enhanced | Compulsive Reloader+Hip-Fire Grip | Golden Tricorn+Invisible Hand | Golden Tricorn Enhanced+Invisible Hand | Hip-Fire Grip+Invisible Hand,3221722018
240,Trinary System,preferred,Fusion Rifle,Solar,0,0,1,0,1,"Ambitious Assassin, Quickdraw, Slideways","Backup Plan, Disruption Break, Wellspring",9,,,Ambitious Assassin+Backup Plan | Ambitious Assassin+Disruption Break | Ambitious Assassin+Wellspring | Backup Plan+Quickdraw | Backup Plan+Slideways | Disruption Break+Quickdraw | Disruption Break+Slideways | Quickdraw+Wellspring | Slideways+Wellspring,3258665412
241,Pressurized Precision,preferred,Fusion Rifle,Strand,1,0,0,0,1,"Auto-Loading Holster, Firmly Planted, Perpetual Motion","Closing Time, Hatchling, Kickstart",9,,,Auto-Loading Holster+Closing Time | Auto-Loading Holster+Hatchling | Auto-Loading Holster+Kickstart | Closing Time+Firmly Planted | Closing Time+Perpetual Motion | Firmly Planted+Hatchling | Firmly Planted+Kickstart | Hatchling+Perpetual Motion | Kickstart+Perpetual Motion,293709640
242,Kept Confidence,preferred,Hand Cannon,Strand,1,0,0,1,1,"Empty Traits Socket, Invisible Hand, Quickdraw","Gutshot Straight, Multikill Clip, Pugilist",9,,,Empty Traits Socket+Gutshot Straight | Empty Traits Socket+Multikill Clip | Empty Traits Socket+Pugilist | Gutshot Straight+Invisible Hand | Gutshot Straight+Quickdraw | Invisible Hand+Multikill Clip | Invisible Hand+Pugilist | Multikill Clip+Quickdraw | Pugilist+Quickdraw,1875512595
243,Keen Thistle,preferred,Sniper Rifle,Solar,1,0,0,0,1,"Incandescent, Triple Tap, Under Pressure","Elemental Honing, Fourth Time's the Charm, Opening Shot",9,,,Elemental Honing+Incandescent | Elemental Honing+Triple Tap | Elemental Honing+Under Pressure | Fourth Time's the Charm+Incandescent | Fourth Time's the Charm+Triple Tap | Fourth Time's the Charm+Under Pressure | Incandescent+Opening Shot | Opening Shot+Triple Tap | Opening Shot+Under Pressure,2499834164
244,Hezen Vengeance (Timelost),preferred,Rocket Launcher,Solar,0,1,0,1,0,"Cluster Bomb, Collective Demolition, Overflow","Bipod, Collective Action, Lasting Impression",9,,,Bipod+Cluster Bomb | Bipod+Collective Demolition | Bipod+Overflow | Cluster Bomb+Collective Action | Cluster Bomb+Lasting Impression | Collective Action+Collective Demolition | Collective Action+Overflow | Collective Demolition+Lasting Impression | Lasting Impression+Overflow,3623686757
245,Hardline Cut,preferred,Sword,Arc,1,0,0,0,1,"Assassin's Blade, Attrition Orbs, Tireless Blade","Eager Edge, One for All, Vorpal Weapon",9,,,Assassin's Blade+Eager Edge | Assassin's Blade+One for All | Assassin's Blade+Vorpal Weapon | Attrition Orbs+Eager Edge | Attrition Orbs+One for All | Attrition Orbs+Vorpal Weapon | Eager Edge+Tireless Blade | One for All+Tireless Blade | Tireless Blade+Vorpal Weapon,3461043766
246,Exalted Truth,preferred,Hand Cannon,Void,1,0,0,0,1,"Slideshot, Withering Gaze, Zen Moment","Demoralize, One for All, Repulsor Brace",9,,,Demoralize+Slideshot | Demoralize+Withering Gaze | Demoralize+Zen Moment | One for All+Slideshot | One for All+Withering Gaze | One for All+Zen Moment | Repulsor Brace+Slideshot | Repulsor Brace+Withering Gaze | Repulsor Brace+Zen Moment,3436626079
247,Everburning Glitz,preferred,Auto Rifle,Kinetic,1,0,0,0,1,"Bewildering Burst, Subsistence, To the Pain","Ancillary Ordinance, Elemental Honing, Zen Moment",9,,,Ancillary Ordinance+Bewildering Burst | Ancillary Ordinance+Subsistence | Ancillary Ordinance+To the Pain | Bewildering Burst+Elemental Honing | Bewildering Burst+Zen Moment | Elemental Honing+Subsistence | Elemental Honing+To the Pain | Subsistence+Zen Moment | To the Pain+Zen Moment,2857870254
248,Empty Vessel,preferred,Grenade Launcher,Solar,1,0,1,0,1,"Feeding Frenzy, Pulse Monitor, Threat Detector","Danger Zone, Thresh, Unrelenting",9,,,Danger Zone+Feeding Frenzy | Danger Zone+Pulse Monitor | Danger Zone+Threat Detector | Feeding Frenzy+Thresh | Feeding Frenzy+Unrelenting | Pulse Monitor+Thresh | Pulse Monitor+Unrelenting | Threat Detector+Thresh | Threat Detector+Unrelenting,198068259
249,Doom of Chelchis (Harrowed),preferred,Scout Rifle,Void,0,1,0,1,0,"Explosive Payload, Firefly, Steady Hands","Meganeura, One for All, Unrelenting",9,,,Explosive Payload+Meganeura | Explosive Payload+One for All | Explosive Payload+Unrelenting | Firefly+Meganeura | Firefly+One for All | Firefly+Unrelenting | Meganeura+Steady Hands | One for All+Steady Hands | Steady Hands+Unrelenting,1184692845
250,Convened Recurve,preferred,Combat Bow,Void,1,0,1,0,1,"Moving Target, Repulsor Brace, Withering Gaze","Aggregate Charge, Butterfly, Snapshot Sights",9,,,Aggregate Charge+Moving Target | Aggregate Charge+Repulsor Brace | Aggregate Charge+Withering Gaze | Butterfly+Moving Target | Butterfly+Repulsor Brace | Butterfly+Withering Gaze | Moving Target+Snapshot Sights | Repulsor Brace+Snapshot Sights | Snapshot Sights+Withering Gaze,3667861447
251,Blast Furnace,preferred,Pulse Rifle,Kinetic,1,0,1,0,1,"Headseeker, Kinetic Tremors, Shoot to Loot","Firefly, Frenzy, One for All",9,,,Firefly+Headseeker | Firefly+Kinetic Tremors | Firefly+Shoot to Loot | Frenzy+Headseeker | Frenzy+Kinetic Tremors | Frenzy+Shoot to Loot | Headseeker+One for All | Kinetic Tremors+One for All | One for All+Shoot to Loot,2533990645
252,Pure Poetry,preferred,Hand Cannon,Kinetic,0,0,1,0,1,"Air Assault, Ensemble, Well-Rounded","Elemental Capacitor, Osmosis, Under-Over",9,,,Air Assault+Elemental Capacitor | Air Assault+Osmosis | Air Assault+Under-Over | Elemental Capacitor+Ensemble | Elemental Capacitor+Well-Rounded | Ensemble+Osmosis | Ensemble+Under-Over | Osmosis+Well-Rounded | Under-Over+Well-Rounded,2671639706
253,Aureus Neutralizer,preferred,Hand Cannon,Kinetic,1,0,0,0,1,"Lone Wolf, Threat Remover, Vorpal Weapon","Adagio, Cascade Point, Opening Shot",9,,,Adagio+Lone Wolf | Adagio+Threat Remover | Adagio+Vorpal Weapon | Cascade Point+Lone Wolf | Cascade Point+Threat Remover | Cascade Point+Vorpal Weapon | Lone Wolf+Opening Shot | Opening Shot+Threat Remover | Opening Shot+Vorpal Weapon,3981920134
254,Yeartide Apex,preferred,Submachine Gun,Solar,1,0,0,0,1,"Attrition Orbs, Feeding Frenzy, Lone Wolf","Chaos Reshaped, Harmony, Target Lock",9,,,Attrition Orbs+Chaos Reshaped | Attrition Orbs+Harmony | Attrition Orbs+Target Lock | Chaos Reshaped+Feeding Frenzy | Chaos Reshaped+Lone Wolf | Feeding Frenzy+Harmony | Feeding Frenzy+Target Lock | Harmony+Lone Wolf | Lone Wolf+Target Lock,3293207827
255,Uzume RR4,preferred,Sniper Rifle,Solar,1,0,1,0,1,"Attrition Orbs, Discord, Snapshot Sights","Explosive Payload, Golden Tricorn Enhanced, Precision Instrument",9,,,Attrition Orbs+Explosive Payload | Attrition Orbs+Golden Tricorn Enhanced | Attrition Orbs+Precision Instrument | Discord+Explosive Payload | Discord+Golden Tricorn Enhanced | Discord+Precision Instrument | Explosive Payload+Snapshot Sights | Golden Tricorn Enhanced+Snapshot Sights | Precision Instrument+Snapshot Sights,2450917538
256,Praedyth's Revenge (Timelost),preferred,Sniper Rifle,Kinetic,0,1,0,1,0,"Bewildering Burst, No Distractions, Osmosis","Closing Time, Firefly, Frenzy",9,,,Bewildering Burst+Closing Time | Bewildering Burst+Firefly | Bewildering Burst+Frenzy | Closing Time+No Distractions | Closing Time+Osmosis | Firefly+No Distractions | Firefly+Osmosis | Frenzy+No Distractions | Frenzy+Osmosis,2362652544
257,Tusk of the Boar,preferred,Grenade Launcher,Strand,1,0,0,0,1,"Enlightened Action, Pulse Monitor, Slideways","Chain Reaction, Deconstruct, Swashbuckler",9,,,Chain Reaction+Enlightened Action | Chain Reaction+Pulse Monitor | Chain Reaction+Slideways | Deconstruct+Enlightened Action | Deconstruct+Pulse Monitor | Deconstruct+Slideways | Enlightened Action+Swashbuckler | Pulse Monitor+Swashbuckler | Slideways+Swashbuckler,1218113510
258,The Other Half,preferred,Sword,Void,1,0,0,1,1,"Duelist's Trance, Eager Edge, Energy Transfer","Frenzy, Repulsor Brace, Vorpal Weapon",9,,,Duelist's Trance+Frenzy | Duelist's Trance+Repulsor Brace | Duelist's Trance+Vorpal Weapon | Eager Edge+Frenzy | Eager Edge+Repulsor Brace | Eager Edge+Vorpal Weapon | Energy Transfer+Frenzy | Energy Transfer+Repulsor Brace | Energy Transfer+Vorpal Weapon,3257091167
259,The Last Dance,preferred,Sidearm,Arc,1,0,1,0,1,"Full Auto Trigger System, Outlaw, Quickdraw","Dragonfly, Kill Clip, Rangefinder",9,,,Dragonfly+Full Auto Trigger System | Dragonfly+Outlaw | Dragonfly+Quickdraw | Full Auto Trigger System+Kill Clip | Full Auto Trigger System+Rangefinder | Kill Clip+Outlaw | Kill Clip+Quickdraw | Outlaw+Rangefinder | Quickdraw+Rangefinder,4045298483
260,The Inquisitor,preferred,Shotgun,Arc,1,0,0,0,1,"Loose Change, Offhand Strike, Slideshot","Bait and Switch, Cascade Point, Opening Shot",9,,,Bait and Switch+Loose Change | Bait and Switch+Offhand Strike | Bait and Switch+Slideshot | Cascade Point+Loose Change | Cascade Point+Offhand Strike | Cascade Point+Slideshot | Loose Change+Opening Shot | Offhand Strike+Opening Shot | Opening Shot+Slideshot,51129316
261,Luna's Howl,preferred,Hand Cannon,Solar,1,0,0,0,1,"Encore, Enlightened Action, Eye of the Storm","Desperate Measures, Harmony, Magnificent Howl",9,,,Desperate Measures+Encore | Desperate Measures+Enlightened Action | Desperate Measures+Eye of the Storm | Encore+Harmony | Encore+Magnificent Howl | Enlightened Action+Harmony | Enlightened Action+Magnificent Howl | Eye of the Storm+Harmony | Eye of the Storm+Magnificent Howl,3757612024
262,Something New,preferred,Hand Cannon,Stasis,1,0,0,0,1,"Pugilist, Rapid Hit, Triple Tap","Demolitionist, Encore, Golden Tricorn",9,,,Demolitionist+Pugilist | Demolitionist+Rapid Hit | Demolitionist+Triple Tap | Encore+Pugilist | Encore+Rapid Hit | Encore+Triple Tap | Golden Tricorn+Pugilist | Golden Tricorn+Rapid Hit | Golden Tricorn+Triple Tap,3240434620
263,Round Robin,preferred,Hand Cannon,Strand,1,0,0,1,1,"Fourth Time's the Charm, Keep Away, Tear","Elemental Capacitor, Golden Tricorn, Golden Tricorn Enhanced",9,,,Elemental Capacitor+Fourth Time's the Charm | Elemental Capacitor+Keep Away | Elemental Capacitor+Tear | Fourth Time's the Charm+Golden Tricorn | Fourth Time's the Charm+Golden Tricorn Enhanced | Golden Tricorn+Keep Away | Golden Tricorn+Tear | Golden Tricorn Enhanced+Keep Away | Golden Tricorn Enhanced+Tear,2034215657
264,Reed's Regret,preferred,Linear Fusion Rifle,Stasis,1,0,0,0,1,"Clown Cartridge, Compulsive Reloader, Surplus","Adagio, Focused Fury, Harmony",9,,,Adagio+Clown Cartridge | Adagio+Compulsive Reloader | Adagio+Surplus | Clown Cartridge+Focused Fury | Clown Cartridge+Harmony | Compulsive Reloader+Focused Fury | Compulsive Reloader+Harmony | Focused Fury+Surplus | Harmony+Surplus,3267997292
265,Psi Aeterna IV,preferred,Pulse Rifle,Arc,1,0,1,0,1,"Blast Distributor, Reverberation, Trickle Charge","Jolting Feedback, One for All, Rolling Storm",9,,,Blast Distributor+Jolting Feedback | Blast Distributor+One for All | Blast Distributor+Rolling Storm | Jolting Feedback+Reverberation | Jolting Feedback+Trickle Charge | One for All+Reverberation | One for All+Trickle Charge | Reverberation+Rolling Storm | Rolling Storm+Trickle Charge,3556730800
266,Out of Bounds,preferred,Submachine Gun,Arc,1,0,1,0,1,"Demolitionist, Loose Change, Voltshot","Golden Tricorn, Golden Tricorn Enhanced, Rangefinder",9,,,Demolitionist+Golden Tricorn | Demolitionist+Golden Tricorn Enhanced | Demolitionist+Rangefinder | Golden Tricorn+Loose Change | Golden Tricorn+Voltshot | Golden Tricorn Enhanced+Loose Change | Golden Tricorn Enhanced+Voltshot | Loose Change+Rangefinder | Rangefinder+Voltshot,3021407779
267,Anonymous Autumn,preferred,Sidearm,Arc,1,0,1,0,1,"Closing Time, Eddy Current, Offhand Strike","Adagio, Adrenaline Junkie, Multikill Clip",9,,,Adagio+Closing Time | Adagio+Eddy Current | Adagio+Offhand Strike | Adrenaline Junkie+Closing Time | Adrenaline Junkie+Eddy Current | Adrenaline Junkie+Offhand Strike | Closing Time+Multikill Clip | Eddy Current+Multikill Clip | Multikill Clip+Offhand Strike,1644501332
268,The Call,preferred,Sidearm,Strand,1,0,0,1,1,"Impulse Amplifier, Slice, Subsistence","Chaos Reshaped, Empty Traits Socket, Golden Tricorn",9,,,Chaos Reshaped+Impulse Amplifier | Chaos Reshaped+Slice | Chaos Reshaped+Subsistence | Empty Traits Socket+Impulse Amplifier | Empty Traits Socket+Slice | Empty Traits Socket+Subsistence | Golden Tricorn+Impulse Amplifier | Golden Tricorn+Slice | Golden Tricorn+Subsistence,3947966653
269,Aurvandil FR6,preferred,Fusion Rifle,Stasis,1,0,0,0,1,"Firmly Planted, Reconstruction, Stats for All","Chill Clip, Elemental Capacitor, Golden Tricorn Enhanced",9,,,Chill Clip+Firmly Planted | Chill Clip+Reconstruction | Chill Clip+Stats for All | Elemental Capacitor+Firmly Planted | Elemental Capacitor+Reconstruction | Elemental Capacitor+Stats for All | Firmly Planted+Golden Tricorn Enhanced | Golden Tricorn Enhanced+Reconstruction | Golden Tricorn Enhanced+Stats for All,3786215462
270,Nox Perennial V,preferred,Fusion Rifle,Strand,1,0,0,0,1,"Fragile Focus, Lead from Gold, Threat Detector","Collective Action, Controlled Burst, Elemental Capacitor",9,,,Collective Action+Fragile Focus | Collective Action+Lead from Gold | Collective Action+Threat Detector | Controlled Burst+Fragile Focus | Controlled Burst+Lead from Gold | Controlled Burst+Threat Detector | Elemental Capacitor+Fragile Focus | Elemental Capacitor+Lead from Gold | Elemental Capacitor+Threat Detector,2767393525
271,Mercury-A,preferred,Combat Bow,Kinetic,1,0,1,0,1,"Built to Blast, Rapid Hit, Tunnel Vision","High Ground, Kinetic Tremors, Precision Instrument",9,,,Built to Blast+High Ground | Built to Blast+Kinetic Tremors | Built to Blast+Precision Instrument | High Ground+Rapid Hit | High Ground+Tunnel Vision | Kinetic Tremors+Rapid Hit | Kinetic Tremors+Tunnel Vision | Precision Instrument+Rapid Hit | Precision Instrument+Tunnel Vision,2838279629
272,Lionfish-4fr,preferred,Fusion Rifle,Stasis,1,0,1,0,1,"Rimestealer, Subsistence, Transcendent Moment","Chill Clip, Controlled Burst, Swashbuckler",9,,,Chill Clip+Rimestealer | Chill Clip+Subsistence | Chill Clip+Transcendent Moment | Controlled Burst+Rimestealer | Controlled Burst+Subsistence | Controlled Burst+Transcendent Moment | Rimestealer+Swashbuckler | Subsistence+Swashbuckler | Swashbuckler+Transcendent Moment,2423071981
273,Last Foray,preferred,Sniper Rifle,Solar,1,0,0,0,1,"Heal Clip, Moving Target, Quickdraw","Cascade Point, Explosive Payload, Triple Tap",9,,,Cascade Point+Heal Clip | Cascade Point+Moving Target | Cascade Point+Quickdraw | Explosive Payload+Heal Clip | Explosive Payload+Moving Target | Explosive Payload+Quickdraw | Heal Clip+Triple Tap | Moving Target+Triple Tap | Quickdraw+Triple Tap,4118936670
274,Luna Regolith III,preferred,Sniper Rifle,Solar,0,0,1,0,1,"Field Prep, No Distractions, Surplus","Box Breathing, Collective Action, Moving Target",9,,,Box Breathing+Field Prep | Box Breathing+No Distractions | Box Breathing+Surplus | Collective Action+Field Prep | Collective Action+No Distractions | Collective Action+Surplus | Field Prep+Moving Target | Moving Target+No Distractions | Moving Target+Surplus,1948035256
275,Insidious (Adept),preferred,Pulse Rifle,Arc,0,1,0,1,0,"Dragonfly, Heating Up, Rolling Storm","Adaptive Munitions, Rampage, Turnabout",9,,,Adaptive Munitions+Dragonfly | Adaptive Munitions+Heating Up | Adaptive Munitions+Rolling Storm | Dragonfly+Rampage | Dragonfly+Turnabout | Heating Up+Rampage | Heating Up+Turnabout | Rampage+Rolling Storm | Rolling Storm+Turnabout,786352912
276,Glissando-47,preferred,Scout Rifle,Strand,1,0,0,0,1,"Keep Away, Overflow, Reconstruction","Cascade Point, Hatchling, One for All",9,,,Cascade Point+Keep Away | Cascade Point+Overflow | Cascade Point+Reconstruction | Hatchling+Keep Away | Hatchling+Overflow | Hatchling+Reconstruction | Keep Away+One for All | One for All+Overflow | One for All+Reconstruction,3156551028
277,Giver's Blessing,preferred,Auto Rifle,Kinetic,1,0,0,0,1,"Impromptu Ammunition, Moving Target, Transcendent Moment","High Ground, Kinetic Tremors, Zen Moment",9,,,High Ground+Impromptu Ammunition | High Ground+Moving Target | High Ground+Transcendent Moment | Impromptu Ammunition+Kinetic Tremors | Impromptu Ammunition+Zen Moment | Kinetic Tremors+Moving Target | Kinetic Tremors+Transcendent Moment | Moving Target+Zen Moment | Transcendent Moment+Zen Moment,970034755
278,Mistral Lift,preferred,Linear Fusion Rifle,Void,1,0,0,0,1,"Envious Arsenal, Moving Target, Withering Gaze","Firing Line, Frenzy, Precision Instrument",9,,,Envious Arsenal+Firing Line | Envious Arsenal+Frenzy | Envious Arsenal+Precision Instrument | Firing Line+Moving Target | Firing Line+Withering Gaze | Frenzy+Moving Target | Frenzy+Withering Gaze | Moving Target+Precision Instrument | Precision Instrument+Withering Gaze,3483485727
279,Warden's Law,preferred,Hand Cannon,Kinetic,1,0,1,0,1,"Enlightened Action, Fourth Time's the Charm, Perpetual Motion","Rampage, Shot Swap, Zen Moment",9,,,Enlightened Action+Rampage | Enlightened Action+Shot Swap | Enlightened Action+Zen Moment | Fourth Time's the Charm+Rampage | Fourth Time's the Charm+Shot Swap | Fourth Time's the Charm+Zen Moment | Perpetual Motion+Rampage | Perpetual Motion+Shot Swap | Perpetual Motion+Zen Moment,1821529912
280,Eye of Sol,preferred,Sniper Rifle,Kinetic,1,0,0,0,1,"Encore, Perpetual Motion, Shot Swap","Deconstruct, Firing Line, Keep Away",9,,,Deconstruct+Encore | Deconstruct+Perpetual Motion | Deconstruct+Shot Swap | Encore+Firing Line | Encore+Keep Away | Firing Line+Perpetual Motion | Firing Line+Shot Swap | Keep Away+Perpetual Motion | Keep Away+Shot Swap,1401300690
281,Cold Denial,preferred,Pulse Rifle,Kinetic,1,0,0,0,1,"Steady Hands, Surplus, Tunnel Vision","Desperado, Gutshot Straight, Headseeker",9,,,Desperado+Steady Hands | Desperado+Surplus | Desperado+Tunnel Vision | Gutshot Straight+Steady Hands | Gutshot Straight+Surplus | Gutshot Straight+Tunnel Vision | Headseeker+Steady Hands | Headseeker+Surplus | Headseeker+Tunnel Vision,558794124
282,Borrowed Time,preferred,Submachine Gun,Solar,0,0,1,0,1,"Firmly Planted, Rangefinder, Tunnel Vision","Adrenaline Junkie, Dragonfly, Snapshot Sights",9,,,Adrenaline Junkie+Firmly Planted | Adrenaline Junkie+Rangefinder | Adrenaline Junkie+Tunnel Vision | Dragonfly+Firmly Planted | Dragonfly+Rangefinder | Dragonfly+Tunnel Vision | Firmly Planted+Snapshot Sights | Rangefinder+Snapshot Sights | Snapshot Sights+Tunnel Vision,875848769
283,Autumn Wind,preferred,Pulse Rifle,Kinetic,1,0,1,0,1,"Perfect Float, Pugilist, Rangefinder","Moving Target, Multikill Clip, Thresh",9,,,Moving Target+Perfect Float | Moving Target+Pugilist | Moving Target+Rangefinder | Multikill Clip+Perfect Float | Multikill Clip+Pugilist | Multikill Clip+Rangefinder | Perfect Float+Thresh | Pugilist+Thresh | Rangefinder+Thresh,3110377595
284,Aberrant Action,preferred,Sidearm,Solar,1,0,0,1,1,"Empty Traits Socket, Strategist, Threat Detector","Harmony, Reverberation, Snapshot Sights",9,,,Empty Traits Socket+Harmony | Empty Traits Socket+Reverberation | Empty Traits Socket+Snapshot Sights | Harmony+Strategist | Harmony+Threat Detector | Reverberation+Strategist | Reverberation+Threat Detector | Snapshot Sights+Strategist | Snapshot Sights+Threat Detector,2198166292
285,Rapacious Appetite,preferred,Submachine Gun,Stasis,1,0,0,1,1,"Encore, Invisible Hand, Well-Rounded","Empty Traits Socket, Focused Fury, Target Lock",9,,,Empty Traits Socket+Encore | Empty Traits Socket+Invisible Hand | Empty Traits Socket+Well-Rounded | Encore+Focused Fury | Encore+Target Lock | Focused Fury+Invisible Hand | Focused Fury+Well-Rounded | Invisible Hand+Target Lock | Target Lock+Well-Rounded,1081724548
286,Shoreline Dissident,preferred,Sniper Rifle,Void,1,0,0,0,1,"Ambitious Assassin, Outlaw, Triple Tap","Adagio, Closing Time, High Ground",9,,,Adagio+Ambitious Assassin | Adagio+Outlaw | Adagio+Triple Tap | Ambitious Assassin+Closing Time | Ambitious Assassin+High Ground | Closing Time+Outlaw | Closing Time+Triple Tap | High Ground+Outlaw | High Ground+Triple Tap,1193318082
287,Cynosure,preferred,Rocket Launcher,Strand,1,0,1,0,1,"Clown Cartridge, Slice, Sympathetic Arsenal","Adrenaline Junkie, High Ground, Quickdraw",9,,,Adrenaline Junkie+Clown Cartridge | Adrenaline Junkie+Slice | Adrenaline Junkie+Sympathetic Arsenal | Clown Cartridge+High Ground | Clown Cartridge+Quickdraw | High Ground+Slice | High Ground+Sympathetic Arsenal | Quickdraw+Slice | Quickdraw+Sympathetic Arsenal,694275488
288,Mechabre,preferred,Sniper Rifle,Arc,1,0,0,0,1,"Auto-Loading Holster, Keep Away, Snapshot Sights","Discord, High-Impact Reserves, Opening Shot",9,,,Auto-Loading Holster+Discord | Auto-Loading Holster+High-Impact Reserves | Auto-Loading Holster+Opening Shot | Discord+Keep Away | Discord+Snapshot Sights | High-Impact Reserves+Keep Away | High-Impact Reserves+Snapshot Sights | Keep Away+Opening Shot | Opening Shot+Snapshot Sights,3871226707
289,Main Ingredient,preferred,Fusion Rifle,Arc,1,0,1,0,1,"Firmly Planted, Rampage, Threat Detector","Backup Plan, Quickdraw, Rangefinder",9,,,Backup Plan+Firmly Planted | Backup Plan+Rampage | Backup Plan+Threat Detector | Firmly Planted+Quickdraw | Firmly Planted+Rangefinder | Quickdraw+Rampage | Quickdraw+Threat Detector | Rampage+Rangefinder | Rangefinder+Threat Detector,253196586
290,Frozen Orbit,preferred,Sniper Rifle,Void,1,0,1,0,1,"Killing Wind, No Distractions, Surplus","Cascade Point, Keep Away, Vorpal Weapon",9,,,Cascade Point+Killing Wind | Cascade Point+No Distractions | Cascade Point+Surplus | Keep Away+Killing Wind | Keep Away+No Distractions | Keep Away+Surplus | Killing Wind+Vorpal Weapon | No Distractions+Vorpal Weapon | Surplus+Vorpal Weapon,1516542120
291,Roar of the Bear,preferred,Rocket Launcher,Solar,1,0,0,0,1,"Demolitionist, Field Prep, Impulse Amplifier","Cluster Bomb, Incandescent, Lasting Impression",9,,,Cluster Bomb+Demolitionist | Cluster Bomb+Field Prep | Cluster Bomb+Impulse Amplifier | Demolitionist+Incandescent | Demolitionist+Lasting Impression | Field Prep+Incandescent | Field Prep+Lasting Impression | Impulse Amplifier+Incandescent | Impulse Amplifier+Lasting Impression,4009352833
292,Phyllotactic Spiral,preferred,Pulse Rifle,Arc,1,0,0,1,1,"Perfect Float, Shot Swap, Under-Over","Elemental Capacitor, Empty Traits Socket, Kill Clip",9,,,Elemental Capacitor+Perfect Float | Elemental Capacitor+Shot Swap | Elemental Capacitor+Under-Over | Empty Traits Socket+Perfect Float | Empty Traits Socket+Shot Swap | Empty Traits Socket+Under-Over | Kill Clip+Perfect Float | Kill Clip+Shot Swap | Kill Clip+Under-Over,3635821806
293,No Reprieve,preferred,Shotgun,Stasis,1,0,0,1,1,"Outlaw, Stats for All, Steady Hands","Focused Fury, Headstone, Wellspring",9,,,Focused Fury+Outlaw | Focused Fury+Stats for All | Focused Fury+Steady Hands | Headstone+Outlaw | Headstone+Stats for All | Headstone+Steady Hands | Outlaw+Wellspring | Stats for All+Wellspring | Steady Hands+Wellspring,2531963421
294,Fortissimo-11,preferred,Shotgun,Kinetic,1,0,1,0,1,"Pulse Monitor, Threat Detector, Unrelenting","Opening Shot, Osmosis, Surrounded",9,,,Opening Shot+Pulse Monitor | Opening Shot+Threat Detector | Opening Shot+Unrelenting | Osmosis+Pulse Monitor | Osmosis+Threat Detector | Osmosis+Unrelenting | Pulse Monitor+Surrounded | Surrounded+Threat Detector | Surrounded+Unrelenting,963732595
295,Spoiler Alert,preferred,Sidearm,Kinetic,1,0,1,0,1,"Killing Wind, Surplus, Tunnel Vision","Frenzy, Osmosis, Swashbuckler",9,,,Frenzy+Killing Wind | Frenzy+Surplus | Frenzy+Tunnel Vision | Killing Wind+Osmosis | Killing Wind+Swashbuckler | Osmosis+Surplus | Osmosis+Tunnel Vision | Surplus+Swashbuckler | Swashbuckler+Tunnel Vision,2588048270
296,Nameless Midnight,preferred,Scout Rifle,Kinetic,1,0,1,0,1,"Auto-Loading Holster, High-Impact Reserves, Hip-Fire Grip","Outlaw, Rangefinder, Threat Detector",9,,,Auto-Loading Holster+Outlaw | Auto-Loading Holster+Rangefinder | Auto-Loading Holster+Threat Detector | High-Impact Reserves+Outlaw | High-Impact Reserves+Rangefinder | High-Impact Reserves+Threat Detector | Hip-Fire Grip+Outlaw | Hip-Fire Grip+Rangefinder | Hip-Fire Grip+Threat Detector,3040742682
297,Evening SI4,preferred,Sidearm,Solar,1,0,1,0,1,"Impromptu Ammunition, Lone Wolf, Subsistence","Collective Pugilism, Headseeker, Sword Logic",9,,,Collective Pugilism+Impromptu Ammunition | Collective Pugilism+Lone Wolf | Collective Pugilism+Subsistence | Headseeker+Impromptu Ammunition | Headseeker+Lone Wolf | Headseeker+Subsistence | Impromptu Ammunition+Sword Logic | Lone Wolf+Sword Logic | Subsistence+Sword Logic,3618823368
298,Eighty-Six,preferred,Sword,Strand,1,0,0,0,1,"Sharp Harvest, Slice, Tireless Blade","Attrition Orbs, Binary Orbit, Redirection",9,,,Attrition Orbs+Sharp Harvest | Attrition Orbs+Slice | Attrition Orbs+Tireless Blade | Binary Orbit+Sharp Harvest | Binary Orbit+Slice | Binary Orbit+Tireless Blade | Redirection+Sharp Harvest | Redirection+Slice | Redirection+Tireless Blade,2344383760
299,Synanceia,preferred,Sword,Solar,1,0,0,0,1,"Assassin's Blade, Relentless Strikes, Wellspring","Burning Ambition, Elemental Honing, Surrounded",9,,,Assassin's Blade+Burning Ambition | Assassin's Blade+Elemental Honing | Assassin's Blade+Surrounded | Burning Ambition+Relentless Strikes | Burning Ambition+Wellspring | Elemental Honing+Relentless Strikes | Elemental Honing+Wellspring | Relentless Strikes+Surrounded | Surrounded+Wellspring,2765451289
300,Festival Flight,preferred,Grenade Launcher,Strand,1,0,0,0,1,"Ambitious Assassin, Envious Arsenal, Transcendent Moment","Attrition Orbs, Elemental Honing, Hatchling",9,,,Ambitious Assassin+Attrition Orbs | Ambitious Assassin+Elemental Honing | Ambitious Assassin+Hatchling | Attrition Orbs+Envious Arsenal | Attrition Orbs+Transcendent Moment | Elemental Honing+Envious Arsenal | Elemental Honing+Transcendent Moment | Envious Arsenal+Hatchling | Hatchling+Transcendent Moment,4019651319
301,Bug-Out Bag,preferred,Submachine Gun,Solar,1,0,1,0,1,"Air Assault, Gutshot Straight, Perpetual Motion","Collective Action, Killing Wind, Multikill Clip",9,,,Air Assault+Collective Action | Air Assault+Killing Wind | Air Assault+Multikill Clip | Collective Action+Gutshot Straight | Collective Action+Perpetual Motion | Gutshot Straight+Killing Wind | Gutshot Straight+Multikill Clip | Killing Wind+Perpetual Motion | Multikill Clip+Perpetual Motion,2832639510
302,Brass Attacks,preferred,Sidearm,Void,1,0,0,0,1,"Impromptu Ammunition, Rapid Hit, Threat Detector","Demoralize, Destabilizing Rounds, Rampage",9,,,Demoralize+Impromptu Ammunition | Demoralize+Rapid Hit | Demoralize+Threat Detector | Destabilizing Rounds+Impromptu Ammunition | Destabilizing Rounds+Rapid Hit | Destabilizing Rounds+Threat Detector | Impromptu Ammunition+Rampage | Rampage+Rapid Hit | Rampage+Threat Detector,1291040554
303,Ill Omen,preferred,Sword,Stasis,1,0,0,1,1,"Empty Traits Socket, Strategist, Valiant Charge","Assassin's Blade, Cold Steel, Empty Traits Socket",8,,,Assassin's Blade+Empty Traits Socket | Assassin's Blade+Strategist | Assassin's Blade+Valiant Charge | Cold Steel+Empty Traits Socket | Cold Steel+Strategist | Cold Steel+Valiant Charge | Empty Traits Socket+Strategist | Empty Traits Socket+Valiant Charge,3794274730
304,The Keening,preferred,Sidearm,Arc,1,0,1,0,1,"Slideshot, Subsistence, Voltshot","High-Impact Reserves, Jolting Feedback, Multikill Clip",8,,,High-Impact Reserves+Slideshot | High-Impact Reserves+Subsistence | High-Impact Reserves+Voltshot | Jolting Feedback+Slideshot | Jolting Feedback+Subsistence | Jolting Feedback+Voltshot | Multikill Clip+Subsistence | Multikill Clip+Voltshot,3902351469
305,The Helmsman,preferred,Sniper Rifle,Arc,1,0,1,0,1,"Discord, Explosive Payload, Lone Wolf","Box Breathing, Gear Shift, Vorpal Weapon",8,,,Box Breathing+Explosive Payload | Box Breathing+Lone Wolf | Discord+Gear Shift | Discord+Vorpal Weapon | Explosive Payload+Gear Shift | Explosive Payload+Vorpal Weapon | Gear Shift+Lone Wolf | Lone Wolf+Vorpal Weapon,3215649176
306,Corundum Hammer,preferred,Hand Cannon,Strand,1,0,0,0,1,"Fragile Focus, Reconstruction, Slice","Elemental Honing, Sword Logic, Tear",8,,,Elemental Honing+Fragile Focus | Elemental Honing+Slice | Fragile Focus+Sword Logic | Fragile Focus+Tear | Reconstruction+Sword Logic | Reconstruction+Tear | Slice+Sword Logic | Slice+Tear,2263462407
307,Belisarius-D,preferred,Pulse Rifle,Strand,1,0,1,0,1,"Dragonfly, Elemental Capacitor, Tear","Desperado, Eye of the Storm, Kill Clip",9,,,Desperado+Dragonfly | Desperado+Elemental Capacitor | Desperado+Tear | Dragonfly+Eye of the Storm | Dragonfly+Kill Clip | Elemental Capacitor+Eye of the Storm | Elemental Capacitor+Kill Clip | Eye of the Storm+Tear | Kill Clip+Tear,747743637
308,Survivor's Epitaph,preferred,Hand Cannon,Kinetic,1,0,1,0,1,"Eye of the Storm, Feeding Frenzy, High-Impact Reserves","Kill Clip, Multikill Clip, Precision Instrument",8,,,Eye of the Storm+Kill Clip | Eye of the Storm+Multikill Clip | Eye of the Storm+Precision Instrument | Feeding Frenzy+Kill Clip | Feeding Frenzy+Precision Instrument | High-Impact Reserves+Kill Clip | High-Impact Reserves+Multikill Clip | High-Impact Reserves+Precision Instrument,4059111040
309,Hammerhead,preferred,Machine Gun,Void,1,0,1,0,1,"Destabilizing Rounds, Fourth Time's the Charm, Rampage","Desperate Measures, Killing Tally, Tap the Trigger",8,,,Desperate Measures+Destabilizing Rounds | Desperate Measures+Fourth Time's the Charm | Desperate Measures+Rampage | Destabilizing Rounds+Killing Tally | Destabilizing Rounds+Tap the Trigger | Fourth Time's the Charm+Killing Tally | Killing Tally+Rampage | Rampage+Tap the Trigger,1896309757
310,Fang of Ir Yût (Adept),preferred,Scout Rifle,Strand,0,1,0,1,0,"Killing Wind, Rewind Rounds, Shoot to Loot","Kill Clip, Meganeura, Opening Shot",8,,,Kill Clip+Killing Wind | Kill Clip+Shoot to Loot | Killing Wind+Meganeura | Killing Wind+Opening Shot | Meganeura+Rewind Rounds | Meganeura+Shoot to Loot | Opening Shot+Rewind Rounds | Opening Shot+Shoot to Loot,128782990
311,Different Times,preferred,Pulse Rifle,Strand,1,0,0,1,1,"Empty Traits Socket, Heating Up, Moving Target","Collective Action, Golden Tricorn Enhanced, Hatchling",8,,,Collective Action+Empty Traits Socket | Collective Action+Heating Up | Collective Action+Moving Target | Empty Traits Socket+Golden Tricorn Enhanced | Empty Traits Socket+Hatchling | Golden Tricorn Enhanced+Heating Up | Golden Tricorn Enhanced+Moving Target | Hatchling+Heating Up,3016891299
312,Crowd Pleaser,preferred,Grenade Launcher,Void,0,0,1,0,1,"Ambitious Assassin, Grave Robber, Killing Wind","Moving Target, Quickdraw, Thresh",8,,,Ambitious Assassin+Moving Target | Ambitious Assassin+Thresh | Grave Robber+Moving Target | Grave Robber+Quickdraw | Grave Robber+Thresh | Killing Wind+Moving Target | Killing Wind+Quickdraw | Killing Wind+Thresh,3565520715
313,Temptation's Hook,preferred,Sword,Arc,1,0,0,0,1,"Attrition Orbs, Energy Transfer, Wellspring","Assassin's Blade, Collective Action, Valiant Charge",8,,,Assassin's Blade+Attrition Orbs | Assassin's Blade+Energy Transfer | Assassin's Blade+Wellspring | Attrition Orbs+Collective Action | Attrition Orbs+Valiant Charge | Collective Action+Wellspring | Energy Transfer+Valiant Charge | Valiant Charge+Wellspring,1587953057
314,Tarnished Mettle,preferred,Scout Rifle,Arc,1,0,0,1,1,"Empty Traits Socket, Fourth Time's the Charm, Steady Hands","Eye of the Storm, Swashbuckler, Voltshot",8,,,Empty Traits Socket+Eye of the Storm | Empty Traits Socket+Swashbuckler | Empty Traits Socket+Voltshot | Eye of the Storm+Fourth Time's the Charm | Eye of the Storm+Steady Hands | Fourth Time's the Charm+Voltshot | Steady Hands+Swashbuckler | Steady Hands+Voltshot,2218569744
315,Timeworn Wayfarer,preferred,Scout Rifle,Solar,1,0,0,1,1,"Dual Loader, Heal Clip, To the Pain","Empty Traits Socket, High Ground, Precision Instrument",9,,,Dual Loader+Empty Traits Socket | Dual Loader+High Ground | Dual Loader+Precision Instrument | Empty Traits Socket+Heal Clip | Empty Traits Socket+To the Pain | Heal Clip+High Ground | Heal Clip+Precision Instrument | High Ground+To the Pain | Precision Instrument+To the Pain,1058098236
316,Axial Lacuna,preferred,Fusion Rifle,Solar,1,0,0,1,1,"Empty Traits Socket, Eye of the Storm, Keep Away","Controlled Burst, Frenzy, Kickstart",9,,,Controlled Burst+Empty Traits Socket | Controlled Burst+Eye of the Storm | Controlled Burst+Keep Away | Empty Traits Socket+Frenzy | Empty Traits Socket+Kickstart | Eye of the Storm+Frenzy | Eye of the Storm+Kickstart | Frenzy+Keep Away | Keep Away+Kickstart,3867373351
317,Igneous Hammer,preferred,Hand Cannon,Solar,1,0,0,0,1,"Encore, Fragile Focus, Slickdraw","Frenzy, Golden Tricorn Enhanced, Incandescent",9,,,Encore+Frenzy | Encore+Golden Tricorn Enhanced | Encore+Incandescent | Fragile Focus+Frenzy | Fragile Focus+Golden Tricorn Enhanced | Fragile Focus+Incandescent | Frenzy+Slickdraw | Golden Tricorn Enhanced+Slickdraw | Incandescent+Slickdraw,1973107014
318,Scintillation,preferred,Linear Fusion Rifle,Strand,1,0,1,0,1,"Cornered, Rapid Hit, Rewind Rounds","Firing Line, Reservoir Burst, Surrounded",8,,,Cornered+Firing Line | Cornered+Surrounded | Firing Line+Rapid Hit | Firing Line+Rewind Rounds | Rapid Hit+Reservoir Burst | Rapid Hit+Surrounded | Reservoir Burst+Rewind Rounds | Rewind Rounds+Surrounded,2591257541
319,Point of the Stag,preferred,Combat Bow,Arc,1,0,0,0,1,"Archer's Tempo, No Distractions, Shot Swap","Dragonfly, Precision Instrument, Swashbuckler",8,,,Archer's Tempo+Precision Instrument | Archer's Tempo+Swashbuckler | Dragonfly+No Distractions | Dragonfly+Shot Swap | No Distractions+Precision Instrument | No Distractions+Swashbuckler | Precision Instrument+Shot Swap | Shot Swap+Swashbuckler,888872889
320,Loaded Question,preferred,Fusion Rifle,Arc,1,0,1,0,1,"Auto-Loading Holster, Demolitionist, Envious Assassin","Controlled Burst, Frenzy, Reservoir Burst",8,,,Auto-Loading Holster+Controlled Burst | Auto-Loading Holster+Frenzy | Auto-Loading Holster+Reservoir Burst | Controlled Burst+Demolitionist | Controlled Burst+Envious Assassin | Demolitionist+Reservoir Burst | Envious Assassin+Frenzy | Envious Assassin+Reservoir Burst,3125454907
321,Allied Demand,preferred,Sidearm,Kinetic,1,0,0,0,1,"Rangefinder, Rapid Hit, Subsistence","Gutshot Straight, Iron Reach, Under-Over",9,,,Gutshot Straight+Rangefinder | Gutshot Straight+Rapid Hit | Gutshot Straight+Subsistence | Iron Reach+Rangefinder | Iron Reach+Rapid Hit | Iron Reach+Subsistence | Rangefinder+Under-Over | Rapid Hit+Under-Over | Subsistence+Under-Over,1532276803
322,Herod-C,preferred,Auto Rifle,Stasis,1,0,1,0,1,"Auto-Loading Holster, Compulsive Reloader, Hip-Fire Grip","Moving Target, Multikill Clip, Unrelenting",8,,,Auto-Loading Holster+Multikill Clip | Auto-Loading Holster+Unrelenting | Compulsive Reloader+Moving Target | Compulsive Reloader+Multikill Clip | Compulsive Reloader+Unrelenting | Hip-Fire Grip+Moving Target | Hip-Fire Grip+Multikill Clip | Hip-Fire Grip+Unrelenting,2065366342
323,Gizmo Weft,preferred,Grenade Launcher,Strand,1,0,0,0,1,"Blast Distributor, Slice, Slideshot","Aggregate Charge, Bipod, Hatchling",8,,,Aggregate Charge+Blast Distributor | Aggregate Charge+Slice | Aggregate Charge+Slideshot | Bipod+Blast Distributor | Bipod+Slice | Bipod+Slideshot | Blast Distributor+Hatchling | Hatchling+Slideshot,4069880346
324,Ouster Engine,preferred,Grenade Launcher,Stasis,1,0,1,0,1,"Envious Assassin, Rimestealer, Stats for All","Chaos Reshaped, Crystalline Corpsebloom, One for All",8,,,Chaos Reshaped+Envious Assassin | Chaos Reshaped+Rimestealer | Chaos Reshaped+Stats for All | Crystalline Corpsebloom+Envious Assassin | Crystalline Corpsebloom+Rimestealer | Crystalline Corpsebloom+Stats for All | One for All+Rimestealer | One for All+Stats for All,3718184802
325,Faustus Decline,preferred,Sidearm,Stasis,1,0,0,0,1,"Demolitionist, Hip-Fire Grip, Perpetual Motion","Headstone, Offhand Strike, Sword Logic",8,,,Demolitionist+Headstone | Demolitionist+Offhand Strike | Demolitionist+Sword Logic | Headstone+Hip-Fire Grip | Headstone+Perpetual Motion | Hip-Fire Grip+Offhand Strike | Hip-Fire Grip+Sword Logic | Perpetual Motion+Sword Logic,1663482635
326,Division (Adept),preferred,Sidearm,Arc,0,1,0,0,1,"Eddy Current, Encore, Perfect Float","Surrounded, Swashbuckler, Sword Logic",9,,,Eddy Current+Surrounded | Eddy Current+Swashbuckler | Eddy Current+Sword Logic | Encore+Surrounded | Encore+Swashbuckler | Encore+Sword Logic | Perfect Float+Surrounded | Perfect Float+Swashbuckler | Perfect Float+Sword Logic,3734001727
327,Redrix's Estoc,preferred,Pulse Rifle,Stasis,1,0,1,0,1,"Offhand Strike, Perpetual Motion, Rimestealer","Desperado, Kill Clip, Rapid Hit",8,,,Desperado+Offhand Strike | Desperado+Rimestealer | Kill Clip+Offhand Strike | Kill Clip+Perpetual Motion | Kill Clip+Rimestealer | Offhand Strike+Rapid Hit | Perpetual Motion+Rapid Hit | Rapid Hit+Rimestealer,3218364298
328,Yesterday's Question,preferred,Hand Cannon,Arc,1,0,0,0,1,"Air Trigger, Closing Time, Lone Wolf","Eye of the Storm, Moving Target, Voltshot",8,,,Air Trigger+Eye of the Storm | Air Trigger+Moving Target | Closing Time+Eye of the Storm | Closing Time+Moving Target | Closing Time+Voltshot | Eye of the Storm+Lone Wolf | Lone Wolf+Moving Target | Lone Wolf+Voltshot,2300143112
329,Wishbringer,preferred,Shotgun,Solar,0,0,1,0,1,"Field Prep, Grave Robber, Slideshot","Auto-Loading Holster, Rampage, Snapshot Sights",8,,,Auto-Loading Holster+Field Prep | Auto-Loading Holster+Grave Robber | Auto-Loading Holster+Slideshot | Field Prep+Rampage | Field Prep+Snapshot Sights | Grave Robber+Rampage | Rampage+Slideshot | Slideshot+Snapshot Sights,3356526253
330,Spare Rations,preferred,Hand Cannon,Kinetic,1,0,1,0,1,"Moving Target, Offhand Strike, Slideshot","Focused Fury, Swashbuckler, Vorpal Weapon",8,,,Focused Fury+Moving Target | Focused Fury+Offhand Strike | Focused Fury+Slideshot | Moving Target+Swashbuckler | Moving Target+Vorpal Weapon | Offhand Strike+Swashbuckler | Offhand Strike+Vorpal Weapon | Slideshot+Vorpal Weapon,3236112986
331,Ragnhild-D,preferred,Shotgun,Kinetic,1,0,0,1,1,"Auto-Loading Holster, Dual Loader, Steady Hands","Demolitionist, Elemental Capacitor, Thresh",8,,,Auto-Loading Holster+Demolitionist | Auto-Loading Holster+Elemental Capacitor | Demolitionist+Dual Loader | Demolitionist+Steady Hands | Dual Loader+Elemental Capacitor | Dual Loader+Thresh | Elemental Capacitor+Steady Hands | Steady Hands+Thresh,4225322581
332,Perfect Paradox,preferred,Shotgun,Kinetic,1,0,0,0,1,"Demolitionist, Field Prep, Firmly Planted","Eye of the Storm, One-Two Punch, Swashbuckler",8,,,Demolitionist+Eye of the Storm | Demolitionist+One-Two Punch | Demolitionist+Swashbuckler | Eye of the Storm+Field Prep | Field Prep+One-Two Punch | Field Prep+Swashbuckler | Firmly Planted+One-Two Punch | Firmly Planted+Swashbuckler,3393519051
333,Lonesome,preferred,Sidearm,Kinetic,1,0,1,0,1,"Outlaw, Rapid Hit, Zen Moment","Opening Shot, Slideshot, Swashbuckler",8,,,Opening Shot+Outlaw | Opening Shot+Rapid Hit | Opening Shot+Zen Moment | Outlaw+Slideshot | Rapid Hit+Slideshot | Rapid Hit+Swashbuckler | Slideshot+Zen Moment | Swashbuckler+Zen Moment,843171043
334,Lethal Abundance,preferred,Auto Rifle,Strand,1,0,0,0,1,"Discord, Elemental Capacitor, Enlightened Action","Attrition Orbs, Collective Action, Tap the Trigger",8,,,Attrition Orbs+Discord | Attrition Orbs+Elemental Capacitor | Attrition Orbs+Enlightened Action | Collective Action+Elemental Capacitor | Collective Action+Enlightened Action | Discord+Tap the Trigger | Elemental Capacitor+Tap the Trigger | Enlightened Action+Tap the Trigger,2189073092
335,Chroma Rush,preferred,Auto Rifle,Kinetic,1,0,0,0,1,"Heating Up, Killing Wind, To the Pain","Kinetic Tremors, Rampage, Tap the Trigger",8,,,Heating Up+Kinetic Tremors | Heating Up+Tap the Trigger | Killing Wind+Kinetic Tremors | Killing Wind+Rampage | Killing Wind+Tap the Trigger | Kinetic Tremors+To the Pain | Rampage+To the Pain | Tap the Trigger+To the Pain,2598420927
336,Bottom Dollar,preferred,Hand Cannon,Void,1,0,1,0,1,"Slideshot, Subsistence, Surplus","Disruption Break, Eye of the Storm, Wellspring",8,,,Disruption Break+Slideshot | Disruption Break+Surplus | Eye of the Storm+Slideshot | Eye of the Storm+Subsistence | Eye of the Storm+Surplus | Slideshot+Wellspring | Subsistence+Wellspring | Surplus+Wellspring,2953199259
337,False Idols,preferred,Sword,Solar,1,0,0,1,1,"Eager Edge, Empty Traits Socket, Flash Counter","Bait and Switch, Counterattack, Empty Traits Socket",7,,,Bait and Switch+Empty Traits Socket | Bait and Switch+Flash Counter | Counterattack+Eager Edge | Counterattack+Empty Traits Socket | Counterattack+Flash Counter | Eager Edge+Empty Traits Socket | Empty Traits Socket+Flash Counter,4207120603
338,Fortunate Star,preferred,Combat Bow,Void,1,0,0,0,1,"Killing Wind, Repulsor Brace, Successful Warm-Up","Archer's Gambit, Destabilizing Rounds, Explosive Head",7,,,Archer's Gambit+Killing Wind | Archer's Gambit+Repulsor Brace | Destabilizing Rounds+Killing Wind | Destabilizing Rounds+Successful Warm-Up | Explosive Head+Killing Wind | Explosive Head+Repulsor Brace | Explosive Head+Successful Warm-Up,2631466936
339,Gridskipper,preferred,Pulse Rifle,Void,1,0,0,0,1,"Lone Wolf, Perpetual Motion, Repulsor Brace","Desperate Measures, Elemental Capacitor, Headseeker",8,,,Desperate Measures+Lone Wolf | Desperate Measures+Perpetual Motion | Desperate Measures+Repulsor Brace | Elemental Capacitor+Lone Wolf | Elemental Capacitor+Perpetual Motion | Elemental Capacitor+Repulsor Brace | Headseeker+Perpetual Motion | Headseeker+Repulsor Brace,3433930495
340,Insurmountable,preferred,Sidearm,Void,1,0,0,0,1,"Air Trigger, Demolitionist, Repulsor Brace","Closing Time, One for All, Surrounded",8,,,Air Trigger+Closing Time | Air Trigger+One for All | Air Trigger+Surrounded | Closing Time+Repulsor Brace | Demolitionist+One for All | Demolitionist+Surrounded | One for All+Repulsor Brace | Repulsor Brace+Surrounded,2596736862
341,Sola's Scar,preferred,Sword,Solar,1,0,0,0,1,"Eager Edge, Flash Counter, Tireless Blade","Chain Reaction, Frenzy, Whirlwind Blade",7,,,Chain Reaction+Eager Edge | Chain Reaction+Flash Counter | Chain Reaction+Tireless Blade | Eager Edge+Whirlwind Blade | Flash Counter+Frenzy | Flash Counter+Whirlwind Blade | Frenzy+Tireless Blade,4089030727
342,Half-Truths,preferred,Sword,Arc,1,0,0,1,1,"Duelist's Trance, Thresh, Unrelenting","Assassin's Blade, Eager Edge, Harmony",7,,,Assassin's Blade+Thresh | Assassin's Blade+Unrelenting | Duelist's Trance+Eager Edge | Duelist's Trance+Harmony | Eager Edge+Thresh | Eager Edge+Unrelenting | Harmony+Unrelenting,3257091166
343,Outrageous Fortune,preferred,Grenade Launcher,Solar,1,0,1,0,1,"Field Prep, Impulse Amplifier, Incandescent","Bait and Switch, Burning Ambition, Full Court",7,,,Bait and Switch+Field Prep | Bait and Switch+Incandescent | Burning Ambition+Field Prep | Burning Ambition+Impulse Amplifier | Field Prep+Full Court | Full Court+Impulse Amplifier | Full Court+Incandescent,4146673634
344,Horror Story,preferred,Auto Rifle,Stasis,1,0,0,0,1,"Dynamic Sway Reduction, Elemental Capacitor, Enlightened Action","Adrenaline Junkie, Cascade Point, Target Lock",7,,,Adrenaline Junkie+Dynamic Sway Reduction | Adrenaline Junkie+Elemental Capacitor | Cascade Point+Dynamic Sway Reduction | Cascade Point+Elemental Capacitor | Cascade Point+Enlightened Action | Elemental Capacitor+Target Lock | Enlightened Action+Target Lock,2884070594
345,Dead Weight,preferred,Shotgun,Arc,0,0,1,0,1,"Dual Loader, Ensemble, Well-Rounded","Adrenaline Junkie, Surrounded, Turnabout",7,,,Adrenaline Junkie+Dual Loader | Adrenaline Junkie+Well-Rounded | Dual Loader+Surrounded | Dual Loader+Turnabout | Ensemble+Surrounded | Surrounded+Well-Rounded | Turnabout+Well-Rounded,3738678140
346,Cruel Mercy,preferred,Pulse Rifle,Arc,1,0,1,0,1,"Demolitionist, Dragonfly, Fourth Time's the Charm","Frenzy, Kill Clip, Rolling Storm",7,,,Demolitionist+Kill Clip | Demolitionist+Rolling Storm | Dragonfly+Frenzy | Dragonfly+Rolling Storm | Fourth Time's the Charm+Frenzy | Fourth Time's the Charm+Kill Clip | Fourth Time's the Charm+Rolling Storm,4011513985
347,Night Watch,preferred,Scout Rifle,Kinetic,1,0,1,0,1,"Outlaw, Subsistence, Threat Detector","Demolitionist, Moving Target, Multikill Clip",7,,,Demolitionist+Outlaw | Demolitionist+Subsistence | Demolitionist+Threat Detector | Moving Target+Outlaw | Moving Target+Subsistence | Multikill Clip+Outlaw | Multikill Clip+Threat Detector,2916547559
348,Motif-41,preferred,Grenade Launcher,Solar,1,0,0,0,1,"Heal Clip, Stats for All, Wellspring","Attrition Orbs, Binary Orbit, Vorpal Weapon",7,,,Attrition Orbs+Heal Clip | Attrition Orbs+Stats for All | Binary Orbit+Heal Clip | Binary Orbit+Wellspring | Heal Clip+Vorpal Weapon | Stats for All+Vorpal Weapon | Vorpal Weapon+Wellspring,1685533876
349,Heliocentric QSc,preferred,Sidearm,Solar,1,0,0,0,1,"Enlightened Action, Heal Clip, Perpetual Motion","Frenzy, Incandescent, Surrounded",7,,,Enlightened Action+Frenzy | Enlightened Action+Incandescent | Enlightened Action+Surrounded | Frenzy+Heal Clip | Heal Clip+Surrounded | Incandescent+Perpetual Motion | Perpetual Motion+Surrounded,3998080529
350,The Recluse,preferred,Submachine Gun,Void,1,0,0,0,1,"Dynamic Sway Reduction, Hip-Fire Grip, Subsistence","Desperate Measures, Destabilizing Rounds, Master of Arms",8,,,Desperate Measures+Dynamic Sway Reduction | Desperate Measures+Subsistence | Destabilizing Rounds+Dynamic Sway Reduction | Destabilizing Rounds+Hip-Fire Grip | Destabilizing Rounds+Subsistence | Dynamic Sway Reduction+Master of Arms | Hip-Fire Grip+Master of Arms | Master of Arms+Subsistence,3098328572
351,Aisha's Embrace,preferred,Scout Rifle,Void,1,0,0,0,1,"Demoralize, Encore, Vorpal Weapon","Adagio, Kill Clip, Sword Logic",6,,,Adagio+Demoralize | Adagio+Encore | Demoralize+Sword Logic | Encore+Kill Clip | Kill Clip+Vorpal Weapon | Sword Logic+Vorpal Weapon,3709368142
352,Mercurial Overreach,preferred,Sniper Rifle,Arc,1,0,1,0,1,"Envious Assassin, Fragile Focus, Keep Away","Bait and Switch, Box Breathing, Closing Time",6,,,Bait and Switch+Fragile Focus | Bait and Switch+Keep Away | Box Breathing+Envious Assassin | Box Breathing+Fragile Focus | Closing Time+Fragile Focus | Closing Time+Keep Away,4257236930
353,Qua Nilus II,preferred,Submachine Gun,Strand,1,0,1,0,1,"Offhand Strike, Slice, Transcendent Moment","Binary Orbit, Dragonfly, Hatchling",6,,,Binary Orbit+Offhand Strike | Binary Orbit+Transcendent Moment | Dragonfly+Offhand Strike | Dragonfly+Slice | Dragonfly+Transcendent Moment | Hatchling+Offhand Strike,190747610
354,Crisis Inverted,preferred,Hand Cannon,Arc,0,0,1,0,1,"Compulsive Reloader, Outlaw, Under Pressure","Adaptive Munitions, Rangefinder, Turnabout",6,,,Adaptive Munitions+Outlaw | Adaptive Munitions+Under Pressure | Compulsive Reloader+Rangefinder | Compulsive Reloader+Turnabout | Outlaw+Turnabout | Rangefinder+Under Pressure,2888266564
355,Astral Horizon,preferred,Shotgun,Kinetic,1,0,0,0,1,"Field Prep, Lead from Gold, Surplus","Celerity, Killing Wind, One-Two Punch",6,,,Celerity+Field Prep | Celerity+Lead from Gold | Celerity+Surplus | Field Prep+Killing Wind | Killing Wind+Surplus | One-Two Punch+Surplus,1697682876
356,Aisha's Care,preferred,Pulse Rifle,Strand,1,0,0,0,1,"Encore, Gutshot Straight, Under Pressure","Collective Action, Golden Tricorn, Golden Tricorn Enhanced",6,,,Collective Action+Encore | Collective Action+Under Pressure | Encore+Golden Tricorn | Golden Tricorn+Under Pressure | Golden Tricorn Enhanced+Gutshot Straight | Golden Tricorn Enhanced+Under Pressure,3969379530
357,Ogma PR6,preferred,Pulse Rifle,Solar,1,0,0,0,1,"Adaptive Munitions, Demolitionist, Heating Up","Disruption Break, Dragonfly, Turnabout",6,,,Adaptive Munitions+Turnabout | Demolitionist+Disruption Break | Demolitionist+Dragonfly | Demolitionist+Turnabout | Disruption Break+Heating Up | Dragonfly+Heating Up,324584912
358,Compass Rose,preferred,Shotgun,Solar,1,0,0,0,1,"Dual Loader, Slickdraw, To the Pain","Barrel Constrictor, Incandescent, Vorpal Weapon",6,,,Barrel Constrictor+Slickdraw | Barrel Constrictor+To the Pain | Dual Loader+Incandescent | Dual Loader+Vorpal Weapon | Incandescent+To the Pain | To the Pain+Vorpal Weapon,4169225313
359,Stay Frosty,preferred,Pulse Rifle,Stasis,1,0,0,0,1,"Encore, Enlightened Action, Killing Wind","Desperado, Desperate Measures, Headstone",6,,,Desperado+Encore | Desperado+Enlightened Action | Desperado+Killing Wind | Desperate Measures+Killing Wind | Encore+Headstone | Enlightened Action+Headstone,3910523587
360,Goldtusk,preferred,Sword,Void,1,0,0,0,1,"En Garde, Energy Transfer, Tireless Blade","Assassin's Blade, Surrounded, Whirlwind Blade",6,,,Assassin's Blade+En Garde | Assassin's Blade+Tireless Blade | En Garde+Surrounded | En Garde+Whirlwind Blade | Energy Transfer+Whirlwind Blade | Surrounded+Tireless Blade,569799275
361,Crimil's Dagger,preferred,Hand Cannon,Kinetic,1,0,0,0,1,"Auto-Loading Holster, Explosive Payload, Hip-Fire Grip","Field Prep, Timed Payload, Zen Moment",6,,,Auto-Loading Holster+Timed Payload | Explosive Payload+Field Prep | Explosive Payload+Timed Payload | Explosive Payload+Zen Moment | Hip-Fire Grip+Timed Payload | Hip-Fire Grip+Zen Moment,4292849692
362,Stars in Shadow,preferred,Pulse Rifle,Solar,1,0,1,0,1,"Heal Clip, Keep Away, Zen Moment","Burning Ambition, Desperado, Incandescent",5,,,Burning Ambition+Keep Away | Burning Ambition+Zen Moment | Desperado+Heal Clip | Desperado+Zen Moment | Incandescent+Zen Moment,3602242905
363,The Wizened Rebuke,preferred,Fusion Rifle,Arc,1,0,0,0,1,"Auto-Loading Holster, Firmly Planted, Moving Target","Backup Plan, Demolitionist, Tap the Trigger",5,,,Auto-Loading Holster+Backup Plan | Auto-Loading Holster+Tap the Trigger | Backup Plan+Moving Target | Demolitionist+Moving Target | Firmly Planted+Tap the Trigger,930590127
364,Syncopation-53,preferred,Pulse Rifle,Stasis,1,0,0,1,1,"Compulsive Reloader, Empty Traits Socket, Hip-Fire Grip","Empty Traits Socket, Focused Fury, Frenzy",5,,,Compulsive Reloader+Empty Traits Socket | Empty Traits Socket+Focused Fury | Empty Traits Socket+Hip-Fire Grip | Focused Fury+Hip-Fire Grip | Frenzy+Hip-Fire Grip,2856514843
365,Better Devils,preferred,Hand Cannon,Kinetic,1,0,1,0,1,"Auto-Loading Holster, Rangefinder, Threat Detector","Field Prep, Kill Clip, Timed Payload",5,,,Auto-Loading Holster+Kill Clip | Field Prep+Rangefinder | Field Prep+Threat Detector | Rangefinder+Timed Payload | Threat Detector+Timed Payload,153979397
366,Admetus-D,preferred,Scout Rifle,Void,1,0,0,0,1,"Keep Away, Lone Wolf, Recycled Energy","Closing Time, Demoralize, Frenzy",5,,,Closing Time+Recycled Energy | Demoralize+Keep Away | Demoralize+Lone Wolf | Frenzy+Lone Wolf | Frenzy+Recycled Energy,3776430252
367,Peacebond,preferred,Sidearm,Stasis,1,0,0,0,1,"Headstone, Moving Target, Rangefinder","Desperado, Desperate Measures, Rimestealer",5,,,Desperado+Headstone | Desperado+Moving Target | Desperate Measures+Moving Target | Desperate Measures+Rangefinder | Moving Target+Rimestealer,3437370193
368,Service Revolver,preferred,Hand Cannon,Kinetic,1,0,1,0,1,"Moving Target, Rapid Hit, Triple Tap","Kill Clip, Opening Shot, Zen Moment",4,,,Kill Clip+Rapid Hit | Kill Clip+Triple Tap | Rapid Hit+Zen Moment | Triple Tap+Zen Moment,834081972
369,Buzzard,preferred,Sidearm,Kinetic,1,0,1,0,1,"Fourth Time's the Charm, Outlaw",Osmosis,2,,,Fourth Time's the Charm+Osmosis | Osmosis+Outlaw,805677041
370,Rose,preferred,Hand Cannon,Kinetic,1,0,1,0,1,Outlaw,Polymer Grip,1,,,Outlaw+Polymer Grip,2429822976
371,Steel Sybil Z-14,preferred,Sword,Void,0,0,1,0,1,Assassin's Blade,Whirlwind Blade,1,,,Assassin's Blade+Whirlwind Blade,4230993599
372,Randy's Throwing Knife,preferred,Scout Rifle,Kinetic,1,0,1,0,1,Snapshot Sights,Zen Moment,1,,,Snapshot Sights+Zen Moment,3535742959
373,Hush,preferred,Combat Bow,Solar,1,0,1,0,1,Opening Shot,Archer's Gambit,1,,,Archer's Gambit+Opening Shot,1584643826
374,Midha's Reckoning (Harrowed),preferred,Fusion Rifle,Arc,0,1,0,1,0,"Backup Plan, Hip-Fire Grip, Unrelenting","Kickstart, Reservoir Burst, Successful Warm-Up",9,,,Backup Plan+Kickstart | Backup Plan+Reservoir Burst | Backup Plan+Successful Warm-Up | Hip-Fire Grip+Kickstart | Hip-Fire Grip+Reservoir Burst | Hip-Fire Grip+Successful Warm-Up | Kickstart+Unrelenting | Reservoir Burst+Unrelenting | Successful Warm-Up+Unrelenting,3904516037
375,Thin Precipice,preferred,Sword,Strand,1,0,0,1,1,"Duelist's Trance, Relentless Strikes, Valiant Charge","Golden Tricorn, Golden Tricorn Enhanced, Hatchling",9,,,Duelist's Trance+Golden Tricorn | Duelist's Trance+Golden Tricorn Enhanced | Duelist's Trance+Hatchling | Golden Tricorn+Relentless Strikes | Golden Tricorn+Valiant Charge | Golden Tricorn Enhanced+Relentless Strikes | Golden Tricorn Enhanced+Valiant Charge | Hatchling+Relentless Strikes | Hatchling+Valiant Charge,4066778670
376,Strident Whistle,preferred,Combat Bow,Solar,0,0,1,0,1,"Ensemble, Quickdraw, Sneak Bow","Explosive Head, Incandescent, Successful Warm-Up",9,,,Ensemble+Explosive Head | Ensemble+Incandescent | Ensemble+Successful Warm-Up | Explosive Head+Quickdraw | Explosive Head+Sneak Bow | Incandescent+Quickdraw | Incandescent+Sneak Bow | Quickdraw+Successful Warm-Up | Sneak Bow+Successful Warm-Up,2591241074
377,Nessa's Oblation (Adept),preferred,Shotgun,Void,0,1,0,1,0,"Compulsive Reloader, Proximity Power, Reconstruction","Destabilizing Rounds, Meganeura, Paracausal Affinity",9,,,Compulsive Reloader+Destabilizing Rounds | Compulsive Reloader+Meganeura | Compulsive Reloader+Paracausal Affinity | Destabilizing Rounds+Proximity Power | Destabilizing Rounds+Reconstruction | Meganeura+Proximity Power | Meganeura+Reconstruction | Paracausal Affinity+Proximity Power | Paracausal Affinity+Reconstruction,522366885
378,Critical Anomaly (Adept),preferred,Sniper Rifle,Stasis,0,1,0,1,0,"Chill Clip, Rampage, Reconstruction","Firing Line, Headstone, Mega Kill Clip",9,,,Chill Clip+Firing Line | Chill Clip+Headstone | Chill Clip+Mega Kill Clip | Firing Line+Rampage | Firing Line+Reconstruction | Headstone+Rampage | Headstone+Reconstruction | Mega Kill Clip+Rampage | Mega Kill Clip+Reconstruction,172461430
379,Vision of Confluence (Timelost),preferred,Scout Rifle,Solar,0,1,0,1,0,"Light Touch, Outlaw, Tunnel Vision","Firefly, Master of Arms, Paracausal Affinity",9,,,Firefly+Light Touch | Firefly+Outlaw | Firefly+Tunnel Vision | Light Touch+Master of Arms | Light Touch+Paracausal Affinity | Master of Arms+Outlaw | Master of Arms+Tunnel Vision | Outlaw+Paracausal Affinity | Paracausal Affinity+Tunnel Vision,337578911
380,Lubrae's Ruin (Adept),preferred,Glaive,Solar,0,1,0,1,0,"Sleight of Hand, Tilting at Windmills, Turnabout","Surrounded, Unstoppable Force, Wellspring",9,,,Sleight of Hand+Surrounded | Sleight of Hand+Unstoppable Force | Sleight of Hand+Wellspring | Surrounded+Tilting at Windmills | Surrounded+Turnabout | Tilting at Windmills+Unstoppable Force | Tilting at Windmills+Wellspring | Turnabout+Unstoppable Force | Turnabout+Wellspring,1466006054
381,Live Fire,preferred,Scout Rifle,Stasis,1,0,0,0,1,"Rapid Hit, Rimestealer, Subsistence","No Distractions, Shoot to Loot, To the Pain",9,,,No Distractions+Rapid Hit | No Distractions+Rimestealer | No Distractions+Subsistence | Rapid Hit+Shoot to Loot | Rapid Hit+To the Pain | Rimestealer+Shoot to Loot | Rimestealer+To the Pain | Shoot to Loot+Subsistence | Subsistence+To the Pain,3612142623
382,Laser Painter,preferred,Linear Fusion Rifle,Strand,1,0,1,0,1,"Ensemble, Fragile Focus, Invisible Hand","High-Impact Reserves, Thresh, Unrelenting",9,,,Ensemble+High-Impact Reserves | Ensemble+Thresh | Ensemble+Unrelenting | Fragile Focus+High-Impact Reserves | Fragile Focus+Thresh | Fragile Focus+Unrelenting | High-Impact Reserves+Invisible Hand | Invisible Hand+Thresh | Invisible Hand+Unrelenting,3221722018
383,Chain of Command,preferred,Machine Gun,Stasis,1,0,1,0,1,"Adrenaline Junkie, Turnabout, Under-Over","Killing Tally, Meganeura, Target Lock",9,,,Adrenaline Junkie+Killing Tally | Adrenaline Junkie+Meganeura | Adrenaline Junkie+Target Lock | Killing Tally+Turnabout | Killing Tally+Under-Over | Meganeura+Turnabout | Meganeura+Under-Over | Target Lock+Turnabout | Target Lock+Under-Over,1716620044
384,Willful Hamartia,preferred,Linear Fusion Rifle,Arc,1,0,0,0,1,"Slideways, Successful Warm-Up, Tap the Trigger","Bait and Switch, Jolting Feedback, Offhand Strike",9,,,Bait and Switch+Slideways | Bait and Switch+Successful Warm-Up | Bait and Switch+Tap the Trigger | Jolting Feedback+Slideways | Jolting Feedback+Successful Warm-Up | Jolting Feedback+Tap the Trigger | Offhand Strike+Slideways | Offhand Strike+Successful Warm-Up | Offhand Strike+Tap the Trigger,1952295804
385,Someday,preferred,Shotgun,Kinetic,1,0,0,1,1,"Elemental Capacitor, Loose Change, Threat Remover","Empty Traits Socket, Recombination, Vorpal Weapon",9,,,Elemental Capacitor+Empty Traits Socket | Elemental Capacitor+Recombination | Elemental Capacitor+Vorpal Weapon | Empty Traits Socket+Loose Change | Empty Traits Socket+Threat Remover | Loose Change+Recombination | Loose Change+Vorpal Weapon | Recombination+Threat Remover | Threat Remover+Vorpal Weapon,3232203524
386,Royal Entry,preferred,Rocket Launcher,Void,0,0,1,0,1,"Genesis, Moving Target, Rangefinder","Cluster Bomb, Lasting Impression, One for All",9,,,Cluster Bomb+Genesis | Cluster Bomb+Moving Target | Cluster Bomb+Rangefinder | Genesis+Lasting Impression | Genesis+One for All | Lasting Impression+Moving Target | Lasting Impression+Rangefinder | Moving Target+One for All | One for All+Rangefinder,2448907086
387,Reghusk's Pledge,preferred,Auto Rifle,Void,1,0,0,0,1,"Built to Blast, Impromptu Ammunition, Proximity Power","Repulsor Brace, Swashbuckler, Target Lock",9,,,Built to Blast+Repulsor Brace | Built to Blast+Swashbuckler | Built to Blast+Target Lock | Impromptu Ammunition+Repulsor Brace | Impromptu Ammunition+Swashbuckler | Impromptu Ammunition+Target Lock | Proximity Power+Repulsor Brace | Proximity Power+Swashbuckler | Proximity Power+Target Lock,2370525224
388,A Good Shout,preferred,Combat Bow,Void,1,0,1,0,1,"Bolt Scavenger, Envious Arsenal, No Distractions","Destabilizing Rounds, High Ground, Rampage",9,,,Bolt Scavenger+Destabilizing Rounds | Bolt Scavenger+High Ground | Bolt Scavenger+Rampage | Destabilizing Rounds+Envious Arsenal | Destabilizing Rounds+No Distractions | Envious Arsenal+High Ground | Envious Arsenal+Rampage | High Ground+No Distractions | No Distractions+Rampage,3615748501
389,Zephyr,preferred,Sword,Stasis,1,0,0,0,1,"Thresh, Turnabout, Unrelenting","Cold Steel, En Garde, Whirlwind Blade",9,,,Cold Steel+Thresh | Cold Steel+Turnabout | Cold Steel+Unrelenting | En Garde+Thresh | En Garde+Turnabout | En Garde+Unrelenting | Thresh+Whirlwind Blade | Turnabout+Whirlwind Blade | Unrelenting+Whirlwind Blade,396910433
390,The Martlet,preferred,Pulse Rifle,Void,1,0,0,0,1,"Firefly, Headseeker, Loose Change","Kill Clip, Sword Logic, Withering Gaze",9,,,Firefly+Kill Clip | Firefly+Sword Logic | Firefly+Withering Gaze | Headseeker+Kill Clip | Headseeker+Sword Logic | Headseeker+Withering Gaze | Kill Clip+Loose Change | Loose Change+Sword Logic | Loose Change+Withering Gaze,877384
391,Swordbreaker (Adept),preferred,Shotgun,Strand,0,1,0,1,0,"Paracausal Affinity, Pugilist, Threat Detector","Barrel Constrictor, Golden Tricorn Enhanced, Hatchling",9,,,Barrel Constrictor+Paracausal Affinity | Barrel Constrictor+Pugilist | Barrel Constrictor+Threat Detector | Golden Tricorn Enhanced+Paracausal Affinity | Golden Tricorn Enhanced+Pugilist | Golden Tricorn Enhanced+Threat Detector | Hatchling+Paracausal Affinity | Hatchling+Pugilist | Hatchling+Threat Detector,1239700299
392,Smite of Merain (Harrowed),preferred,Pulse Rifle,Kinetic,0,1,0,1,0,"Ensemble, Focused Fury, Well-Rounded","Adhesive Ordnance, Firefly, Vorpal Weapon",9,,,Adhesive Ordnance+Ensemble | Adhesive Ordnance+Focused Fury | Adhesive Ordnance+Well-Rounded | Ensemble+Firefly | Ensemble+Vorpal Weapon | Firefly+Focused Fury | Firefly+Well-Rounded | Focused Fury+Vorpal Weapon | Vorpal Weapon+Well-Rounded,3407395594
393,Mykel's Reverence (Adept),preferred,Sidearm,Strand,0,1,0,1,0,"Rewind Rounds, Thresh, Unrelenting","Offhand Strike, Paracausal Affinity, Swashbuckler",9,,,Offhand Strike+Rewind Rounds | Offhand Strike+Thresh | Offhand Strike+Unrelenting | Paracausal Affinity+Rewind Rounds | Paracausal Affinity+Thresh | Paracausal Affinity+Unrelenting | Rewind Rounds+Swashbuckler | Swashbuckler+Thresh | Swashbuckler+Unrelenting,1986287028
394,King Orfeo,preferred,Combat Bow,Arc,1,0,0,0,1,"Shoot to Loot, Successful Warm-Up, Surplus","Dragonfly, Rangefinder, Rolling Storm",9,,,Dragonfly+Shoot to Loot | Dragonfly+Successful Warm-Up | Dragonfly+Surplus | Rangefinder+Shoot to Loot | Rangefinder+Successful Warm-Up | Rangefinder+Surplus | Rolling Storm+Shoot to Loot | Rolling Storm+Successful Warm-Up | Rolling Storm+Surplus,3481382332
395,Cry Mutiny,preferred,Grenade Launcher,Solar,1,0,1,0,1,"Danger Zone, Grave Robber, Impulse Amplifier","Adrenaline Junkie, Aggregate Charge, Mega Kill Clip",9,,,Adrenaline Junkie+Danger Zone | Adrenaline Junkie+Grave Robber | Adrenaline Junkie+Impulse Amplifier | Aggregate Charge+Danger Zone | Aggregate Charge+Grave Robber | Aggregate Charge+Impulse Amplifier | Danger Zone+Mega Kill Clip | Grave Robber+Mega Kill Clip | Impulse Amplifier+Mega Kill Clip,768696858
396,Song of Ir Yût (Adept),preferred,Machine Gun,Arc,0,1,0,1,0,"Supercharged Magazine, Unrelenting, Zen Moment","High Ground, Master of Arms, Mega Kill Clip",9,,,High Ground+Supercharged Magazine | High Ground+Unrelenting | High Ground+Zen Moment | Master of Arms+Supercharged Magazine | Master of Arms+Unrelenting | Master of Arms+Zen Moment | Mega Kill Clip+Supercharged Magazine | Mega Kill Clip+Unrelenting | Mega Kill Clip+Zen Moment,407511664
397,Retrofuturist,preferred,Shotgun,Void,1,0,1,0,1,"Loose Change, Quickdraw, Shot Swap","Envious Assassin, One for All, Trench Barrel",9,,,Envious Assassin+Loose Change | Envious Assassin+Quickdraw | Envious Assassin+Shot Swap | Loose Change+One for All | Loose Change+Trench Barrel | One for All+Quickdraw | One for All+Shot Swap | Quickdraw+Trench Barrel | Shot Swap+Trench Barrel,1612781792
398,Prolonged Engagement,preferred,Submachine Gun,Stasis,1,0,1,0,1,"Air Assault, Dynamic Sway Reduction, Heating Up","One for All, Pugilist, Rangefinder",9,,,Air Assault+One for All | Air Assault+Pugilist | Air Assault+Rangefinder | Dynamic Sway Reduction+One for All | Dynamic Sway Reduction+Pugilist | Dynamic Sway Reduction+Rangefinder | Heating Up+One for All | Heating Up+Pugilist | Heating Up+Rangefinder,2349907931
399,Bold Endings,preferred,Hand Cannon,Stasis,1,0,0,1,1,"Rimestealer, Strategist, To the Pain","Dragonfly, Golden Tricorn, Golden Tricorn Enhanced",9,,,Dragonfly+Rimestealer | Dragonfly+Strategist | Dragonfly+To the Pain | Golden Tricorn+Rimestealer | Golden Tricorn+Strategist | Golden Tricorn+To the Pain | Golden Tricorn Enhanced+Rimestealer | Golden Tricorn Enhanced+Strategist | Golden Tricorn Enhanced+To the Pain,496728945
400,A Distant Pull,preferred,Sniper Rifle,Stasis,1,0,0,1,1,"Ensemble, Overflow, Tunnel Vision","Discord, Empty Traits Socket, Headstone",9,,,Discord+Ensemble | Discord+Overflow | Discord+Tunnel Vision | Empty Traits Socket+Ensemble | Empty Traits Socket+Overflow | Empty Traits Socket+Tunnel Vision | Ensemble+Headstone | Headstone+Overflow | Headstone+Tunnel Vision,1769847435
401,Wicked Sister,preferred,Grenade Launcher,Strand,0,0,1,0,1,"Danger Zone, Slice, Unrelenting","Deconstruct, Explosive Light, Vorpal Weapon",9,,,Danger Zone+Deconstruct | Danger Zone+Explosive Light | Danger Zone+Vorpal Weapon | Deconstruct+Slice | Deconstruct+Unrelenting | Explosive Light+Slice | Explosive Light+Unrelenting | Slice+Vorpal Weapon | Unrelenting+Vorpal Weapon,2039776723
402,Micromort,preferred,Rocket Launcher,Arc,1,0,0,0,1,"Clown Cartridge, Impulse Amplifier, Lead From Light","Binary Orbit, Chain Reaction, Voltshot",9,,,Binary Orbit+Clown Cartridge | Binary Orbit+Impulse Amplifier | Binary Orbit+Lead From Light | Chain Reaction+Clown Cartridge | Chain Reaction+Impulse Amplifier | Chain Reaction+Lead From Light | Clown Cartridge+Voltshot | Impulse Amplifier+Voltshot | Lead From Light+Voltshot,602331467
403,Koraxis's Distress (Adept),preferred,Grenade Launcher,Strand,0,1,0,1,0,"Danger Zone, Envious Arsenal, Field Prep","Harmony, Surrounded, Wellspring",9,,,Danger Zone+Harmony | Danger Zone+Surrounded | Danger Zone+Wellspring | Envious Arsenal+Harmony | Envious Arsenal+Surrounded | Envious Arsenal+Wellspring | Field Prep+Harmony | Field Prep+Surrounded | Field Prep+Wellspring,495442100
404,Riptide,preferred,Fusion Rifle,Stasis,1,0,1,0,1,"Feeding Frenzy, Heating Up, Under Pressure","Chill Clip, Cornered, Snapshot Sights",9,,,Chill Clip+Feeding Frenzy | Chill Clip+Heating Up | Chill Clip+Under Pressure | Cornered+Feeding Frenzy | Cornered+Heating Up | Cornered+Under Pressure | Feeding Frenzy+Snapshot Sights | Heating Up+Snapshot Sights | Snapshot Sights+Under Pressure,2715240478
405,Mirror Imago (Adept),preferred,Submachine Gun,Strand,0,1,0,0,1,"Grave Robber, Overflow, Pugilist","Sword Logic, Target Lock, Unrelenting",9,,,Grave Robber+Sword Logic | Grave Robber+Target Lock | Grave Robber+Unrelenting | Overflow+Sword Logic | Overflow+Target Lock | Overflow+Unrelenting | Pugilist+Sword Logic | Pugilist+Target Lock | Pugilist+Unrelenting,4116546788
406,Keraunios,preferred,Trace Rifle,Arc,1,0,0,0,1,"Rewind Rounds, Shoot to Loot, Supercharged Magazine","Butterfly, Chain Reaction, Killing Tally",9,,,Butterfly+Rewind Rounds | Butterfly+Shoot to Loot | Butterfly+Supercharged Magazine | Chain Reaction+Rewind Rounds | Chain Reaction+Shoot to Loot | Chain Reaction+Supercharged Magazine | Killing Tally+Rewind Rounds | Killing Tally+Shoot to Loot | Killing Tally+Supercharged Magazine,2386208942
407,Ribbontail,preferred,Trace Rifle,Strand,1,0,0,0,1,"Proximity Power, Transcendent Moment, Wellspring","Detonator Beam, Redirection, Tear",8,,,Detonator Beam+Proximity Power | Detonator Beam+Transcendent Moment | Detonator Beam+Wellspring | Proximity Power+Tear | Redirection+Transcendent Moment | Redirection+Wellspring | Tear+Transcendent Moment | Tear+Wellspring,407150808
408,Exile's Curse,preferred,Fusion Rifle,Arc,1,0,0,0,1,"Grave Robber, No Distractions, Pulse Monitor","Celerity, Feeding Frenzy, Kickstart",8,,,Celerity+Grave Robber | Celerity+No Distractions | Feeding Frenzy+Grave Robber | Feeding Frenzy+No Distractions | Feeding Frenzy+Pulse Monitor | Grave Robber+Kickstart | Kickstart+No Distractions | Kickstart+Pulse Monitor,679281855
409,Blowout,preferred,Rocket Launcher,Arc,0,0,1,0,1,"Sympathetic Arsenal, Tracking Module, Turnabout","Explosive Light, Golden Tricorn, Multikill Clip",8,,,Explosive Light+Sympathetic Arsenal | Explosive Light+Turnabout | Golden Tricorn+Sympathetic Arsenal | Golden Tricorn+Tracking Module | Golden Tricorn+Turnabout | Multikill Clip+Sympathetic Arsenal | Multikill Clip+Tracking Module | Multikill Clip+Turnabout,1903182562
410,Qua Vinctus IV,preferred,Machine Gun,Strand,1,0,1,0,1,"Slice, Transcendent Moment, Triple Tap","Lone Wolf, Rewind Rounds, Strategist",8,,,Lone Wolf+Slice | Lone Wolf+Transcendent Moment | Lone Wolf+Triple Tap | Rewind Rounds+Slice | Rewind Rounds+Transcendent Moment | Rewind Rounds+Triple Tap | Strategist+Transcendent Moment | Strategist+Triple Tap,4176551594
411,Albedo Wing,preferred,Glaive,Arc,1,0,0,0,1,"Field Prep, Grave Robber, Replenishing Aegis","Golden Tricorn Enhanced, High-Impact Reserves, Lead from Gold",8,,,Field Prep+Golden Tricorn Enhanced | Field Prep+High-Impact Reserves | Field Prep+Lead from Gold | Golden Tricorn Enhanced+Grave Robber | Golden Tricorn Enhanced+Replenishing Aegis | Grave Robber+Lead from Gold | High-Impact Reserves+Replenishing Aegis | Lead from Gold+Replenishing Aegis,2680976411
412,Semiotician,preferred,Rocket Launcher,Strand,1,0,0,1,1,"Shot Swap, Stats for All, Wellspring","Bipod, Explosive Light, Pugilist",8,,,Bipod+Shot Swap | Bipod+Stats for All | Bipod+Wellspring | Explosive Light+Shot Swap | Explosive Light+Stats for All | Explosive Light+Wellspring | Pugilist+Shot Swap | Pugilist+Wellspring,2922749929
413,No Hesitation,preferred,Auto Rifle,Solar,1,0,0,1,1,"Empty Traits Socket, Grave Robber, Target Lock","Chaos Reshaped, Circle of Life, Elemental Honing",8,,,Chaos Reshaped+Empty Traits Socket | Chaos Reshaped+Target Lock | Circle of Life+Empty Traits Socket | Circle of Life+Grave Robber | Circle of Life+Target Lock | Elemental Honing+Empty Traits Socket | Elemental Honing+Grave Robber | Elemental Honing+Target Lock,1801007332
414,Found Verdict (Timelost),preferred,Shotgun,Arc,0,1,0,1,0,"Aggregate Charge, Supercharged Magazine, Threat Remover","Binary Orbit, Rolling Storm, Voltshot",8,,,Aggregate Charge+Binary Orbit | Aggregate Charge+Rolling Storm | Aggregate Charge+Voltshot | Binary Orbit+Supercharged Magazine | Binary Orbit+Threat Remover | Rolling Storm+Threat Remover | Supercharged Magazine+Voltshot | Threat Remover+Voltshot,851296754
415,Fatebringer (Timelost),preferred,Hand Cannon,Kinetic,0,1,0,1,0,"Osmosis, Rewind Rounds, Stopping Power","Eye of the Storm, Frenzy, Magnificent Howl",8,,,Eye of the Storm+Osmosis | Eye of the Storm+Rewind Rounds | Eye of the Storm+Stopping Power | Frenzy+Rewind Rounds | Frenzy+Stopping Power | Magnificent Howl+Osmosis | Magnificent Howl+Rewind Rounds | Magnificent Howl+Stopping Power,4219826183
416,Dimensional Hypotrochoid,preferred,Grenade Launcher,Stasis,1,0,0,1,1,"Envious Arsenal, Rimestealer, Threat Detector","Empty Traits Socket, Thresh, Turnabout",8,,,Empty Traits Socket+Envious Arsenal | Empty Traits Socket+Rimestealer | Empty Traits Socket+Threat Detector | Envious Arsenal+Thresh | Envious Arsenal+Turnabout | Rimestealer+Thresh | Rimestealer+Turnabout | Threat Detector+Turnabout,1311684613
417,Defiance of Yasmin (Harrowed),preferred,Sniper Rifle,Kinetic,0,1,0,1,0,"Lead from Gold, Osmosis, Shoot to Loot","Aggregate Charge, All-Star, Slickdraw",8,,,Aggregate Charge+Lead from Gold | Aggregate Charge+Osmosis | Aggregate Charge+Shoot to Loot | All-Star+Osmosis | All-Star+Shoot to Loot | Lead from Gold+Slickdraw | Osmosis+Slickdraw | Shoot to Loot+Slickdraw,3503019618
418,Bellowing Giant,preferred,Rocket Launcher,Void,1,0,1,0,1,"Air Trigger, Ambitious Assassin, Overflow","Auto-Loading Holster, Cluster Bomb, Collective Demolition",8,,,Air Trigger+Auto-Loading Holster | Air Trigger+Cluster Bomb | Air Trigger+Collective Demolition | Ambitious Assassin+Cluster Bomb | Ambitious Assassin+Collective Demolition | Auto-Loading Holster+Overflow | Cluster Bomb+Overflow | Collective Demolition+Overflow,1889005379
419,Tinasha's Mastery,preferred,Sidearm,Stasis,1,0,0,0,1,"Deconstruct, Loose Change, Reverberation","Adagio, Desperate Measures, Frenzy",8,,,Adagio+Loose Change | Adagio+Reverberation | Deconstruct+Desperate Measures | Deconstruct+Frenzy | Desperate Measures+Loose Change | Desperate Measures+Reverberation | Frenzy+Loose Change | Frenzy+Reverberation,480368036
420,Reckless Endangerment,preferred,Shotgun,Kinetic,1,0,1,0,1,"Barrel Constrictor, Bewildering Burst, Dual Loader","All-Star, Opening Shot, Snapshot Sights",8,,,All-Star+Barrel Constrictor | All-Star+Dual Loader | Barrel Constrictor+Opening Shot | Barrel Constrictor+Snapshot Sights | Bewildering Burst+Opening Shot | Bewildering Burst+Snapshot Sights | Dual Loader+Opening Shot | Dual Loader+Snapshot Sights,3085559077
421,Non-Denouement (Adept),preferred,Combat Bow,Arc,0,1,0,1,0,"Dragonfly, Rolling Storm, Strategist","Explosive Head, Gear Shift, Meganeura",8,,,Dragonfly+Explosive Head | Dragonfly+Gear Shift | Dragonfly+Meganeura | Explosive Head+Rolling Storm | Explosive Head+Strategist | Gear Shift+Strategist | Meganeura+Rolling Storm | Meganeura+Strategist,1039915310
422,Nightshade,preferred,Pulse Rifle,Strand,1,0,1,0,1,"Keep Away, Lucky Shot, Under Pressure","Desperate Measures, Feeding Frenzy, Kill Clip",8,,,Desperate Measures+Lucky Shot | Desperate Measures+Under Pressure | Feeding Frenzy+Keep Away | Feeding Frenzy+Lucky Shot | Feeding Frenzy+Under Pressure | Keep Away+Kill Clip | Kill Clip+Lucky Shot | Kill Clip+Under Pressure,1559068369
423,Locus Locutus,preferred,Sniper Rifle,Stasis,1,0,0,1,1,"Empty Traits Socket, Overflow, Wellspring","Firing Line, Kill Clip, Opening Shot",9,,,Empty Traits Socket+Firing Line | Empty Traits Socket+Kill Clip | Empty Traits Socket+Opening Shot | Firing Line+Overflow | Firing Line+Wellspring | Kill Clip+Overflow | Kill Clip+Wellspring | Opening Shot+Overflow | Opening Shot+Wellspring,4132072834
424,Hushed Whisper,preferred,Combat Bow,Strand,1,0,0,0,1,"Impulse Amplifier, Lead From Light, Slice","Archer's Gambit, Collective Action, Explosive Head",8,,,Archer's Gambit+Impulse Amplifier | Archer's Gambit+Lead From Light | Archer's Gambit+Slice | Collective Action+Impulse Amplifier | Collective Action+Lead From Light | Collective Action+Slice | Explosive Head+Lead From Light | Explosive Head+Slice,3574168117
425,Submersion,preferred,Combat Bow,Stasis,1,0,0,0,1,"Auto-Loading Holster, Lead From Light, No Distractions","Chill Clip, Headstone, High Ground",8,,,Auto-Loading Holster+Chill Clip | Auto-Loading Holster+Headstone | Auto-Loading Holster+High Ground | Chill Clip+Lead From Light | Chill Clip+No Distractions | Headstone+Lead From Light | Headstone+No Distractions | High Ground+Lead From Light,3524386983
426,Mechabre,preferred,Sniper Rifle,Arc,1,0,0,0,1,"Demolitionist, Eddy Current, Triple Tap","Discord, High-Impact Reserves, Vorpal Weapon",9,,,Demolitionist+Discord | Demolitionist+High-Impact Reserves | Demolitionist+Vorpal Weapon | Discord+Eddy Current | Discord+Triple Tap | Eddy Current+High-Impact Reserves | Eddy Current+Vorpal Weapon | High-Impact Reserves+Triple Tap | Triple Tap+Vorpal Weapon,3871226707
427,The Spiteful Fang,preferred,Combat Bow,Stasis,1,0,1,0,1,"Impromptu Ammunition, Perfect Float, Successful Warm-Up","Firefly, Golden Tricorn, Golden Tricorn Enhanced",8,,,Firefly+Perfect Float | Firefly+Successful Warm-Up | Golden Tricorn+Impromptu Ammunition | Golden Tricorn+Perfect Float | Golden Tricorn+Successful Warm-Up | Golden Tricorn Enhanced+Impromptu Ammunition | Golden Tricorn Enhanced+Perfect Float | Golden Tricorn Enhanced+Successful Warm-Up,1704597062
428,Gunburn,preferred,Submachine Gun,Kinetic,1,0,0,0,1,"Bewildering Burst, Recycled Energy, Threat Detector","Kinetic Tremors, Target Lock, Wellspring",8,,,Bewildering Burst+Kinetic Tremors | Bewildering Burst+Target Lock | Bewildering Burst+Wellspring | Kinetic Tremors+Recycled Energy | Kinetic Tremors+Threat Detector | Recycled Energy+Target Lock | Recycled Energy+Wellspring | Threat Detector+Wellspring,3431536253
429,Fimbulwinter Stitch,preferred,Sidearm,Arc,1,0,0,0,1,"Collective Pugilism, Loose Change, Rapid Hit","Collective Action, Redirection, Rolling Storm",8,,,Collective Action+Collective Pugilism | Collective Action+Rapid Hit | Collective Pugilism+Redirection | Collective Pugilism+Rolling Storm | Loose Change+Redirection | Loose Change+Rolling Storm | Rapid Hit+Redirection | Rapid Hit+Rolling Storm,3685829362
430,Cynosure,preferred,Rocket Launcher,Strand,1,0,1,0,1,"Clown Cartridge, Danger Zone, Tracking Module","Desperate Measures, Quickdraw, Reverberation",8,,,Clown Cartridge+Desperate Measures | Clown Cartridge+Reverberation | Danger Zone+Desperate Measures | Danger Zone+Quickdraw | Danger Zone+Reverberation | Desperate Measures+Tracking Module | Quickdraw+Tracking Module | Reverberation+Tracking Module,694275488
431,Corrective Measure (Timelost),preferred,Machine Gun,Void,0,1,0,1,0,"Dimensional Shift, Firefly, Redirection","Adrenaline Junkie, Aggregate Charge, Demoralize",8,,,Adrenaline Junkie+Dimensional Shift | Adrenaline Junkie+Firefly | Adrenaline Junkie+Redirection | Aggregate Charge+Dimensional Shift | Aggregate Charge+Firefly | Aggregate Charge+Redirection | Demoralize+Firefly | Demoralize+Redirection,2334480463
432,Chivalric Fire,preferred,Sword,Void,1,0,1,0,1,"Dimensional Shift, Strategist, Tilting at Windmills","Attrition Orbs, Destabilizing Rounds, Whirlwind Blade",8,,,Attrition Orbs+Dimensional Shift | Attrition Orbs+Strategist | Attrition Orbs+Tilting at Windmills | Destabilizing Rounds+Strategist | Destabilizing Rounds+Tilting at Windmills | Dimensional Shift+Whirlwind Blade | Strategist+Whirlwind Blade | Tilting at Windmills+Whirlwind Blade,938936806
433,Cataphract GL3,preferred,Grenade Launcher,Strand,1,0,0,0,1,"Blast Distributor, Lead From Light, Quickdraw","Explosive Light, Impromptu Ammunition, Vorpal Weapon",8,,,Blast Distributor+Explosive Light | Blast Distributor+Impromptu Ammunition | Explosive Light+Lead From Light | Explosive Light+Quickdraw | Impromptu Ammunition+Lead From Light | Impromptu Ammunition+Quickdraw | Lead From Light+Vorpal Weapon | Quickdraw+Vorpal Weapon,3805679279
434,The Time-Worn Spire,preferred,Pulse Rifle,Kinetic,1,0,0,0,1,"Slideways, Subsistence, Under Pressure","Iron Gaze, Iron Grip, One for All",9,,,Iron Gaze+Slideways | Iron Gaze+Subsistence | Iron Gaze+Under Pressure | Iron Grip+Slideways | Iron Grip+Subsistence | Iron Grip+Under Pressure | One for All+Slideways | One for All+Subsistence | One for All+Under Pressure,3593598010
435,Cataclysmic (Adept),preferred,Linear Fusion Rifle,Solar,0,1,0,1,0,"Dragonfly, No Distractions, Sleight of Hand","Clown Cartridge, Elemental Honing, High-Impact Reserves",8,,,Clown Cartridge+Dragonfly | Clown Cartridge+No Distractions | Clown Cartridge+Sleight of Hand | Dragonfly+Elemental Honing | Dragonfly+High-Impact Reserves | Elemental Honing+Sleight of Hand | High-Impact Reserves+No Distractions | High-Impact Reserves+Sleight of Hand,2886339027
436,Zaouli's Bane (Harrowed),preferred,Hand Cannon,Solar,0,1,0,1,0,"Gutshot Straight, Opening Shot, Redirection","Eye of the Storm, Meganeura, One for All",8,,,Eye of the Storm+Opening Shot | Eye of the Storm+Redirection | Gutshot Straight+Meganeura | Gutshot Straight+One for All | Meganeura+Opening Shot | Meganeura+Redirection | One for All+Opening Shot | One for All+Redirection,291092617
437,Whatchamacallit,preferred,Submachine Gun,Arc,1,0,1,0,1,"Keep Away, Light Touch, Stats for All","Dragonfly, Rangefinder, Sword Logic",8,,,Dragonfly+Keep Away | Dragonfly+Light Touch | Dragonfly+Stats for All | Keep Away+Rangefinder | Light Touch+Rangefinder | Light Touch+Sword Logic | Rangefinder+Stats for All | Stats for All+Sword Logic,357669417
438,Python,preferred,Shotgun,Void,1,0,1,0,1,"Dimensional Shift, Pugilist, Repulsor Brace","Opening Shot, Trench Barrel, Withering Gaze",8,,,Dimensional Shift+Opening Shot | Dimensional Shift+Trench Barrel | Dimensional Shift+Withering Gaze | Opening Shot+Pugilist | Opening Shot+Repulsor Brace | Pugilist+Trench Barrel | Pugilist+Withering Gaze | Repulsor Brace+Trench Barrel,4276696962
439,Permafrost,preferred,Grenade Launcher,Stasis,1,0,0,0,1,"Attrition Orbs, Lead from Gold, Overflow","Crystalline Corpsebloom, Reaper's Tithe, Wellspring",8,,,Attrition Orbs+Crystalline Corpsebloom | Attrition Orbs+Reaper's Tithe | Crystalline Corpsebloom+Lead from Gold | Crystalline Corpsebloom+Overflow | Lead from Gold+Reaper's Tithe | Lead from Gold+Wellspring | Overflow+Reaper's Tithe | Overflow+Wellspring,2922964484
440,Oversoul Edict (Adept),preferred,Pulse Rifle,Arc,0,1,0,1,0,"Eye of the Storm, Keep Away, Rolling Storm","Gear Shift, Jolting Feedback, Voltshot",8,,,Eye of the Storm+Gear Shift | Eye of the Storm+Jolting Feedback | Eye of the Storm+Voltshot | Gear Shift+Keep Away | Jolting Feedback+Keep Away | Jolting Feedback+Rolling Storm | Keep Away+Voltshot | Rolling Storm+Voltshot,578105049
441,Forbearance (Adept),preferred,Grenade Launcher,Arc,0,1,0,1,0,"Genesis, Steady Hands, Unrelenting","Bait and Switch, Gear Shift, Rampage",8,,,Bait and Switch+Genesis | Bait and Switch+Steady Hands | Bait and Switch+Unrelenting | Gear Shift+Genesis | Gear Shift+Steady Hands | Gear Shift+Unrelenting | Rampage+Steady Hands | Rampage+Unrelenting,4038592169
442,BxR-55 Battler,preferred,Pulse Rifle,Solar,1,0,0,1,1,"Heating Up, Killing Wind, Perpetual Motion","Adrenaline Junkie, Blunt Execution Rounds, Eye of the Storm",8,,,Adrenaline Junkie+Heating Up | Adrenaline Junkie+Perpetual Motion | Blunt Execution Rounds+Heating Up | Blunt Execution Rounds+Killing Wind | Blunt Execution Rounds+Perpetual Motion | Eye of the Storm+Heating Up | Eye of the Storm+Killing Wind | Eye of the Storm+Perpetual Motion,2708806099
443,Anamnesis (Adept),preferred,Combat Bow,Void,0,1,0,0,1,"Archer's Tempo, Repulsor Brace, To the Pain","Adagio, Destabilizing Rounds, Impulse Amplifier",8,,,Adagio+Archer's Tempo | Adagio+Repulsor Brace | Adagio+To the Pain | Archer's Tempo+Destabilizing Rounds | Archer's Tempo+Impulse Amplifier | Destabilizing Rounds+To the Pain | Impulse Amplifier+Repulsor Brace | Impulse Amplifier+To the Pain,3949253499
444,Albruna-D,preferred,Sniper Rifle,Arc,0,0,1,0,1,"Air Assault, Ensemble, Explosive Payload","Frenzy, Golden Tricorn, Slickdraw",8,,,Air Assault+Frenzy | Air Assault+Golden Tricorn | Ensemble+Frenzy | Ensemble+Golden Tricorn | Ensemble+Slickdraw | Explosive Payload+Frenzy | Explosive Payload+Golden Tricorn | Explosive Payload+Slickdraw,676270382
445,Acasia's Dejection (Adept),preferred,Trace Rifle,Solar,0,1,0,1,0,"Burning Ambition, Collective Demolition, Keep Away","Chaos Reshaped, Detonator Beam, Harmony",8,,,Burning Ambition+Chaos Reshaped | Burning Ambition+Detonator Beam | Burning Ambition+Harmony | Chaos Reshaped+Collective Demolition | Chaos Reshaped+Keep Away | Collective Demolition+Detonator Beam | Detonator Beam+Keep Away | Harmony+Keep Away,3493494807
446,Breakneck,preferred,Auto Rifle,Kinetic,1,0,1,0,1,"Heating Up, Shoot to Loot, Under Pressure","Adagio, Offhand Strike, Onslaught",8,,,Adagio+Heating Up | Adagio+Shoot to Loot | Adagio+Under Pressure | Heating Up+Onslaught | Offhand Strike+Shoot to Loot | Offhand Strike+Under Pressure | Onslaught+Shoot to Loot | Onslaught+Under Pressure,2026755633
447,Volta Bracket,preferred,Sniper Rifle,Strand,1,0,0,1,1,"Envious Assassin, Shoot to Loot, Subsistence","Cascade Point, Empty Traits Socket, Under Pressure",8,,,Cascade Point+Envious Assassin | Cascade Point+Shoot to Loot | Cascade Point+Subsistence | Empty Traits Socket+Envious Assassin | Empty Traits Socket+Shoot to Loot | Envious Assassin+Under Pressure | Shoot to Loot+Under Pressure | Subsistence+Under Pressure,3920310144
448,Taraxippos,preferred,Scout Rifle,Strand,1,0,0,0,1,"Closing Time, Enlightened Action, Zen Moment","Hatchling, Precision Instrument, Tear",8,,,Closing Time+Hatchling | Closing Time+Precision Instrument | Enlightened Action+Hatchling | Enlightened Action+Precision Instrument | Enlightened Action+Tear | Hatchling+Zen Moment | Precision Instrument+Zen Moment | Tear+Zen Moment,4148460558
449,Rake Angle,preferred,Glaive,Stasis,1,0,1,0,1,"Impulse Amplifier, Overflow, Rimestealer","Close to Melee, Surrounded, Vorpal Weapon",8,,,Close to Melee+Impulse Amplifier | Close to Melee+Overflow | Close to Melee+Rimestealer | Impulse Amplifier+Vorpal Weapon | Overflow+Surrounded | Overflow+Vorpal Weapon | Rimestealer+Surrounded | Rimestealer+Vorpal Weapon,2298039571
450,Luna Regolith III,preferred,Sniper Rifle,Solar,0,0,1,0,1,"Clown Cartridge, Perfect Float, Quickdraw","Box Breathing, Collective Action, Firing Line",8,,,Box Breathing+Clown Cartridge | Box Breathing+Perfect Float | Box Breathing+Quickdraw | Clown Cartridge+Collective Action | Collective Action+Perfect Float | Collective Action+Quickdraw | Firing Line+Perfect Float | Firing Line+Quickdraw,1948035256
451,Joxer's Longsword,preferred,Pulse Rifle,Void,1,0,1,0,1,"Dragonfly, Gutshot Straight, Rewind Rounds","Adrenaline Junkie, Headseeker, Under Pressure",8,,,Adrenaline Junkie+Dragonfly | Adrenaline Junkie+Gutshot Straight | Adrenaline Junkie+Rewind Rounds | Dragonfly+Under Pressure | Gutshot Straight+Headseeker | Gutshot Straight+Under Pressure | Headseeker+Rewind Rounds | Rewind Rounds+Under Pressure,157601190
452,Yesteryear,preferred,Pulse Rifle,Void,1,0,1,0,1,"Compulsive Reloader, Ensemble, Slideways","Pugilist, Repulsor Brace, Under-Over",8,,,Compulsive Reloader+Pugilist | Compulsive Reloader+Repulsor Brace | Compulsive Reloader+Under-Over | Ensemble+Pugilist | Ensemble+Repulsor Brace | Pugilist+Slideways | Repulsor Brace+Slideways | Slideways+Under-Over,4028000428
453,Pure Poetry,preferred,Hand Cannon,Kinetic,0,0,1,0,1,"Ambitious Assassin, Fragile Focus, Grave Robber","Harmony, Swashbuckler, Under-Over",9,,,Ambitious Assassin+Harmony | Ambitious Assassin+Swashbuckler | Ambitious Assassin+Under-Over | Fragile Focus+Harmony | Fragile Focus+Swashbuckler | Fragile Focus+Under-Over | Grave Robber+Harmony | Grave Robber+Swashbuckler | Grave Robber+Under-Over,2671639706
454,Steelfeather Repeater,preferred,Auto Rifle,Kinetic,1,0,0,0,1,"Bewildering Burst, Slideways, Subsistence","All-Star, Surrounded, Vorpal Weapon",8,,,All-Star+Slideways | All-Star+Subsistence | Bewildering Burst+Surrounded | Bewildering Burst+Vorpal Weapon | Slideways+Surrounded | Slideways+Vorpal Weapon | Subsistence+Surrounded | Subsistence+Vorpal Weapon,771811870
455,Xenoclast IV,preferred,Shotgun,Arc,1,0,1,0,1,"Genesis, Hip-Fire Grip, Lead from Gold","Eye of the Storm, Killing Wind, Thresh",8,,,Eye of the Storm+Genesis | Eye of the Storm+Hip-Fire Grip | Eye of the Storm+Lead from Gold | Genesis+Killing Wind | Genesis+Thresh | Hip-Fire Grip+Killing Wind | Hip-Fire Grip+Thresh | Lead from Gold+Thresh,963732594
456,Hezen Vengeance (Timelost),preferred,Rocket Launcher,Solar,0,1,0,1,0,"Cluster Bomb, Collective Demolition, Incandescent","Aggregate Charge, Elemental Honing, Explosive Light",8,,,Aggregate Charge+Cluster Bomb | Aggregate Charge+Collective Demolition | Aggregate Charge+Incandescent | Cluster Bomb+Elemental Honing | Cluster Bomb+Explosive Light | Collective Demolition+Elemental Honing | Collective Demolition+Explosive Light | Explosive Light+Incandescent,3623686757
457,Hammerhead,preferred,Machine Gun,Void,1,0,1,0,1,"Envious Assassin, Fourth Time's the Charm, Under-Over","High-Impact Reserves, Onslaught, Surrounded",8,,,Envious Assassin+High-Impact Reserves | Envious Assassin+Onslaught | Envious Assassin+Surrounded | Fourth Time's the Charm+High-Impact Reserves | Fourth Time's the Charm+Onslaught | Fourth Time's the Charm+Surrounded | High-Impact Reserves+Under-Over | Onslaught+Under-Over,1896309757
458,Felwinter's Lie,preferred,Shotgun,Solar,1,0,0,0,1,"Heal Clip, Slickdraw, Threat Detector","Bait and Switch, One-Two Punch, Trench Barrel",8,,,Bait and Switch+Heal Clip | Bait and Switch+Slickdraw | Bait and Switch+Threat Detector | Heal Clip+One-Two Punch | Heal Clip+Trench Barrel | One-Two Punch+Slickdraw | One-Two Punch+Threat Detector | Slickdraw+Trench Barrel,218787950
459,Double-Edged Answer,preferred,Sword,Void,0,0,1,0,1,"Duelist's Trance, Relentless Strikes, Thresh","Adrenaline Junkie, Destabilizing Rounds, Valiant Charge",8,,,Adrenaline Junkie+Duelist's Trance | Adrenaline Junkie+Relentless Strikes | Adrenaline Junkie+Thresh | Destabilizing Rounds+Relentless Strikes | Destabilizing Rounds+Thresh | Duelist's Trance+Valiant Charge | Relentless Strikes+Valiant Charge | Thresh+Valiant Charge,105164264
460,Deliverance (Adept),preferred,Fusion Rifle,Stasis,0,1,0,1,0,"Cornered, Sleight of Hand, Steady Hands","Adrenaline Junkie, Successful Warm-Up, Tap the Trigger",8,,,Adrenaline Junkie+Cornered | Adrenaline Junkie+Sleight of Hand | Cornered+Successful Warm-Up | Cornered+Tap the Trigger | Sleight of Hand+Successful Warm-Up | Sleight of Hand+Tap the Trigger | Steady Hands+Successful Warm-Up | Steady Hands+Tap the Trigger,2943293195
461,Acosmic,preferred,Grenade Launcher,Void,1,0,0,0,1,"Air Trigger, Impulse Amplifier, Slickdraw","Cascade Point, Deconstruct, Explosive Light",8,,,Air Trigger+Cascade Point | Air Trigger+Deconstruct | Air Trigger+Explosive Light | Cascade Point+Impulse Amplifier | Cascade Point+Slickdraw | Deconstruct+Impulse Amplifier | Deconstruct+Slickdraw | Explosive Light+Slickdraw,1106017703
462,Unfall,preferred,Sidearm,Arc,1,0,1,0,1,"Beacon Rounds, Disruption Break, Lead from Gold","Binary Orbit, Jolting Feedback, Rolling Storm",8,,,Beacon Rounds+Binary Orbit | Beacon Rounds+Jolting Feedback | Beacon Rounds+Rolling Storm | Binary Orbit+Lead from Gold | Disruption Break+Jolting Feedback | Disruption Break+Rolling Storm | Jolting Feedback+Lead from Gold | Lead from Gold+Rolling Storm,738446555
463,Sightline Survey,preferred,Hand Cannon,Arc,1,0,0,1,1,"Fragile Focus, Strategist, Triple Tap","Empty Traits Socket, Precision Instrument, Voltshot",8,,,Empty Traits Socket+Fragile Focus | Empty Traits Socket+Triple Tap | Fragile Focus+Precision Instrument | Fragile Focus+Voltshot | Precision Instrument+Strategist | Precision Instrument+Triple Tap | Strategist+Voltshot | Triple Tap+Voltshot,2350330520
464,Finite Impactor,preferred,Hand Cannon,Solar,1,0,0,0,1,"Heal Clip, Iron Grip, Slideways","Heating Up, Magnificent Howl, Rapid Hit",8,,,Heal Clip+Heating Up | Heal Clip+Magnificent Howl | Heal Clip+Rapid Hit | Heating Up+Iron Grip | Heating Up+Slideways | Iron Grip+Magnificent Howl | Magnificent Howl+Slideways | Rapid Hit+Slideways,1917334929
465,Pointed Inquiry,preferred,Scout Rifle,Void,1,0,0,1,1,"Fourth Time's the Charm, Repulsor Brace, Stats for All","Adaptive Munitions, Empty Traits Socket, Precision Instrument",8,,,Adaptive Munitions+Repulsor Brace | Adaptive Munitions+Stats for All | Empty Traits Socket+Fourth Time's the Charm | Empty Traits Socket+Repulsor Brace | Empty Traits Socket+Stats for All | Fourth Time's the Charm+Precision Instrument | Precision Instrument+Repulsor Brace | Precision Instrument+Stats for All,297296830
466,Embraced Identity,preferred,Sniper Rifle,Void,1,0,0,1,1,"Permeability, Rewind Rounds, Withering Gaze","Empty Traits Socket, Precision Instrument, Redirection",8,,,Empty Traits Socket+Permeability | Empty Traits Socket+Rewind Rounds | Empty Traits Socket+Withering Gaze | Permeability+Precision Instrument | Permeability+Redirection | Precision Instrument+Rewind Rounds | Redirection+Rewind Rounds | Redirection+Withering Gaze,2821677368
467,Origin Story,preferred,Auto Rifle,Kinetic,1,0,1,0,1,"Discord, Dynamic Sway Reduction, Hip-Fire Grip","Gutshot Straight, Kinetic Tremors, Onslaught",8,,,Discord+Gutshot Straight | Discord+Kinetic Tremors | Dynamic Sway Reduction+Gutshot Straight | Dynamic Sway Reduction+Kinetic Tremors | Dynamic Sway Reduction+Onslaught | Gutshot Straight+Hip-Fire Grip | Hip-Fire Grip+Kinetic Tremors | Hip-Fire Grip+Onslaught,2826850739
468,Phyllotactic Spiral,preferred,Pulse Rifle,Arc,1,0,0,1,1,"Compulsive Reloader, Perfect Float, Trickle Charge","Desperado, Headseeker, Rolling Storm",8,,,Compulsive Reloader+Desperado | Compulsive Reloader+Headseeker | Compulsive Reloader+Rolling Storm | Desperado+Perfect Float | Desperado+Trickle Charge | Headseeker+Perfect Float | Headseeker+Trickle Charge | Perfect Float+Rolling Storm,3635821806
469,Auric Disabler,preferred,Auto Rifle,Strand,1,0,0,0,1,"Gutshot Straight, Hatchling, Slice","Kill Clip, Tap the Trigger, Tear",8,,,Gutshot Straight+Kill Clip | Gutshot Straight+Tap the Trigger | Gutshot Straight+Tear | Hatchling+Kill Clip | Hatchling+Tap the Trigger | Hatchling+Tear | Kill Clip+Slice | Slice+Tap the Trigger,702001725
470,Fang of Ir Yût (Adept),preferred,Scout Rifle,Strand,0,1,0,1,0,"Killing Wind, Surplus, Tunnel Vision","Binary Orbit, Golden Tricorn Enhanced, Hatchling",8,,,Binary Orbit+Killing Wind | Binary Orbit+Surplus | Binary Orbit+Tunnel Vision | Golden Tricorn Enhanced+Killing Wind | Golden Tricorn Enhanced+Tunnel Vision | Hatchling+Killing Wind | Hatchling+Surplus | Hatchling+Tunnel Vision,128782990
471,Kept Confidence,preferred,Hand Cannon,Strand,1,0,0,1,1,"Loose Change, Quickdraw, Shot Swap","Eye of the Storm, Multikill Clip, Thresh",8,,,Eye of the Storm+Loose Change | Eye of the Storm+Quickdraw | Eye of the Storm+Shot Swap | Loose Change+Multikill Clip | Loose Change+Thresh | Multikill Clip+Shot Swap | Quickdraw+Thresh | Shot Swap+Thresh,1875512595
472,Qua Xaphan V,preferred,Machine Gun,Void,0,0,1,0,1,"Field Prep, Slideways, Under Pressure","Elemental Capacitor, Firing Line, Target Lock",8,,,Elemental Capacitor+Field Prep | Elemental Capacitor+Slideways | Elemental Capacitor+Under Pressure | Field Prep+Firing Line | Firing Line+Slideways | Firing Line+Under Pressure | Slideways+Target Lock | Target Lock+Under Pressure,1975125963
473,Patron of Lost Causes,preferred,Scout Rifle,Kinetic,1,0,0,0,1,"Full Auto Trigger System, Grave Robber, Pulse Monitor","Explosive Payload, Under Pressure, Vorpal Weapon",8,,,Explosive Payload+Full Auto Trigger System | Explosive Payload+Grave Robber | Explosive Payload+Pulse Monitor | Full Auto Trigger System+Under Pressure | Full Auto Trigger System+Vorpal Weapon | Grave Robber+Vorpal Weapon | Pulse Monitor+Under Pressure | Pulse Monitor+Vorpal Weapon,2723241847
474,Iterative Loop,preferred,Fusion Rifle,Arc,1,0,0,1,1,"Compulsive Reloader, Slickdraw, Successful Warm-Up","Closing Time, Controlled Burst, Voltshot",8,,,Closing Time+Compulsive Reloader | Closing Time+Slickdraw | Closing Time+Successful Warm-Up | Compulsive Reloader+Voltshot | Controlled Burst+Slickdraw | Controlled Burst+Successful Warm-Up | Slickdraw+Voltshot | Successful Warm-Up+Voltshot,1289796511
475,Ded Gramarye IV,preferred,Shotgun,Arc,1,0,0,0,1,"Stats for All, Surplus, Threat Detector","Golden Tricorn, Surrounded, Voltshot",8,,,Golden Tricorn+Stats for All | Golden Tricorn+Surplus | Golden Tricorn+Threat Detector | Stats for All+Surrounded | Stats for All+Voltshot | Surplus+Surrounded | Surplus+Voltshot | Threat Detector+Voltshot,870893339
476,Afterlight (Adept),preferred,Fusion Rifle,Void,0,1,0,0,1,"Ambitious Assassin, Pugilist, Under Pressure","Destabilizing Rounds, Reservoir Burst, Successful Warm-Up",8,,,Ambitious Assassin+Reservoir Burst | Ambitious Assassin+Successful Warm-Up | Destabilizing Rounds+Pugilist | Destabilizing Rounds+Under Pressure | Pugilist+Reservoir Burst | Pugilist+Successful Warm-Up | Reservoir Burst+Under Pressure | Successful Warm-Up+Under Pressure,3953163559
477,PLUG ONE.1,preferred,Fusion Rifle,Arc,1,0,1,0,1,"Feeding Frenzy, Reconstruction, Slideways","Controlled Burst, Kickstart, Voltshot",8,,,Controlled Burst+Feeding Frenzy | Controlled Burst+Reconstruction | Controlled Burst+Slideways | Feeding Frenzy+Kickstart | Kickstart+Reconstruction | Kickstart+Slideways | Reconstruction+Voltshot | Slideways+Voltshot,3293524502
478,Wild Style,preferred,Grenade Launcher,Solar,1,0,1,0,1,"Grave Robber, Reconstruction, Stats for All","Bait and Switch, Collective Action, Incandescent",8,,,Bait and Switch+Grave Robber | Bait and Switch+Reconstruction | Bait and Switch+Stats for All | Collective Action+Reconstruction | Collective Action+Stats for All | Grave Robber+Incandescent | Incandescent+Reconstruction | Incandescent+Stats for All,1332123064
479,Sarpedon-D,preferred,Hand Cannon,Arc,1,0,1,0,1,"Eddy Current, Impromptu Ammunition, Lead From Light","Collective Pugilism, One-Two Punch, Trench Barrel",7,,,Collective Pugilism+Eddy Current | Eddy Current+One-Two Punch | Eddy Current+Trench Barrel | Impromptu Ammunition+One-Two Punch | Impromptu Ammunition+Trench Barrel | Lead From Light+One-Two Punch | Lead From Light+Trench Barrel,3318545829
480,Rapid Growth,preferred,Sniper Rifle,Arc,1,0,0,0,1,"Lucky Shot, Snapshot Sights, Trickle Charge","Aggregate Charge, Binary Orbit, Meganeura",7,,,Aggregate Charge+Lucky Shot | Aggregate Charge+Trickle Charge | Binary Orbit+Snapshot Sights | Binary Orbit+Trickle Charge | Lucky Shot+Meganeura | Meganeura+Snapshot Sights | Meganeura+Trickle Charge,3856342856
481,Pre Astyanax IV,preferred,Combat Bow,Solar,1,0,1,0,1,"Firefly, Impulse Amplifier, Incandescent","Explosive Head, High Ground, Swashbuckler",7,,,Explosive Head+Firefly | Explosive Head+Incandescent | Firefly+High Ground | Firefly+Swashbuckler | High Ground+Impulse Amplifier | High Ground+Incandescent | Impulse Amplifier+Swashbuckler,471764396
482,Motif-41,preferred,Grenade Launcher,Solar,1,0,0,0,1,"Auto-Loading Holster, Loose Change, Wellspring","Attrition Orbs, Master of Arms, Reverberation",7,,,Attrition Orbs+Auto-Loading Holster | Attrition Orbs+Loose Change | Auto-Loading Holster+Master of Arms | Auto-Loading Holster+Reverberation | Loose Change+Reverberation | Master of Arms+Wellspring | Reverberation+Wellspring,1685533876
483,Abyssal Edge,preferred,Sword,Strand,1,0,0,0,1,"Energy Transfer, Flash Counter, Tireless Blade","Demolitionist, En Garde, Sword Logic",7,,,Demolitionist+Flash Counter | Demolitionist+Tireless Blade | En Garde+Energy Transfer | En Garde+Flash Counter | Energy Transfer+Sword Logic | Flash Counter+Sword Logic | Sword Logic+Tireless Blade,4221591387
484,Watchful Eye,preferred,Machine Gun,Arc,1,0,0,0,1,"Dynamic Sway Reduction, Mulligan, Wellspring","Elemental Honing, Jolting Feedback, Sword Logic",7,,,Dynamic Sway Reduction+Elemental Honing | Dynamic Sway Reduction+Sword Logic | Elemental Honing+Mulligan | Jolting Feedback+Mulligan | Jolting Feedback+Wellspring | Mulligan+Sword Logic | Sword Logic+Wellspring,3058845782
485,Action Item,preferred,Trace Rifle,Stasis,1,0,0,0,1,"Envious Assassin, High-Impact Reserves, Rewind Rounds","Detonator Beam, Headstone, Target Lock",8,,,Detonator Beam+Envious Assassin | Detonator Beam+High-Impact Reserves | Detonator Beam+Rewind Rounds | Envious Assassin+Headstone | Envious Assassin+Target Lock | Headstone+High-Impact Reserves | Headstone+Rewind Rounds | High-Impact Reserves+Target Lock,527989828
486,Theodolite,preferred,Grenade Launcher,Arc,1,0,1,0,1,"Blast Distributor, Danger Zone, Transcendent Moment","Elemental Honing, Reaper's Tithe, Voltshot",7,,,Blast Distributor+Elemental Honing | Blast Distributor+Voltshot | Danger Zone+Elemental Honing | Danger Zone+Reaper's Tithe | Danger Zone+Voltshot | Reaper's Tithe+Transcendent Moment | Transcendent Moment+Voltshot,4146673635
487,Tempered Dynamo,preferred,Fusion Rifle,Arc,1,0,1,0,1,"Backup Plan, Kickstart, Opening Shot","Closing Time, Gear Shift, Surrounded",7,,,Backup Plan+Surrounded | Closing Time+Kickstart | Closing Time+Opening Shot | Gear Shift+Kickstart | Gear Shift+Opening Shot | Kickstart+Surrounded | Opening Shot+Surrounded,2925315757
488,Qullim's Terminus (Harrowed),preferred,Machine Gun,Stasis,0,1,0,1,0,"Dynamic Sway Reduction, Firmly Planted, Unrelenting","Crystalline Corpsebloom, Firing Line, Killing Tally",7,,,Crystalline Corpsebloom+Firmly Planted | Crystalline Corpsebloom+Unrelenting | Dynamic Sway Reduction+Firing Line | Firing Line+Firmly Planted | Firing Line+Unrelenting | Firmly Planted+Killing Tally | Killing Tally+Unrelenting,3248429089
489,Indebted Kindness,preferred,Sidearm,Arc,1,0,0,0,1,"Beacon Rounds, Deconstruct, Trickle Charge","Attrition Orbs, Gear Shift, Surrounded",7,,,Attrition Orbs+Deconstruct | Attrition Orbs+Trickle Charge | Beacon Rounds+Gear Shift | Beacon Rounds+Surrounded | Deconstruct+Surrounded | Gear Shift+Trickle Charge | Surrounded+Trickle Charge,2554513694
490,False Idols,preferred,Sword,Solar,1,0,0,1,1,"Duelist's Trance, Eager Edge, Strategist","Burning Ambition, Counterattack, One for All",7,,,Burning Ambition+Duelist's Trance | Burning Ambition+Eager Edge | Burning Ambition+Strategist | Counterattack+Duelist's Trance | Counterattack+Strategist | Duelist's Trance+One for All | Eager Edge+One for All,4207120603
491,Doom of Chelchis (Harrowed),preferred,Scout Rifle,Void,0,1,0,1,0,"Demoralize, Destabilizing Rounds, Rangefinder","Frenzy, Meganeura, Repulsor Brace",7,,,Demoralize+Frenzy | Demoralize+Meganeura | Destabilizing Rounds+Frenzy | Destabilizing Rounds+Meganeura | Frenzy+Rangefinder | Meganeura+Rangefinder | Rangefinder+Repulsor Brace,1184692845
492,Triple Laureate,preferred,Hand Cannon,Stasis,1,0,0,0,1,"Ambitious Assassin, Crystalline Corpsebloom, Feeding Frenzy","One-Two Punch, Opening Shot, Pugilist",7,,,Ambitious Assassin+One-Two Punch | Ambitious Assassin+Opening Shot | Crystalline Corpsebloom+One-Two Punch | Crystalline Corpsebloom+Pugilist | Feeding Frenzy+One-Two Punch | Feeding Frenzy+Opening Shot | Feeding Frenzy+Pugilist,2908653246
493,Submission (Adept),preferred,Submachine Gun,Kinetic,0,1,0,1,0,"Closing Time, Sleight of Hand, Turnabout","Bait and Switch, Chaos Reshaped, Thresh",7,,,Bait and Switch+Sleight of Hand | Bait and Switch+Turnabout | Chaos Reshaped+Sleight of Hand | Chaos Reshaped+Turnabout | Closing Time+Thresh | Sleight of Hand+Thresh | Thresh+Turnabout,1941816543
494,Shoreline Dissident,preferred,Sniper Rifle,Void,1,0,0,0,1,"Ambitious Assassin, Explosive Payload, Outlaw","Binary Orbit, Demoralize, Destabilizing Rounds",7,,,Ambitious Assassin+Binary Orbit | Ambitious Assassin+Demoralize | Binary Orbit+Outlaw | Demoralize+Explosive Payload | Demoralize+Outlaw | Destabilizing Rounds+Explosive Payload | Destabilizing Rounds+Outlaw,1193318082
495,Imminence (Adept),preferred,Submachine Gun,Strand,0,1,0,1,0,"Demolitionist, Dynamic Sway Reduction, Fragile Focus","Chaos Reshaped, Firefly, Paracausal Affinity",7,,,Chaos Reshaped+Dynamic Sway Reduction | Demolitionist+Firefly | Demolitionist+Paracausal Affinity | Dynamic Sway Reduction+Firefly | Dynamic Sway Reduction+Paracausal Affinity | Firefly+Fragile Focus | Fragile Focus+Paracausal Affinity,3951511045
496,Shadow Price,preferred,Auto Rifle,Arc,1,0,1,0,1,"Bottomless Grief, Feeding Frenzy, Overflow","Disruption Break, Dragonfly, Swashbuckler",7,,,Bottomless Grief+Disruption Break | Bottomless Grief+Dragonfly | Bottomless Grief+Swashbuckler | Disruption Break+Feeding Frenzy | Disruption Break+Overflow | Dragonfly+Overflow | Feeding Frenzy+Swashbuckler,2633186522
497,The Forward Path,preferred,Auto Rifle,Kinetic,1,0,0,0,1,"Dynamic Sway Reduction, Grave Robber, Pulse Monitor","Iron Grip, Multikill Clip, Tap the Trigger",7,,,Dynamic Sway Reduction+Iron Grip | Dynamic Sway Reduction+Multikill Clip | Grave Robber+Iron Grip | Grave Robber+Tap the Trigger | Iron Grip+Pulse Monitor | Multikill Clip+Pulse Monitor | Pulse Monitor+Tap the Trigger,1690783811
498,Retraced Path,preferred,Trace Rifle,Solar,1,0,0,1,1,"Adaptive Munitions, Feeding Frenzy, Well-Rounded","Golden Tricorn, Golden Tricorn Enhanced, Harmony",7,,,Adaptive Munitions+Golden Tricorn | Adaptive Munitions+Golden Tricorn Enhanced | Adaptive Munitions+Harmony | Feeding Frenzy+Golden Tricorn | Feeding Frenzy+Golden Tricorn Enhanced | Golden Tricorn+Well-Rounded | Harmony+Well-Rounded,548958835
499,Peculiar Charm,preferred,Submachine Gun,Kinetic,1,0,1,0,1,"Attrition Orbs, Impromptu Ammunition, Stopping Power","Bewildering Burst, Firefly, Master of Arms",7,,,Attrition Orbs+Firefly | Attrition Orbs+Master of Arms | Bewildering Burst+Impromptu Ammunition | Bewildering Burst+Stopping Power | Firefly+Stopping Power | Impromptu Ammunition+Master of Arms | Master of Arms+Stopping Power,3620277039
500,Nullify (Adept),preferred,Pulse Rifle,Solar,0,1,0,1,0,"Burning Ambition, Collective Demolition, Rapid Hit","Adrenaline Junkie, Meganeura, Multikill Clip",7,,,Adrenaline Junkie+Burning Ambition | Adrenaline Junkie+Rapid Hit | Burning Ambition+Meganeura | Burning Ambition+Multikill Clip | Collective Demolition+Multikill Clip | Meganeura+Rapid Hit | Multikill Clip+Rapid Hit,892183998
501,Servant Leader,preferred,Scout Rifle,Kinetic,0,0,1,0,1,"No Distractions, Outlaw, Rapid Hit","Snapshot Sights, Thresh, Unrelenting",8,,,No Distractions+Snapshot Sights | No Distractions+Thresh | No Distractions+Unrelenting | Outlaw+Snapshot Sights | Outlaw+Thresh | Outlaw+Unrelenting | Rapid Hit+Thresh | Rapid Hit+Unrelenting,1107446438
502,The Palindrome,preferred,Hand Cannon,Arc,1,0,1,0,1,"Collective Demolition, Explosive Payload, Light Touch","Opening Shot, Rolling Storm, Voltshot",7,,,Collective Demolition+Opening Shot | Collective Demolition+Rolling Storm | Collective Demolition+Voltshot | Explosive Payload+Rolling Storm | Explosive Payload+Voltshot | Light Touch+Opening Shot | Light Touch+Voltshot,3303271523
503,Multimach CCX,preferred,Submachine Gun,Kinetic,1,0,0,0,1,"Iron Gaze, Rangefinder, Under-Over","Kinetic Tremors, Tap the Trigger, Target Lock",7,,,Iron Gaze+Kinetic Tremors | Iron Gaze+Tap the Trigger | Iron Gaze+Target Lock | Kinetic Tremors+Rangefinder | Rangefinder+Tap the Trigger | Rangefinder+Target Lock | Tap the Trigger+Under-Over,3211624072
504,Jurisprudent,preferred,Scout Rifle,Stasis,1,0,0,0,1,"Built to Blast, Lone Wolf, Recycled Energy","Explosive Payload, Harmony, Headstone",7,,,Built to Blast+Harmony | Built to Blast+Headstone | Explosive Payload+Lone Wolf | Explosive Payload+Recycled Energy | Harmony+Recycled Energy | Headstone+Lone Wolf | Headstone+Recycled Energy,4090134063
505,Forthcoming Deviance (Adept),preferred,Glaive,Void,0,1,0,1,0,"Immovable Object, Replenishing Aegis, Repulsor Brace","Close to Melee, Collective Demolition, Unstoppable Force",7,,,Close to Melee+Replenishing Aegis | Close to Melee+Repulsor Brace | Collective Demolition+Immovable Object | Collective Demolition+Replenishing Aegis | Collective Demolition+Repulsor Brace | Immovable Object+Unstoppable Force | Repulsor Brace+Unstoppable Force,3123651616
506,Forgiveness,preferred,Sidearm,Arc,1,0,0,0,1,"Lone Wolf, Proximity Power, Tap the Trigger","Adrenaline Junkie, Desperate Measures, Loose Change",7,,,Adrenaline Junkie+Lone Wolf | Adrenaline Junkie+Proximity Power | Adrenaline Junkie+Tap the Trigger | Desperate Measures+Tap the Trigger | Lone Wolf+Loose Change | Loose Change+Proximity Power | Loose Change+Tap the Trigger,1552443158
507,Doomsday,preferred,Grenade Launcher,Arc,1,0,1,0,1,"Ambitious Assassin, Eddy Current, Envious Arsenal","Bait and Switch, Explosive Light, Full Court",7,,,Ambitious Assassin+Bait and Switch | Ambitious Assassin+Explosive Light | Bait and Switch+Eddy Current | Eddy Current+Explosive Light | Eddy Current+Full Court | Envious Arsenal+Explosive Light | Envious Arsenal+Full Court,713132408
508,Veiled Threat,preferred,Auto Rifle,Stasis,1,0,0,1,1,"Loose Change, Shoot to Loot, Strategist","Desperate Measures, Encore, Moving Target",7,,,Desperate Measures+Strategist | Encore+Loose Change | Encore+Shoot to Loot | Encore+Strategist | Loose Change+Moving Target | Moving Target+Shoot to Loot | Moving Target+Strategist,3685470415
509,The Title,preferred,Submachine Gun,Void,1,0,0,0,1,"Closing Time, Recycled Energy, To the Pain","Destabilizing Rounds, Swashbuckler, Under Pressure",7,,,Closing Time+Destabilizing Rounds | Closing Time+Under Pressure | Destabilizing Rounds+Recycled Energy | Recycled Energy+Swashbuckler | Recycled Energy+Under Pressure | Swashbuckler+To the Pain | To the Pain+Under Pressure,4106258882
510,The Heron,preferred,Glaive,Void,1,0,0,0,1,"Disruption Break, Envious Assassin, Replenishing Aegis","Binary Orbit, Unrelenting, Unstoppable Force",7,,,Binary Orbit+Envious Assassin | Binary Orbit+Replenishing Aegis | Disruption Break+Unrelenting | Disruption Break+Unstoppable Force | Envious Assassin+Unrelenting | Envious Assassin+Unstoppable Force | Replenishing Aegis+Unrelenting,2246386812
511,Haliaetus,preferred,Rocket Launcher,Strand,1,0,0,0,1,"Auto-Loading Holster, Envious Assassin, Impulse Amplifier","Bipod, Collective Pugilism, Reaper's Tithe",7,,,Auto-Loading Holster+Bipod | Auto-Loading Holster+Collective Pugilism | Auto-Loading Holster+Reaper's Tithe | Bipod+Envious Assassin | Collective Pugilism+Impulse Amplifier | Envious Assassin+Reaper's Tithe | Impulse Amplifier+Reaper's Tithe,2155534128
512,Sorrow's Verse,preferred,Auto Rifle,Arc,1,0,1,0,1,"Dynamic Sway Reduction, Tap the Trigger, Zen Moment","Demolitionist, Frenzy, Voltshot",7,,,Demolitionist+Tap the Trigger | Demolitionist+Zen Moment | Dynamic Sway Reduction+Voltshot | Frenzy+Tap the Trigger | Frenzy+Zen Moment | Tap the Trigger+Voltshot | Voltshot+Zen Moment,2557966895
513,Something Something,preferred,Sniper Rifle,Kinetic,1,0,1,0,1,"Bewildering Burst, Snapshot Sights, Triple Tap","All-Star, Box Breathing, Redirection",7,,,All-Star+Snapshot Sights | All-Star+Triple Tap | Bewildering Burst+Box Breathing | Bewildering Burst+Redirection | Box Breathing+Snapshot Sights | Box Breathing+Triple Tap | Redirection+Snapshot Sights,3421075982
514,Positive Outlook,preferred,Auto Rifle,Void,1,0,1,0,1,"Ambitious Assassin, Steady Hands, Tap the Trigger","Adaptive Munitions, Destabilizing Rounds, Repulsor Brace",7,,,Adaptive Munitions+Ambitious Assassin | Adaptive Munitions+Steady Hands | Adaptive Munitions+Tap the Trigger | Ambitious Assassin+Repulsor Brace | Destabilizing Rounds+Steady Hands | Repulsor Brace+Steady Hands | Repulsor Brace+Tap the Trigger,491078457
515,Ammit AR2,preferred,Auto Rifle,Solar,1,0,0,1,1,"Ambitious Assassin, Empty Traits Socket, Well-Rounded","Incandescent, One for All, Tap the Trigger",8,,,Ambitious Assassin+One for All | Ambitious Assassin+Tap the Trigger | Empty Traits Socket+Incandescent | Empty Traits Socket+One for All | Empty Traits Socket+Tap the Trigger | Incandescent+Well-Rounded | One for All+Well-Rounded | Tap the Trigger+Well-Rounded,2119346509
516,Resounding,preferred,Fusion Rifle,Strand,1,0,1,0,1,"Feeding Frenzy, Slice, Subsistence","Hatchling, Reservoir Burst, Strategist",7,,,Feeding Frenzy+Hatchling | Feeding Frenzy+Reservoir Burst | Feeding Frenzy+Strategist | Hatchling+Subsistence | Reservoir Burst+Slice | Reservoir Burst+Subsistence | Strategist+Subsistence,3273807888
517,Mindbender's Ambition,preferred,Shotgun,Solar,1,0,1,0,1,"Slideways, Snapshot Sights, Threat Detector","Fragile Focus, Incandescent, Well-Rounded",7,,,Fragile Focus+Slideways | Fragile Focus+Snapshot Sights | Fragile Focus+Threat Detector | Incandescent+Snapshot Sights | Incandescent+Threat Detector | Slideways+Well-Rounded | Threat Detector+Well-Rounded,1094005544
518,Last Perdition,preferred,Pulse Rifle,Void,1,0,1,0,1,"Firmly Planted, Grave Robber, Under Pressure","Headseeker, Rampage, Zen Moment",7,,,Firmly Planted+Headseeker | Firmly Planted+Rampage | Firmly Planted+Zen Moment | Grave Robber+Headseeker | Grave Robber+Zen Moment | Rampage+Under Pressure | Under Pressure+Zen Moment,188882152
519,Frontier's Cry,preferred,Hand Cannon,Solar,1,0,0,0,1,"Compulsive Reloader, Steady Hands, Tunnel Vision","Iron Reach, Kill Clip, One for All",7,,,Compulsive Reloader+Iron Reach | Compulsive Reloader+Kill Clip | Iron Reach+Steady Hands | Iron Reach+Tunnel Vision | Kill Clip+Steady Hands | Kill Clip+Tunnel Vision | One for All+Tunnel Vision,3203303472
520,Faustus Decline,preferred,Sidearm,Stasis,1,0,0,0,1,"Killing Wind, Rangefinder, Rimestealer","Offhand Strike, Precision Instrument, Snapshot Sights",7,,,Killing Wind+Offhand Strike | Killing Wind+Precision Instrument | Killing Wind+Snapshot Sights | Offhand Strike+Rangefinder | Offhand Strike+Rimestealer | Precision Instrument+Rimestealer | Rimestealer+Snapshot Sights,1663482635
521,Drang,preferred,Sidearm,Solar,1,0,0,1,1,"Collective Pugilism, Loose Change, Moving Target","Burning Ambition, Incandescent, Master of Arms",7,,,Burning Ambition+Loose Change | Burning Ambition+Moving Target | Collective Pugilism+Incandescent | Collective Pugilism+Master of Arms | Incandescent+Loose Change | Incandescent+Moving Target | Master of Arms+Moving Target,358190158
522,Burden of Guilt,preferred,Fusion Rifle,Stasis,1,0,0,0,1,"Ambitious Assassin, Lone Wolf, Rimestealer","Aggregate Charge, High-Impact Reserves, Kickstart",7,,,Aggregate Charge+Lone Wolf | Aggregate Charge+Rimestealer | Ambitious Assassin+High-Impact Reserves | Ambitious Assassin+Kickstart | High-Impact Reserves+Rimestealer | Kickstart+Lone Wolf | Kickstart+Rimestealer,976459525
523,Axial Lacuna,preferred,Fusion Rifle,Solar,1,0,0,1,1,"Cornered, Empty Traits Socket, Firmly Planted","Empty Traits Socket, Reservoir Burst, Vorpal Weapon",7,,,Cornered+Empty Traits Socket | Cornered+Vorpal Weapon | Empty Traits Socket+Firmly Planted | Empty Traits Socket+Reservoir Burst | Empty Traits Socket+Vorpal Weapon | Firmly Planted+Reservoir Burst | Firmly Planted+Vorpal Weapon,3867373351
524,Abyss Defiant (Adept),preferred,Auto Rifle,Solar,0,1,0,1,0,"Burning Ambition, Heal Clip, Proximity Power","Collective Pugilism, Eye of the Storm, Kill Clip",7,,,Burning Ambition+Eye of the Storm | Burning Ambition+Kill Clip | Collective Pugilism+Heal Clip | Collective Pugilism+Proximity Power | Eye of the Storm+Heal Clip | Heal Clip+Kill Clip | Kill Clip+Proximity Power,3782662983
525,21% Delirium,preferred,Machine Gun,Arc,1,0,1,0,1,"Eddy Current, Feeding Frenzy, Light Touch","Frenzy, Gear Shift, Mega Kill Clip",7,,,Eddy Current+Frenzy | Eddy Current+Gear Shift | Eddy Current+Mega Kill Clip | Feeding Frenzy+Gear Shift | Feeding Frenzy+Mega Kill Clip | Frenzy+Light Touch | Light Touch+Mega Kill Clip,3001598094
526,Tatara Gaze,preferred,Sniper Rifle,Arc,1,0,1,0,1,"Impromptu Ammunition, Overflow, Quickdraw","Closing Time, Elemental Honing, Voltshot",9,,,Closing Time+Impromptu Ammunition | Closing Time+Overflow | Closing Time+Quickdraw | Elemental Honing+Impromptu Ammunition | Elemental Honing+Overflow | Elemental Honing+Quickdraw | Impromptu Ammunition+Voltshot | Overflow+Voltshot | Quickdraw+Voltshot,3595694326
527,Unending Tempest,preferred,Submachine Gun,Stasis,1,0,1,0,1,"Discord, Gutshot Straight, Subsistence","Fragile Focus, Harmony, Target Lock",7,,,Discord+Fragile Focus | Discord+Target Lock | Fragile Focus+Gutshot Straight | Fragile Focus+Subsistence | Gutshot Straight+Harmony | Gutshot Straight+Target Lock | Harmony+Subsistence,2510526114
528,The Mountaintop,preferred,Grenade Launcher,Kinetic,1,0,0,0,1,"Auto-Loading Holster, Demolitionist, Lead from Gold","Adrenaline Junkie, Harmony, Recombination",7,,,Adrenaline Junkie+Auto-Loading Holster | Adrenaline Junkie+Lead from Gold | Auto-Loading Holster+Harmony | Demolitionist+Harmony | Demolitionist+Recombination | Harmony+Lead from Gold | Lead from Gold+Recombination,4043921923
529,Reed's Regret,preferred,Linear Fusion Rifle,Stasis,1,0,0,0,1,"Clown Cartridge, Compulsive Reloader, Surplus","Firing Line, Headstone, Successful Warm-Up",8,,,Clown Cartridge+Headstone | Clown Cartridge+Successful Warm-Up | Compulsive Reloader+Firing Line | Compulsive Reloader+Headstone | Compulsive Reloader+Successful Warm-Up | Firing Line+Surplus | Headstone+Surplus | Successful Warm-Up+Surplus,3267997292
530,Fortissimo-11,preferred,Shotgun,Kinetic,1,0,1,0,1,"Feeding Frenzy, Fourth Time's the Charm, Pulse Monitor","Adagio, Adrenaline Junkie, Turnabout",8,,,Adagio+Fourth Time's the Charm | Adagio+Pulse Monitor | Adrenaline Junkie+Feeding Frenzy | Adrenaline Junkie+Fourth Time's the Charm | Adrenaline Junkie+Pulse Monitor | Feeding Frenzy+Turnabout | Fourth Time's the Charm+Turnabout | Pulse Monitor+Turnabout,963732595
531,Precipial,preferred,Shotgun,Void,1,0,0,0,1,"One-Two Punch, Reconstruction, Repulsor Brace","Binary Orbit, Swashbuckler, Vorpal Weapon",7,,,Binary Orbit+One-Two Punch | Binary Orbit+Repulsor Brace | One-Two Punch+Swashbuckler | One-Two Punch+Vorpal Weapon | Reconstruction+Swashbuckler | Repulsor Brace+Swashbuckler | Repulsor Brace+Vorpal Weapon,367772693
532,The Riposte,preferred,Auto Rifle,Void,1,0,1,0,1,"Demoralize, Light Touch, Rewind Rounds","Binary Orbit, Built to Blast, Dynamic Sway Reduction",7,,,Binary Orbit+Demoralize | Binary Orbit+Rewind Rounds | Built to Blast+Light Touch | Built to Blast+Rewind Rounds | Demoralize+Dynamic Sway Reduction | Dynamic Sway Reduction+Light Touch | Dynamic Sway Reduction+Rewind Rounds,866434750
533,Mistral Lift,preferred,Linear Fusion Rifle,Void,1,0,0,0,1,"Clown Cartridge, Reconstruction, Withering Gaze","Golden Tricorn, High Ground, High-Impact Reserves",7,,,Clown Cartridge+High-Impact Reserves | Golden Tricorn+Reconstruction | Golden Tricorn+Withering Gaze | High Ground+Reconstruction | High Ground+Withering Gaze | High-Impact Reserves+Reconstruction | High-Impact Reserves+Withering Gaze,3483485727
534,The Call,preferred,Sidearm,Strand,1,0,0,1,1,"Beacon Rounds, Lead from Gold, Slice","Desperate Measures, Hatchling, Multikill Clip",7,,,Beacon Rounds+Hatchling | Beacon Rounds+Multikill Clip | Desperate Measures+Lead from Gold | Desperate Measures+Slice | Hatchling+Lead from Gold | Lead from Gold+Multikill Clip | Multikill Clip+Slice,3947966653
535,Ill Omen,preferred,Sword,Stasis,1,0,0,1,1,"Attrition Orbs, Duelist's Trance, Valiant Charge","Empty Traits Socket, En Garde, Whirlwind Blade",7,,,Attrition Orbs+Empty Traits Socket | Attrition Orbs+Whirlwind Blade | Duelist's Trance+Empty Traits Socket | Duelist's Trance+En Garde | Duelist's Trance+Whirlwind Blade | En Garde+Valiant Charge | Valiant Charge+Whirlwind Blade,3794274730
536,Igneous Hammer,preferred,Hand Cannon,Solar,1,0,0,0,1,"Fragile Focus, Heal Clip, Rangefinder","Golden Tricorn, Moving Target, Opening Shot",7,,,Fragile Focus+Golden Tricorn | Fragile Focus+Moving Target | Golden Tricorn+Heal Clip | Golden Tricorn+Rangefinder | Heal Clip+Moving Target | Heal Clip+Opening Shot | Opening Shot+Rangefinder,1973107014
537,The Third Axiom,preferred,Pulse Rifle,Arc,1,0,1,0,1,"Hip-Fire Grip, Moving Target, Subsistence","Dragonfly, Sympathetic Arsenal, Unrelenting",7,,,Dragonfly+Hip-Fire Grip | Dragonfly+Subsistence | Hip-Fire Grip+Sympathetic Arsenal | Moving Target+Sympathetic Arsenal | Moving Target+Unrelenting | Subsistence+Sympathetic Arsenal | Subsistence+Unrelenting,3744058588
538,Crowd Pleaser,preferred,Grenade Launcher,Void,0,0,1,0,1,"Ambitious Assassin, Clown Cartridge, Genesis","Elemental Capacitor, Quickdraw, Unrelenting",7,,,Ambitious Assassin+Elemental Capacitor | Ambitious Assassin+Unrelenting | Clown Cartridge+Elemental Capacitor | Clown Cartridge+Unrelenting | Elemental Capacitor+Genesis | Genesis+Quickdraw | Genesis+Unrelenting,3565520715
539,Brass Attacks,preferred,Sidearm,Void,1,0,0,0,1,"Impromptu Ammunition, Repulsor Brace, Slideways","Demoralize, Dragonfly, Frenzy",7,,,Demoralize+Slideways | Dragonfly+Impromptu Ammunition | Dragonfly+Repulsor Brace | Dragonfly+Slideways | Frenzy+Impromptu Ammunition | Frenzy+Repulsor Brace | Frenzy+Slideways,1291040554
540,Aberrant Action,preferred,Sidearm,Solar,1,0,0,1,1,"Ambitious Assassin, Beacon Rounds, Heal Clip","Demolitionist, Reverberation, Snapshot Sights",7,,,Ambitious Assassin+Demolitionist | Ambitious Assassin+Reverberation | Ambitious Assassin+Snapshot Sights | Beacon Rounds+Snapshot Sights | Demolitionist+Heal Clip | Heal Clip+Reverberation | Heal Clip+Snapshot Sights,2198166292
541,Round Robin,preferred,Hand Cannon,Strand,1,0,0,1,1,"Envious Assassin, Slideshot, Subsistence","Adagio, Precision Instrument, Pugilist",7,,,Adagio+Envious Assassin | Adagio+Subsistence | Envious Assassin+Precision Instrument | Envious Assassin+Pugilist | Precision Instrument+Slideshot | Precision Instrument+Subsistence | Pugilist+Subsistence,2034215657
542,Pardon Our Dust,preferred,Grenade Launcher,Kinetic,1,0,0,1,1,"Ambitious Assassin, Auto-Loading Holster, Stats for All","Danger Zone, Pugilist, Turnabout",7,,,Ambitious Assassin+Danger Zone | Ambitious Assassin+Turnabout | Auto-Loading Holster+Danger Zone | Auto-Loading Holster+Pugilist | Auto-Loading Holster+Turnabout | Danger Zone+Stats for All | Stats for All+Turnabout,3849810018
543,Insidious (Adept),preferred,Pulse Rifle,Arc,0,1,0,1,0,"Dragonfly, Frenzy, Rapid Hit","Adaptive Munitions, Bait and Switch, Voltshot",7,,,Adaptive Munitions+Frenzy | Adaptive Munitions+Rapid Hit | Bait and Switch+Dragonfly | Bait and Switch+Rapid Hit | Dragonfly+Voltshot | Frenzy+Voltshot | Rapid Hit+Voltshot,786352912
544,VS Chill Inhibitor,preferred,Grenade Launcher,Stasis,1,0,0,0,1,"Attrition Orbs, Cascade Point, Chill Clip","Aggregate Charge, Bait and Switch, Surrounded",6,,,Aggregate Charge+Cascade Point | Aggregate Charge+Chill Clip | Attrition Orbs+Surrounded | Bait and Switch+Chill Clip | Cascade Point+Surrounded | Chill Clip+Surrounded,2452936817
545,Summum Bonum (Adept),preferred,Sword,Arc,0,1,0,1,0,"Deconstruct, Proximity Power, Sharp Harvest","Bait and Switch, Chaos Reshaped, Elemental Honing",6,,,Bait and Switch+Proximity Power | Bait and Switch+Sharp Harvest | Chaos Reshaped+Deconstruct | Chaos Reshaped+Proximity Power | Deconstruct+Elemental Honing | Elemental Honing+Sharp Harvest,2001697739
546,Stryker's Sure-Hand,preferred,Sword,Void,1,0,1,0,1,"Rampage, Relentless Strikes, Sharp Harvest","Impromptu Ammunition, Redirection, Whirlwind Blade",6,,,Impromptu Ammunition+Relentless Strikes | Impromptu Ammunition+Sharp Harvest | Rampage+Redirection | Rampage+Whirlwind Blade | Redirection+Relentless Strikes | Sharp Harvest+Whirlwind Blade,2490460292
547,Hardline Cut,preferred,Sword,Arc,1,0,0,0,1,"Flash Counter, Proximity Power, Relentless Strikes","Jolting Feedback, One for All, Vorpal Weapon",8,,,Flash Counter+One for All | Flash Counter+Vorpal Weapon | Jolting Feedback+Proximity Power | Jolting Feedback+Relentless Strikes | One for All+Proximity Power | One for All+Relentless Strikes | Proximity Power+Vorpal Weapon | Relentless Strikes+Vorpal Weapon,3461043766
548,Corundum Hammer,preferred,Hand Cannon,Strand,1,0,0,0,1,"Reconstruction, Shoot to Loot, Slice","Elemental Honing, Explosive Payload, Keep Away",6,,,Elemental Honing+Shoot to Loot | Explosive Payload+Reconstruction | Explosive Payload+Slice | Keep Away+Reconstruction | Keep Away+Shoot to Loot | Keep Away+Slice,2263462407
549,Bad Omens,preferred,Rocket Launcher,Void,1,0,1,0,1,"Destabilizing Rounds, Light Touch, Perpetual Motion","Bait and Switch, Cluster Bomb, Withering Gaze",6,,,Bait and Switch+Destabilizing Rounds | Bait and Switch+Perpetual Motion | Cluster Bomb+Light Touch | Cluster Bomb+Perpetual Motion | Light Touch+Withering Gaze | Perpetual Motion+Withering Gaze,1996201272
550,Aureus Neutralizer,preferred,Hand Cannon,Kinetic,1,0,0,0,1,"Barrel Constrictor, Proximity Power, Threat Detector","Cascade Point, Closing Time, Desperate Measures",6,,,Barrel Constrictor+Cascade Point | Barrel Constrictor+Closing Time | Cascade Point+Proximity Power | Cascade Point+Threat Detector | Closing Time+Proximity Power | Desperate Measures+Threat Detector,3981920134
551,The Slammer,preferred,Sword,Stasis,1,0,1,0,1,"Pugilist, Relentless Strikes, Thresh","Bait and Switch, Cold Steel, Collective Action",6,,,Bait and Switch+Pugilist | Bait and Switch+Relentless Strikes | Bait and Switch+Thresh | Cold Steel+Pugilist | Collective Action+Relentless Strikes | Collective Action+Thresh,2889501828
552,The Scholar,preferred,Scout Rifle,Kinetic,1,0,0,0,1,"Pulse Monitor, Quickdraw, Slideways","Celerity, No Distractions, Snapshot Sights",6,,,Celerity+Quickdraw | Celerity+Slideways | No Distractions+Quickdraw | No Distractions+Slideways | Pulse Monitor+Snapshot Sights | Slideways+Snapshot Sights,2478792241
553,The Last Dance,preferred,Sidearm,Arc,1,0,1,0,1,"Full Auto Trigger System, Quickdraw, Threat Detector","Opening Shot, Tap the Trigger, Zen Moment",6,,,Full Auto Trigger System+Opening Shot | Full Auto Trigger System+Tap the Trigger | Full Auto Trigger System+Zen Moment | Opening Shot+Quickdraw | Quickdraw+Tap the Trigger | Quickdraw+Zen Moment,4045298483
554,Romantic Death,preferred,Grenade Launcher,Void,1,0,0,0,1,"Feeding Frenzy, Repulsor Brace, Threat Detector","Aggregate Charge, Chain Reaction, Impulse Amplifier",6,,,Aggregate Charge+Feeding Frenzy | Chain Reaction+Feeding Frenzy | Chain Reaction+Repulsor Brace | Chain Reaction+Threat Detector | Feeding Frenzy+Impulse Amplifier | Impulse Amplifier+Threat Detector,2979965246
555,Returned Memory,preferred,Sidearm,Solar,1,0,1,0,1,"Beacon Rounds, Heal Clip, Impulse Amplifier","Adagio, Incandescent, Redirection",6,,,Adagio+Heal Clip | Adagio+Impulse Amplifier | Beacon Rounds+Incandescent | Beacon Rounds+Redirection | Heal Clip+Redirection | Impulse Amplifier+Redirection,4049127142
556,Parabellum,preferred,Submachine Gun,Solar,1,0,0,0,1,"Discord, Killing Wind, Light Touch","Adagio, Burning Ambition, Collective Action",7,,,Adagio+Killing Wind | Adagio+Light Touch | Burning Ambition+Discord | Burning Ambition+Killing Wind | Burning Ambition+Light Touch | Collective Action+Killing Wind | Collective Action+Light Touch,3769072067
557,Ouster Engine,preferred,Grenade Launcher,Stasis,1,0,1,0,1,"Air Trigger, Auto-Loading Holster, Blast Distributor","Chain Reaction, Chaos Reshaped, Crystalline Corpsebloom",6,,,Air Trigger+Chaos Reshaped | Auto-Loading Holster+Chaos Reshaped | Auto-Loading Holster+Crystalline Corpsebloom | Blast Distributor+Chain Reaction | Blast Distributor+Chaos Reshaped | Blast Distributor+Crystalline Corpsebloom,3718184802
558,Nox Perennial V,preferred,Fusion Rifle,Strand,1,0,0,0,1,"Envious Assassin, Loose Change, Under Pressure","Hatchling, Kickstart, Wellspring",6,,,Envious Assassin+Wellspring | Hatchling+Loose Change | Hatchling+Under Pressure | Kickstart+Loose Change | Loose Change+Wellspring | Under Pressure+Wellspring,2767393525
559,Mint Retrograde,preferred,Pulse Rifle,Strand,1,0,1,0,1,"Beacon Rounds, Field Prep, Hatchling","Cascade Point, Frenzy, Master of Arms",6,,,Beacon Rounds+Frenzy | Cascade Point+Field Prep | Field Prep+Frenzy | Field Prep+Master of Arms | Frenzy+Hatchling | Hatchling+Master of Arms,3285784871
560,Taipan-4fr,preferred,Linear Fusion Rifle,Void,1,0,0,1,1,"Clown Cartridge, Ensemble, Genesis","Box Breathing, Empty Traits Socket, Opening Shot",7,,,Box Breathing+Ensemble | Box Breathing+Genesis | Clown Cartridge+Empty Traits Socket | Clown Cartridge+Opening Shot | Empty Traits Socket+Genesis | Ensemble+Opening Shot | Genesis+Opening Shot,1911060537
561,Liturgy,preferred,Grenade Launcher,Stasis,1,0,0,0,1,"Perpetual Motion, Quickdraw, Slideways","Chill Clip, Harmony, Lead from Gold",6,,,Chill Clip+Quickdraw | Chill Clip+Slideways | Harmony+Quickdraw | Harmony+Slideways | Lead from Gold+Perpetual Motion | Lead from Gold+Slideways,3377522331
562,Fair Judgment,preferred,Auto Rifle,Stasis,1,0,1,0,1,"Deconstruct, Keep Away, Slideshot","Built to Blast, Frenzy, Tap the Trigger",6,,,Built to Blast+Deconstruct | Built to Blast+Slideshot | Deconstruct+Tap the Trigger | Frenzy+Slideshot | Keep Away+Tap the Trigger | Slideshot+Tap the Trigger,4113452819
563,Crowning Duologue,preferred,Rocket Launcher,Strand,1,0,0,0,1,"Air Trigger, Demolitionist, Hatchling","Bipod, Envious Assassin, Reverberation",6,,,Air Trigger+Envious Assassin | Air Trigger+Reverberation | Bipod+Demolitionist | Bipod+Hatchling | Demolitionist+Reverberation | Hatchling+Reverberation,4106757302
564,Archon's Thunder,preferred,Machine Gun,Stasis,1,0,0,0,1,"Air Trigger, Enlightened Action, Rimestealer","Rewind Rounds, Tap the Trigger, Target Lock",6,,,Air Trigger+Tap the Trigger | Air Trigger+Target Lock | Enlightened Action+Rewind Rounds | Rewind Rounds+Rimestealer | Rimestealer+Tap the Trigger | Rimestealer+Target Lock,2896109856
565,Yesterday's Question,preferred,Hand Cannon,Arc,1,0,0,0,1,"Air Trigger, Closing Time, To the Pain","Headseeker, Vorpal Weapon, Zen Moment",6,,,Air Trigger+Headseeker | Air Trigger+Vorpal Weapon | Air Trigger+Zen Moment | Closing Time+Headseeker | Closing Time+Vorpal Weapon | Headseeker+To the Pain,2300143112
566,Tomorrow's Answer,preferred,Rocket Launcher,Void,1,0,0,0,1,"Danger Zone, Tracking Module, Withering Gaze","Bait and Switch, Bipod, Chain Reaction",7,,,Bait and Switch+Danger Zone | Bait and Switch+Tracking Module | Bait and Switch+Withering Gaze | Bipod+Danger Zone | Bipod+Withering Gaze | Chain Reaction+Tracking Module | Chain Reaction+Withering Gaze,3009199534
567,Ulterior Observation,preferred,Machine Gun,Stasis,1,0,0,0,1,"Built to Blast, Headstone, Subsistence","Binary Orbit, Closing Time, Rimestealer",6,,,Binary Orbit+Headstone | Built to Blast+Closing Time | Built to Blast+Rimestealer | Closing Time+Headstone | Closing Time+Subsistence | Rimestealer+Subsistence,1079872540
568,The Ringing Nail,preferred,Auto Rifle,Solar,1,0,1,0,1,"Dragonfly, Heal Clip, Incandescent","Disruption Break, Firefly, Onslaught",6,,,Disruption Break+Dragonfly | Disruption Break+Heal Clip | Disruption Break+Incandescent | Dragonfly+Firefly | Firefly+Heal Clip | Firefly+Incandescent,4206550094
569,Sixth Sense,preferred,Hand Cannon,Strand,1,0,0,0,1,"Built to Blast, Lucky Shot, Triple Tap","Desperate Measures, Eye of the Storm, Tear",6,,,Built to Blast+Desperate Measures | Built to Blast+Eye of the Storm | Built to Blast+Tear | Desperate Measures+Triple Tap | Eye of the Storm+Triple Tap | Lucky Shot+Tear,4032097591
570,No Feelings,preferred,Scout Rifle,Arc,1,0,1,0,1,"Collective Demolition, Impromptu Ammunition, Outlaw","Box Breathing, Explosive Payload, Gear Shift",6,,,Box Breathing+Outlaw | Collective Demolition+Explosive Payload | Collective Demolition+Gear Shift | Explosive Payload+Impromptu Ammunition | Gear Shift+Impromptu Ammunition | Gear Shift+Outlaw,2979764077
571,Nasreddin,preferred,Sword,Arc,1,0,0,0,1,"Energy Transfer, Sharp Harvest, Wellspring","Eager Edge, En Garde, Rolling Storm",6,,,Eager Edge+Energy Transfer | Eager Edge+Wellspring | En Garde+Sharp Harvest | En Garde+Wellspring | Rolling Storm+Sharp Harvest | Rolling Storm+Wellspring,1979417829
572,Keen Thistle,preferred,Sniper Rifle,Solar,1,0,0,0,1,"Envious Arsenal, Lead from Gold, Snapshot Sights","Bait and Switch, Closing Time, Fourth Time's the Charm",6,,,Bait and Switch+Lead from Gold | Bait and Switch+Snapshot Sights | Closing Time+Snapshot Sights | Envious Arsenal+Fourth Time's the Charm | Fourth Time's the Charm+Lead from Gold | Fourth Time's the Charm+Snapshot Sights,2499834164
573,Exalted Truth,preferred,Hand Cannon,Void,1,0,0,0,1,"Destabilizing Rounds, Moving Target, Withering Gaze","Eye of the Storm, Magnificent Howl, Repulsor Brace",6,,,Destabilizing Rounds+Eye of the Storm | Destabilizing Rounds+Magnificent Howl | Eye of the Storm+Withering Gaze | Magnificent Howl+Moving Target | Magnificent Howl+Withering Gaze | Moving Target+Repulsor Brace,3436626079
574,Eleatic Principle,preferred,Machine Gun,Arc,1,0,0,1,1,"Ensemble, Offhand Strike, Zen Moment","Adaptive Munitions, Empty Traits Socket, Target Lock",6,,,Adaptive Munitions+Ensemble | Adaptive Munitions+Offhand Strike | Empty Traits Socket+Offhand Strike | Empty Traits Socket+Zen Moment | Ensemble+Target Lock | Offhand Strike+Target Lock,105306149
575,Duty Bound,preferred,Auto Rifle,Kinetic,1,0,1,0,1,"Perpetual Motion, Steady Hands, Triple Tap","Dynamic Sway Reduction, Frenzy, One for All",6,,,Dynamic Sway Reduction+Steady Hands | Dynamic Sway Reduction+Triple Tap | Frenzy+Steady Hands | Frenzy+Triple Tap | One for All+Perpetual Motion | One for All+Triple Tap,435216110
576,Different Times,preferred,Pulse Rifle,Strand,1,0,0,1,1,"Heating Up, Invisible Hand, Outlaw","Adrenaline Junkie, Golden Tricorn, Headseeker",6,,,Adrenaline Junkie+Invisible Hand | Adrenaline Junkie+Outlaw | Golden Tricorn+Heating Up | Golden Tricorn+Outlaw | Headseeker+Heating Up | Headseeker+Invisible Hand,3016891299
577,Boomslang-4fr,preferred,Linear Fusion Rifle,Arc,1,0,1,0,1,"Envious Arsenal, Field Prep, Heating Up","Binary Orbit, Jolting Feedback, Successful Warm-Up",6,,,Binary Orbit+Field Prep | Binary Orbit+Heating Up | Envious Arsenal+Jolting Feedback | Field Prep+Successful Warm-Up | Heating Up+Jolting Feedback | Heating Up+Successful Warm-Up,3926153598
578,Agape,preferred,Hand Cannon,Solar,1,0,0,0,1,"Outlaw, Pugilist, Rewind Rounds","Burning Ambition, Firefly, Fragile Focus",6,,,Burning Ambition+Outlaw | Burning Ambition+Pugilist | Firefly+Pugilist | Firefly+Rewind Rounds | Fragile Focus+Outlaw | Fragile Focus+Rewind Rounds,4124362340
579,Word of Crota (Adept),preferred,Hand Cannon,Void,0,1,0,1,0,"Collective Demolition, Dragonfly, Repulsor Brace","Destabilizing Rounds, Magnificent Howl, Sword Logic",6,,,Collective Demolition+Destabilizing Rounds | Collective Demolition+Sword Logic | Destabilizing Rounds+Dragonfly | Dragonfly+Magnificent Howl | Magnificent Howl+Repulsor Brace | Repulsor Brace+Sword Logic,3926103986
580,Kindled Orchid,preferred,Hand Cannon,Void,1,0,1,0,1,"Kill Clip, Repulsor Brace, Shoot to Loot","Destabilizing Rounds, Eye of the Storm, Master of Arms",7,,,Destabilizing Rounds+Kill Clip | Destabilizing Rounds+Shoot to Loot | Eye of the Storm+Repulsor Brace | Eye of the Storm+Shoot to Loot | Kill Clip+Master of Arms | Master of Arms+Repulsor Brace | Master of Arms+Shoot to Loot,3961462214
581,Malediction,preferred,Hand Cannon,Kinetic,1,0,1,0,1,"Enlightened Action, Keep Away, Sleight of Hand","All-Star, Explosive Payload, Redirection",7,,,All-Star+Enlightened Action | All-Star+Keep Away | Enlightened Action+Explosive Payload | Enlightened Action+Redirection | Explosive Payload+Keep Away | Explosive Payload+Sleight of Hand | Redirection+Sleight of Hand,979721268
582,Fortunate Star,preferred,Combat Bow,Void,1,0,0,0,1,"Archer's Tempo, Impromptu Ammunition, Transcendent Moment","Archer's Gambit, Demoralize, Sword Logic",6,,,Archer's Gambit+Impromptu Ammunition | Archer's Gambit+Transcendent Moment | Archer's Tempo+Demoralize | Archer's Tempo+Sword Logic | Demoralize+Transcendent Moment | Sword Logic+Transcendent Moment,2631466936
583,The Inquisitor,preferred,Shotgun,Arc,1,0,0,0,1,"Loose Change, Perpetual Motion, Slideshot","Closing Time, Fragile Focus, Precision Instrument",6,,,Closing Time+Loose Change | Closing Time+Slideshot | Fragile Focus+Loose Change | Fragile Focus+Slideshot | Loose Change+Precision Instrument | Perpetual Motion+Precision Instrument,51129316
584,Spoiler Alert,preferred,Sidearm,Kinetic,1,0,1,0,1,"Killing Wind, Tunnel Vision, Under Pressure","Frenzy, High-Impact Reserves, Unrelenting",6,,,Frenzy+Under Pressure | High-Impact Reserves+Killing Wind | High-Impact Reserves+Tunnel Vision | Killing Wind+Unrelenting | Tunnel Vision+Unrelenting | Under Pressure+Unrelenting,2588048270
585,The Keening,preferred,Sidearm,Arc,1,0,1,0,1,"Killing Wind, Lone Wolf, Moving Target","Dragonfly, Jolting Feedback, Multikill Clip",6,,,Dragonfly+Lone Wolf | Jolting Feedback+Killing Wind | Jolting Feedback+Lone Wolf | Killing Wind+Multikill Clip | Lone Wolf+Multikill Clip | Moving Target+Multikill Clip,3902351469
586,Solemn Remembrance,preferred,Hand Cannon,Stasis,1,0,1,0,1,"Headstone, Impromptu Ammunition, Zen Moment","Firefly, Keep Away, Rimestealer",6,,,Firefly+Headstone | Firefly+Zen Moment | Headstone+Keep Away | Impromptu Ammunition+Rimestealer | Keep Away+Zen Moment | Rimestealer+Zen Moment,4116518582
587,Solemn Lie,preferred,Hand Cannon,Arc,1,0,1,0,1,"Keep Away, Moving Target, Trickle Charge","Elemental Capacitor, Rapid Hit, Rolling Storm",6,,,Elemental Capacitor+Trickle Charge | Keep Away+Rapid Hit | Keep Away+Rolling Storm | Moving Target+Rapid Hit | Moving Target+Rolling Storm | Rapid Hit+Trickle Charge,1041028435
588,Sublimation,preferred,Scout Rifle,Arc,1,0,0,0,1,"Demolitionist, Eddy Current, Sympathetic Arsenal","Adagio, Explosive Payload, Redirection",6,,,Adagio+Demolitionist | Adagio+Sympathetic Arsenal | Eddy Current+Explosive Payload | Eddy Current+Redirection | Explosive Payload+Sympathetic Arsenal | Redirection+Sympathetic Arsenal,1674692344
589,Briar's Contempt (Adept),preferred,Linear Fusion Rifle,Solar,0,1,0,1,0,"Incandescent, Keep Away, Rewind Rounds","Aggregate Charge, Chaos Reshaped, Harmony",6,,,Aggregate Charge+Keep Away | Aggregate Charge+Rewind Rounds | Chaos Reshaped+Incandescent | Chaos Reshaped+Rewind Rounds | Harmony+Incandescent | Harmony+Rewind Rounds,2890082420
590,Rapacious Appetite,preferred,Submachine Gun,Stasis,1,0,0,1,1,"Fourth Time's the Charm, Invisible Hand, Offhand Strike","Cascade Point, Harmony, Headstone",6,,,Cascade Point+Fourth Time's the Charm | Fourth Time's the Charm+Harmony | Harmony+Invisible Hand | Harmony+Offhand Strike | Headstone+Invisible Hand | Headstone+Offhand Strike,1081724548
591,Point of the Stag,preferred,Combat Bow,Arc,1,0,0,0,1,"Archer's Tempo, Elemental Capacitor, No Distractions","Dragonfly, Eye of the Storm, Golden Tricorn",6,,,Archer's Tempo+Eye of the Storm | Archer's Tempo+Golden Tricorn | Dragonfly+Elemental Capacitor | Elemental Capacitor+Golden Tricorn | Eye of the Storm+No Distractions | Golden Tricorn+No Distractions,888872889
592,The Summoner,preferred,Auto Rifle,Solar,1,0,0,0,1,"Dynamic Sway Reduction, Perpetual Motion, Subsistence","Golden Tricorn Enhanced, Onslaught, Tap the Trigger",7,,,Dynamic Sway Reduction+Golden Tricorn Enhanced | Golden Tricorn Enhanced+Perpetual Motion | Golden Tricorn Enhanced+Subsistence | Onslaught+Perpetual Motion | Onslaught+Subsistence | Perpetual Motion+Tap the Trigger | Subsistence+Tap the Trigger,1820994983
593,Perfect Pitch,preferred,Submachine Gun,Solar,1,0,1,0,1,"Discord, Dynamic Sway Reduction, Heal Clip","Focused Fury, Incandescent, Rampage",6,,,Discord+Incandescent | Discord+Rampage | Dynamic Sway Reduction+Focused Fury | Dynamic Sway Reduction+Incandescent | Dynamic Sway Reduction+Rampage | Focused Fury+Heal Clip,2191451996
594,No Reprieve,preferred,Shotgun,Stasis,1,0,0,1,1,"Feeding Frenzy, Outlaw, Triple Tap","Focused Fury, Harmony, Surrounded",6,,,Feeding Frenzy+Focused Fury | Focused Fury+Triple Tap | Harmony+Outlaw | Harmony+Triple Tap | Outlaw+Surrounded | Surrounded+Triple Tap,2531963421
595,Inbound Surveillance,preferred,Scout Rifle,Kinetic,1,0,0,0,1,"Bewildering Burst, Lucky Shot, Stopping Power","Adhesive Ordnance, Explosive Payload, Precision Instrument",6,,,Adhesive Ordnance+Lucky Shot | Bewildering Burst+Explosive Payload | Bewildering Burst+Precision Instrument | Explosive Payload+Lucky Shot | Explosive Payload+Stopping Power | Precision Instrument+Stopping Power,2776506837
596,Cruel Mercy,preferred,Pulse Rifle,Arc,1,0,1,0,1,"Demolitionist, Eddy Current, Fourth Time's the Charm","Desperado, Headseeker, Kill Clip",6,,,Demolitionist+Desperado | Demolitionist+Headseeker | Desperado+Eddy Current | Desperado+Fourth Time's the Charm | Eddy Current+Kill Clip | Fourth Time's the Charm+Headseeker,4011513985
597,Division (Adept),preferred,Sidearm,Arc,0,1,0,0,1,"Encore, Pugilist, To the Pain","Eye of the Storm, Offhand Strike, Voltshot",7,,,Encore+Offhand Strike | Encore+Voltshot | Eye of the Storm+Pugilist | Eye of the Storm+To the Pain | Offhand Strike+Pugilist | Pugilist+Voltshot | To the Pain+Voltshot,3734001727
598,Ahab Char,preferred,Auto Rifle,Solar,1,0,0,0,1,"Perpetual Motion, Recycled Energy, Transcendent Moment","Burning Ambition, High-Impact Reserves, Kill Clip",6,,,Burning Ambition+Perpetual Motion | Burning Ambition+Recycled Energy | Burning Ambition+Transcendent Moment | High-Impact Reserves+Perpetual Motion | Kill Clip+Recycled Energy | Kill Clip+Transcendent Moment,1411560894
599,Adored,preferred,Sniper Rifle,Arc,1,0,1,0,1,"Fourth Time's the Charm, Lone Wolf, Supercharged Magazine","Closing Time, Collective Action, Elemental Honing",6,,,Closing Time+Supercharged Magazine | Collective Action+Fourth Time's the Charm | Collective Action+Lone Wolf | Collective Action+Supercharged Magazine | Elemental Honing+Fourth Time's the Charm | Elemental Honing+Lone Wolf,1405095983
600,Everburning Glitz,preferred,Auto Rifle,Kinetic,1,0,0,0,1,"Attrition Orbs, Bewildering Burst, Transcendent Moment","Ancillary Ordinance, One for All, Tap the Trigger",7,,,Ancillary Ordinance+Attrition Orbs | Ancillary Ordinance+Transcendent Moment | Attrition Orbs+Tap the Trigger | Bewildering Burst+One for All | Bewildering Burst+Tap the Trigger | One for All+Transcendent Moment | Tap the Trigger+Transcendent Moment,2857870254
601,The Hero's Burden,preferred,Submachine Gun,Void,1,0,0,0,1,"Air Assault, Feeding Frenzy, Fragile Focus","Eye of the Storm, Iron Reach, Vorpal Weapon",6,,,Air Assault+Iron Reach | Air Assault+Vorpal Weapon | Eye of the Storm+Feeding Frenzy | Eye of the Storm+Fragile Focus | Feeding Frenzy+Vorpal Weapon | Fragile Focus+Vorpal Weapon,2488587246
602,Something New,preferred,Hand Cannon,Stasis,1,0,0,0,1,"Pugilist, Rapid Hit, Wellspring","Encore, Frenzy, Headstone",6,,,Encore+Wellspring | Frenzy+Pugilist | Frenzy+Wellspring | Headstone+Pugilist | Headstone+Rapid Hit | Headstone+Wellspring,3240434620
603,Adamantite (Adept),preferred,Auto Rifle,Strand,0,1,0,0,1,"Ensemble, Reciprocity, Unrelenting","Attrition Orbs, Circle of Life, Hatchling",7,,,Attrition Orbs+Reciprocity | Attrition Orbs+Unrelenting | Circle of Life+Reciprocity | Circle of Life+Unrelenting | Ensemble+Hatchling | Hatchling+Reciprocity | Hatchling+Unrelenting,3485029080
604,Shayura's Wrath,preferred,Submachine Gun,Void,1,0,0,0,1,"Dynamic Sway Reduction, Hip-Fire Grip, Killing Wind","Celerity, Elemental Capacitor, Golden Tricorn",6,,,Celerity+Hip-Fire Grip | Celerity+Killing Wind | Dynamic Sway Reduction+Elemental Capacitor | Elemental Capacitor+Hip-Fire Grip | Golden Tricorn+Hip-Fire Grip | Golden Tricorn+Killing Wind,3682803680
605,Herod-C,preferred,Auto Rifle,Stasis,1,0,1,0,1,"Heating Up, Shoot to Loot, Stats for All","Demolitionist, Moving Target, Multikill Clip",7,,,Demolitionist+Heating Up | Demolitionist+Shoot to Loot | Demolitionist+Stats for All | Heating Up+Moving Target | Heating Up+Multikill Clip | Moving Target+Stats for All | Multikill Clip+Stats for All,2065366342
606,Qua Nilus II,preferred,Submachine Gun,Strand,1,0,1,0,1,"Dynamic Sway Reduction, Encore, Slice","Dragonfly, Hatchling, Surrounded",6,,,Dragonfly+Dynamic Sway Reduction | Dragonfly+Encore | Dynamic Sway Reduction+Hatchling | Dynamic Sway Reduction+Surrounded | Encore+Hatchling | Slice+Surrounded,190747610
607,Horror Story,preferred,Auto Rifle,Stasis,1,0,0,0,1,"Discord, Dynamic Sway Reduction, Under-Over","Adrenaline Junkie, Cascade Point, Frenzy",6,,,Adrenaline Junkie+Discord | Adrenaline Junkie+Under-Over | Cascade Point+Discord | Cascade Point+Under-Over | Discord+Frenzy | Frenzy+Under-Over,2884070594
608,Gnawing Hunger,preferred,Auto Rifle,Void,1,0,1,0,1,"Demolitionist, Repulsor Brace, Tap the Trigger","Dynamic Sway Reduction, Multikill Clip, Target Lock",6,,,Demolitionist+Target Lock | Dynamic Sway Reduction+Repulsor Brace | Multikill Clip+Repulsor Brace | Multikill Clip+Tap the Trigger | Repulsor Brace+Target Lock | Tap the Trigger+Target Lock,214545213
609,Glissando-47,preferred,Scout Rifle,Strand,1,0,0,0,1,"Discord, Perfect Float, Reconstruction","Hatchling, One for All, Opening Shot",6,,,Discord+Hatchling | Discord+One for All | Hatchling+Perfect Float | One for All+Perfect Float | Opening Shot+Perfect Float | Opening Shot+Reconstruction,3156551028
610,Ecliptic Distaff,preferred,Glaive,Void,1,0,1,0,1,"Grave Robber, Immovable Object, Replenishing Aegis","Close to Melee, Desperate Measures, Destabilizing Rounds",6,,,Close to Melee+Grave Robber | Desperate Measures+Immovable Object | Desperate Measures+Replenishing Aegis | Destabilizing Rounds+Grave Robber | Destabilizing Rounds+Immovable Object | Destabilizing Rounds+Replenishing Aegis,1942143745
611,D.F.A.,preferred,Hand Cannon,Kinetic,1,0,1,0,1,"Outlaw, Perpetual Motion, Tunnel Vision","Opening Shot, Timed Payload, Vorpal Weapon",6,,,Opening Shot+Perpetual Motion | Opening Shot+Tunnel Vision | Outlaw+Timed Payload | Outlaw+Vorpal Weapon | Perpetual Motion+Vorpal Weapon | Tunnel Vision+Vorpal Weapon,575830664
612,Deadlock,preferred,Shotgun,Stasis,1,0,1,0,1,"Lone Wolf, Offhand Strike, Surplus","Closing Time, Fragile Focus, Snapshot Sights",6,,,Closing Time+Offhand Strike | Closing Time+Surplus | Fragile Focus+Lone Wolf | Fragile Focus+Surplus | Offhand Strike+Snapshot Sights | Snapshot Sights+Surplus,3926987546
613,Frozen Orbit,preferred,Sniper Rifle,Void,1,0,1,0,1,"Killing Wind, Lead from Gold, Lone Wolf","High Ground, Keep Away, Opening Shot",6,,,High Ground+Killing Wind | High Ground+Lead from Gold | High Ground+Lone Wolf | Keep Away+Lead from Gold | Keep Away+Lone Wolf | Lead from Gold+Opening Shot,1516542120
614,Wastelander M5,preferred,Shotgun,Kinetic,1,0,0,1,1,"Air Assault, Ensemble, Pugilist","Killing Wind, One-Two Punch, Trench Barrel",6,,,Air Assault+One-Two Punch | Air Assault+Trench Barrel | Ensemble+Killing Wind | Ensemble+One-Two Punch | Ensemble+Trench Barrel | Killing Wind+Pugilist,1679868061
615,Astral Horizon,preferred,Shotgun,Kinetic,1,0,0,0,1,"Auto-Loading Holster, Dual Loader, Slideshot","Celerity, Killing Wind, Trench Barrel",6,,,Auto-Loading Holster+Celerity | Auto-Loading Holster+Killing Wind | Auto-Loading Holster+Trench Barrel | Celerity+Dual Loader | Celerity+Slideshot | Killing Wind+Slideshot,1697682876
616,Sole Survivor,preferred,Sniper Rifle,Arc,1,0,1,0,1,"Field Prep, Lead from Gold, Snapshot Sights","Focused Fury, Frenzy, Voltshot",6,,,Field Prep+Focused Fury | Field Prep+Voltshot | Focused Fury+Lead from Gold | Focused Fury+Snapshot Sights | Frenzy+Snapshot Sights | Lead from Gold+Voltshot,1150492185
617,Borrowed Time,preferred,Submachine Gun,Solar,0,0,1,0,1,"Grave Robber, Overflow, Tunnel Vision","Demolitionist, Thresh, Wellspring",6,,,Demolitionist+Grave Robber | Demolitionist+Overflow | Demolitionist+Tunnel Vision | Grave Robber+Wellspring | Overflow+Thresh | Thresh+Tunnel Vision,875848769
618,Autumn Wind,preferred,Pulse Rifle,Kinetic,1,0,1,0,1,"Envious Assassin, Pugilist, Shot Swap","Adrenaline Junkie, Moving Target, Rampage",7,,,Adrenaline Junkie+Envious Assassin | Adrenaline Junkie+Pugilist | Adrenaline Junkie+Shot Swap | Envious Assassin+Moving Target | Envious Assassin+Rampage | Moving Target+Shot Swap | Pugilist+Rampage,3110377595
619,Hullabaloo,preferred,Grenade Launcher,Arc,1,0,0,0,1,"Envious Arsenal, Field Prep, Stats for All","Cascade Point, Rolling Storm, Strategist",6,,,Cascade Point+Envious Arsenal | Cascade Point+Stats for All | Envious Arsenal+Rolling Storm | Field Prep+Strategist | Rolling Storm+Stats for All | Stats for All+Strategist,2666273249
620,Forced Memorializer,preferred,Scout Rifle,Kinetic,1,0,1,0,1,"Auto-Loading Holster, Explosive Payload, Lone Wolf","Ancillary Ordinance, Kinetic Tremors, Outlaw",5,,,Ancillary Ordinance+Auto-Loading Holster | Ancillary Ordinance+Explosive Payload | Auto-Loading Holster+Kinetic Tremors | Explosive Payload+Kinetic Tremors | Lone Wolf+Outlaw,1197073834
621,Last Man Standing,preferred,Shotgun,Solar,1,0,1,0,1,"Compulsive Reloader, Hip-Fire Grip, Opening Shot","Discord, Shot Swap, Swashbuckler",5,,,Compulsive Reloader+Discord | Compulsive Reloader+Swashbuckler | Discord+Hip-Fire Grip | Opening Shot+Shot Swap | Opening Shot+Swashbuckler,4287947559
622,Convened Recurve,preferred,Combat Bow,Void,1,0,1,0,1,"Built to Blast, Dimensional Shift, Successful Warm-Up","Adagio, Aggregate Charge, Snapshot Sights",5,,,Adagio+Dimensional Shift | Aggregate Charge+Built to Blast | Built to Blast+Snapshot Sights | Dimensional Shift+Snapshot Sights | Snapshot Sights+Successful Warm-Up,3667861447
623,Ascendancy,preferred,Rocket Launcher,Solar,1,0,1,0,1,"Attrition Orbs, Reconstruction, Slideways","Bipod, Chain Reaction, Cluster Bomb",5,,,Attrition Orbs+Bipod | Attrition Orbs+Cluster Bomb | Bipod+Slideways | Chain Reaction+Reconstruction | Cluster Bomb+Slideways,1713388226
624,The Beacon,preferred,Fusion Rifle,Solar,1,0,0,0,1,"Collective Pugilism, Lone Wolf, Rewind Rounds","Burning Ambition, Deconstruct, Reservoir Burst",5,,,Burning Ambition+Lone Wolf | Collective Pugilism+Reservoir Burst | Deconstruct+Lone Wolf | Deconstruct+Rewind Rounds | Lone Wolf+Reservoir Burst,2161618499
625,Seraphine Haze,preferred,Submachine Gun,Stasis,1,0,1,0,1,"Dynamic Sway Reduction, Lead From Light, Subsistence","Attrition Orbs, Collective Pugilism, Crystalline Corpsebloom",5,,,Attrition Orbs+Dynamic Sway Reduction | Attrition Orbs+Subsistence | Collective Pugilism+Dynamic Sway Reduction | Crystalline Corpsebloom+Lead From Light | Crystalline Corpsebloom+Subsistence,1524387902
626,Salvager's Salvo,preferred,Grenade Launcher,Arc,1,0,1,0,1,"Ambitious Assassin, Chain Reaction, Unrelenting","Gear Shift, Rolling Storm, Vorpal Weapon",5,,,Ambitious Assassin+Rolling Storm | Chain Reaction+Gear Shift | Chain Reaction+Rolling Storm | Chain Reaction+Vorpal Weapon | Rolling Storm+Unrelenting,2461640837
627,Psi Aeterna IV,preferred,Pulse Rifle,Arc,1,0,1,0,1,"Eddy Current, Reverberation, Trickle Charge","Adrenaline Junkie, Collective Pugilism, Elemental Honing",5,,,Adrenaline Junkie+Reverberation | Adrenaline Junkie+Trickle Charge | Collective Pugilism+Reverberation | Collective Pugilism+Trickle Charge | Elemental Honing+Trickle Charge,3556730800
628,Monody-44,preferred,Fusion Rifle,Void,1,0,0,0,1,"Attrition Orbs, Cornered, Discord","Closing Time, Successful Warm-Up, Withering Gaze",5,,,Attrition Orbs+Closing Time | Attrition Orbs+Successful Warm-Up | Attrition Orbs+Withering Gaze | Closing Time+Discord | Cornered+Withering Gaze,3201200906
629,Lotus-Eater,preferred,Sidearm,Void,1,0,1,0,1,"Beacon Rounds, Feeding Frenzy, Repulsor Brace","Adrenaline Junkie, High Ground, Reverberation",5,,,Adrenaline Junkie+Repulsor Brace | Beacon Rounds+High Ground | Feeding Frenzy+Reverberation | High Ground+Repulsor Brace | Repulsor Brace+Reverberation,3922217119
630,Last Rite,preferred,Scout Rifle,Kinetic,1,0,1,0,1,"Bewildering Burst, Dual Loader, Stopping Power","Adhesive Ordnance, Focused Fury, Offhand Strike",5,,,Adhesive Ordnance+Dual Loader | Bewildering Burst+Focused Fury | Bewildering Burst+Offhand Strike | Focused Fury+Stopping Power | Offhand Strike+Stopping Power,3708636616
631,Blast Furnace,preferred,Pulse Rifle,Kinetic,1,0,1,0,1,"Headseeker, Kinetic Tremors, Snapshot Sights","Desperate Measures, Firefly, Rampage",5,,,Desperate Measures+Kinetic Tremors | Desperate Measures+Snapshot Sights | Firefly+Snapshot Sights | Headseeker+Rampage | Kinetic Tremors+Rampage,2533990645
632,Praedyth's Revenge (Timelost),preferred,Sniper Rifle,Kinetic,0,1,0,1,0,"Discord, Kinetic Tremors, Osmosis","All-Star, Bait and Switch, High-Impact Reserves",5,,,Bait and Switch+Discord | Bait and Switch+Osmosis | Discord+High-Impact Reserves | High-Impact Reserves+Kinetic Tremors | High-Impact Reserves+Osmosis,2362652544
633,Arcane Embrace,preferred,Shotgun,Arc,1,0,0,0,1,"Grave Robber, Lone Wolf, Threat Detector","Desperado, Precision Instrument, Tap the Trigger",5,,,Desperado+Grave Robber | Desperado+Threat Detector | Grave Robber+Precision Instrument | Lone Wolf+Tap the Trigger | Precision Instrument+Threat Detector,3649985571
634,Tusk of the Boar,preferred,Grenade Launcher,Strand,1,0,0,0,1,"Envious Assassin, Pulse Monitor, Slice","Bait and Switch, Chain Reaction, Hatchling",5,,,Bait and Switch+Pulse Monitor | Bait and Switch+Slice | Chain Reaction+Envious Assassin | Chain Reaction+Slice | Hatchling+Pulse Monitor,1218113510
635,Oxygen SR3,preferred,Scout Rifle,Solar,1,0,1,0,1,"Heal Clip, Rapid Hit, To the Pain","Box Breathing, Burning Ambition, Meganeura",5,,,Box Breathing+Heal Clip | Box Breathing+Rapid Hit | Burning Ambition+To the Pain | Heal Clip+Meganeura | Meganeura+To the Pain,4104613038
636,Occluded Finality,preferred,Sniper Rifle,Arc,1,0,0,0,1,"Auto-Loading Holster, Mulligan, No Distractions","Demolitionist, Firing Line, Iron Reach",5,,,Auto-Loading Holster+Iron Reach | Demolitionist+No Distractions | Firing Line+Mulligan | Firing Line+No Distractions | Iron Reach+No Distractions,852551895
637,Eye of Sol,preferred,Sniper Rifle,Kinetic,1,0,0,0,1,"Encore, Fragile Focus, Slickdraw","Deconstruct, Keep Away, Snapshot Sights",5,,,Deconstruct+Fragile Focus | Encore+Snapshot Sights | Fragile Focus+Keep Away | Keep Away+Slickdraw | Slickdraw+Snapshot Sights,1401300690
638,Null Composure,preferred,Fusion Rifle,Void,1,0,1,0,1,"Heating Up, Overflow, Successful Warm-Up","Elemental Honing, Master of Arms, Reservoir Burst",5,,,Elemental Honing+Heating Up | Master of Arms+Overflow | Master of Arms+Successful Warm-Up | Overflow+Reservoir Burst | Reservoir Burst+Successful Warm-Up,3613444087
639,Loaded Question,preferred,Fusion Rifle,Arc,1,0,1,0,1,"Firmly Planted, Overflow, Under Pressure","Controlled Burst, Eye of the Storm, Pugilist",5,,,Controlled Burst+Firmly Planted | Controlled Burst+Under Pressure | Eye of the Storm+Overflow | Firmly Planted+Pugilist | Overflow+Pugilist,3125454907
640,Gunnora's Axe,preferred,Shotgun,Arc,1,0,0,0,1,"Auto-Loading Holster, Quickdraw, Threat Detector","Moving Target, Slideshot, Triple Tap",5,,,Auto-Loading Holster+Triple Tap | Moving Target+Quickdraw | Quickdraw+Slideshot | Slideshot+Threat Detector | Threat Detector+Triple Tap,2326716489
641,Giver's Blessing,preferred,Auto Rifle,Kinetic,1,0,0,0,1,"Feeding Frenzy, Impromptu Ammunition, Rewind Rounds","High Ground, Kinetic Tremors, Zen Moment",5,,,Feeding Frenzy+Kinetic Tremors | Feeding Frenzy+Zen Moment | High Ground+Rewind Rounds | Kinetic Tremors+Rewind Rounds | Rewind Rounds+Zen Moment,970034755
642,Folded Root,preferred,Rocket Launcher,Void,1,0,0,0,1,"Air Trigger, Ambitious Assassin, Reverberation","Bipod, Chain Reaction, Multikill Clip",5,,,Air Trigger+Multikill Clip | Ambitious Assassin+Bipod | Ambitious Assassin+Chain Reaction | Bipod+Reverberation | Multikill Clip+Reverberation,3184457500
643,Roar of the Bear,preferred,Rocket Launcher,Solar,1,0,0,0,1,"Impulse Amplifier, Snapshot Sights, Tracking Module","Auto-Loading Holster, Chain Reaction, Lasting Impression",5,,,Auto-Loading Holster+Impulse Amplifier | Auto-Loading Holster+Tracking Module | Chain Reaction+Snapshot Sights | Lasting Impression+Snapshot Sights | Lasting Impression+Tracking Module,4009352833
644,Festival Flight,preferred,Grenade Launcher,Strand,1,0,0,0,1,"Blast Distributor, Recycled Energy, Slice","Attrition Orbs, One for All, Vorpal Weapon",5,,,Attrition Orbs+Blast Distributor | Attrition Orbs+Recycled Energy | One for All+Recycled Energy | One for All+Slice | Recycled Energy+Vorpal Weapon,4019651319
645,Death Adder,preferred,Submachine Gun,Solar,1,0,0,0,1,"Auto-Loading Holster, Feeding Frenzy, Mulligan","Disruption Break, Quickdraw, Rangefinder",5,,,Auto-Loading Holster+Disruption Break | Disruption Break+Mulligan | Feeding Frenzy+Quickdraw | Feeding Frenzy+Rangefinder | Mulligan+Rangefinder,2742490609
646,Survivor's Epitaph,preferred,Hand Cannon,Kinetic,1,0,1,0,1,"Eye of the Storm, High-Impact Reserves, Quickdraw","Adagio, Explosive Payload, Precision Instrument",6,,,Adagio+Eye of the Storm | Adagio+High-Impact Reserves | Adagio+Quickdraw | Explosive Payload+Eye of the Storm | Explosive Payload+High-Impact Reserves | Precision Instrument+Quickdraw,4059111040
647,Punching Out,preferred,Sidearm,Solar,1,0,1,0,1,"Light Touch, Overflow, Rangefinder","Adrenaline Junkie, Binary Orbit, Meganeura",6,,,Adrenaline Junkie+Light Touch | Adrenaline Junkie+Overflow | Binary Orbit+Overflow | Binary Orbit+Rangefinder | Light Touch+Meganeura | Meganeura+Overflow,1469372193
648,Cold Denial,preferred,Pulse Rifle,Kinetic,1,0,0,0,1,"Ambitious Assassin, Enlightened Action, Steady Hands","Gutshot Straight, Headseeker, Multikill Clip",5,,,Ambitious Assassin+Gutshot Straight | Ambitious Assassin+Headseeker | Enlightened Action+Gutshot Straight | Enlightened Action+Headseeker | Multikill Clip+Steady Hands,558794124
649,Belisarius-D,preferred,Pulse Rifle,Strand,1,0,1,0,1,"Elemental Capacitor, Keep Away, Slice","Elemental Honing, Firefly, Headseeker",5,,,Elemental Capacitor+Firefly | Elemental Capacitor+Headseeker | Elemental Honing+Keep Away | Firefly+Slice | Headseeker+Keep Away,747743637
650,The Messenger,preferred,Pulse Rifle,Kinetic,1,0,0,0,1,"Discord, Moving Target, Under-Over","Harmony, Headseeker, Keep Away",5,,,Discord+Headseeker | Harmony+Under-Over | Headseeker+Under-Over | Keep Away+Moving Target | Keep Away+Under-Over,3796795102
651,Spare Rations,preferred,Hand Cannon,Kinetic,1,0,1,0,1,"Offhand Strike, Slideshot, Subsistence","Kill Clip, Kinetic Tremors, Opening Shot",5,,,Kill Clip+Slideshot | Kinetic Tremors+Offhand Strike | Kinetic Tremors+Slideshot | Kinetic Tremors+Subsistence | Opening Shot+Subsistence,3236112986
652,Chroma Rush,preferred,Auto Rifle,Kinetic,1,0,0,0,1,"Heating Up, To the Pain, Tunnel Vision","Frenzy, Rampage, Target Lock",6,,,Frenzy+Heating Up | Frenzy+To the Pain | Heating Up+Target Lock | Rampage+Tunnel Vision | Target Lock+To the Pain | Target Lock+Tunnel Vision,2598420927
653,Pure Recollection,preferred,Shotgun,Void,1,0,1,0,1,"Dual Loader, High-Impact Reserves, Under Pressure","Bait and Switch, Headseeker, Tap the Trigger",5,,,Bait and Switch+High-Impact Reserves | Bait and Switch+Under Pressure | Dual Loader+Headseeker | Dual Loader+Tap the Trigger | High-Impact Reserves+Tap the Trigger,1956186483
654,Main Ingredient,preferred,Fusion Rifle,Arc,1,0,1,0,1,"Hip-Fire Grip, Rampage, Snapshot Sights","Backup Plan, High-Impact Reserves, Kill Clip",5,,,Backup Plan+Snapshot Sights | High-Impact Reserves+Hip-Fire Grip | High-Impact Reserves+Rampage | Hip-Fire Grip+Kill Clip | Kill Clip+Rampage,253196586
655,Maahes HC4,preferred,Hand Cannon,Void,1,0,0,0,1,"Perpetual Motion, Pulse Monitor, Unrelenting","Destabilizing Rounds, Disruption Break, Golden Tricorn Enhanced",5,,,Destabilizing Rounds+Perpetual Motion | Destabilizing Rounds+Unrelenting | Disruption Break+Perpetual Motion | Golden Tricorn Enhanced+Pulse Monitor | Golden Tricorn Enhanced+Unrelenting,1246793994
656,Last Foray,preferred,Sniper Rifle,Solar,1,0,0,0,1,"Envious Assassin, Keep Away, Rewind Rounds","Bait and Switch, Explosive Payload, Snapshot Sights",5,,,Envious Assassin+Explosive Payload | Envious Assassin+Snapshot Sights | Explosive Payload+Rewind Rounds | Keep Away+Snapshot Sights | Rewind Rounds+Snapshot Sights,4118936670
657,Timeworn Wayfarer,preferred,Scout Rifle,Solar,1,0,0,1,1,"Dual Loader, Empty Traits Socket, Strategist","Desperate Measures, Eye of the Storm, High Ground",5,,,Desperate Measures+Dual Loader | Desperate Measures+Empty Traits Socket | Dual Loader+Eye of the Storm | Empty Traits Socket+High Ground | Eye of the Storm+Strategist,1058098236
658,Infinite Paths 8,preferred,Pulse Rifle,Arc,1,0,0,0,1,"Auto-Loading Holster, Grave Robber, Threat Detector","Dragonfly, Eye of the Storm, Shield Disorient",5,,,Auto-Loading Holster+Dragonfly | Dragonfly+Grave Robber | Dragonfly+Threat Detector | Eye of the Storm+Threat Detector | Grave Robber+Shield Disorient,3233390913
659,Perfect Paradox,preferred,Shotgun,Kinetic,1,0,0,0,1,"Demolitionist, Field Prep, Firmly Planted","Opening Shot, Rampage, Trench Barrel",5,,,Demolitionist+Rampage | Demolitionist+Trench Barrel | Field Prep+Trench Barrel | Firmly Planted+Opening Shot | Firmly Planted+Trench Barrel,3393519051
660,Evening SI4,preferred,Sidearm,Solar,1,0,1,0,1,"Heal Clip, Offhand Strike, Proximity Power","Burning Ambition, Headseeker, Incandescent",5,,,Burning Ambition+Offhand Strike | Burning Ambition+Proximity Power | Headseeker+Heal Clip | Headseeker+Proximity Power | Incandescent+Proximity Power,3618823368
661,Compass Rose,preferred,Shotgun,Solar,1,0,0,0,1,"Slideshot, Threat Remover, To the Pain","Barrel Constrictor, Opening Shot, Snapshot Sights",5,,,Barrel Constrictor+Slideshot | Barrel Constrictor+Threat Remover | Opening Shot+To the Pain | Snapshot Sights+Threat Remover | Snapshot Sights+To the Pain,4169225313
662,Claws of the Wolf,preferred,Pulse Rifle,Void,1,0,0,0,1,"Headseeker, Outlaw, Slideshot","Full Auto Trigger System, Grave Robber, Rangefinder",5,,,Full Auto Trigger System+Headseeker | Full Auto Trigger System+Outlaw | Grave Robber+Outlaw | Grave Robber+Slideshot | Headseeker+Rangefinder,1280933460
663,Aurvandil FR6,preferred,Fusion Rifle,Stasis,1,0,0,0,1,"Firmly Planted, Hip-Fire Grip, Slideways","Demolitionist, Golden Tricorn, Golden Tricorn Enhanced",5,,,Demolitionist+Slideways | Firmly Planted+Golden Tricorn | Golden Tricorn+Slideways | Golden Tricorn Enhanced+Hip-Fire Grip | Golden Tricorn Enhanced+Slideways,3786215462
664,Anonymous Autumn,preferred,Sidearm,Arc,1,0,1,0,1,"Attrition Orbs, Closing Time, Strategist","Adagio, Desperate Measures, Surrounded",5,,,Adagio+Attrition Orbs | Adagio+Strategist | Attrition Orbs+Desperate Measures | Closing Time+Desperate Measures | Closing Time+Surrounded,1644501332
665,Bygones,preferred,Pulse Rifle,Kinetic,1,0,1,0,1,"Keep Away, Shoot to Loot, Subsistence","Firefly, High Ground, Osmosis",5,,,Firefly+Subsistence | High Ground+Keep Away | High Ground+Shoot to Loot | High Ground+Subsistence | Keep Away+Osmosis,2199554524
666,Aisha's Embrace,preferred,Scout Rifle,Void,1,0,0,0,1,"Demoralize, Encore, Vorpal Weapon","Desperate Measures, Precision Instrument, Sword Logic",5,,,Demoralize+Desperate Measures | Demoralize+Precision Instrument | Desperate Measures+Vorpal Weapon | Encore+Precision Instrument | Precision Instrument+Vorpal Weapon,3709368142
667,Uzume RR4,preferred,Sniper Rifle,Solar,1,0,1,0,1,"Attrition Orbs, Clown Cartridge, Lead from Gold","Deconstruct, Golden Tricorn, Incandescent",5,,,Attrition Orbs+Golden Tricorn | Attrition Orbs+Incandescent | Clown Cartridge+Incandescent | Golden Tricorn+Lead from Gold | Incandescent+Lead from Gold,2450917538
668,Dead Weight,preferred,Shotgun,Arc,0,0,1,0,1,"Lead from Gold, Steady Hands, Well-Rounded","Snapshot Sights, Swashbuckler, Turnabout",5,,,Lead from Gold+Snapshot Sights | Lead from Gold+Swashbuckler | Lead from Gold+Turnabout | Snapshot Sights+Steady Hands | Swashbuckler+Well-Rounded,3738678140
669,Unwavering Duty,preferred,Machine Gun,Solar,1,0,0,0,1,"Auto-Loading Holster, Dynamic Sway Reduction, Incandescent","Bait and Switch, Burning Ambition, Target Lock",4,,,Auto-Loading Holster+Target Lock | Bait and Switch+Dynamic Sway Reduction | Burning Ambition+Dynamic Sway Reduction | Incandescent+Target Lock,3489054606
670,Trendsetter,preferred,Auto Rifle,Arc,1,0,0,0,1,"Dynamic Sway Reduction, Outlaw, Trickle Charge","Gear Shift, Jolting Feedback, Zen Moment",4,,,Dynamic Sway Reduction+Gear Shift | Dynamic Sway Reduction+Zen Moment | Jolting Feedback+Outlaw | Trickle Charge+Zen Moment,2863808104
671,MIDA Mini-Tool,preferred,Submachine Gun,Solar,1,0,0,0,1,"Attrition Orbs, Heal Clip, Hip-Fire Grip","Aggregate Charge, Burning Ambition, Collective Pugilism",4,,,Aggregate Charge+Heal Clip | Aggregate Charge+Hip-Fire Grip | Attrition Orbs+Collective Pugilism | Burning Ambition+Hip-Fire Grip,3946054154
672,Phoneutria Fera,preferred,Hand Cannon,Solar,1,0,0,0,1,"Barrel Constrictor, Slideshot, Threat Remover","Frenzy, Surrounded, Swashbuckler",4,,,Barrel Constrictor+Surrounded | Barrel Constrictor+Swashbuckler | Surrounded+Threat Remover | Swashbuckler+Threat Remover,3804242795
673,Nox Sidereal IV,preferred,Fusion Rifle,Stasis,1,0,1,0,1,"Ambitious Assassin, Clown Cartridge, Stats for All","Crystalline Corpsebloom, Discord, Frenzy",4,,,Ambitious Assassin+Discord | Clown Cartridge+Crystalline Corpsebloom | Clown Cartridge+Frenzy | Discord+Stats for All,2875763009
674,Jorum's Claw,preferred,Pulse Rifle,Solar,1,0,0,0,1,"Encore, Iron Grip, Outlaw","Frenzy, Golden Tricorn, Iron Reach",4,,,Encore+Iron Reach | Frenzy+Outlaw | Iron Grip+Iron Reach | Iron Reach+Outlaw,62937067
675,Gizmo Weft,preferred,Grenade Launcher,Strand,1,0,0,0,1,"Air Trigger, Blast Distributor, Slideshot","Bait and Switch, Chain Reaction, Elemental Honing",4,,,Air Trigger+Elemental Honing | Bait and Switch+Blast Distributor | Chain Reaction+Slideshot | Elemental Honing+Slideshot,4069880346
676,Yeartide Apex,preferred,Submachine Gun,Solar,1,0,0,0,1,"Feeding Frenzy, Heal Clip, Transcendent Moment","Binary Orbit, Chaos Reshaped, Incandescent",4,,,Binary Orbit+Feeding Frenzy | Chaos Reshaped+Heal Clip | Chaos Reshaped+Transcendent Moment | Feeding Frenzy+Incandescent,3293207827
677,Veles-X,preferred,Pulse Rifle,Void,1,0,1,0,1,"Lone Wolf, Repulsor Brace, Wellspring","Desperado, Destabilizing Rounds, Golden Tricorn Enhanced",4,,,Desperado+Repulsor Brace | Destabilizing Rounds+Wellspring | Golden Tricorn Enhanced+Lone Wolf | Golden Tricorn Enhanced+Repulsor Brace,438540299
678,The Other Half,preferred,Sword,Void,1,0,0,1,1,"Eager Edge, Flash Counter, Relentless Strikes","Frenzy, Repulsor Brace, Surrounded",4,,,Eager Edge+Surrounded | Flash Counter+Repulsor Brace | Frenzy+Relentless Strikes | Relentless Strikes+Repulsor Brace,3257091167
679,Synanceia,preferred,Sword,Solar,1,0,0,0,1,"Assassin's Blade, Attrition Orbs, Sharp Harvest","Binary Orbit, Burning Ambition, Chain Reaction",4,,,Assassin's Blade+Chain Reaction | Attrition Orbs+Binary Orbit | Burning Ambition+Sharp Harvest | Chain Reaction+Sharp Harvest,2765451289
680,Riiswalker,preferred,Shotgun,Kinetic,1,0,0,0,1,"Shot Swap, Slickdraw, Slideshot","Adagio, Iron Reach, Opening Shot",4,,,Adagio+Shot Swap | Adagio+Slickdraw | Iron Reach+Slideshot | Opening Shot+Slickdraw,1764868900
681,Palmyra-B,preferred,Rocket Launcher,Stasis,1,0,0,1,1,"Ambitious Assassin, Auto-Loading Holster, Unrelenting","Chill Clip, Empty Traits Socket, Explosive Light",4,,,Ambitious Assassin+Empty Traits Socket | Auto-Loading Holster+Empty Traits Socket | Chill Clip+Unrelenting | Empty Traits Socket+Unrelenting,3489657138
682,Ragnhild-D,preferred,Shotgun,Kinetic,1,0,0,1,1,"Dual Loader, Empty Traits Socket, Subsistence","Adrenaline Junkie, One-Two Punch, Thresh",5,,,Adrenaline Junkie+Subsistence | Dual Loader+One-Two Punch | Empty Traits Socket+One-Two Punch | Empty Traits Socket+Thresh | Subsistence+Thresh,4225322581
683,Out of Bounds,preferred,Submachine Gun,Arc,1,0,1,0,1,"Demolitionist, Loose Change, Moving Target","Adrenaline Junkie, Golden Tricorn, Jolting Feedback",4,,,Adrenaline Junkie+Loose Change | Demolitionist+Jolting Feedback | Golden Tricorn+Moving Target | Jolting Feedback+Loose Change,3021407779
684,Ogma PR6,preferred,Pulse Rifle,Solar,1,0,0,0,1,"Adaptive Munitions, Demolitionist, Unrelenting","Adrenaline Junkie, Disruption Break, Wellspring",4,,,Adaptive Munitions+Adrenaline Junkie | Adaptive Munitions+Wellspring | Demolitionist+Wellspring | Unrelenting+Wellspring,324584912
685,Mercury-A,preferred,Combat Bow,Kinetic,1,0,1,0,1,"Demolitionist, Successful Warm-Up, Tunnel Vision","Elemental Honing, High Ground, Kinetic Tremors",4,,,Demolitionist+High Ground | Elemental Honing+Tunnel Vision | High Ground+Successful Warm-Up | Kinetic Tremors+Successful Warm-Up,2838279629
686,MIDA Macro-Tool,preferred,Shotgun,Arc,1,0,1,0,1,"Discord, Envious Assassin, Lone Wolf","Master of Arms, One-Two Punch, Rolling Storm",4,,,Discord+Rolling Storm | Envious Assassin+One-Two Punch | Lone Wolf+Master of Arms | Lone Wolf+One-Two Punch,2699423382
687,Last Thursday,preferred,Pulse Rifle,Strand,1,0,0,0,1,"Built to Blast, Demolitionist, Moving Target","Binary Orbit, Elemental Honing, Slice",4,,,Binary Orbit+Moving Target | Built to Blast+Elemental Honing | Demolitionist+Slice | Elemental Honing+Moving Target,3813721211
688,Empty Vessel,preferred,Grenade Launcher,Solar,1,0,1,0,1,"Field Prep, Lead from Gold, Quickdraw","Danger Zone, Demolitionist, One for All",4,,,Danger Zone+Lead from Gold | Demolitionist+Lead from Gold | Demolitionist+Quickdraw | Field Prep+One for All,198068259
689,Eighty-Six,preferred,Sword,Strand,1,0,0,0,1,"Flash Counter, Lead From Light, Relentless Strikes","Attrition Orbs, Elemental Honing, Hatchling",4,,,Attrition Orbs+Flash Counter | Attrition Orbs+Relentless Strikes | Elemental Honing+Lead From Light | Flash Counter+Hatchling,2344383760
690,Bug-Out Bag,preferred,Submachine Gun,Solar,1,0,1,0,1,"Air Assault, Slideways, Subsistence","Collective Action, Killing Wind, Swashbuckler",4,,,Air Assault+Swashbuckler | Collective Action+Slideways | Collective Action+Subsistence | Killing Wind+Subsistence,2832639510
691,Aurora Dawn,preferred,Sword,Stasis,1,0,1,0,1,"Sharp Harvest, Tireless Blade, Unrelenting","Cold Steel, Elemental Honing, Whirlwind Blade",4,,,Cold Steel+Sharp Harvest | Cold Steel+Tireless Blade | Elemental Honing+Tireless Blade | Elemental Honing+Unrelenting,2111625436
692,Admetus-D,preferred,Scout Rifle,Void,1,0,0,0,1,"Keep Away, Recycled Energy, To the Pain","Closing Time, Demoralize, Withering Gaze",4,,,Closing Time+To the Pain | Demoralize+To the Pain | Keep Away+Withering Gaze | Recycled Energy+Withering Gaze,3776430252
693,The Hothead,preferred,Rocket Launcher,Arc,1,0,1,0,1,"Demolitionist, Impulse Amplifier, Reconstruction","Clown Cartridge, Elemental Honing, Explosive Light",4,,,Clown Cartridge+Impulse Amplifier | Demolitionist+Explosive Light | Elemental Honing+Impulse Amplifier | Explosive Light+Reconstruction,3960301269
694,Temptation's Hook,preferred,Sword,Arc,1,0,0,0,1,"Duelist's Trance, Tireless Blade, Wellspring","Chain Reaction, Collective Action, Valiant Charge",4,,,Chain Reaction+Wellspring | Collective Action+Duelist's Trance | Collective Action+Tireless Blade | Tireless Blade+Valiant Charge,1587953057
695,Syncopation-53,preferred,Pulse Rifle,Stasis,1,0,0,1,1,"Empty Traits Socket, Moving Target, Zen Moment","Empty Traits Socket, Headseeker, Headstone",4,,,Empty Traits Socket+Headseeker | Empty Traits Socket+Moving Target | Headstone+Moving Target | Headstone+Zen Moment,2856514843
696,Tarnished Mettle,preferred,Scout Rifle,Arc,1,0,0,1,1,"Fourth Time's the Charm, Killing Wind, Steady Hands","Dragonfly, Empty Traits Socket, Explosive Payload",4,,,Dragonfly+Fourth Time's the Charm | Dragonfly+Steady Hands | Explosive Payload+Killing Wind | Explosive Payload+Steady Hands,2218569744
697,Stars in Shadow,preferred,Pulse Rifle,Solar,1,0,1,0,1,"Heal Clip, Impromptu Ammunition, Lone Wolf","Desperado, Incandescent, Sword Logic",4,,,Desperado+Impromptu Ammunition | Heal Clip+Sword Logic | Impromptu Ammunition+Incandescent | Incandescent+Lone Wolf,3602242905
698,Dawn Far Off,preferred,Machine Gun,Solar,1,0,0,0,1,"Collective Demolition, Light Touch, Triple Tap","Binary Orbit, Meganeura, Target Lock",5,,,Binary Orbit+Triple Tap | Collective Demolition+Target Lock | Light Touch+Target Lock | Meganeura+Triple Tap | Target Lock+Triple Tap,2770617440
699,Redrix's Estoc,preferred,Pulse Rifle,Stasis,1,0,1,0,1,"Lone Wolf, Offhand Strike, Rimestealer","Desperate Measures, Headseeker, Sword Logic",4,,,Desperate Measures+Offhand Strike | Headseeker+Rimestealer | Offhand Strike+Sword Logic | Rimestealer+Sword Logic,3218364298
700,Red Tape,preferred,Scout Rifle,Stasis,1,0,0,0,1,"Closing Time, Fourth Time's the Charm, Rimestealer","Explosive Payload, Focused Fury, One for All",4,,,Closing Time+One for All | Explosive Payload+Rimestealer | Focused Fury+Fourth Time's the Charm | Focused Fury+Rimestealer,3423493037
701,Outrageous Fortune,preferred,Grenade Launcher,Solar,1,0,1,0,1,"Envious Arsenal, Incandescent, Stats for All","Binary Orbit, Burning Ambition, Chain Reaction",4,,,Binary Orbit+Incandescent | Burning Ambition+Envious Arsenal | Burning Ambition+Stats for All | Chain Reaction+Incandescent,4146673634
702,Luna's Howl,preferred,Hand Cannon,Solar,1,0,0,0,1,"Discord, Encore, Slideshot","Desperate Measures, Harmony, Incandescent",4,,,Desperate Measures+Discord | Desperate Measures+Slideshot | Harmony+Slideshot | Incandescent+Slideshot,3757612024
703,Lethal Abundance,preferred,Auto Rifle,Strand,1,0,0,0,1,"Dynamic Sway Reduction, Elemental Capacitor, Keep Away","Collective Action, Hatchling, Onslaught",4,,,Collective Action+Dynamic Sway Reduction | Collective Action+Keep Away | Elemental Capacitor+Hatchling | Keep Away+Onslaught,2189073092
704,Insurmountable,preferred,Sidearm,Void,1,0,0,0,1,"Air Trigger, Demolitionist, To the Pain","Destabilizing Rounds, Rampage, Surrounded",4,,,Air Trigger+Destabilizing Rounds | Air Trigger+Rampage | Demolitionist+Destabilizing Rounds | Surrounded+To the Pain,2596736862
705,Horror's Least,preferred,Pulse Rifle,Arc,1,0,1,0,1,"Compulsive Reloader, Under Pressure, Zen Moment","Focused Fury, High-Impact Reserves, Vorpal Weapon",4,,,Compulsive Reloader+High-Impact Reserves | Compulsive Reloader+Vorpal Weapon | Focused Fury+Under Pressure | Focused Fury+Zen Moment,216983039
706,Crisis Inverted,preferred,Hand Cannon,Arc,0,0,1,0,1,"Compulsive Reloader, Ensemble, Shoot to Loot","Adaptive Munitions, Elemental Capacitor, Harmony",4,,,Adaptive Munitions+Shoot to Loot | Compulsive Reloader+Elemental Capacitor | Elemental Capacitor+Shoot to Loot | Harmony+Shoot to Loot,2888266564
707,Bottom Dollar,preferred,Hand Cannon,Void,1,0,1,0,1,"Fourth Time's the Charm, Slideshot, Surplus","Disruption Break, Explosive Payload, Wellspring",4,,,Disruption Break+Fourth Time's the Charm | Explosive Payload+Slideshot | Explosive Payload+Surplus | Fourth Time's the Charm+Wellspring,2953199259
708,Allied Demand,preferred,Sidearm,Kinetic,1,0,0,0,1,"Air Assault, Auto-Loading Holster, Well-Rounded","Frenzy, Gutshot Straight, Iron Reach",4,,,Air Assault+Gutshot Straight | Frenzy+Well-Rounded | Gutshot Straight+Well-Rounded | Iron Reach+Well-Rounded,1532276803
709,The Immortal,preferred,Submachine Gun,Strand,1,0,0,0,1,"Dynamic Sway Reduction, Hatchling, Rangefinder","Demolitionist, Elemental Honing, Lone Wolf",3,,,Demolitionist+Hatchling | Dynamic Sway Reduction+Lone Wolf | Elemental Honing+Rangefinder,2872063099
710,Rufus's Fury (Adept),preferred,Auto Rifle,Strand,0,1,0,1,0,"Reconstruction, Slice, Thresh","Aggregate Charge, Paracausal Affinity, Target Lock",3,,,Aggregate Charge+Thresh | Paracausal Affinity+Slice | Target Lock+Thresh,342514437
711,Peacebond,preferred,Sidearm,Stasis,1,0,0,0,1,"Headstone, Lone Wolf, Subsistence","Desperado, Headseeker, Kill Clip",3,,,Desperado+Subsistence | Headseeker+Headstone | Headstone+Kill Clip,3437370193
712,Lionfish-4fr,preferred,Fusion Rifle,Stasis,1,0,1,0,1,"Lead from Gold, Proximity Power, Rimestealer","Controlled Burst, Elemental Honing, Reservoir Burst",3,,,Controlled Burst+Proximity Power | Elemental Honing+Lead from Gold | Reservoir Burst+Rimestealer,2423071981
713,Trust,preferred,Hand Cannon,Solar,1,0,1,0,1,"Dragonfly, Genesis, Opening Shot","Explosive Payload, Hip-Fire Grip, Rampage",3,,,Explosive Payload+Genesis | Hip-Fire Grip+Opening Shot | Opening Shot+Rampage,4077196130
714,Trachinus,preferred,Shotgun,Stasis,1,0,0,0,1,"Lead from Gold, Proximity Power, Transcendent Moment","Chill Clip, Encore, Precision Instrument",3,,,Encore+Transcendent Moment | Lead from Gold+Precision Instrument | Precision Instrument+Proximity Power,2888021254
715,The Helmsman,preferred,Sniper Rifle,Arc,1,0,1,0,1,"Discord, Light Touch, No Distractions","Box Breathing, Elemental Honing, Gear Shift",3,,,Box Breathing+Light Touch | Discord+Elemental Honing | Gear Shift+No Distractions,3215649176
716,Sola's Scar,preferred,Sword,Solar,1,0,0,0,1,"Demolitionist, Eager Edge, Energy Transfer","Assassin's Blade, Chain Reaction, Redirection",3,,,Assassin's Blade+Demolitionist | Chain Reaction+Energy Transfer | Eager Edge+Redirection,4089030727
717,Scintillation,preferred,Linear Fusion Rifle,Strand,1,0,1,0,1,"Auto-Loading Holster, Cornered, Envious Assassin","Attrition Orbs, Firing Line, Hatchling",3,,,Attrition Orbs+Cornered | Cornered+Hatchling | Envious Assassin+Firing Line,2591257541
718,Night Watch,preferred,Scout Rifle,Kinetic,1,0,1,0,1,"Snapshot Sights, Subsistence, Threat Detector","Explosive Payload, Multikill Clip",3,,,Explosive Payload+Subsistence | Explosive Payload+Threat Detector | Multikill Clip+Snapshot Sights,2916547559
719,Nameless Midnight,preferred,Scout Rifle,Kinetic,1,0,1,0,1,"Auto-Loading Holster, Explosive Payload, Triple Tap","Explosive Payload, Rampage, Rangefinder",3,,,Auto-Loading Holster+Explosive Payload | Explosive Payload+Rampage | Rangefinder+Triple Tap,3040742682
720,Mercurial Overreach,preferred,Sniper Rifle,Arc,1,0,1,0,1,"Discord, Envious Assassin, Keep Away","Bait and Switch, Elemental Capacitor, Opening Shot",3,,,Discord+Elemental Capacitor | Elemental Capacitor+Envious Assassin | Envious Assassin+Opening Shot,4257236930
721,Trinary System,preferred,Fusion Rifle,Solar,0,0,1,0,1,"Firmly Planted, Slideways, Under Pressure","Backup Plan, One for All, Wellspring",3,,,Backup Plan+Under Pressure | Firmly Planted+One for All | Firmly Planted+Wellspring,3258665412
722,The Recluse,preferred,Submachine Gun,Void,1,0,0,0,1,"Feeding Frenzy, Hip-Fire Grip, Threat Detector","Desperate Measures, Frenzy, Surrounded",3,,,Desperate Measures+Feeding Frenzy | Frenzy+Threat Detector | Hip-Fire Grip+Surrounded,3098328572
723,Imperial Decree,preferred,Shotgun,Kinetic,1,0,0,1,1,"Feeding Frenzy, Full Auto Trigger System, Pulse Monitor","Moving Target, Swashbuckler",3,,,Feeding Frenzy+Moving Target | Full Auto Trigger System+Swashbuckler | Moving Target+Pulse Monitor,2919334548
724,Heliocentric QSc,preferred,Sidearm,Solar,1,0,0,0,1,"Demolitionist, Heal Clip, Rangefinder","Adrenaline Junkie, Incandescent, Surrounded",3,,,Adrenaline Junkie+Heal Clip | Incandescent+Rangefinder | Rangefinder+Surrounded,3998080529
725,Half-Truths,preferred,Sword,Arc,1,0,0,1,1,"Relentless Strikes, Thresh, Tireless Blade","Chain Reaction, Harmony",3,,,Chain Reaction+Thresh | Harmony+Relentless Strikes | Harmony+Tireless Blade,3257091166
726,Gridskipper,preferred,Pulse Rifle,Void,1,0,0,0,1,"Killing Wind, Zen Moment","Destabilizing Rounds, Elemental Capacitor, Headseeker",3,,,Destabilizing Rounds+Zen Moment | Elemental Capacitor+Zen Moment | Headseeker+Killing Wind,3433930495
727,Stay Frosty,preferred,Pulse Rifle,Stasis,1,0,0,0,1,"Encore, Rimestealer, Tunnel Vision","Adrenaline Junkie, Desperate Measures, Frenzy",3,,,Adrenaline Junkie+Encore | Desperate Measures+Tunnel Vision | Frenzy+Rimestealer,3910523587
728,Crimil's Dagger,preferred,Hand Cannon,Kinetic,1,0,0,0,1,"Auto-Loading Holster, Moving Target, Outlaw","Field Prep, Hip-Fire Grip, Timed Payload",3,,,Auto-Loading Holster+Hip-Fire Grip | Field Prep+Outlaw | Moving Target+Timed Payload,4292849692
729,Aisha's Care,preferred,Pulse Rifle,Strand,1,0,0,0,1,"Gutshot Straight, Slice, Under Pressure","Collective Action, Desperado, Golden Tricorn Enhanced",3,,,Desperado+Slice | Desperado+Under Pressure | Golden Tricorn Enhanced+Slice,3969379530
730,Hawthorne's Field-Forged Shotgun,preferred,Shotgun,Kinetic,1,0,0,0,1,"Firmly Planted, Full Auto Trigger System","Hip-Fire Grip, Surrounded",2,,,Firmly Planted+Hip-Fire Grip | Full Auto Trigger System+Surrounded,1807343361
731,Bite of the Fox,preferred,Sniper Rifle,Kinetic,1,0,0,0,1,"Firmly Planted, Threat Detector","Ambitious Assassin, Moving Target",2,,,Ambitious Assassin+Threat Detector | Firmly Planted+Moving Target,3169616514
732,Warden's Law,preferred,Hand Cannon,Kinetic,1,0,1,0,1,"Discord, Enlightened Action, Moving Target","Rampage, Shot Swap, Vorpal Weapon",2,,,Enlightened Action+Vorpal Weapon | Moving Target+Rampage,1821529912
733,Mos Athanor IV,preferred,Hand Cannon,Void,1,0,1,0,1,"Built to Blast, Destabilizing Rounds, Slideways","Adagio, Demoralize, Precision Instrument",2,,,Destabilizing Rounds+Precision Instrument | Precision Instrument+Slideways,4118334987
734,Better Devils,preferred,Hand Cannon,Kinetic,1,0,1,0,1,"Snapshot Sights, Triple Tap",Timed Payload,2,,,Snapshot Sights+Timed Payload | Timed Payload+Triple Tap,153979397
735,Throne-Cleaver,preferred,Sword,Void,1,0,0,0,1,Shattering Blade,Assassin's Blade,1,,,Assassin's Blade+Shattering Blade,569799273
736,Pressurized Precision,preferred,Fusion Rifle,Strand,1,0,0,0,1,Moving Target,Kickstart,1,,,Kickstart+Moving Target,293709640
737,Lonesome,preferred,Sidearm,Kinetic,1,0,1,0,1,Full Auto Trigger System,Multikill Clip,1,,,Full Auto Trigger System+Multikill Clip,843171043
738,Retrofuturist,preferred,Shotgun,Void,1,0,1,0,1,"Hip-Fire Grip, Slickdraw, Stats for All","Barrel Constrictor, Envious Assassin, High Ground",8,,,Barrel Constrictor+Hip-Fire Grip | Barrel Constrictor+Stats for All | Envious Assassin+Hip-Fire Grip | Envious Assassin+Slickdraw | Envious Assassin+Stats for All | High Ground+Hip-Fire Grip | High Ground+Slickdraw | High Ground+Stats for All,1612781792
739,Chivalric Fire,preferred,Sword,Void,1,0,1,0,1,"Dimensional Shift, Strategist, Tilting at Windmills","Collective Action, Eager Edge, Energy Transfer",8,,,Collective Action+Strategist | Collective Action+Tilting at Windmills | Dimensional Shift+Eager Edge | Dimensional Shift+Energy Transfer | Eager Edge+Strategist | Eager Edge+Tilting at Windmills | Energy Transfer+Strategist | Energy Transfer+Tilting at Windmills,938936806
740,Strident Whistle,preferred,Combat Bow,Solar,0,0,1,0,1,"Archer's Tempo, Shoot to Loot, Sneak Bow","Cornered, Turnabout, Wellspring",8,,,Archer's Tempo+Turnabout | Archer's Tempo+Wellspring | Cornered+Shoot to Loot | Cornered+Sneak Bow | Shoot to Loot+Turnabout | Shoot to Loot+Wellspring | Sneak Bow+Turnabout | Sneak Bow+Wellspring,2591241074
741,Non-Denouement (Adept),preferred,Combat Bow,Arc,0,1,0,1,0,"Archer's Tempo, Hip-Fire Grip, Successful Warm-Up","Chaos Reshaped, Gear Shift, One for All",8,,,Archer's Tempo+Chaos Reshaped | Archer's Tempo+Gear Shift | Archer's Tempo+One for All | Chaos Reshaped+Successful Warm-Up | Gear Shift+Hip-Fire Grip | Gear Shift+Successful Warm-Up | Hip-Fire Grip+One for All | One for All+Successful Warm-Up,1039915310
742,Vision of Confluence (Timelost),preferred,Scout Rifle,Solar,0,1,0,1,0,"Butterfly, Incandescent, Light Touch","Desperate Measures, Explosive Payload, Kill Clip",8,,,Butterfly+Explosive Payload | Butterfly+Kill Clip | Desperate Measures+Incandescent | Desperate Measures+Light Touch | Explosive Payload+Incandescent | Explosive Payload+Light Touch | Incandescent+Kill Clip | Kill Clip+Light Touch,337578911
743,Blowout,preferred,Rocket Launcher,Arc,0,0,1,0,1,"Genesis, Sympathetic Arsenal, Turnabout","Frenzy, Golden Tricorn Enhanced, Swashbuckler",8,,,Frenzy+Genesis | Frenzy+Sympathetic Arsenal | Frenzy+Turnabout | Genesis+Golden Tricorn Enhanced | Golden Tricorn Enhanced+Sympathetic Arsenal | Golden Tricorn Enhanced+Turnabout | Swashbuckler+Sympathetic Arsenal | Swashbuckler+Turnabout,1903182562
744,Ammit AR2,preferred,Auto Rifle,Solar,1,0,0,1,1,"Surplus, Triple Tap, Turnabout","Adaptive Munitions, Incandescent, Tap the Trigger",8,,,Adaptive Munitions+Surplus | Adaptive Munitions+Triple Tap | Incandescent+Surplus | Incandescent+Triple Tap | Incandescent+Turnabout | Surplus+Tap the Trigger | Tap the Trigger+Triple Tap | Tap the Trigger+Turnabout,2119346509
745,Live Fire,preferred,Scout Rifle,Stasis,1,0,0,0,1,"Air Trigger, Heating Up, Perfect Float","Rampage, Shoot to Loot, To the Pain",7,,,Air Trigger+Shoot to Loot | Air Trigger+To the Pain | Heating Up+Shoot to Loot | Heating Up+To the Pain | Perfect Float+Rampage | Perfect Float+Shoot to Loot | Perfect Float+To the Pain,3612142623
746,Submission (Adept),preferred,Submachine Gun,Kinetic,0,1,0,1,0,"Closing Time, Kinetic Tremors, Sleight of Hand","Harmony, Killing Wind, Target Lock",7,,,Closing Time+Harmony | Closing Time+Killing Wind | Closing Time+Target Lock | Harmony+Kinetic Tremors | Killing Wind+Sleight of Hand | Kinetic Tremors+Target Lock | Sleight of Hand+Target Lock,1941816543
747,Qullim's Terminus (Harrowed),preferred,Machine Gun,Stasis,0,1,0,1,0,"Ensemble, Heating Up, Slickdraw","Firing Line, Killing Tally, Mega Kill Clip",7,,,Ensemble+Killing Tally | Ensemble+Mega Kill Clip | Firing Line+Heating Up | Firing Line+Slickdraw | Heating Up+Killing Tally | Heating Up+Mega Kill Clip | Killing Tally+Slickdraw,3248429089
748,Lubrae's Ruin (Adept),preferred,Glaive,Solar,0,1,0,1,0,"Close to Melee, Immovable Object, Killing Wind","Surrounded, Swashbuckler, Vorpal Weapon",7,,,Close to Melee+Surrounded | Close to Melee+Swashbuckler | Close to Melee+Vorpal Weapon | Immovable Object+Surrounded | Immovable Object+Swashbuckler | Immovable Object+Vorpal Weapon | Killing Wind+Surrounded,1466006054
749,Forthcoming Deviance (Adept),preferred,Glaive,Void,0,1,0,1,0,"Dimensional Shift, Reconstruction, Replenishing Aegis","Chaos Reshaped, Close to Melee, Unstoppable Force",7,,,Chaos Reshaped+Dimensional Shift | Chaos Reshaped+Reconstruction | Chaos Reshaped+Replenishing Aegis | Close to Melee+Dimensional Shift | Close to Melee+Reconstruction | Dimensional Shift+Unstoppable Force | Reconstruction+Unstoppable Force,3123651616
750,Tempered Dynamo,preferred,Fusion Rifle,Arc,1,0,1,0,1,"Backup Plan, Rewind Rounds, Supercharged Magazine","Discord, Gear Shift, Jolting Feedback",7,,,Backup Plan+Discord | Backup Plan+Jolting Feedback | Discord+Rewind Rounds | Discord+Supercharged Magazine | Gear Shift+Rewind Rounds | Gear Shift+Supercharged Magazine | Jolting Feedback+Rewind Rounds,2925315757
751,Smite of Merain (Harrowed),preferred,Pulse Rifle,Kinetic,0,1,0,1,0,"Ancillary Ordinance, Ensemble, Focused Fury","All-Star, Gutshot Straight, Swashbuckler",7,,,All-Star+Ensemble | All-Star+Focused Fury | Ancillary Ordinance+Gutshot Straight | Ancillary Ordinance+Swashbuckler | Ensemble+Swashbuckler | Focused Fury+Gutshot Straight | Focused Fury+Swashbuckler,3407395594
752,Pointed Inquiry,preferred,Scout Rifle,Void,1,0,0,1,1,"Compulsive Reloader, Empty Traits Socket, Firmly Planted","Adaptive Munitions, Demoralize, Precision Instrument",7,,,Adaptive Munitions+Empty Traits Socket | Adaptive Munitions+Firmly Planted | Compulsive Reloader+Demoralize | Compulsive Reloader+Precision Instrument | Demoralize+Empty Traits Socket | Empty Traits Socket+Precision Instrument | Firmly Planted+Precision Instrument,297296830
753,Song of Ir Yût (Adept),preferred,Machine Gun,Arc,0,1,0,1,0,"Jolting Feedback, Supercharged Magazine, Unrelenting","Cascade Point, Elemental Capacitor, Sword Logic",7,,,Cascade Point+Supercharged Magazine | Cascade Point+Unrelenting | Elemental Capacitor+Supercharged Magazine | Elemental Capacitor+Unrelenting | Jolting Feedback+Sword Logic | Supercharged Magazine+Sword Logic | Sword Logic+Unrelenting,407511664
754,Round Robin,preferred,Hand Cannon,Strand,1,0,0,1,1,"Keep Away, Slideshot, Tear","Adagio, Empty Traits Socket, Pugilist",7,,,Adagio+Keep Away | Adagio+Tear | Empty Traits Socket+Keep Away | Empty Traits Socket+Slideshot | Empty Traits Socket+Tear | Keep Away+Pugilist | Pugilist+Tear,2034215657
755,Origin Story,preferred,Auto Rifle,Kinetic,1,0,1,0,1,"Attrition Orbs, Strategist, Zen Moment","Kinetic Tremors, Onslaught, Pugilist",7,,,Attrition Orbs+Kinetic Tremors | Attrition Orbs+Onslaught | Kinetic Tremors+Strategist | Kinetic Tremors+Zen Moment | Onslaught+Zen Moment | Pugilist+Strategist | Pugilist+Zen Moment,2826850739
756,Mykel's Reverence (Adept),preferred,Sidearm,Strand,0,1,0,1,0,"Collective Demolition, Elemental Capacitor, Slice","Frenzy, Paracausal Affinity, Swashbuckler",7,,,Collective Demolition+Paracausal Affinity | Collective Demolition+Swashbuckler | Elemental Capacitor+Frenzy | Elemental Capacitor+Paracausal Affinity | Elemental Capacitor+Swashbuckler | Frenzy+Slice | Slice+Swashbuckler,1986287028
757,Dimensional Hypotrochoid,preferred,Grenade Launcher,Stasis,1,0,0,1,1,"Envious Arsenal, Field Prep, Threat Detector","Disruption Break, Pugilist, Vorpal Weapon",7,,,Disruption Break+Envious Arsenal | Disruption Break+Threat Detector | Envious Arsenal+Pugilist | Envious Arsenal+Vorpal Weapon | Field Prep+Pugilist | Pugilist+Threat Detector | Threat Detector+Vorpal Weapon,1311684613
758,21% Delirium,preferred,Machine Gun,Arc,1,0,1,0,1,"Eddy Current, Light Touch, Trickle Charge","Jolting Feedback, Killing Tally, One for All",7,,,Eddy Current+Jolting Feedback | Eddy Current+Killing Tally | Eddy Current+One for All | Jolting Feedback+Light Touch | Killing Tally+Light Touch | Killing Tally+Trickle Charge | Light Touch+One for All,3001598094
759,Volta Bracket,preferred,Sniper Rifle,Strand,1,0,0,1,1,"Ambitious Assassin, Lucky Shot, Shoot to Loot","Mega Kill Clip, Rewind Rounds, Under Pressure",6,,,Ambitious Assassin+Rewind Rounds | Ambitious Assassin+Under Pressure | Lucky Shot+Rewind Rounds | Lucky Shot+Under Pressure | Mega Kill Clip+Shoot to Loot | Rewind Rounds+Shoot to Loot,3920310144
760,Someday,preferred,Shotgun,Kinetic,1,0,0,1,1,"Dual Loader, Empty Traits Socket, Strategist","Barrel Constrictor, Collective Action, Recombination",6,,,Barrel Constrictor+Empty Traits Socket | Barrel Constrictor+Strategist | Collective Action+Dual Loader | Dual Loader+Recombination | Empty Traits Socket+Recombination | Recombination+Strategist,3232203524
761,Swordbreaker (Adept),preferred,Shotgun,Strand,0,1,0,1,0,"Elemental Capacitor, Paracausal Affinity, Slideshot","Aggregate Charge, One-Two Punch, Sword Logic",6,,,Aggregate Charge+Paracausal Affinity | Elemental Capacitor+One-Two Punch | Elemental Capacitor+Sword Logic | One-Two Punch+Paracausal Affinity | Paracausal Affinity+Sword Logic | Slideshot+Sword Logic,1239700299
762,Hushed Whisper,preferred,Combat Bow,Strand,1,0,0,0,1,"Lead From Light, Snapshot Sights, Tear","Collective Pugilism, Explosive Head, Precision Instrument",6,,,Collective Pugilism+Snapshot Sights | Collective Pugilism+Tear | Explosive Head+Snapshot Sights | Explosive Head+Tear | Lead From Light+Precision Instrument | Precision Instrument+Tear,3574168117
763,Critical Anomaly (Adept),preferred,Sniper Rifle,Stasis,0,1,0,1,0,"Chill Clip, Crystalline Corpsebloom, Quickdraw","Chaos Reshaped, Mega Kill Clip, Triple Tap",6,,,Chaos Reshaped+Chill Clip | Chaos Reshaped+Quickdraw | Chill Clip+Triple Tap | Crystalline Corpsebloom+Mega Kill Clip | Crystalline Corpsebloom+Triple Tap | Mega Kill Clip+Quickdraw,172461430
764,Albedo Wing,preferred,Glaive,Arc,1,0,0,0,1,"Beacon Rounds, Immovable Object, Replenishing Aegis","Attrition Orbs, Deconstruct, Golden Tricorn",6,,,Attrition Orbs+Replenishing Aegis | Beacon Rounds+Golden Tricorn | Deconstruct+Immovable Object | Deconstruct+Replenishing Aegis | Golden Tricorn+Immovable Object | Golden Tricorn+Replenishing Aegis,2680976411
765,Thin Precipice,preferred,Sword,Strand,1,0,0,1,1,"Steady Hands, Tireless Blade, Valiant Charge","Chain Reaction, Counterattack, Golden Tricorn Enhanced",6,,,Chain Reaction+Steady Hands | Chain Reaction+Valiant Charge | Counterattack+Steady Hands | Counterattack+Valiant Charge | Golden Tricorn Enhanced+Steady Hands | Golden Tricorn Enhanced+Tireless Blade,4066778670
766,The Riposte,preferred,Auto Rifle,Void,1,0,1,0,1,"Dimensional Shift, Tap the Trigger, Zen Moment","Binary Orbit, Built to Blast, Destabilizing Rounds",6,,,Binary Orbit+Dimensional Shift | Binary Orbit+Tap the Trigger | Binary Orbit+Zen Moment | Built to Blast+Dimensional Shift | Built to Blast+Tap the Trigger | Built to Blast+Zen Moment,866434750
767,Imminence (Adept),preferred,Submachine Gun,Strand,0,1,0,1,0,"Ambitious Assassin, Fragile Focus, Tear","Chaos Reshaped, Strategist, Target Lock",6,,,Ambitious Assassin+Chaos Reshaped | Ambitious Assassin+Target Lock | Chaos Reshaped+Tear | Fragile Focus+Strategist | Fragile Focus+Target Lock | Target Lock+Tear,3951511045
768,Tinasha's Mastery,preferred,Sidearm,Stasis,1,0,0,0,1,"Loose Change, Offhand Strike, Reverberation","Chill Clip, One for All, Surrounded",6,,,Chill Clip+Loose Change | Chill Clip+Offhand Strike | Chill Clip+Reverberation | Loose Change+Surrounded | Offhand Strike+One for All | Reverberation+Surrounded,480368036
769,Prolonged Engagement,preferred,Submachine Gun,Stasis,1,0,1,0,1,"Air Assault, Dynamic Sway Reduction, Perfect Float","Encore, Rangefinder, Target Lock",6,,,Air Assault+Encore | Air Assault+Target Lock | Dynamic Sway Reduction+Encore | Encore+Perfect Float | Perfect Float+Rangefinder | Perfect Float+Target Lock,2349907931
770,Royal Entry,preferred,Rocket Launcher,Void,0,0,1,0,1,"Auto-Loading Holster, Pulse Monitor, Rangefinder","Clown Cartridge, Cluster Bomb, Wellspring",6,,,Auto-Loading Holster+Cluster Bomb | Auto-Loading Holster+Wellspring | Clown Cartridge+Pulse Monitor | Clown Cartridge+Rangefinder | Cluster Bomb+Pulse Monitor | Rangefinder+Wellspring,2448907086
771,Qua Xaphan V,preferred,Machine Gun,Void,0,0,1,0,1,"Field Prep, Offhand Strike, Triple Tap","High Ground, Thresh, Wellspring",6,,,Field Prep+High Ground | Field Prep+Thresh | High Ground+Offhand Strike | Offhand Strike+Wellspring | Thresh+Triple Tap | Triple Tap+Wellspring,1975125963
772,No Hesitation,preferred,Auto Rifle,Solar,1,0,0,1,1,"Burning Ambition, Physic, Target Lock","Circle of Life, Desperate Measures, Empty Traits Socket",6,,,Burning Ambition+Desperate Measures | Burning Ambition+Empty Traits Socket | Desperate Measures+Physic | Desperate Measures+Target Lock | Empty Traits Socket+Physic | Empty Traits Socket+Target Lock,1801007332
773,Nessa's Oblation (Adept),preferred,Shotgun,Void,0,1,0,1,0,"Dragonfly, Envious Assassin, Fourth Time's the Charm","Demoralize, Meganeura, Paracausal Affinity",6,,,Demoralize+Fourth Time's the Charm | Dragonfly+Paracausal Affinity | Envious Assassin+Meganeura | Envious Assassin+Paracausal Affinity | Fourth Time's the Charm+Meganeura | Fourth Time's the Charm+Paracausal Affinity,522366885
774,Fang of Ir Yût (Adept),preferred,Scout Rifle,Strand,0,1,0,1,0,"Shoot to Loot, Surplus, Tear","Golden Tricorn Enhanced, Meganeura, Sword Logic",6,,,Golden Tricorn Enhanced+Shoot to Loot | Meganeura+Surplus | Meganeura+Tear | Shoot to Loot+Sword Logic | Surplus+Sword Logic | Sword Logic+Tear,128782990
775,Cataclysmic (Adept),preferred,Linear Fusion Rifle,Solar,0,1,0,1,0,"Burning Ambition, No Distractions, Sleight of Hand","Aggregate Charge, Clown Cartridge, Turnabout",6,,,Aggregate Charge+No Distractions | Aggregate Charge+Sleight of Hand | Burning Ambition+Clown Cartridge | Burning Ambition+Turnabout | No Distractions+Turnabout | Sleight of Hand+Turnabout,2886339027
776,Defiance of Yasmin (Harrowed),preferred,Sniper Rifle,Kinetic,0,1,0,1,0,"Osmosis, Rewind Rounds, Stopping Power","Firing Line, Moving Target, Opening Shot",6,,,Firing Line+Osmosis | Firing Line+Stopping Power | Moving Target+Osmosis | Moving Target+Rewind Rounds | Opening Shot+Osmosis | Opening Shot+Stopping Power,3503019618
777,Bold Endings,preferred,Hand Cannon,Stasis,1,0,0,1,1,"Air Trigger, Headstone, Opening Shot","Demolitionist, Dragonfly, Golden Tricorn",6,,,Air Trigger+Dragonfly | Air Trigger+Golden Tricorn | Dragonfly+Headstone | Dragonfly+Opening Shot | Golden Tricorn+Headstone | Golden Tricorn+Opening Shot,496728945
778,A Distant Pull,preferred,Sniper Rifle,Stasis,1,0,0,1,1,"Ambitious Assassin, Overflow, Tunnel Vision","Collective Action, Explosive Payload, Killing Wind",6,,,Ambitious Assassin+Collective Action | Collective Action+Tunnel Vision | Explosive Payload+Overflow | Explosive Payload+Tunnel Vision | Killing Wind+Overflow | Killing Wind+Tunnel Vision,1769847435
779,The Summoner,preferred,Auto Rifle,Solar,1,0,0,0,1,"Heal Clip, Overflow, Zen Moment","Golden Tricorn, Tap the Trigger, Target Lock",6,,,Golden Tricorn+Overflow | Golden Tricorn+Zen Moment | Heal Clip+Tap the Trigger | Heal Clip+Target Lock | Overflow+Tap the Trigger | Tap the Trigger+Zen Moment,1820994983
780,Palmyra-B,preferred,Rocket Launcher,Stasis,1,0,0,1,1,"Empty Traits Socket, Ensemble, Surplus","Chill Clip, Explosive Light, Lasting Impression",6,,,Chill Clip+Empty Traits Socket | Chill Clip+Ensemble | Chill Clip+Surplus | Empty Traits Socket+Explosive Light | Ensemble+Explosive Light | Explosive Light+Surplus,3489657138
781,Riptide,preferred,Fusion Rifle,Stasis,1,0,1,0,1,"Compulsive Reloader, Perpetual Motion, Well-Rounded","Cornered, Thresh, Unrelenting",7,,,Compulsive Reloader+Cornered | Compulsive Reloader+Thresh | Cornered+Perpetual Motion | Cornered+Well-Rounded | Perpetual Motion+Thresh | Perpetual Motion+Unrelenting | Unrelenting+Well-Rounded,2715240478
782,Nullify (Adept),preferred,Pulse Rifle,Solar,0,1,0,1,0,"Collective Demolition, Rapid Hit, Under-Over","Attrition Orbs, Desperate Measures, Multikill Clip",6,,,Attrition Orbs+Rapid Hit | Attrition Orbs+Under-Over | Collective Demolition+Desperate Measures | Desperate Measures+Rapid Hit | Desperate Measures+Under-Over | Multikill Clip+Under-Over,892183998
783,Liturgy,preferred,Grenade Launcher,Stasis,1,0,0,0,1,"Envious Arsenal, Perpetual Motion, Strategist","Chain Reaction, Chill Clip, Swashbuckler",6,,,Chain Reaction+Perpetual Motion | Chain Reaction+Strategist | Chill Clip+Envious Arsenal | Chill Clip+Strategist | Envious Arsenal+Swashbuckler | Perpetual Motion+Swashbuckler,3377522331
784,Koraxis's Distress (Adept),preferred,Grenade Launcher,Strand,0,1,0,1,0,"Chain Reaction, Impulse Amplifier, Reconstruction","Chaos Reshaped, Harmony, Hatchling",6,,,Chain Reaction+Chaos Reshaped | Chain Reaction+Harmony | Chain Reaction+Hatchling | Harmony+Impulse Amplifier | Harmony+Reconstruction | Hatchling+Impulse Amplifier,495442100
785,Deliverance (Adept),preferred,Fusion Rifle,Stasis,0,1,0,1,0,"Crystalline Corpsebloom, Heating Up, Steady Hands","Chill Clip, Controlled Burst, Surrounded",6,,,Chill Clip+Steady Hands | Controlled Burst+Heating Up | Controlled Burst+Steady Hands | Crystalline Corpsebloom+Surrounded | Heating Up+Surrounded | Steady Hands+Surrounded,2943293195
786,Cynosure,preferred,Rocket Launcher,Strand,1,0,1,0,1,"Clown Cartridge, Field Prep, Sympathetic Arsenal","Hatchling, Quickdraw, Reverberation",6,,,Clown Cartridge+Hatchling | Field Prep+Hatchling | Field Prep+Quickdraw | Field Prep+Reverberation | Hatchling+Sympathetic Arsenal | Reverberation+Sympathetic Arsenal,694275488
787,Zephyr,preferred,Sword,Stasis,1,0,0,0,1,"Osmosis, Thresh, Turnabout","Chain Reaction, Surrounded, Vorpal Weapon",6,,,Chain Reaction+Turnabout | Osmosis+Surrounded | Osmosis+Vorpal Weapon | Surrounded+Thresh | Thresh+Vorpal Weapon | Turnabout+Vorpal Weapon,396910433
788,Fortissimo-11,preferred,Shotgun,Kinetic,1,0,1,0,1,"Perpetual Motion, Steady Hands, Threat Detector","Adagio, Focused Fury, Osmosis",6,,,Adagio+Perpetual Motion | Adagio+Steady Hands | Adagio+Threat Detector | Focused Fury+Threat Detector | Osmosis+Perpetual Motion | Osmosis+Steady Hands,963732595
789,Semiotician,preferred,Rocket Launcher,Strand,1,0,0,1,1,"Empty Traits Socket, Perpetual Motion, Shot Swap","Bipod, Danger Zone, Hatchling",5,,,Bipod+Empty Traits Socket | Bipod+Perpetual Motion | Danger Zone+Empty Traits Socket | Danger Zone+Shot Swap | Hatchling+Shot Swap,2922749929
790,Wicked Sister,preferred,Grenade Launcher,Strand,0,0,1,0,1,"Clown Cartridge, Danger Zone, Strategist","Deconstruct, Demolitionist, Full Court",5,,,Clown Cartridge+Full Court | Danger Zone+Demolitionist | Deconstruct+Strategist | Demolitionist+Strategist | Full Court+Strategist,2039776723
791,Submersion,preferred,Combat Bow,Stasis,1,0,0,0,1,"Bolt Scavenger, Impulse Amplifier, Lead From Light","Aggregate Charge, Firing Line, Headstone",5,,,Aggregate Charge+Lead From Light | Bolt Scavenger+Headstone | Firing Line+Impulse Amplifier | Firing Line+Lead From Light | Headstone+Impulse Amplifier,3524386983
792,Ribbontail,preferred,Trace Rifle,Strand,1,0,0,0,1,"Envious Arsenal, Threat Detector, Transcendent Moment","Killing Tally, Redirection, Tear",5,,,Envious Arsenal+Redirection | Envious Arsenal+Tear | Killing Tally+Transcendent Moment | Redirection+Threat Detector | Tear+Threat Detector,407150808
793,Resounding,preferred,Fusion Rifle,Strand,1,0,1,0,1,"Ambitious Assassin, Compulsive Reloader, Cornered","Rampage, Strategist, Surrounded",5,,,Ambitious Assassin+Surrounded | Compulsive Reloader+Strategist | Compulsive Reloader+Surrounded | Cornered+Rampage | Cornered+Strategist,3273807888
794,Positive Outlook,preferred,Auto Rifle,Void,1,0,1,0,1,"Invisible Hand, Perfect Float, Tap the Trigger","Cascade Point, Destabilizing Rounds, Repulsor Brace",5,,,Cascade Point+Tap the Trigger | Destabilizing Rounds+Invisible Hand | Destabilizing Rounds+Perfect Float | Invisible Hand+Repulsor Brace | Perfect Float+Repulsor Brace,491078457
795,Peculiar Charm,preferred,Submachine Gun,Kinetic,1,0,1,0,1,"Rapid Hit, Shoot to Loot, Stopping Power","All-Star, Bewildering Burst, Headseeker",5,,,All-Star+Rapid Hit | Bewildering Burst+Rapid Hit | Bewildering Burst+Shoot to Loot | Headseeker+Shoot to Loot | Headseeker+Stopping Power,3620277039
796,Joxer's Longsword,preferred,Pulse Rifle,Void,1,0,1,0,1,"Dragonfly, Enlightened Action, Strategist","Demoralize, High-Impact Reserves, Withering Gaze",6,,,Demoralize+Enlightened Action | Demoralize+Strategist | Dragonfly+Withering Gaze | Enlightened Action+High-Impact Reserves | High-Impact Reserves+Strategist | Strategist+Withering Gaze,157601190
797,King Orfeo,preferred,Combat Bow,Arc,1,0,0,0,1,"Archer's Tempo, Impulse Amplifier, Successful Warm-Up","Jolting Feedback, Rangefinder, Rolling Storm",5,,,Archer's Tempo+Jolting Feedback | Archer's Tempo+Rangefinder | Archer's Tempo+Rolling Storm | Impulse Amplifier+Rangefinder | Impulse Amplifier+Rolling Storm,3481382332
798,Frontier's Cry,preferred,Hand Cannon,Solar,1,0,0,0,1,"Adaptive Munitions, Compulsive Reloader, Stats for All","Iron Grip, Iron Reach, Kill Clip",5,,,Adaptive Munitions+Iron Reach | Adaptive Munitions+Kill Clip | Compulsive Reloader+Iron Grip | Iron Reach+Stats for All | Kill Clip+Stats for All,3203303472
799,Fimbulwinter Stitch,preferred,Sidearm,Arc,1,0,0,0,1,"Collective Pugilism, Rangefinder, Trickle Charge","Kill Clip, Precision Instrument, Voltshot",5,,,Collective Pugilism+Kill Clip | Collective Pugilism+Precision Instrument | Collective Pugilism+Voltshot | Kill Clip+Trickle Charge | Precision Instrument+Trickle Charge,3685829362
800,Double-Edged Answer,preferred,Sword,Void,0,0,1,0,1,"En Garde, Pugilist, Wellspring","Adrenaline Junkie, Counterattack, Destabilizing Rounds",5,,,Adrenaline Junkie+En Garde | Adrenaline Junkie+Wellspring | Counterattack+Pugilist | Counterattack+Wellspring | Destabilizing Rounds+En Garde,105164264
801,Doom of Chelchis (Harrowed),preferred,Scout Rifle,Void,0,1,0,1,0,"Adaptive Munitions, Demoralize, Vorpal Weapon","Focused Fury, One for All, Withering Gaze",5,,,Adaptive Munitions+One for All | Adaptive Munitions+Withering Gaze | Demoralize+Focused Fury | Demoralize+One for All | One for All+Vorpal Weapon,1184692845
802,Zaouli's Bane (Harrowed),preferred,Hand Cannon,Solar,0,1,0,1,0,"Ensemble, Gutshot Straight, Redirection","Chaos Reshaped, Focused Fury, Surrounded",5,,,Chaos Reshaped+Ensemble | Chaos Reshaped+Gutshot Straight | Focused Fury+Redirection | Gutshot Straight+Surrounded | Redirection+Surrounded,291092617
803,Wild Style,preferred,Grenade Launcher,Solar,1,0,1,0,1,"Danger Zone, Enlightened Action, Reconstruction","Attrition Orbs, One for All, Permeability",5,,,Attrition Orbs+Reconstruction | Danger Zone+One for All | Enlightened Action+One for All | Enlightened Action+Permeability | Permeability+Reconstruction,1332123064
804,Watchful Eye,preferred,Machine Gun,Arc,1,0,0,0,1,"Field Prep, Mulligan, Wellspring","Elemental Honing, Killing Tally, Target Lock",5,,,Elemental Honing+Field Prep | Killing Tally+Mulligan | Killing Tally+Wellspring | Mulligan+Target Lock | Target Lock+Wellspring,3058845782
805,Veiled Threat,preferred,Auto Rifle,Stasis,1,0,0,1,1,"Fragile Focus, Loose Change, Shoot to Loot","Encore, Gutshot Straight, Headstone",5,,,Fragile Focus+Headstone | Gutshot Straight+Loose Change | Gutshot Straight+Shoot to Loot | Headstone+Loose Change | Headstone+Shoot to Loot,3685470415
806,The Spiteful Fang,preferred,Combat Bow,Stasis,1,0,1,0,1,"Archer's Tempo, Perfect Float, Rimestealer","Archer's Gambit, Crystalline Corpsebloom, Rampage",5,,,Archer's Gambit+Perfect Float | Archer's Gambit+Rimestealer | Archer's Tempo+Rampage | Crystalline Corpsebloom+Perfect Float | Rampage+Rimestealer,1704597062
807,Summum Bonum (Adept),preferred,Sword,Arc,0,1,0,1,0,"Deconstruct, Strategist, Tireless Blade","Bait and Switch, Chaos Reshaped, Jolting Feedback",5,,,Bait and Switch+Strategist | Bait and Switch+Tireless Blade | Chaos Reshaped+Tireless Blade | Deconstruct+Jolting Feedback | Jolting Feedback+Tireless Blade,2001697739
808,Stryker's Sure-Hand,preferred,Sword,Void,1,0,1,0,1,"Assassin's Blade, Repulsor Brace, Tireless Blade","Destabilizing Rounds, Impromptu Ammunition, Redirection",5,,,Assassin's Blade+Impromptu Ammunition | Assassin's Blade+Redirection | Destabilizing Rounds+Tireless Blade | Impromptu Ammunition+Tireless Blade | Redirection+Repulsor Brace,2490460292
809,Shoreline Dissident,preferred,Sniper Rifle,Void,1,0,0,0,1,"Explosive Payload, Recycled Energy, Triple Tap","Adagio, High Ground, Precision Instrument",5,,,Adagio+Explosive Payload | Explosive Payload+High Ground | Explosive Payload+Precision Instrument | High Ground+Recycled Energy | Precision Instrument+Recycled Energy,1193318082
810,Salvager's Salvo,preferred,Grenade Launcher,Arc,1,0,1,0,1,"Ambitious Assassin, Light Touch, Unrelenting","Reaper's Tithe, Voltshot, Vorpal Weapon",5,,,Ambitious Assassin+Voltshot | Light Touch+Reaper's Tithe | Light Touch+Vorpal Weapon | Reaper's Tithe+Unrelenting | Unrelenting+Voltshot,2461640837
811,Reghusk's Pledge,preferred,Auto Rifle,Void,1,0,0,0,1,"Demoralize, Proximity Power, Rewind Rounds","Attrition Orbs, Golden Tricorn, Golden Tricorn Enhanced",5,,,Attrition Orbs+Proximity Power | Golden Tricorn+Proximity Power | Golden Tricorn+Rewind Rounds | Golden Tricorn Enhanced+Proximity Power | Golden Tricorn Enhanced+Rewind Rounds,2370525224
812,Rapid Growth,preferred,Sniper Rifle,Arc,1,0,0,0,1,"Fourth Time's the Charm, Lucky Shot, Snapshot Sights","Aggregate Charge, Jolting Feedback, Rolling Storm",5,,,Aggregate Charge+Fourth Time's the Charm | Fourth Time's the Charm+Jolting Feedback | Jolting Feedback+Lucky Shot | Lucky Shot+Rolling Storm | Rolling Storm+Snapshot Sights,3856342856
813,Punching Out,preferred,Sidearm,Solar,1,0,1,0,1,"Rangefinder, Recycled Energy, Subsistence","Feeding Frenzy, Incandescent, Meganeura",5,,,Feeding Frenzy+Recycled Energy | Feeding Frenzy+Subsistence | Incandescent+Recycled Energy | Meganeura+Recycled Energy | Meganeura+Subsistence,1469372193
814,Nightshade,preferred,Pulse Rifle,Strand,1,0,1,0,1,"Lead From Light, Lucky Shot, Outlaw","Desperate Measures, Eye of the Storm, Moving Target",5,,,Desperate Measures+Lead From Light | Desperate Measures+Outlaw | Eye of the Storm+Lead From Light | Lead From Light+Moving Target | Lucky Shot+Moving Target,1559068369
815,Mirror Imago (Adept),preferred,Submachine Gun,Strand,0,1,0,0,1,"Moving Target, Overflow, Recycled Energy","Offhand Strike, Permeability, Sword Logic",5,,,Moving Target+Offhand Strike | Moving Target+Permeability | Offhand Strike+Overflow | Overflow+Permeability | Recycled Energy+Sword Logic,4116546788
816,Locus Locutus,preferred,Sniper Rifle,Stasis,1,0,0,1,1,"Discord, Ensemble, Steady Hands","Box Breathing, Firing Line, High Ground",5,,,Box Breathing+Steady Hands | Discord+Firing Line | Discord+High Ground | Ensemble+High Ground | Firing Line+Steady Hands,4132072834
817,Laser Painter,preferred,Linear Fusion Rifle,Strand,1,0,1,0,1,"Encore, Invisible Hand, Rapid Hit","Golden Tricorn Enhanced, Hip-Fire Grip, Wellspring",5,,,Encore+Hip-Fire Grip | Golden Tricorn Enhanced+Rapid Hit | Hip-Fire Grip+Rapid Hit | Invisible Hand+Wellspring | Rapid Hit+Wellspring,3221722018
818,Fatebringer (Timelost),preferred,Hand Cannon,Kinetic,0,1,0,1,0,"Impromptu Ammunition, Opening Shot, Osmosis","Binary Orbit, Magnificent Howl, One for All",5,,,Binary Orbit+Impromptu Ammunition | Binary Orbit+Osmosis | Impromptu Ammunition+One for All | Magnificent Howl+Opening Shot | One for All+Osmosis,4219826183
819,Embraced Identity,preferred,Sniper Rifle,Void,1,0,0,1,1,"Destabilizing Rounds, Reconstruction, Vorpal Weapon","Aggregate Charge, Box Breathing, Fourth Time's the Charm",5,,,Aggregate Charge+Destabilizing Rounds | Aggregate Charge+Vorpal Weapon | Box Breathing+Reconstruction | Box Breathing+Vorpal Weapon | Fourth Time's the Charm+Reconstruction,2821677368
820,Corrective Measure (Timelost),preferred,Machine Gun,Void,0,1,0,1,0,"Demolitionist, Redirection, Subsistence","Butterfly, Killing Tally, Withering Gaze",6,,,Butterfly+Demolitionist | Butterfly+Redirection | Butterfly+Subsistence | Demolitionist+Withering Gaze | Killing Tally+Redirection | Subsistence+Withering Gaze,2334480463
821,Bellowing Giant,preferred,Rocket Launcher,Void,1,0,1,0,1,"Impromptu Ammunition, Lasting Impression, Quickdraw","Aggregate Charge, Collective Demolition, Reaper's Tithe",5,,,Aggregate Charge+Quickdraw | Collective Demolition+Impromptu Ammunition | Collective Demolition+Quickdraw | Impromptu Ammunition+Reaper's Tithe | Lasting Impression+Reaper's Tithe,1889005379
822,Axial Lacuna,preferred,Fusion Rifle,Solar,1,0,0,1,1,"Cornered, Eye of the Storm, Heal Clip","Kickstart, Reservoir Burst, Surrounded",5,,,Cornered+Kickstart | Eye of the Storm+Reservoir Burst | Eye of the Storm+Surrounded | Heal Clip+Kickstart | Heal Clip+Reservoir Burst,3867373351
823,Auric Disabler,preferred,Auto Rifle,Strand,1,0,0,0,1,"Dragonfly, Dynamic Sway Reduction, Lone Wolf","Onslaught, Target Lock, Tear",5,,,Dragonfly+Target Lock | Dragonfly+Tear | Dynamic Sway Reduction+Tear | Lone Wolf+Onslaught | Lone Wolf+Tear,702001725
824,The Title,preferred,Submachine Gun,Void,1,0,0,0,1,"Grave Robber, Repulsor Brace, Threat Detector","Demoralize, Elemental Honing, Under Pressure",5,,,Demoralize+Grave Robber | Elemental Honing+Repulsor Brace | Elemental Honing+Threat Detector | Repulsor Brace+Under Pressure | Threat Detector+Under Pressure,4106258882
825,The Third Axiom,preferred,Pulse Rifle,Arc,1,0,1,0,1,"Rangefinder, Slideshot, Slideways","Headseeker, Sympathetic Arsenal, Thresh",5,,,Headseeker+Slideways | Rangefinder+Sympathetic Arsenal | Slideshot+Thresh | Slideways+Sympathetic Arsenal | Slideways+Thresh,3744058588
826,Autumn Wind,preferred,Pulse Rifle,Kinetic,1,0,1,0,1,"Perfect Float, Pugilist, Rangefinder","Elemental Capacitor, Focused Fury, Vorpal Weapon",7,,,Elemental Capacitor+Pugilist | Focused Fury+Perfect Float | Focused Fury+Pugilist | Focused Fury+Rangefinder | Perfect Float+Vorpal Weapon | Pugilist+Vorpal Weapon | Rangefinder+Vorpal Weapon,3110377595
827,Xenoclast IV,preferred,Shotgun,Arc,1,0,1,0,1,"Dual Loader, Genesis, Lead from Gold","Disruption Break, Rampage, Surrounded",6,,,Disruption Break+Dual Loader | Disruption Break+Lead from Gold | Dual Loader+Rampage | Genesis+Surrounded | Lead from Gold+Rampage | Lead from Gold+Surrounded,963732594
828,Willful Hamartia,preferred,Linear Fusion Rifle,Arc,1,0,0,0,1,"High-Impact Reserves, Successful Warm-Up, Tap the Trigger","Kickstart, Offhand Strike, Reservoir Burst",5,,,High-Impact Reserves+Offhand Strike | High-Impact Reserves+Reservoir Burst | Kickstart+Successful Warm-Up | Kickstart+Tap the Trigger | Reservoir Burst+Tap the Trigger,1952295804
829,Word of Crota (Adept),preferred,Hand Cannon,Void,0,1,0,1,0,"Collective Demolition, Dragonfly, Killing Wind","Master of Arms, Precision Instrument, Sword Logic",5,,,Collective Demolition+Precision Instrument | Dragonfly+Master of Arms | Dragonfly+Precision Instrument | Killing Wind+Master of Arms | Killing Wind+Sword Logic,3926103986
830,BxR-55 Battler,preferred,Pulse Rifle,Solar,1,0,0,1,1,"Demolitionist, Killing Wind, Snapshot Sights","Blunt Execution Rounds, Gutshot Straight, Incandescent",5,,,Blunt Execution Rounds+Demolitionist | Blunt Execution Rounds+Snapshot Sights | Demolitionist+Gutshot Straight | Gutshot Straight+Snapshot Sights | Incandescent+Killing Wind,2708806099
831,Parabellum,preferred,Submachine Gun,Solar,1,0,0,0,1,"Collective Demolition, Heal Clip, Rewind Rounds","Adagio, Collective Action, Perfect Float",5,,,Adagio+Collective Demolition | Adagio+Rewind Rounds | Collective Action+Heal Clip | Collective Action+Rewind Rounds | Heal Clip+Perfect Float,3769072067
832,Briar's Contempt (Adept),preferred,Linear Fusion Rifle,Solar,0,1,0,1,0,"Burning Ambition, Incandescent, Rapid Hit","Aggregate Charge, Focused Fury, High-Impact Reserves",6,,,Aggregate Charge+Rapid Hit | Burning Ambition+Focused Fury | Burning Ambition+High-Impact Reserves | Focused Fury+Incandescent | High-Impact Reserves+Incandescent | High-Impact Reserves+Rapid Hit,2890082420
833,Luna Regolith III,preferred,Sniper Rifle,Solar,0,0,1,0,1,"Clown Cartridge, Perfect Float, Under Pressure","Cascade Point, Explosive Payload, Precision Instrument",6,,,Cascade Point+Under Pressure | Clown Cartridge+Explosive Payload | Clown Cartridge+Precision Instrument | Explosive Payload+Under Pressure | Perfect Float+Precision Instrument | Precision Instrument+Under Pressure,1948035256
834,The Heron,preferred,Glaive,Void,1,0,0,0,1,"Disruption Break, Lead from Gold, Proximity Power","Destabilizing Rounds, Redirection, Unstoppable Force",5,,,Destabilizing Rounds+Disruption Break | Destabilizing Rounds+Lead from Gold | Disruption Break+Redirection | Lead from Gold+Unstoppable Force | Proximity Power+Unstoppable Force,2246386812
835,Ecliptic Distaff,preferred,Glaive,Void,1,0,1,0,1,"Immovable Object, Impulse Amplifier, Tilting at Windmills","Binary Orbit, Close to Melee, Withering Gaze",5,,,Binary Orbit+Immovable Object | Binary Orbit+Tilting at Windmills | Close to Melee+Tilting at Windmills | Immovable Object+Withering Gaze | Impulse Amplifier+Withering Gaze,1942143745
836,The Call,preferred,Sidearm,Strand,1,0,0,1,1,"Beacon Rounds, Lead from Gold, Strategist","Aggregate Charge, Empty Traits Socket, Multikill Clip",5,,,Aggregate Charge+Beacon Rounds | Aggregate Charge+Strategist | Beacon Rounds+Empty Traits Socket | Empty Traits Socket+Lead from Gold | Multikill Clip+Strategist,3947966653
837,Iterative Loop,preferred,Fusion Rifle,Arc,1,0,0,1,1,"Grave Robber, Successful Warm-Up, Well-Rounded","Adrenaline Junkie, Controlled Burst, Empty Traits Socket",5,,,Adrenaline Junkie+Successful Warm-Up | Controlled Burst+Grave Robber | Controlled Burst+Well-Rounded | Empty Traits Socket+Grave Robber | Empty Traits Socket+Successful Warm-Up,1289796511
838,Insidious (Adept),preferred,Pulse Rifle,Arc,0,1,0,1,0,"Frenzy, Rolling Storm, Sleight of Hand","Adrenaline Junkie, Chaos Reshaped, One for All",5,,,Adrenaline Junkie+Frenzy | Adrenaline Junkie+Rolling Storm | Chaos Reshaped+Rolling Storm | Frenzy+One for All | One for All+Rolling Storm,786352912
839,Reckless Endangerment,preferred,Shotgun,Kinetic,1,0,1,0,1,"Bewildering Burst, Lone Wolf, Perpetual Motion","All-Star, Binary Orbit, Swashbuckler",5,,,All-Star+Perpetual Motion | Bewildering Burst+Binary Orbit | Bewildering Burst+Swashbuckler | Binary Orbit+Lone Wolf | Lone Wolf+Swashbuckler,3085559077
840,Precipial,preferred,Shotgun,Void,1,0,0,0,1,"One-Two Punch, Proximity Power, Reconstruction","Discord, Opening Shot, Slideshot",5,,,Discord+Reconstruction | One-Two Punch+Opening Shot | Opening Shot+Proximity Power | Proximity Power+Slideshot | Reconstruction+Slideshot,367772693
841,Pure Poetry,preferred,Hand Cannon,Kinetic,0,0,1,0,1,"Grave Robber, Shoot to Loot, Tunnel Vision","Multikill Clip, Pugilist, Rampage",5,,,Grave Robber+Pugilist | Multikill Clip+Tunnel Vision | Pugilist+Shoot to Loot | Pugilist+Tunnel Vision | Rampage+Shoot to Loot,2671639706
842,Servant Leader,preferred,Scout Rifle,Kinetic,0,0,1,0,1,"Heating Up, Hip-Fire Grip, No Distractions","Multikill Clip, One for All, Osmosis",5,,,Heating Up+Osmosis | Hip-Fire Grip+Osmosis | Multikill Clip+No Distractions | No Distractions+One for All | No Distractions+Osmosis,1107446438
843,Last Rite,preferred,Scout Rifle,Kinetic,1,0,1,0,1,"Dual Loader, Keep Away, Shoot to Loot","Adhesive Ordnance, Explosive Payload, Vorpal Weapon",5,,,Adhesive Ordnance+Keep Away | Adhesive Ordnance+Shoot to Loot | Dual Loader+Explosive Payload | Keep Away+Vorpal Weapon | Shoot to Loot+Vorpal Weapon,3708636616
844,Hammerhead,preferred,Machine Gun,Void,1,0,1,0,1,"Destabilizing Rounds, Rampage, Rewind Rounds","Onslaught, Tap the Trigger, Target Lock",5,,,Destabilizing Rounds+Onslaught | Destabilizing Rounds+Target Lock | Onslaught+Rewind Rounds | Rampage+Target Lock | Rewind Rounds+Tap the Trigger,1896309757
845,Exile's Curse,preferred,Fusion Rifle,Arc,1,0,0,0,1,"Firmly Planted, Grave Robber, Slideshot","Backup Plan, Disruption Break, Kickstart",5,,,Backup Plan+Grave Robber | Backup Plan+Slideshot | Disruption Break+Firmly Planted | Disruption Break+Grave Robber | Kickstart+Slideshot,679281855
846,Bad Omens,preferred,Rocket Launcher,Void,1,0,1,0,1,"Bipod, Destabilizing Rounds, Tracking Module","Elemental Honing, Explosive Light, Quickdraw",5,,,Bipod+Quickdraw | Destabilizing Rounds+Elemental Honing | Destabilizing Rounds+Explosive Light | Destabilizing Rounds+Quickdraw | Elemental Honing+Tracking Module,1996201272
847,Adamantite (Adept),preferred,Auto Rifle,Strand,0,1,0,0,1,"Demolitionist, Ensemble, Pugilist","Circle of Life, Elemental Honing, Kill Clip",5,,,Circle of Life+Demolitionist | Circle of Life+Pugilist | Elemental Honing+Ensemble | Ensemble+Kill Clip | Kill Clip+Pugilist,3485029080
848,Yesteryear,preferred,Pulse Rifle,Void,1,0,1,0,1,"Compulsive Reloader, Ensemble, Well-Rounded","Dragonfly, Multikill Clip, Under-Over",5,,,Compulsive Reloader+Dragonfly | Dragonfly+Ensemble | Dragonfly+Well-Rounded | Ensemble+Multikill Clip | Multikill Clip+Well-Rounded,4028000428
849,Something New,preferred,Hand Cannon,Stasis,1,0,0,0,1,"Feeding Frenzy, Subsistence, Wellspring","Encore, Harmony, Headstone",5,,,Encore+Feeding Frenzy | Encore+Subsistence | Feeding Frenzy+Headstone | Harmony+Wellspring | Headstone+Subsistence,3240434620
850,Albruna-D,preferred,Sniper Rifle,Arc,0,0,1,0,1,"Air Assault, Clown Cartridge, Explosive Payload","Cascade Point, Slickdraw, Under-Over",5,,,Air Assault+Cascade Point | Cascade Point+Explosive Payload | Clown Cartridge+Slickdraw | Clown Cartridge+Under-Over | Explosive Payload+Under-Over,676270382
851,Different Times,preferred,Pulse Rifle,Strand,1,0,0,1,1,"Invisible Hand, Offhand Strike, Outlaw","Collective Action, Empty Traits Socket, Golden Tricorn Enhanced",5,,,Collective Action+Invisible Hand | Collective Action+Offhand Strike | Empty Traits Socket+Outlaw | Golden Tricorn Enhanced+Offhand Strike | Golden Tricorn Enhanced+Outlaw,3016891299
852,Borrowed Time,preferred,Submachine Gun,Solar,0,0,1,0,1,"Dynamic Sway Reduction, Feeding Frenzy, Firmly Planted","Frenzy, Thresh, Wellspring",5,,,Dynamic Sway Reduction+Thresh | Dynamic Sway Reduction+Wellspring | Feeding Frenzy+Wellspring | Firmly Planted+Frenzy | Firmly Planted+Thresh,875848769
853,Python,preferred,Shotgun,Void,1,0,1,0,1,"Dimensional Shift, Overflow, Slideshot","Destabilizing Rounds, Swashbuckler, Withering Gaze",4,,,Destabilizing Rounds+Slideshot | Dimensional Shift+Swashbuckler | Overflow+Withering Gaze | Slideshot+Withering Gaze,4276696962
854,Monody-44,preferred,Fusion Rifle,Void,1,0,0,0,1,"Attrition Orbs, Cornered, Repulsor Brace","Controlled Burst, Destabilizing Rounds, Successful Warm-Up",4,,,Attrition Orbs+Controlled Burst | Controlled Burst+Repulsor Brace | Cornered+Destabilizing Rounds | Repulsor Brace+Successful Warm-Up,3201200906
855,Keraunios,preferred,Trace Rifle,Arc,1,0,0,0,1,"Rapid Hit, Shoot to Loot, Trickle Charge","Detonator Beam, Rolling Storm, Target Lock",4,,,Detonator Beam+Shoot to Loot | Detonator Beam+Trickle Charge | Rapid Hit+Target Lock | Target Lock+Trickle Charge,2386208942
856,Jorum's Claw,preferred,Pulse Rifle,Solar,1,0,0,0,1,"Gutshot Straight, Iron Grip, Offhand Strike","Headseeker, Iron Reach, Kill Clip",4,,,Gutshot Straight+Iron Reach | Headseeker+Iron Grip | Iron Grip+Kill Clip | Iron Reach+Offhand Strike,62937067
857,Triple Laureate,preferred,Hand Cannon,Stasis,1,0,0,0,1,"Ambitious Assassin, Crystalline Corpsebloom, Rangefinder","Chaos Reshaped, Kill Clip, Master of Arms",4,,,Ambitious Assassin+Kill Clip | Chaos Reshaped+Rangefinder | Crystalline Corpsebloom+Kill Clip | Crystalline Corpsebloom+Master of Arms,2908653246
858,The Slammer,preferred,Sword,Stasis,1,0,1,0,1,"Chain Reaction, Eager Edge, Thresh","Cold Steel, Demolitionist, Permeability",4,,,Chain Reaction+Cold Steel | Cold Steel+Eager Edge | Demolitionist+Thresh | Permeability+Thresh,2889501828
859,The Hero's Burden,preferred,Submachine Gun,Void,1,0,0,0,1,"Air Assault, Fragile Focus, Zen Moment","Iron Grip, Kill Clip, Repulsor Brace",4,,,Air Assault+Kill Clip | Fragile Focus+Iron Grip | Fragile Focus+Repulsor Brace | Iron Grip+Zen Moment,2488587246
860,Sarpedon-D,preferred,Hand Cannon,Arc,1,0,1,0,1,"Eddy Current, Proximity Power, To the Pain","Desperate Measures, Rolling Storm, Voltshot",4,,,Desperate Measures+Eddy Current | Proximity Power+Rolling Storm | Proximity Power+Voltshot | Rolling Storm+To the Pain,3318545829
861,Phyllotactic Spiral,preferred,Pulse Rifle,Arc,1,0,0,1,1,"Hip-Fire Grip, Shot Swap, Trickle Charge","Gutshot Straight, Rolling Storm, Voltshot",4,,,Gutshot Straight+Shot Swap | Gutshot Straight+Trickle Charge | Rolling Storm+Shot Swap | Shot Swap+Voltshot,3635821806
862,Oversoul Edict (Adept),preferred,Pulse Rifle,Arc,0,1,0,1,0,"Enlightened Action, Perpetual Motion, Rolling Storm","Gear Shift, Swashbuckler, Sword Logic",4,,,Enlightened Action+Sword Logic | Gear Shift+Perpetual Motion | Rolling Storm+Swashbuckler | Rolling Storm+Sword Logic,578105049
863,Mindbender's Ambition,preferred,Shotgun,Solar,1,0,1,0,1,"Auto-Loading Holster, Slideways, Snapshot Sights","One-Two Punch, Steady Hands, Well-Rounded",4,,,Auto-Loading Holster+Well-Rounded | One-Two Punch+Slideways | One-Two Punch+Snapshot Sights | Slideways+Steady Hands,1094005544
864,Gnawing Hunger,preferred,Auto Rifle,Void,1,0,1,0,1,"Overflow, Tap the Trigger, Withering Gaze","Dynamic Sway Reduction, Rampage, Swashbuckler",4,,,Dynamic Sway Reduction+Overflow | Rampage+Withering Gaze | Swashbuckler+Tap the Trigger | Swashbuckler+Withering Gaze,214545213
865,Giver's Blessing,preferred,Auto Rifle,Kinetic,1,0,0,0,1,"Feeding Frenzy, Impromptu Ammunition, Transcendent Moment","Adrenaline Junkie, Multikill Clip, One for All",4,,,Adrenaline Junkie+Transcendent Moment | Feeding Frenzy+One for All | Impromptu Ammunition+Multikill Clip | Multikill Clip+Transcendent Moment,970034755
866,Found Verdict (Timelost),preferred,Shotgun,Arc,0,1,0,1,0,"Aggregate Charge, Supercharged Magazine, Threat Remover","Gear Shift, Rolling Storm, Trench Barrel",4,,,Aggregate Charge+Trench Barrel | Gear Shift+Threat Remover | Supercharged Magazine+Trench Barrel | Threat Remover+Trench Barrel,851296754
867,Forced Memorializer,preferred,Scout Rifle,Kinetic,1,0,1,0,1,"Auto-Loading Holster, Lone Wolf, Rapid Hit","Ancillary Ordinance, Outlaw, To the Pain",4,,,Ancillary Ordinance+Rapid Hit | Auto-Loading Holster+To the Pain | Lone Wolf+To the Pain | Outlaw+Rapid Hit,1197073834
868,Finite Impactor,preferred,Hand Cannon,Solar,1,0,0,0,1,"Elemental Capacitor, Enlightened Action, Slideways","Burning Ambition, Magnificent Howl, Rapid Hit",4,,,Burning Ambition+Slideways | Elemental Capacitor+Magnificent Howl | Elemental Capacitor+Rapid Hit | Enlightened Action+Rapid Hit,1917334929
869,Doomsday,preferred,Grenade Launcher,Arc,1,0,1,0,1,"Attrition Orbs, Auto-Loading Holster, Supercharged Magazine","Explosive Light, Full Court, Quickdraw",4,,,Attrition Orbs+Full Court | Attrition Orbs+Quickdraw | Auto-Loading Holster+Full Court | Explosive Light+Supercharged Magazine,713132408
870,Chain of Command,preferred,Machine Gun,Stasis,1,0,1,0,1,"Headstone, Osmosis, Under-Over","Adaptive Munitions, Demolitionist, Focused Fury",4,,,Adaptive Munitions+Under-Over | Demolitionist+Osmosis | Demolitionist+Under-Over | Focused Fury+Under-Over,1716620044
871,Burden of Guilt,preferred,Fusion Rifle,Stasis,1,0,0,0,1,"Envious Arsenal, Lone Wolf, Under Pressure","Aggregate Charge, Controlled Burst, Crystalline Corpsebloom",4,,,Aggregate Charge+Under Pressure | Crystalline Corpsebloom+Envious Arsenal | Crystalline Corpsebloom+Lone Wolf | Crystalline Corpsebloom+Under Pressure,976459525
872,Breakneck,preferred,Auto Rifle,Kinetic,1,0,1,0,1,"Encore, Enlightened Action, Eye of the Storm","Attrition Orbs, Deconstruct, Offhand Strike",4,,,Attrition Orbs+Encore | Deconstruct+Eye of the Storm | Enlightened Action+Offhand Strike | Eye of the Storm+Offhand Strike,2026755633
873,Adored,preferred,Sniper Rifle,Arc,1,0,1,0,1,"Elemental Capacitor, Fourth Time's the Charm, Jolting Feedback","Closing Time, Collective Action, No Distractions",4,,,Closing Time+Elemental Capacitor | Closing Time+Jolting Feedback | Collective Action+Jolting Feedback | Fourth Time's the Charm+No Distractions,1405095983
874,Action Item,preferred,Trace Rifle,Stasis,1,0,0,0,1,"Deconstruct, High-Impact Reserves, Rimestealer","Crystalline Corpsebloom, Elemental Honing, Killing Tally",4,,,Crystalline Corpsebloom+High-Impact Reserves | Deconstruct+Killing Tally | Elemental Honing+High-Impact Reserves | Killing Tally+Rimestealer,527989828
875,Abyssal Edge,preferred,Sword,Strand,1,0,0,0,1,"Duelist's Trance, Relentless Strikes, Valiant Charge","Demolitionist, Hatchling, Sword Logic",4,,,Demolitionist+Relentless Strikes | Duelist's Trance+Sword Logic | Relentless Strikes+Sword Logic | Sword Logic+Valiant Charge,4221591387
876,A Good Shout,preferred,Combat Bow,Void,1,0,1,0,1,"Built to Blast, No Distractions, Repulsor Brace","Box Breathing, Butterfly, Rampage",4,,,Box Breathing+Repulsor Brace | Built to Blast+Rampage | Butterfly+No Distractions | Rampage+Repulsor Brace,3615748501
877,Unfall,preferred,Sidearm,Arc,1,0,1,0,1,"Disruption Break, Impulse Amplifier, Sleight of Hand","Binary Orbit, Deconstruct, Master of Arms",4,,,Binary Orbit+Sleight of Hand | Deconstruct+Disruption Break | Disruption Break+Master of Arms | Impulse Amplifier+Master of Arms,738446555
878,Steelfeather Repeater,preferred,Auto Rifle,Kinetic,1,0,0,0,1,"Firmly Planted, Grave Robber, Slideways","All-Star, Ancillary Ordinance, Multikill Clip",4,,,All-Star+Firmly Planted | All-Star+Grave Robber | Ancillary Ordinance+Slideways | Multikill Clip+Slideways,771811870
879,Something Something,preferred,Sniper Rifle,Kinetic,1,0,1,0,1,"No Distractions, Stopping Power, Triple Tap","Adhesive Ordnance, All-Star, Redirection",4,,,Adhesive Ordnance+Triple Tap | All-Star+No Distractions | No Distractions+Redirection | Redirection+Stopping Power,3421075982
880,Solemn Remembrance,preferred,Hand Cannon,Stasis,1,0,1,0,1,"Headstone, Impromptu Ammunition, Lone Wolf","Eye of the Storm, Magnificent Howl, Opening Shot",4,,,Eye of the Storm+Impromptu Ammunition | Headstone+Magnificent Howl | Headstone+Opening Shot | Impromptu Ammunition+Opening Shot,4116518582
881,Solemn Lie,preferred,Hand Cannon,Arc,1,0,1,0,1,"Killing Wind, Slideshot, Trickle Charge","Elemental Capacitor, Eye of the Storm, Rolling Storm",4,,,Elemental Capacitor+Slideshot | Eye of the Storm+Trickle Charge | Killing Wind+Rolling Storm | Rolling Storm+Slideshot,1041028435
882,No Feelings,preferred,Scout Rifle,Arc,1,0,1,0,1,"Collective Demolition, Rolling Storm, Voltshot","Gear Shift, Kill Clip, Meganeura",4,,,Collective Demolition+Kill Clip | Gear Shift+Voltshot | Kill Clip+Rolling Storm | Kill Clip+Voltshot,2979764077
883,Midha's Reckoning (Harrowed),preferred,Fusion Rifle,Arc,0,1,0,1,0,"Backup Plan, Field Prep, Voltshot","Closing Time, Kickstart, Tap the Trigger",4,,,Backup Plan+Tap the Trigger | Field Prep+Kickstart | Field Prep+Tap the Trigger | Kickstart+Voltshot,3904516037
884,Micromort,preferred,Rocket Launcher,Arc,1,0,0,0,1,"Clown Cartridge, Cluster Bomb, Envious Arsenal","Bipod, Paracausal Affinity, Voltshot",4,,,Bipod+Clown Cartridge | Cluster Bomb+Voltshot | Envious Arsenal+Paracausal Affinity | Envious Arsenal+Voltshot,602331467
885,MIDA Mini-Tool,preferred,Submachine Gun,Solar,1,0,0,0,1,"Attrition Orbs, Envious Assassin, Heal Clip","Aggregate Charge, Burning Ambition, Offhand Strike",4,,,Aggregate Charge+Envious Assassin | Attrition Orbs+Offhand Strike | Burning Ambition+Envious Assassin | Heal Clip+Offhand Strike,3946054154
886,Unwavering Duty,preferred,Machine Gun,Solar,1,0,0,0,1,"Fourth Time's the Charm, Incandescent, Subsistence","Bait and Switch, Burning Ambition, Killing Tally",4,,,Bait and Switch+Subsistence | Burning Ambition+Fourth Time's the Charm | Burning Ambition+Subsistence | Incandescent+Killing Tally,3489054606
887,Last Man Standing,preferred,Shotgun,Solar,1,0,1,0,1,"Pugilist, Subsistence, Threat Detector","Discord, Shot Swap",4,,,Discord+Pugilist | Discord+Subsistence | Discord+Threat Detector | Shot Swap+Threat Detector,4287947559
888,Indebted Kindness,preferred,Sidearm,Arc,1,0,0,0,1,"Air Trigger, Beacon Rounds, Impulse Amplifier","Attrition Orbs, Chain Reaction, Voltshot",4,,,Air Trigger+Attrition Orbs | Attrition Orbs+Impulse Amplifier | Beacon Rounds+Chain Reaction | Beacon Rounds+Voltshot,2554513694
889,Ill Omen,preferred,Sword,Stasis,1,0,0,1,1,"Empty Traits Socket, Strategist, Valiant Charge","Empty Traits Socket, En Garde, Surrounded",4,,,Empty Traits Socket+En Garde | Empty Traits Socket+Surrounded | En Garde+Strategist | Surrounded+Valiant Charge,3794274730
890,Bygones,preferred,Pulse Rifle,Kinetic,1,0,1,0,1,"Lone Wolf, Shoot to Loot, Under Pressure","Closing Time, Firefly, Osmosis",4,,,Closing Time+Shoot to Loot | Firefly+Lone Wolf | Firefly+Under Pressure | Lone Wolf+Osmosis,2199554524
891,Afterlight (Adept),preferred,Fusion Rifle,Void,0,1,0,0,1,"Discord, Offhand Strike, Pugilist","Cornered, Destabilizing Rounds, Successful Warm-Up",4,,,Cornered+Offhand Strike | Cornered+Pugilist | Destabilizing Rounds+Discord | Destabilizing Rounds+Offhand Strike,3953163559
892,Abyss Defiant (Adept),preferred,Auto Rifle,Solar,0,1,0,1,0,"Burning Ambition, Reconstruction, Zen Moment","Binary Orbit, Collective Pugilism, Target Lock",4,,,Binary Orbit+Burning Ambition | Burning Ambition+Target Lock | Collective Pugilism+Reconstruction | Collective Pugilism+Zen Moment,3782662983
893,Dawn Far Off,preferred,Machine Gun,Solar,1,0,0,0,1,"Collective Demolition, Impromptu Ammunition, Light Touch","Aggregate Charge, Killing Tally, Redirection",5,,,Aggregate Charge+Light Touch | Collective Demolition+Killing Tally | Collective Demolition+Redirection | Impromptu Ammunition+Killing Tally | Light Touch+Redirection,2770617440
894,Ulterior Observation,preferred,Machine Gun,Stasis,1,0,0,0,1,"Demolitionist, Envious Arsenal, Headstone","Dynamic Sway Reduction, Killing Tally, Rimestealer",4,,,Demolitionist+Rimestealer | Dynamic Sway Reduction+Headstone | Envious Arsenal+Rimestealer | Headstone+Killing Tally,1079872540
895,Unending Tempest,preferred,Submachine Gun,Stasis,1,0,1,0,1,"Gutshot Straight, Killing Wind, Shot Swap","Fragile Focus, Rangefinder, Target Lock",4,,,Killing Wind+Rangefinder | Killing Wind+Target Lock | Rangefinder+Shot Swap | Shot Swap+Target Lock,2510526114
896,The Mountaintop,preferred,Grenade Launcher,Kinetic,1,0,0,0,1,"Ambitious Assassin, Impulse Amplifier, Slickdraw","Adrenaline Junkie, One for All, Recombination",4,,,Adrenaline Junkie+Ambitious Assassin | Adrenaline Junkie+Slickdraw | Impulse Amplifier+Recombination | One for All+Slickdraw,4043921923
897,The Martlet,preferred,Pulse Rifle,Void,1,0,0,0,1,"Lone Wolf, Loose Change, Repulsor Brace","Desperado, Kill Clip, Zen Moment",4,,,Desperado+Loose Change | Kill Clip+Repulsor Brace | Lone Wolf+Zen Moment | Loose Change+Zen Moment,877384
898,Veles-X,preferred,Pulse Rifle,Void,1,0,1,0,1,"Demoralize, Tunnel Vision, Wellspring","Desperado, Eye of the Storm, Golden Tricorn",4,,,Demoralize+Desperado | Demoralize+Eye of the Storm | Eye of the Storm+Wellspring | Golden Tricorn+Wellspring,438540299
899,Rufus's Fury (Adept),preferred,Auto Rifle,Strand,0,1,0,1,0,"Moving Target, Perpetual Motion, Pugilist","Hatchling, Paracausal Affinity, Target Lock",4,,,Moving Target+Paracausal Affinity | Moving Target+Target Lock | Paracausal Affinity+Pugilist | Perpetual Motion+Target Lock,342514437
900,Point of the Stag,preferred,Combat Bow,Arc,1,0,0,0,1,"Archer's Tempo, Shot Swap, Slickdraw","Dragonfly, Golden Tricorn Enhanced, Precision Instrument",4,,,Archer's Tempo+Golden Tricorn Enhanced | Dragonfly+Slickdraw | Golden Tricorn Enhanced+Shot Swap | Precision Instrument+Slickdraw,888872889
901,Permafrost,preferred,Grenade Launcher,Stasis,1,0,0,0,1,"Impromptu Ammunition, Lead from Gold, Rimestealer","Crystalline Corpsebloom, Pugilist, Reaper's Tithe",4,,,Crystalline Corpsebloom+Impromptu Ammunition | Lead from Gold+Pugilist | Pugilist+Rimestealer | Reaper's Tithe+Rimestealer,2922964484
902,Oxygen SR3,preferred,Scout Rifle,Solar,1,0,1,0,1,"Heal Clip, Pugilist, Rapid Hit","Binary Orbit, Box Breathing, One for All",4,,,Binary Orbit+Pugilist | Box Breathing+Pugilist | Heal Clip+One for All | One for All+Rapid Hit,4104613038
903,Nox Sidereal IV,preferred,Fusion Rifle,Stasis,1,0,1,0,1,"Proximity Power, Shot Swap, Stats for All","Crystalline Corpsebloom, Frenzy, Master of Arms",4,,,Crystalline Corpsebloom+Proximity Power | Frenzy+Proximity Power | Frenzy+Shot Swap | Master of Arms+Stats for All,2875763009
904,Hullabaloo,preferred,Grenade Launcher,Arc,1,0,0,0,1,"Envious Arsenal, Envious Assassin, Voltshot","Adrenaline Junkie, Cascade Point, Golden Tricorn",4,,,Adrenaline Junkie+Envious Arsenal | Cascade Point+Voltshot | Envious Arsenal+Golden Tricorn | Envious Assassin+Golden Tricorn,2666273249
905,Hezen Vengeance (Timelost),preferred,Rocket Launcher,Solar,0,1,0,1,0,"Auto-Loading Holster, Incandescent, Overflow","Bait and Switch, Collective Action, Lasting Impression",4,,,Auto-Loading Holster+Lasting Impression | Bait and Switch+Overflow | Collective Action+Incandescent | Incandescent+Lasting Impression,3623686757
906,The Beacon,preferred,Fusion Rifle,Solar,1,0,0,0,1,"Collective Pugilism, Demolitionist, Rewind Rounds","Burning Ambition, Closing Time, Successful Warm-Up",4,,,Closing Time+Collective Pugilism | Closing Time+Rewind Rounds | Demolitionist+Successful Warm-Up | Rewind Rounds+Successful Warm-Up,2161618499
907,Herod-C,preferred,Auto Rifle,Stasis,1,0,1,0,1,"Dynamic Sway Reduction, Ensemble, Fourth Time's the Charm","Moving Target, Tap the Trigger, Unrelenting",4,,,Dynamic Sway Reduction+Unrelenting | Ensemble+Moving Target | Ensemble+Tap the Trigger | Fourth Time's the Charm+Moving Target,2065366342
908,Gunburn,preferred,Submachine Gun,Kinetic,1,0,0,0,1,"Lead From Light, Lone Wolf, Stats for All","Ancillary Ordinance, Attrition Orbs, Target Lock",4,,,Ancillary Ordinance+Stats for All | Attrition Orbs+Lone Wolf | Lead From Light+Target Lock | Stats for All+Target Lock,3431536253
909,Forbearance (Adept),preferred,Grenade Launcher,Arc,0,1,0,1,0,"Genesis, Sleight of Hand, Surplus","Bait and Switch, Gear Shift, Rampage",4,,,Bait and Switch+Surplus | Gear Shift+Surplus | Rampage+Sleight of Hand | Rampage+Surplus,4038592169
910,Felwinter's Lie,preferred,Shotgun,Solar,1,0,0,0,1,"Cascade Point, Heal Clip, Lone Wolf","Closing Time, Iron Reach, Trench Barrel",4,,,Cascade Point+Trench Barrel | Closing Time+Heal Clip | Heal Clip+Iron Reach | Lone Wolf+Trench Barrel,218787950
911,Eleatic Principle,preferred,Machine Gun,Arc,1,0,0,1,1,"Eddy Current, Empty Traits Socket, Ensemble","Empty Traits Socket, Harmony, Rangefinder",4,,,Eddy Current+Empty Traits Socket | Eddy Current+Harmony | Empty Traits Socket+Rangefinder | Ensemble+Rangefinder,105306149
912,Anonymous Autumn,preferred,Sidearm,Arc,1,0,1,0,1,"Attrition Orbs, Discord, Zen Moment","Adrenaline Junkie, Multikill Clip, Voltshot",5,,,Adrenaline Junkie+Zen Moment | Attrition Orbs+Multikill Clip | Attrition Orbs+Voltshot | Discord+Multikill Clip | Discord+Voltshot,1644501332
913,Tatara Gaze,preferred,Sniper Rifle,Arc,1,0,1,0,1,"Impromptu Ammunition, Light Touch, Rewind Rounds","Box Breathing, Mega Kill Clip, Triple Tap",4,,,Box Breathing+Rewind Rounds | Impromptu Ammunition+Triple Tap | Light Touch+Triple Tap | Mega Kill Clip+Rewind Rounds,3595694326
914,Drang,preferred,Sidearm,Solar,1,0,0,1,1,"Collective Pugilism, Disruption Break, Loose Change","Aggregate Charge, Binary Orbit, Frenzy",4,,,Aggregate Charge+Loose Change | Binary Orbit+Loose Change | Collective Pugilism+Frenzy | Disruption Break+Frenzy,358190158
915,Division (Adept),preferred,Sidearm,Arc,0,1,0,0,1,"Eddy Current, Grave Robber, Perfect Float","Eye of the Storm, Offhand Strike, Voltshot",4,,,Eddy Current+Offhand Strike | Eye of the Storm+Perfect Float | Grave Robber+Voltshot | Perfect Float+Voltshot,3734001727
916,Dead Weight,preferred,Shotgun,Arc,0,0,1,0,1,"Grave Robber, Subsistence, Well-Rounded","Golden Tricorn, Snapshot Sights, Turnabout",4,,,Golden Tricorn+Grave Robber | Grave Robber+Turnabout | Snapshot Sights+Subsistence | Subsistence+Turnabout,3738678140
917,Corundum Hammer,preferred,Hand Cannon,Strand,1,0,0,0,1,"Firefly, Fragile Focus, Slice","Opening Shot, Precision Instrument, Tear",4,,,Firefly+Opening Shot | Firefly+Precision Instrument | Opening Shot+Slice | Precision Instrument+Slice,2263462407
918,Anamnesis (Adept),preferred,Combat Bow,Void,0,1,0,0,1,"Dragonfly, Successful Warm-Up, To the Pain","Explosive Head, Moving Target, Sword Logic",4,,,Explosive Head+To the Pain | Moving Target+Successful Warm-Up | Successful Warm-Up+Sword Logic | Sword Logic+To the Pain,3949253499
919,Aisha's Care,preferred,Pulse Rifle,Strand,1,0,0,0,1,"Gutshot Straight, To the Pain, Under Pressure","Collective Action, Hatchling, Moving Target",4,,,Collective Action+To the Pain | Gutshot Straight+Hatchling | Gutshot Straight+Moving Target | Moving Target+Under Pressure,3969379530
920,Retraced Path,preferred,Trace Rifle,Solar,1,0,0,1,1,"Adaptive Munitions, Genesis, Well-Rounded","Demolitionist, Focused Fury, Golden Tricorn",4,,,Adaptive Munitions+Demolitionist | Demolitionist+Well-Rounded | Focused Fury+Genesis | Genesis+Golden Tricorn,548958835
921,Pardon Our Dust,preferred,Grenade Launcher,Kinetic,1,0,0,1,1,"Ensemble, Killing Wind, Perpetual Motion","Pugilist, Rampage, Wellspring",4,,,Ensemble+Rampage | Ensemble+Wellspring | Killing Wind+Wellspring | Perpetual Motion+Pugilist,3849810018
922,Crisis Inverted,preferred,Hand Cannon,Arc,0,0,1,0,1,"Compulsive Reloader, Steady Hands, Tunnel Vision","Harmony, Opening Shot, Snapshot Sights",4,,,Compulsive Reloader+Opening Shot | Compulsive Reloader+Snapshot Sights | Harmony+Steady Hands | Opening Shot+Steady Hands,2888266564
923,Uzume RR4,preferred,Sniper Rifle,Solar,1,0,1,0,1,"Clown Cartridge, Lead from Gold, Snapshot Sights","Deconstruct, Explosive Payload, Golden Tricorn",3,,,Deconstruct+Snapshot Sights | Explosive Payload+Lead from Gold | Golden Tricorn+Snapshot Sights,2450917538
924,Trachinus,preferred,Shotgun,Stasis,1,0,0,0,1,"Rapid Hit, Rimestealer, Transcendent Moment","Chill Clip, Encore, Headstone",3,,,Chill Clip+Rapid Hit | Encore+Rimestealer | Headstone+Transcendent Moment,2888021254
925,The Ringing Nail,preferred,Auto Rifle,Solar,1,0,1,0,1,"Dragonfly, Impromptu Ammunition, Incandescent","Burning Ambition, Disruption Break, Onslaught",3,,,Burning Ambition+Dragonfly | Disruption Break+Impromptu Ammunition | Impromptu Ammunition+Onslaught,4206550094
926,The Inquisitor,preferred,Shotgun,Arc,1,0,0,0,1,"Envious Assassin, Offhand Strike, Perpetual Motion","Fragile Focus, Rolling Storm",3,,,Envious Assassin+Fragile Focus | Offhand Strike+Rolling Storm | Perpetual Motion+Rolling Storm,51129316
927,Praedyth's Revenge (Timelost),preferred,Sniper Rifle,Kinetic,0,1,0,1,0,"Bewildering Burst, Envious Arsenal, Kinetic Tremors","All-Star, Bait and Switch, Firefly",3,,,All-Star+Envious Arsenal | Bait and Switch+Bewildering Burst | Envious Arsenal+Firefly,2362652544
928,Fair Judgment,preferred,Auto Rifle,Stasis,1,0,1,0,1,"Deconstruct, Enlightened Action, Perpetual Motion","Built to Blast, Kill Clip",3,,,Built to Blast+Enlightened Action | Built to Blast+Perpetual Motion | Deconstruct+Kill Clip,4113452819
929,Cataphract GL3,preferred,Grenade Launcher,Strand,1,0,0,0,1,"Auto-Loading Holster, Blast Distributor, Lead From Light","Bait and Switch, Demolitionist, Full Court",3,,,Blast Distributor+Demolitionist | Demolitionist+Lead From Light | Full Court+Lead From Light,3805679279
930,Trendsetter,preferred,Auto Rifle,Arc,1,0,0,0,1,"Ambitious Assassin, Outlaw, Trickle Charge","Rampage, Rolling Storm, Tap the Trigger",3,,,Outlaw+Rolling Storm | Rampage+Trickle Charge | Tap the Trigger+Trickle Charge,2863808104
931,Theodolite,preferred,Grenade Launcher,Arc,1,0,1,0,1,"Danger Zone, Reconstruction, Reverberation","Binary Orbit, Rolling Storm, Voltshot",3,,,Binary Orbit+Danger Zone | Reconstruction+Rolling Storm | Reverberation+Voltshot,4146673635
932,The Forward Path,preferred,Auto Rifle,Kinetic,1,0,0,0,1,"Feeding Frenzy, Fourth Time's the Charm, Grave Robber","Iron Gaze, Iron Grip, Multikill Clip",3,,,Fourth Time's the Charm+Iron Grip | Fourth Time's the Charm+Multikill Clip | Grave Robber+Iron Gaze,1690783811
933,Sorrow's Verse,preferred,Auto Rifle,Arc,1,0,1,0,1,"Recycled Energy, Subsistence, Tap the Trigger","Kill Clip, Rampage, Voltshot",3,,,Kill Clip+Tap the Trigger | Rampage+Recycled Energy | Subsistence+Voltshot,2557966895
934,Reed's Regret,preferred,Linear Fusion Rifle,Stasis,1,0,0,0,1,"Auto-Loading Holster, Clown Cartridge, Hip-Fire Grip","Adagio, Firing Line, Focused Fury",3,,,Adagio+Auto-Loading Holster | Auto-Loading Holster+Focused Fury | Firing Line+Hip-Fire Grip,3267997292
935,Rapacious Appetite,preferred,Submachine Gun,Stasis,1,0,0,1,1,"Empty Traits Socket, Invisible Hand, Well-Rounded","Cascade Point, Empty Traits Socket, One for All",3,,,Cascade Point+Empty Traits Socket | Cascade Point+Well-Rounded | Invisible Hand+One for All,1081724548
936,Rake Angle,preferred,Glaive,Stasis,1,0,1,0,1,"Overflow, Pugilist, Replenishing Aegis","Chill Clip, Close to Melee, Unstoppable Force",3,,,Chill Clip+Overflow | Close to Melee+Pugilist | Overflow+Unstoppable Force,2298039571
937,Qua Nilus II,preferred,Submachine Gun,Strand,1,0,1,0,1,"Encore, Proximity Power, Transcendent Moment","Binary Orbit, Dragonfly, Harmony",3,,,Binary Orbit+Encore | Dragonfly+Proximity Power | Harmony+Transcendent Moment,190747610
938,Yeartide Apex,preferred,Submachine Gun,Solar,1,0,0,0,1,"Feeding Frenzy, Heal Clip, Recycled Energy","Burning Ambition, Chaos Reshaped, Harmony",3,,,Burning Ambition+Feeding Frenzy | Chaos Reshaped+Recycled Energy | Harmony+Heal Clip,3293207827
939,Psi Aeterna IV,preferred,Pulse Rifle,Arc,1,0,1,0,1,"Beacon Rounds, Stats for All","Collective Pugilism, Elemental Honing, Jolting Feedback",3,,,Beacon Rounds+Collective Pugilism | Elemental Honing+Stats for All | Jolting Feedback+Stats for All,3556730800
940,Whatchamacallit,preferred,Submachine Gun,Arc,1,0,1,0,1,"Collective Pugilism, Stats for All","Gear Shift, Rangefinder, Sword Logic",3,,,Collective Pugilism+Rangefinder | Collective Pugilism+Sword Logic | Gear Shift+Stats for All,357669417
941,Patron of Lost Causes,preferred,Scout Rifle,Kinetic,1,0,0,0,1,"Full Auto Trigger System, Mulligan, Rapid Hit","Elemental Capacitor, Explosive Payload, Osmosis",3,,,Explosive Payload+Mulligan | Full Auto Trigger System+Osmosis | Osmosis+Rapid Hit,2723241847
942,Nox Perennial V,preferred,Fusion Rifle,Strand,1,0,0,0,1,"Envious Assassin, Fragile Focus, Loose Change","Collective Action, Controlled Burst, Kickstart",3,,,Collective Action+Envious Assassin | Controlled Burst+Loose Change | Fragile Focus+Kickstart,2767393525
943,Main Ingredient,preferred,Fusion Rifle,Arc,1,0,1,0,1,"Hip-Fire Grip, Snapshot Sights, Under Pressure","Quickdraw, Tap the Trigger",3,,,Hip-Fire Grip+Quickdraw | Quickdraw+Under Pressure | Snapshot Sights+Tap the Trigger,253196586
944,Death Adder,preferred,Submachine Gun,Solar,1,0,0,0,1,"Dynamic Sway Reduction, Mulligan, Subsistence","Disruption Break, Dragonfly, Quickdraw",3,,,Disruption Break+Dynamic Sway Reduction | Dragonfly+Mulligan | Quickdraw+Subsistence,2742490609
945,Lotus-Eater,preferred,Sidearm,Void,1,0,1,0,1,"Beacon Rounds, Feeding Frenzy, Strategist","Adrenaline Junkie, Destabilizing Rounds, Withering Gaze",3,,,Adrenaline Junkie+Strategist | Beacon Rounds+Destabilizing Rounds | Feeding Frenzy+Withering Gaze,3922217119
946,Last Thursday,preferred,Pulse Rifle,Strand,1,0,0,0,1,"Built to Blast, Rapid Hit, Strategist","Binary Orbit, Elemental Honing, Slice",3,,,Binary Orbit+Strategist | Elemental Honing+Strategist | Rapid Hit+Slice,3813721211
947,Infinite Paths 8,preferred,Pulse Rifle,Arc,1,0,0,0,1,"Demolitionist, Genesis, Moving Target","Dragonfly, Shield Disorient",3,,,Demolitionist+Shield Disorient | Dragonfly+Genesis | Moving Target+Shield Disorient,3233390913
948,Faustus Decline,preferred,Sidearm,Stasis,1,0,0,0,1,"Demolitionist, Hip-Fire Grip, Rangefinder","Headstone, Offhand Strike, Precision Instrument",3,,,Demolitionist+Precision Instrument | Headstone+Rangefinder | Hip-Fire Grip+Precision Instrument,1663482635
949,Sublimation,preferred,Scout Rifle,Arc,1,0,0,0,1,"Moving Target, Shoot to Loot, Sympathetic Arsenal","No Distractions, Redirection, Voltshot",4,,,Moving Target+Redirection | Moving Target+Voltshot | No Distractions+Shoot to Loot | Sympathetic Arsenal+Voltshot,1674692344
950,Forgiveness,preferred,Sidearm,Arc,1,0,0,0,1,"Lone Wolf, Voltshot, Zen Moment","Desperate Measures, Loose Change, Surrounded",4,,,Desperate Measures+Voltshot | Lone Wolf+Surrounded | Loose Change+Voltshot | Surrounded+Zen Moment,1552443158
951,False Idols,preferred,Sword,Solar,1,0,0,1,1,"Eager Edge, Incandescent, Unrelenting","Bait and Switch, Burning Ambition, Counterattack",3,,,Burning Ambition+Unrelenting | Counterattack+Incandescent | Counterattack+Unrelenting,4207120603
952,Eighty-Six,preferred,Sword,Strand,1,0,0,0,1,"Duelist's Trance, Flash Counter, Lead From Light","En Garde, Hatchling, Redirection",3,,,En Garde+Lead From Light | Flash Counter+Redirection | Lead From Light+Redirection,2344383760
953,Belisarius-D,preferred,Pulse Rifle,Strand,1,0,1,0,1,"Dragonfly, Slice, Tear","Elemental Honing, Eye of the Storm, Hatchling",3,,,Dragonfly+Hatchling | Elemental Honing+Tear | Eye of the Storm+Slice,747743637
954,Aureus Neutralizer,preferred,Hand Cannon,Kinetic,1,0,0,0,1,"Barrel Constrictor, Grave Robber, Threat Remover","Adagio, Cascade Point, Closing Time",3,,,Adagio+Barrel Constrictor | Cascade Point+Grave Robber | Closing Time+Threat Remover,3981920134
955,Ascendancy,preferred,Rocket Launcher,Solar,1,0,1,0,1,"Attrition Orbs, Field Prep, Lead From Light","Bipod, Cluster Bomb, Lasting Impression",3,,,Attrition Orbs+Lasting Impression | Bipod+Lead From Light | Cluster Bomb+Lead From Light,1713388226
956,Folded Root,preferred,Rocket Launcher,Void,1,0,0,0,1,"Air Trigger, Cluster Bomb, Danger Zone","Chain Reaction, Destabilizing Rounds, Lasting Impression",3,,,Air Trigger+Lasting Impression | Chain Reaction+Cluster Bomb | Danger Zone+Destabilizing Rounds,3184457500
957,Aisha's Embrace,preferred,Scout Rifle,Void,1,0,0,0,1,"Encore, Eye of the Storm, Vorpal Weapon","Destabilizing Rounds, Sword Logic, Withering Gaze",3,,,Destabilizing Rounds+Vorpal Weapon | Encore+Withering Gaze | Eye of the Storm+Sword Logic,3709368142
958,Agape,preferred,Hand Cannon,Solar,1,0,0,0,1,"Encore, Heal Clip, Outlaw","Firefly, Fragile Focus, Master of Arms",3,,,Encore+Firefly | Fragile Focus+Heal Clip | Heal Clip+Master of Arms,4124362340
959,Tusk of the Boar,preferred,Grenade Launcher,Strand,1,0,0,0,1,"Envious Assassin, Slideways","Deconstruct, Hatchling, Swashbuckler",3,,,Deconstruct+Envious Assassin | Envious Assassin+Swashbuckler | Hatchling+Slideways,1218113510
960,Trinary System,preferred,Fusion Rifle,Solar,0,0,1,0,1,"Quickdraw, Slideways, Under Pressure","Backup Plan, High-Impact Reserves, Unrelenting",3,,,High-Impact Reserves+Quickdraw | High-Impact Reserves+Slideways | Quickdraw+Unrelenting,3258665412
961,Empty Vessel,preferred,Grenade Launcher,Solar,1,0,1,0,1,"Field Prep, Genesis, Surplus","Danger Zone, Multikill Clip, One for All",4,,,Danger Zone+Genesis | Danger Zone+Surplus | Field Prep+Multikill Clip | Multikill Clip+Surplus,198068259
962,Bottom Dollar,preferred,Hand Cannon,Void,1,0,1,0,1,"Pulse Monitor, Rangefinder, Slideshot","Demolitionist, Disruption Break, Dragonfly",4,,,Demolitionist+Slideshot | Disruption Break+Rangefinder | Dragonfly+Pulse Monitor | Dragonfly+Slideshot,2953199259
963,Astral Horizon,preferred,Shotgun,Kinetic,1,0,0,0,1,"Pulse Monitor, Surplus, Threat Detector","Celerity, Killing Wind, Opening Shot",4,,,Celerity+Threat Detector | Killing Wind+Pulse Monitor | Killing Wind+Threat Detector | Opening Shot+Surplus,1697682876
964,The Palindrome,preferred,Hand Cannon,Arc,1,0,1,0,1,"Collective Demolition, Explosive Payload, Outlaw","Magnificent Howl, Master of Arms, Opening Shot",3,,,Explosive Payload+Magnificent Howl | Explosive Payload+Master of Arms | Magnificent Howl+Outlaw,3303271523
965,The Messenger,preferred,Pulse Rifle,Kinetic,1,0,0,0,1,"Discord, Outlaw, Rapid Hit","Desperado, Encore, Harmony",3,,,Desperado+Discord | Discord+Encore | Harmony+Rapid Hit,3796795102
966,Jurisprudent,preferred,Scout Rifle,Stasis,1,0,0,0,1,"Built to Blast, Lone Wolf, Recycled Energy","Focused Fury, Harmony, No Distractions",3,,,Built to Blast+Focused Fury | Focused Fury+Recycled Energy | Lone Wolf+No Distractions,4090134063
967,Returned Memory,preferred,Sidearm,Solar,1,0,1,0,1,"Blast Distributor, Impulse Amplifier, Lead from Gold","Burning Ambition, Desperate Measures, Incandescent",3,,,Blast Distributor+Incandescent | Burning Ambition+Lead from Gold | Desperate Measures+Impulse Amplifier,4049127142
968,Pre Astyanax IV,preferred,Combat Bow,Solar,1,0,1,0,1,"Rapid Hit, Successful Warm-Up, Transcendent Moment","Explosive Head, Swashbuckler",3,,,Explosive Head+Rapid Hit | Explosive Head+Transcendent Moment | Successful Warm-Up+Swashbuckler,471764396
969,No Reprieve,preferred,Shotgun,Stasis,1,0,0,1,1,"Feeding Frenzy, Pugilist, Stats for All","Empty Traits Socket, Harmony, Swashbuckler",3,,,Empty Traits Socket+Feeding Frenzy | Harmony+Stats for All | Stats for All+Swashbuckler,2531963421
970,Kept Confidence,preferred,Hand Cannon,Strand,1,0,0,1,1,"Air Assault, Invisible Hand, Loose Change","Empty Traits Socket, Eye of the Storm, Pugilist",3,,,Air Assault+Empty Traits Socket | Eye of the Storm+Invisible Hand | Loose Change+Pugilist,1875512595
971,Aurvandil FR6,preferred,Fusion Rifle,Stasis,1,0,0,0,1,"Hip-Fire Grip, Reconstruction, Subsistence","Chill Clip, Demolitionist, Elemental Capacitor",3,,,Chill Clip+Hip-Fire Grip | Demolitionist+Reconstruction | Elemental Capacitor+Subsistence,3786215462
972,Nameless Midnight,preferred,Scout Rifle,Kinetic,1,0,1,0,1,"Grave Robber, High-Impact Reserves, Triple Tap","Opening Shot, Outlaw, Rangefinder",3,,,Grave Robber+Rangefinder | High-Impact Reserves+Opening Shot | Outlaw+Triple Tap,3040742682
973,Luna's Howl,preferred,Hand Cannon,Solar,1,0,0,0,1,"Discord, Encore, Eye of the Storm","Incandescent, Magnificent Howl, Opening Shot",3,,,Discord+Magnificent Howl | Encore+Opening Shot | Eye of the Storm+Incandescent,3757612024
974,Last Foray,preferred,Sniper Rifle,Solar,1,0,0,0,1,"Envious Assassin, Keep Away, Moving Target","Bait and Switch, Incandescent, Triple Tap",3,,,Bait and Switch+Moving Target | Envious Assassin+Triple Tap | Keep Away+Triple Tap,4118936670
975,Mistral Lift,preferred,Linear Fusion Rifle,Void,1,0,0,0,1,"Clown Cartridge, Reconstruction, Withering Gaze","Golden Tricorn Enhanced, Precision Instrument, Vorpal Weapon",3,,,Clown Cartridge+Vorpal Weapon | Golden Tricorn Enhanced+Withering Gaze | Precision Instrument+Reconstruction,3483485727
976,Mechabre,preferred,Sniper Rifle,Arc,1,0,0,0,1,"Auto-Loading Holster, Eddy Current, Snapshot Sights","Adrenaline Junkie, High Ground, Opening Shot",3,,,Adrenaline Junkie+Snapshot Sights | Eddy Current+Opening Shot | High Ground+Snapshot Sights,3871226707
977,Igneous Hammer,preferred,Hand Cannon,Solar,1,0,0,0,1,"Rangefinder, Rapid Hit, Slickdraw","Golden Tricorn Enhanced, Incandescent, Moving Target",3,,,Golden Tricorn Enhanced+Rangefinder | Incandescent+Rapid Hit | Moving Target+Slickdraw,1973107014
978,Hardline Cut,preferred,Sword,Arc,1,0,0,0,1,"Assassin's Blade, Proximity Power, Sharp Harvest","Eager Edge, Jolting Feedback, Surrounded",3,,,Assassin's Blade+Jolting Feedback | Eager Edge+Proximity Power | Sharp Harvest+Surrounded,3461043766
979,Haliaetus,preferred,Rocket Launcher,Strand,1,0,0,0,1,"Auto-Loading Holster, Cluster Bomb, Envious Assassin","Binary Orbit, Bipod, Collective Pugilism",3,,,Auto-Loading Holster+Binary Orbit | Binary Orbit+Cluster Bomb | Cluster Bomb+Collective Pugilism,2155534128
980,Motif-41,preferred,Grenade Launcher,Solar,1,0,0,0,1,"Stats for All, Threat Detector, Wellspring","Attrition Orbs, Incandescent, Reverberation",3,,,Attrition Orbs+Threat Detector | Incandescent+Wellspring | Reverberation+Stats for All,1685533876
981,Eye of Sol,preferred,Sniper Rifle,Kinetic,1,0,0,0,1,"Fragile Focus, Moving Target, Shot Swap","Deconstruct, Firing Line, Snapshot Sights",3,,,Deconstruct+Moving Target | Firing Line+Fragile Focus | Shot Swap+Snapshot Sights,1401300690
982,Taipan-4fr,preferred,Linear Fusion Rifle,Void,1,0,0,1,1,"Empty Traits Socket, Ensemble, Field Prep","Box Breathing, Empty Traits Socket, Repulsor Brace",3,,,Box Breathing+Empty Traits Socket | Empty Traits Socket+Field Prep | Field Prep+Repulsor Brace,1911060537
983,Exalted Truth,preferred,Hand Cannon,Void,1,0,0,0,1,"Destabilizing Rounds, Keep Away, Zen Moment","Demoralize, Magnificent Howl, Repulsor Brace",3,,,Keep Away+Magnificent Howl | Keep Away+Repulsor Brace | Magnificent Howl+Zen Moment,3436626079
984,Boomslang-4fr,preferred,Linear Fusion Rifle,Arc,1,0,1,0,1,"Envious Arsenal, Field Prep, Transcendent Moment","Binary Orbit, Reservoir Burst, Successful Warm-Up",3,,,Envious Arsenal+Reservoir Burst | Field Prep+Reservoir Burst | Successful Warm-Up+Transcendent Moment,3926153598
985,Null Composure,preferred,Fusion Rifle,Void,1,0,1,0,1,"Feeding Frenzy, Overflow, Reconstruction","Elemental Honing, High-Impact Reserves, Master of Arms",3,,,Elemental Honing+Feeding Frenzy | High-Impact Reserves+Overflow | Master of Arms+Reconstruction,3613444087
986,Aurora Dawn,preferred,Sword,Stasis,1,0,1,0,1,"Proximity Power, Rimestealer, Sharp Harvest","Binary Orbit, Vorpal Weapon, Whirlwind Blade",3,,,Proximity Power+Whirlwind Blade | Rimestealer+Whirlwind Blade | Sharp Harvest+Vorpal Weapon,2111625436
987,Archon's Thunder,preferred,Machine Gun,Stasis,1,0,0,0,1,"Air Trigger, Enlightened Action, Fourth Time's the Charm","Killing Tally, Onslaught, Rewind Rounds",3,,,Air Trigger+Onslaught | Enlightened Action+Killing Tally | Fourth Time's the Charm+Rewind Rounds,2896109856
988,Acosmic,preferred,Grenade Launcher,Void,1,0,0,0,1,"Air Trigger, Clown Cartridge, Reverberation","Bait and Switch, Destabilizing Rounds, Explosive Light",3,,,Bait and Switch+Reverberation | Clown Cartridge+Explosive Light | Explosive Light+Reverberation,1106017703
989,Acasia's Dejection (Adept),preferred,Trace Rifle,Solar,0,1,0,1,0,"Burning Ambition, Collective Demolition, Hip-Fire Grip","Chaos Reshaped, Incandescent, Paracausal Affinity",3,,,Collective Demolition+Incandescent | Hip-Fire Grip+Incandescent | Hip-Fire Grip+Paracausal Affinity,3493494807
990,Wastelander M5,preferred,Shotgun,Kinetic,1,0,0,1,1,"Air Assault, Pugilist, Subsistence","Adagio, Opening Shot, Trench Barrel",3,,,Adagio+Pugilist | Air Assault+Opening Shot | Subsistence+Trench Barrel,1679868061
991,Tomorrow's Answer,preferred,Rocket Launcher,Void,1,0,0,0,1,"Air Trigger, Envious Arsenal, Tracking Module","Cluster Bomb, Frenzy",3,,,Air Trigger+Frenzy | Cluster Bomb+Envious Arsenal | Frenzy+Tracking Module,3009199534
992,Timeworn Wayfarer,preferred,Scout Rifle,Solar,1,0,0,1,1,"Shoot to Loot, Strategist","Incandescent, Opening Shot, Snapshot Sights",3,,,Incandescent+Strategist | Opening Shot+Strategist | Shoot to Loot+Snapshot Sights,1058098236
993,Sightline Survey,preferred,Hand Cannon,Arc,1,0,0,1,1,"Air Trigger, Enlightened Action, Fragile Focus","Desperate Measures, Empty Traits Socket, Encore",3,,,Air Trigger+Empty Traits Socket | Desperate Measures+Fragile Focus | Empty Traits Socket+Enlightened Action,2350330520
994,Tarnished Mettle,preferred,Scout Rifle,Arc,1,0,0,1,1,"Demolitionist, Empty Traits Socket, Killing Wind","Dragonfly, Empty Traits Socket, Focused Fury",3,,,Demolitionist+Empty Traits Socket | Dragonfly+Empty Traits Socket | Focused Fury+Killing Wind,2218569744
995,Aberrant Action,preferred,Sidearm,Solar,1,0,0,1,1,"Beacon Rounds, Empty Traits Socket, Pugilist","Golden Tricorn, Golden Tricorn Enhanced, Harmony",3,,,Beacon Rounds+Golden Tricorn Enhanced | Beacon Rounds+Harmony | Empty Traits Socket+Golden Tricorn,2198166292
996,Sixth Sense,preferred,Hand Cannon,Strand,1,0,0,0,1,"Built to Blast, Demolitionist, Lucky Shot","Desperate Measures, Opening Shot, Tear",3,,,Built to Blast+Opening Shot | Demolitionist+Tear | Lucky Shot+Opening Shot,4032097591
997,Qua Vinctus IV,preferred,Machine Gun,Strand,1,0,1,0,1,"Built to Blast, Hatchling, Slice","Killing Tally, Meganeura, Rewind Rounds",3,,,Hatchling+Rewind Rounds | Killing Tally+Slice | Meganeura+Slice,4176551594
998,Scintillation,preferred,Linear Fusion Rifle,Strand,1,0,1,0,1,"Auto-Loading Holster, Cornered, Slice","Bait and Switch, Firing Line, Surrounded",3,,,Auto-Loading Holster+Surrounded | Bait and Switch+Cornered | Firing Line+Slice,2591257541
999,Mos Athanor IV,preferred,Hand Cannon,Void,1,0,1,0,1,"Built to Blast, Moving Target, Slideways","Demoralize, Eye of the Storm, Sword Logic",3,,,Built to Blast+Sword Logic | Demoralize+Moving Target | Eye of the Storm+Slideways,4118334987
1000,Convened Recurve,preferred,Combat Bow,Void,1,0,1,0,1,"Built to Blast, Successful Warm-Up, Withering Gaze","Adagio, Butterfly, Destabilizing Rounds",3,,,Adagio+Withering Gaze | Built to Blast+Destabilizing Rounds | Butterfly+Successful Warm-Up,3667861447
1001,Ragnhild-D,preferred,Shotgun,Kinetic,1,0,0,1,1,"Dual Loader, Perpetual Motion, Steady Hands","Empty Traits Socket, Frenzy, One-Two Punch",3,,,Dual Loader+Frenzy | Empty Traits Socket+Perpetual Motion | One-Two Punch+Steady Hands,4225322581
1002,PLUG ONE.1,preferred,Fusion Rifle,Arc,1,0,1,0,1,"Under Pressure, Well-Rounded","Kickstart, Voltshot",3,,,Kickstart+Well-Rounded | Under Pressure+Voltshot | Voltshot+Well-Rounded,3293524502
1003,Ogma PR6,preferred,Pulse Rifle,Solar,1,0,0,0,1,"Stats for All, Unrelenting","Disruption Break, Dragonfly, Turnabout",3,,,Disruption Break+Stats for All | Dragonfly+Unrelenting | Turnabout+Unrelenting,324584912
1004,Maahes HC4,preferred,Hand Cannon,Void,1,0,0,0,1,"Enlightened Action, Pulse Monitor, Rapid Hit","Disruption Break, Frenzy, Golden Tricorn Enhanced",3,,,Disruption Break+Rapid Hit | Enlightened Action+Golden Tricorn Enhanced | Frenzy+Pulse Monitor,1246793994
1005,Nasreddin,preferred,Sword,Arc,1,0,0,0,1,"Energy Transfer, Flash Counter, Wellspring","Eager Edge, One for All, Rolling Storm",3,,,Eager Edge+Flash Counter | Energy Transfer+One for All | One for All+Wellspring,1979417829
1006,Crowning Duologue,preferred,Rocket Launcher,Strand,1,0,0,0,1,"Auto-Loading Holster, Demolitionist, Grave Robber","Bipod, Deconstruct, Envious Assassin",3,,,Auto-Loading Holster+Envious Assassin | Bipod+Grave Robber | Deconstruct+Demolitionist,4106757302
1007,Seraphine Haze,preferred,Submachine Gun,Stasis,1,0,1,0,1,"Demolitionist, Hip-Fire Grip","Collective Pugilism, Crystalline Corpsebloom",2,,,Collective Pugilism+Demolitionist | Crystalline Corpsebloom+Hip-Fire Grip,1524387902
1008,Keen Thistle,preferred,Sniper Rifle,Solar,1,0,0,0,1,"Envious Arsenal, Incandescent, Lone Wolf","Bait and Switch, Closing Time, Fourth Time's the Charm",2,,,Closing Time+Incandescent | Fourth Time's the Charm+Lone Wolf,2499834164
1009,Inbound Surveillance,preferred,Scout Rifle,Kinetic,1,0,0,0,1,"Lucky Shot, Rapid Hit","Adhesive Ordnance, Frenzy",2,,,Adhesive Ordnance+Rapid Hit | Frenzy+Lucky Shot,2776506837
1010,Blast Furnace,preferred,Pulse Rifle,Kinetic,1,0,1,0,1,"Kinetic Tremors, Snapshot Sights","Kill Clip, One for All",2,,,Kill Clip+Kinetic Tremors | One for All+Snapshot Sights,2533990645
1011,Ahab Char,preferred,Auto Rifle,Solar,1,0,0,0,1,"Grave Robber, Heal Clip","Burning Ambition, High-Impact Reserves",2,,,Burning Ambition+Grave Robber | Heal Clip+High-Impact Reserves,1411560894
1012,The Immortal,preferred,Submachine Gun,Strand,1,0,0,0,1,"Dynamic Sway Reduction, Hatchling, Keep Away","Demolitionist, Lone Wolf, Transcendent Moment",2,,,Demolitionist+Keep Away | Dynamic Sway Reduction+Transcendent Moment,2872063099
1013,Sole Survivor,preferred,Sniper Rifle,Arc,1,0,1,0,1,"Eddy Current, Lead from Gold","Firing Line, Focused Fury",2,,,Eddy Current+Focused Fury | Firing Line+Lead from Gold,1150492185
1014,Roar of the Bear,preferred,Rocket Launcher,Solar,1,0,0,0,1,"Snapshot Sights, Tracking Module","Cluster Bomb, Incandescent",2,,,Cluster Bomb+Snapshot Sights | Incandescent+Tracking Module,4009352833
1015,Riiswalker,preferred,Shotgun,Kinetic,1,0,0,0,1,"Discord, Shot Swap","Iron Reach, Vorpal Weapon",2,,,Discord+Iron Reach | Shot Swap+Vorpal Weapon,1764868900
1016,Perfect Pitch,preferred,Submachine Gun,Solar,1,0,1,0,1,"Heal Clip, Subsistence",Rangefinder,2,,,Heal Clip+Rangefinder | Rangefinder+Subsistence,2191451996
1017,Malediction,preferred,Hand Cannon,Kinetic,1,0,1,0,1,"Moving Target, Shoot to Loot, Sleight of Hand","All-Star, Eye of the Storm, Redirection",2,,,All-Star+Moving Target | Eye of the Storm+Sleight of Hand,979721268
1018,Insurmountable,preferred,Sidearm,Void,1,0,0,0,1,"Air Trigger, To the Pain","Harmony, One for All",2,,,Air Trigger+Harmony | One for All+To the Pain,2596736862
1019,Everburning Glitz,preferred,Auto Rifle,Kinetic,1,0,0,0,1,"Attrition Orbs, Bewildering Burst, Dynamic Sway Reduction","Ancillary Ordinance, Eye of the Storm, Zen Moment",3,,,Ancillary Ordinance+Dynamic Sway Reduction | Attrition Orbs+Zen Moment | Bewildering Burst+Eye of the Storm,2857870254
1020,Horror Story,preferred,Auto Rifle,Stasis,1,0,0,0,1,"Dynamic Sway Reduction, Elemental Capacitor","Headstone, Vorpal Weapon",2,,,Dynamic Sway Reduction+Vorpal Weapon | Elemental Capacitor+Headstone,2884070594
1021,Duty Bound,preferred,Auto Rifle,Kinetic,1,0,1,0,1,"Stats for All, Steady Hands","Fourth Time's the Charm, Rampage",2,,,Fourth Time's the Charm+Steady Hands | Rampage+Stats for All,435216110
1022,Deadlock,preferred,Shotgun,Stasis,1,0,1,0,1,"Perpetual Motion, Surplus","Master of Arms, Snapshot Sights",2,,,Master of Arms+Surplus | Perpetual Motion+Snapshot Sights,3926987546
1023,D.F.A.,preferred,Hand Cannon,Kinetic,1,0,1,0,1,"Fragile Focus, Steady Hands","Rampage, Timed Payload",2,,,Fragile Focus+Rampage | Steady Hands+Timed Payload,575830664
1024,Crowd Pleaser,preferred,Grenade Launcher,Void,0,0,1,0,1,"Clown Cartridge, Field Prep, Genesis","Chain Reaction, Moving Target, Quickdraw",2,,,Clown Cartridge+Moving Target | Genesis+Moving Target,3565520715
1025,Yesterday's Question,preferred,Hand Cannon,Arc,1,0,0,0,1,Dragonfly,"Vorpal Weapon, Zen Moment",2,,,Dragonfly+Vorpal Weapon | Dragonfly+Zen Moment,2300143112
1026,The Time-Worn Spire,preferred,Pulse Rifle,Kinetic,1,0,0,0,1,"Slideways, Under Pressure",Iron Reach,2,,,Iron Reach+Slideways | Iron Reach+Under Pressure,3593598010
1027,The Keening,preferred,Sidearm,Arc,1,0,1,0,1,"Killing Wind, Voltshot","Vorpal Weapon, Zen Moment",2,,,Killing Wind+Zen Moment | Voltshot+Vorpal Weapon,3902351469
1028,Taraxippos,preferred,Scout Rifle,Strand,1,0,0,0,1,"Closing Time, Enlightened Action, Fourth Time's the Charm","Eye of the Storm, Hatchling, High Ground",2,,,Enlightened Action+High Ground | Fourth Time's the Charm+Hatchling,4148460558
1029,Syncopation-53,preferred,Pulse Rifle,Stasis,1,0,0,1,1,"Hip-Fire Grip, Steady Hands","Headseeker, Rangefinder",2,,,Headseeker+Hip-Fire Grip | Rangefinder+Steady Hands,2856514843
1030,Survivor's Epitaph,preferred,Hand Cannon,Kinetic,1,0,1,0,1,"Feeding Frenzy, Outlaw","Explosive Payload, Precision Instrument",2,,,Explosive Payload+Feeding Frenzy | Outlaw+Precision Instrument,4059111040
1031,Spoiler Alert,preferred,Sidearm,Kinetic,1,0,1,0,1,"Feeding Frenzy, Under Pressure","Osmosis, Swashbuckler",2,,,Feeding Frenzy+Osmosis | Swashbuckler+Under Pressure,2588048270
1032,Sola's Scar,preferred,Sword,Solar,1,0,0,0,1,"Demolitionist, Eager Edge","Elemental Honing, Whirlwind Blade",2,,,Demolitionist+Whirlwind Blade | Eager Edge+Elemental Honing,4089030727
1033,Shayura's Wrath,preferred,Submachine Gun,Void,1,0,0,0,1,"Dynamic Sway Reduction, Quickdraw, Tunnel Vision","Adrenaline Junkie, Celerity, Elemental Capacitor",2,,,Adrenaline Junkie+Quickdraw | Elemental Capacitor+Tunnel Vision,3682803680
1034,Phoneutria Fera,preferred,Hand Cannon,Solar,1,0,0,0,1,"Slideshot, Transcendent Moment","Binary Orbit, Surrounded",2,,,Binary Orbit+Slideshot | Surrounded+Transcendent Moment,3804242795
1035,Mercury-A,preferred,Combat Bow,Kinetic,1,0,1,0,1,"Successful Warm-Up, Tunnel Vision","Adagio, Precision Instrument",2,,,Adagio+Tunnel Vision | Precision Instrument+Successful Warm-Up,2838279629
1036,MIDA Macro-Tool,preferred,Shotgun,Arc,1,0,1,0,1,"Discord, Grave Robber","Master of Arms, Trench Barrel",2,,,Discord+Trench Barrel | Grave Robber+Master of Arms,2699423382
1037,Loaded Question,preferred,Fusion Rifle,Arc,1,0,1,0,1,"Envious Assassin, Under Pressure","Eye of the Storm, Harmony",2,,,Envious Assassin+Eye of the Storm | Harmony+Under Pressure,3125454907
1038,Kindled Orchid,preferred,Hand Cannon,Void,1,0,1,0,1,"Rangefinder, Repulsor Brace","Destabilizing Rounds, Explosive Payload",2,,,Destabilizing Rounds+Rangefinder | Explosive Payload+Repulsor Brace,3961462214
1039,Fortunate Star,preferred,Combat Bow,Void,1,0,0,0,1,"Dragonfly, Impromptu Ammunition, Killing Wind","Archer's Gambit, Demoralize, Destabilizing Rounds",2,,,Archer's Gambit+Dragonfly | Demoralize+Killing Wind,2631466936
1040,Cry Mutiny,preferred,Grenade Launcher,Solar,1,0,1,0,1,"Blast Distributor, Danger Zone, Demolitionist","Adrenaline Junkie, Full Court, Mega Kill Clip",2,,,Demolitionist+Full Court | Demolitionist+Mega Kill Clip,768696858
1041,Cold Denial,preferred,Pulse Rifle,Kinetic,1,0,0,0,1,"Ambitious Assassin, Zen Moment","Desperado, Eye of the Storm",2,,,Ambitious Assassin+Desperado | Eye of the Storm+Zen Moment,558794124
1042,Warden's Law,preferred,Hand Cannon,Kinetic,1,0,1,0,1,Discord,Zen Moment,1,,,Discord+Zen Moment,1821529912
1043,Redrix's Estoc,preferred,Pulse Rifle,Stasis,1,0,1,0,1,Lone Wolf,Rapid Hit,1,,,Lone Wolf+Rapid Hit,3218364298
1044,Pure Recollection,preferred,Shotgun,Void,1,0,1,0,1,Dual Loader,Withering Gaze,1,,,Dual Loader+Withering Gaze,1956186483
1045,Outrageous Fortune,preferred,Grenade Launcher,Solar,1,0,1,0,1,Stats for All,Full Court,1,,,Full Court+Stats for All,4146673634
1046,Multimach CCX,preferred,Submachine Gun,Kinetic,1,0,0,0,1,Under-Over,Iron Reach,1,,,Iron Reach+Under-Over,3211624072
1047,Gizmo Weft,preferred,Grenade Launcher,Strand,1,0,0,0,1,Air Trigger,Hatchling,1,,,Air Trigger+Hatchling,4069880346
1048,Evening SI4,preferred,Sidearm,Solar,1,0,1,0,1,Offhand Strike,Collective Pugilism,1,,,Collective Pugilism+Offhand Strike,3618823368
1049,Compass Rose,preferred,Shotgun,Solar,1,0,0,0,1,Grave Robber,Barrel Constrictor,1,,,Barrel Constrictor+Grave Robber,4169225313
1050,Bug-Out Bag,preferred,Submachine Gun,Solar,1,0,1,0,1,Air Assault,Incandescent,1,,,Air Assault+Incandescent,2832639510
1051,Allied Demand,preferred,Sidearm,Kinetic,1,0,0,0,1,Auto-Loading Holster,Under-Over,1,,,Auto-Loading Holster+Under-Over,1532276803
1052,Admetus-D,preferred,Scout Rifle,Void,1,0,0,0,1,Rapid Hit,Closing Time,1,,,Closing Time+Rapid Hit,3776430252
1053,The Recluse,preferred,Submachine Gun,Void,1,0,0,0,1,Feeding Frenzy,Tap the Trigger,1,,,Feeding Frenzy+Tap the Trigger,3098328572
1054,The Helmsman,preferred,Sniper Rifle,Arc,1,0,1,0,1,Snapshot Sights,Gear Shift,1,,,Gear Shift+Snapshot Sights,3215649176
1055,Temptation's Hook,preferred,Sword,Arc,1,0,0,0,1,Wellspring,Whirlwind Blade,1,,,Wellspring+Whirlwind Blade,1587953057
1056,Synanceia,preferred,Sword,Solar,1,0,0,0,1,Relentless Strikes,Binary Orbit,1,,,Binary Orbit+Relentless Strikes,2765451289
1057,Spare Rations,preferred,Hand Cannon,Kinetic,1,0,1,0,1,Snapshot Sights,Swashbuckler,1,,,Snapshot Sights+Swashbuckler,3236112986
1058,Romantic Death,preferred,Grenade Launcher,Void,1,0,0,0,1,Stats for All,Destabilizing Rounds,1,,,Destabilizing Rounds+Stats for All,2979965246
1059,Peacebond,preferred,Sidearm,Stasis,1,0,0,0,1,Lone Wolf,Rimestealer,1,,,Lone Wolf+Rimestealer,3437370193
1060,Out of Bounds,preferred,Submachine Gun,Arc,1,0,1,0,1,Perpetual Motion,Jolting Feedback,1,,,Jolting Feedback+Perpetual Motion,3021407779
1061,Ouster Engine,preferred,Grenade Launcher,Stasis,1,0,1,0,1,Auto-Loading Holster,One for All,1,,,Auto-Loading Holster+One for All,3718184802
1062,Occluded Finality,preferred,Sniper Rifle,Arc,1,0,0,0,1,Mulligan,Vorpal Weapon,1,,,Mulligan+Vorpal Weapon,852551895
1063,Mercurial Overreach,preferred,Sniper Rifle,Arc,1,0,1,0,1,No Distractions,Bait and Switch,1,,,Bait and Switch+No Distractions,4257236930
1064,Lethal Abundance,preferred,Auto Rifle,Strand,1,0,0,0,1,Slice,Onslaught,1,,,Onslaught+Slice,2189073092
1065,Heliocentric QSc,preferred,Sidearm,Solar,1,0,0,0,1,Moving Target,Surrounded,1,,,Moving Target+Surrounded,3998080529
1066,Half-Truths,preferred,Sword,Arc,1,0,0,1,1,Unrelenting,Chain Reaction,1,,,Chain Reaction+Unrelenting,3257091166
1067,Gunnora's Axe,preferred,Shotgun,Arc,1,0,0,0,1,Quickdraw,Swashbuckler,1,,,Quickdraw+Swashbuckler,2326716489
1068,Glissando-47,preferred,Scout Rifle,Strand,1,0,0,0,1,No Distractions,Hatchling,1,,,Hatchling+No Distractions,3156551028
1069,Frozen Orbit,preferred,Sniper Rifle,Void,1,0,1,0,1,Triple Tap,Cascade Point,1,,,Cascade Point+Triple Tap,1516542120
1070,Ded Gramarye IV,preferred,Shotgun,Arc,1,0,0,0,1,Slickdraw,Surrounded,1,,,Slickdraw+Surrounded,870893339
1071,Chroma Rush,preferred,Auto Rifle,Kinetic,1,0,0,0,1,Tunnel Vision,Tap the Trigger,1,,,Tap the Trigger+Tunnel Vision,2598420927
1072,Arcane Embrace,preferred,Shotgun,Arc,1,0,0,0,1,Air Trigger,Precision Instrument,1,,,Air Trigger+Precision Instrument,3649985571
1073,Cataclysmic (Adept),preferred,Linear Fusion Rifle,Solar,0,1,0,1,0,"Slideshot, Successful Warm-Up, Surplus","Adaptive Munitions, Box Breathing, Clown Cartridge",6,,,Adaptive Munitions+Slideshot | Adaptive Munitions+Successful Warm-Up | Box Breathing+Slideshot | Box Breathing+Successful Warm-Up | Clown Cartridge+Slideshot | Clown Cartridge+Surplus,2886339027
1074,Retrofuturist,preferred,Shotgun,Void,1,0,1,0,1,"Loose Change, Pulse Monitor, Unrelenting","Barrel Constrictor, Deconstruct, High Ground",6,,,Barrel Constrictor+Loose Change | Barrel Constrictor+Pulse Monitor | Barrel Constrictor+Unrelenting | Deconstruct+Loose Change | High Ground+Loose Change | High Ground+Pulse Monitor,1612781792
1075,Axial Lacuna,preferred,Fusion Rifle,Solar,1,0,0,1,1,"Cornered, Firmly Planted, Slickdraw","Desperate Measures, Empty Traits Socket, Incandescent",6,,,Cornered+Desperate Measures | Cornered+Incandescent | Desperate Measures+Firmly Planted | Desperate Measures+Slickdraw | Empty Traits Socket+Slickdraw | Firmly Planted+Incandescent,3867373351
1076,Herod-C,preferred,Auto Rifle,Stasis,1,0,1,0,1,"Compulsive Reloader, Shoot to Loot, Stats for All","Demolitionist, Tap the Trigger, Unrelenting",6,,,Compulsive Reloader+Demolitionist | Compulsive Reloader+Tap the Trigger | Shoot to Loot+Tap the Trigger | Shoot to Loot+Unrelenting | Stats for All+Tap the Trigger | Stats for All+Unrelenting,2065366342
1077,Vision of Confluence (Timelost),preferred,Scout Rifle,Solar,0,1,0,1,0,"Butterfly, Heal Clip, Zen Moment","Elemental Honing, Master of Arms, Paracausal Affinity",5,,,Butterfly+Master of Arms | Butterfly+Paracausal Affinity | Elemental Honing+Zen Moment | Heal Clip+Paracausal Affinity | Paracausal Affinity+Zen Moment,337578911
1078,Qullim's Terminus (Harrowed),preferred,Machine Gun,Stasis,0,1,0,1,0,"Enlightened Action, Slickdraw, Stats for All","Crystalline Corpsebloom, Firing Line, Focused Fury",5,,,Crystalline Corpsebloom+Enlightened Action | Crystalline Corpsebloom+Slickdraw | Enlightened Action+Firing Line | Firing Line+Stats for All | Focused Fury+Slickdraw,3248429089
1079,Lubrae's Ruin (Adept),preferred,Glaive,Solar,0,1,0,1,0,"Frenzy, Sleight of Hand, Tilting at Windmills","Incandescent, Unrelenting, Unstoppable Force",5,,,Frenzy+Unstoppable Force | Incandescent+Sleight of Hand | Incandescent+Tilting at Windmills | Sleight of Hand+Unrelenting | Tilting at Windmills+Unrelenting,1466006054
1080,Joxer's Longsword,preferred,Pulse Rifle,Void,1,0,1,0,1,"Gutshot Straight, Pugilist, Rewind Rounds","Demoralize, High-Impact Reserves, Under Pressure",5,,,Demoralize+Gutshot Straight | Demoralize+Pugilist | Demoralize+Rewind Rounds | Gutshot Straight+High-Impact Reserves | High-Impact Reserves+Pugilist,157601190
1081,Insidious (Adept),preferred,Pulse Rifle,Arc,0,1,0,1,0,"Compulsive Reloader, Heating Up, Sleight of Hand","Bait and Switch, Chaos Reshaped, Voltshot",5,,,Bait and Switch+Heating Up | Chaos Reshaped+Compulsive Reloader | Chaos Reshaped+Heating Up | Heating Up+Voltshot | Sleight of Hand+Voltshot,786352912
1082,Found Verdict (Timelost),preferred,Shotgun,Arc,0,1,0,1,0,"Aggregate Charge, Rewind Rounds, Supercharged Magazine","Desperate Measures, One-Two Punch, Rolling Storm",5,,,Aggregate Charge+One-Two Punch | Desperate Measures+Supercharged Magazine | One-Two Punch+Rewind Rounds | One-Two Punch+Supercharged Magazine | Rewind Rounds+Rolling Storm,851296754
1083,Embraced Identity,preferred,Sniper Rifle,Void,1,0,0,1,1,"Destabilizing Rounds, Opening Shot, Withering Gaze","Aggregate Charge, Elemental Capacitor, Redirection",5,,,Aggregate Charge+Opening Shot | Destabilizing Rounds+Elemental Capacitor | Destabilizing Rounds+Redirection | Elemental Capacitor+Withering Gaze | Opening Shot+Redirection,2821677368
1084,Double-Edged Answer,preferred,Sword,Void,0,0,1,0,1,"En Garde, Energy Transfer, Flash Counter","Adrenaline Junkie, Harmony, Valiant Charge",5,,,Adrenaline Junkie+Energy Transfer | En Garde+Harmony | Energy Transfer+Harmony | Flash Counter+Harmony | Flash Counter+Valiant Charge,105164264
1085,Corrective Measure (Timelost),preferred,Machine Gun,Void,0,1,0,1,0,"Dimensional Shift, Dynamic Sway Reduction, Firefly","Aggregate Charge, Butterfly, High-Impact Reserves",5,,,Aggregate Charge+Dynamic Sway Reduction | Butterfly+Dynamic Sway Reduction | Butterfly+Firefly | Dynamic Sway Reduction+High-Impact Reserves | Firefly+High-Impact Reserves,2334480463
1086,Qua Xaphan V,preferred,Machine Gun,Void,0,0,1,0,1,"Clown Cartridge, Field Prep, Heating Up","Destabilizing Rounds, High Ground, Thresh",5,,,Clown Cartridge+Thresh | Destabilizing Rounds+Field Prep | Destabilizing Rounds+Heating Up | Heating Up+High Ground | Heating Up+Thresh,1975125963
1087,Hezen Vengeance (Timelost),preferred,Rocket Launcher,Solar,0,1,0,1,0,"Blast Distributor, Collective Demolition, Envious Arsenal","Collective Action, Lasting Impression, Vorpal Weapon",5,,,Blast Distributor+Collective Action | Blast Distributor+Lasting Impression | Collective Action+Envious Arsenal | Collective Demolition+Vorpal Weapon | Envious Arsenal+Lasting Impression,3623686757
1088,Deliverance (Adept),preferred,Fusion Rifle,Stasis,0,1,0,1,0,"Crystalline Corpsebloom, Lone Wolf, Sleight of Hand","Adrenaline Junkie, Chain Reaction, Chill Clip",5,,,Adrenaline Junkie+Crystalline Corpsebloom | Chain Reaction+Lone Wolf | Chain Reaction+Sleight of Hand | Chill Clip+Lone Wolf | Chill Clip+Sleight of Hand,2943293195
1089,Song of Ir Yût (Adept),preferred,Machine Gun,Arc,0,1,0,1,0,"Jolting Feedback, Supercharged Magazine, Zen Moment","Bait and Switch, Cascade Point, Target Lock",5,,,Bait and Switch+Supercharged Magazine | Bait and Switch+Zen Moment | Cascade Point+Zen Moment | Jolting Feedback+Target Lock | Supercharged Magazine+Target Lock,407511664
1090,Riptide,preferred,Fusion Rifle,Stasis,1,0,1,0,1,"Auto-Loading Holster, Ensemble, Field Prep","Cornered, Golden Tricorn Enhanced, Successful Warm-Up",5,,,Auto-Loading Holster+Cornered | Auto-Loading Holster+Golden Tricorn Enhanced | Cornered+Ensemble | Cornered+Field Prep | Ensemble+Golden Tricorn Enhanced,2715240478
1091,Laser Painter,preferred,Linear Fusion Rifle,Strand,1,0,1,0,1,"Encore, Fragile Focus, Invisible Hand","Box Breathing, Hatchling, Hip-Fire Grip",5,,,Box Breathing+Encore | Box Breathing+Invisible Hand | Fragile Focus+Hatchling | Fragile Focus+Hip-Fire Grip | Hatchling+Invisible Hand,3221722018
1092,Defiance of Yasmin (Harrowed),preferred,Sniper Rifle,Kinetic,0,1,0,1,0,"No Distractions, Rewind Rounds, Stopping Power","Firing Line, Focused Fury, Slickdraw",5,,,Focused Fury+No Distractions | Focused Fury+Rewind Rounds | No Distractions+Slickdraw | Rewind Rounds+Slickdraw | Slickdraw+Stopping Power,3503019618
1093,Volta Bracket,preferred,Sniper Rifle,Strand,1,0,0,1,1,"Firmly Planted, Lucky Shot, Subsistence","Cascade Point, Mega Kill Clip, Under Pressure",4,,,Cascade Point+Firmly Planted | Cascade Point+Lucky Shot | Firmly Planted+Under Pressure | Mega Kill Clip+Subsistence,3920310144
1094,Strident Whistle,preferred,Combat Bow,Solar,0,0,1,0,1,"Archer's Tempo, No Distractions, Sneak Bow","Cornered, Explosive Head, Successful Warm-Up",4,,,Archer's Tempo+Successful Warm-Up | Cornered+No Distractions | Explosive Head+No Distractions | No Distractions+Successful Warm-Up,2591241074
1095,Smite of Merain (Harrowed),preferred,Pulse Rifle,Kinetic,0,1,0,1,0,"Ancillary Ordinance, Focused Fury, Stats for All","Adhesive Ordnance, All-Star, Eye of the Storm",4,,,Adhesive Ordnance+Stats for All | All-Star+Stats for All | Ancillary Ordinance+Eye of the Storm | Eye of the Storm+Focused Fury,3407395594
1096,Royal Entry,preferred,Rocket Launcher,Void,0,0,1,0,1,"Impulse Amplifier, Moving Target, Pulse Monitor","Ambitious Assassin, Lasting Impression, Unrelenting",4,,,Ambitious Assassin+Impulse Amplifier | Ambitious Assassin+Pulse Monitor | Impulse Amplifier+Unrelenting | Lasting Impression+Pulse Monitor,2448907086
1097,Phyllotactic Spiral,preferred,Pulse Rifle,Arc,1,0,0,1,1,"Empty Traits Socket, Trickle Charge, Under-Over","Desperado, Gutshot Straight, Rolling Storm",4,,,Desperado+Empty Traits Socket | Empty Traits Socket+Rolling Storm | Gutshot Straight+Under-Over | Rolling Storm+Under-Over,3635821806
1098,Parabellum,preferred,Submachine Gun,Solar,1,0,0,0,1,"Collective Demolition, Discord, Light Touch","Attrition Orbs, Burning Ambition, Perfect Float",4,,,Attrition Orbs+Light Touch | Burning Ambition+Collective Demolition | Discord+Perfect Float | Light Touch+Perfect Float,3769072067
1099,No Hesitation,preferred,Auto Rifle,Solar,1,0,0,1,1,"Overflow, Physic, Target Lock","Attrition Orbs, Circle of Life, Frenzy",4,,,Attrition Orbs+Overflow | Circle of Life+Overflow | Frenzy+Physic | Frenzy+Target Lock,1801007332
1100,Mykel's Reverence (Adept),preferred,Sidearm,Strand,0,1,0,1,0,"Collective Demolition, Perfect Float, Thresh","Binary Orbit, Offhand Strike, Tap the Trigger",4,,,Binary Orbit+Thresh | Collective Demolition+Offhand Strike | Collective Demolition+Tap the Trigger | Perfect Float+Tap the Trigger,1986287028
1101,Albedo Wing,preferred,Glaive,Arc,1,0,0,0,1,"Beacon Rounds, Field Prep, Immovable Object","Attrition Orbs, Close to Melee, Lead from Gold",4,,,Attrition Orbs+Field Prep | Beacon Rounds+Lead from Gold | Close to Melee+Field Prep | Immovable Object+Lead from Gold,2680976411
1102,Zaouli's Bane (Harrowed),preferred,Hand Cannon,Solar,0,1,0,1,0,"Ensemble, Explosive Payload, Well-Rounded","Focused Fury, Meganeura, Surrounded",4,,,Ensemble+Meganeura | Explosive Payload+Focused Fury | Explosive Payload+Surrounded | Meganeura+Well-Rounded,291092617
1103,Unending Tempest,preferred,Submachine Gun,Stasis,1,0,1,0,1,"Demolitionist, Dynamic Sway Reduction, Gutshot Straight","Cascade Point, Fragile Focus, Headstone",4,,,Cascade Point+Gutshot Straight | Demolitionist+Fragile Focus | Dynamic Sway Reduction+Fragile Focus | Gutshot Straight+Headstone,2510526114
1104,Someday,preferred,Shotgun,Kinetic,1,0,0,1,1,"Dual Loader, One-Two Punch, Slickdraw","Collective Action, Recombination, Swashbuckler",4,,,Collective Action+One-Two Punch | Collective Action+Slickdraw | One-Two Punch+Recombination | Slickdraw+Swashbuckler,3232203524
1105,Solemn Lie,preferred,Hand Cannon,Arc,1,0,1,0,1,"Quickdraw, Rangefinder, Trickle Charge","Lone Wolf, Opening Shot, Rolling Storm",4,,,Lone Wolf+Trickle Charge | Opening Shot+Trickle Charge | Quickdraw+Rolling Storm | Rangefinder+Rolling Storm,1041028435
1106,Liturgy,preferred,Grenade Launcher,Stasis,1,0,0,0,1,"Rimestealer, Strategist, Surplus","Desperate Measures, Harmony, Lead from Gold",4,,,Desperate Measures+Surplus | Harmony+Rimestealer | Lead from Gold+Strategist | Lead from Gold+Surplus,3377522331
1107,Forthcoming Deviance (Adept),preferred,Glaive,Void,0,1,0,1,0,"Demolitionist, Disruption Break, Replenishing Aegis","Chain Reaction, Collective Demolition, Vorpal Weapon",4,,,Chain Reaction+Replenishing Aegis | Collective Demolition+Demolitionist | Disruption Break+Vorpal Weapon | Replenishing Aegis+Vorpal Weapon,3123651616
1108,Critical Anomaly (Adept),preferred,Sniper Rifle,Stasis,0,1,0,1,0,"Built to Blast, Crystalline Corpsebloom, Rampage","Bait and Switch, Firing Line, Snapshot Sights",4,,,Bait and Switch+Rampage | Built to Blast+Firing Line | Crystalline Corpsebloom+Firing Line | Crystalline Corpsebloom+Snapshot Sights,172461430
1109,Chain of Command,preferred,Machine Gun,Stasis,1,0,1,0,1,"Adrenaline Junkie, Headstone, Osmosis","Desperate Measures, Focused Fury, Meganeura",4,,,Adrenaline Junkie+Desperate Measures | Adrenaline Junkie+Focused Fury | Headstone+Meganeura | Meganeura+Osmosis,1716620044
1110,Bold Endings,preferred,Hand Cannon,Stasis,1,0,0,1,1,"Headstone, Opening Shot, Rapid Hit","Collective Action, Crystalline Corpsebloom, Golden Tricorn Enhanced",4,,,Collective Action+Headstone | Crystalline Corpsebloom+Rapid Hit | Golden Tricorn Enhanced+Headstone | Golden Tricorn Enhanced+Opening Shot,496728945
1111,Wicked Sister,preferred,Grenade Launcher,Strand,0,0,1,0,1,"Danger Zone, Quickdraw, Slice","Cascade Point, Deconstruct, Reverberation",4,,,Cascade Point+Danger Zone | Cascade Point+Slice | Deconstruct+Quickdraw | Reverberation+Slice,2039776723
1112,Cynosure,preferred,Rocket Launcher,Strand,1,0,1,0,1,"Overflow, Sympathetic Arsenal, Tracking Module","Desperate Measures, High Ground, Quickdraw",4,,,Desperate Measures+Sympathetic Arsenal | High Ground+Overflow | High Ground+Tracking Module | Overflow+Quickdraw,694275488
1113,The Spiteful Fang,preferred,Combat Bow,Stasis,1,0,1,0,1,"Impulse Amplifier, Perfect Float, Successful Warm-Up","Explosive Head, Firefly, Frenzy",4,,,Explosive Head+Perfect Float | Firefly+Impulse Amplifier | Frenzy+Perfect Float | Frenzy+Successful Warm-Up,1704597062
1114,Pointed Inquiry,preferred,Scout Rifle,Void,1,0,0,1,1,"Firmly Planted, Genesis, Rapid Hit","Adaptive Munitions, Focused Fury, Turnabout",4,,,Adaptive Munitions+Genesis | Firmly Planted+Focused Fury | Firmly Planted+Turnabout | Rapid Hit+Turnabout,297296830
1115,Mirror Imago (Adept),preferred,Submachine Gun,Strand,0,1,0,0,1,"Pugilist, Recycled Energy, Subsistence","Offhand Strike, Permeability, Unrelenting",4,,,Offhand Strike+Subsistence | Permeability+Pugilist | Permeability+Subsistence | Recycled Energy+Unrelenting,4116546788
1116,Imminence (Adept),preferred,Submachine Gun,Strand,0,1,0,1,0,"Ambitious Assassin, Enlightened Action, Tear","Binary Orbit, Chaos Reshaped, Desperate Measures",4,,,Ambitious Assassin+Desperate Measures | Binary Orbit+Tear | Chaos Reshaped+Enlightened Action | Desperate Measures+Tear,3951511045
1117,21% Delirium,preferred,Machine Gun,Arc,1,0,1,0,1,"Feeding Frenzy, Overflow, Trickle Charge","Gear Shift, Mega Kill Clip, Rolling Storm",4,,,Feeding Frenzy+Rolling Storm | Gear Shift+Overflow | Mega Kill Clip+Trickle Charge | Overflow+Rolling Storm,3001598094
1118,Thin Precipice,preferred,Sword,Strand,1,0,0,1,1,"Flash Counter, Tireless Blade, Valiant Charge","Adrenaline Junkie, Empty Traits Socket, Hatchling",4,,,Adrenaline Junkie+Tireless Blade | Adrenaline Junkie+Valiant Charge | Empty Traits Socket+Tireless Blade | Hatchling+Tireless Blade,4066778670
1119,Submission (Adept),preferred,Submachine Gun,Kinetic,0,1,0,1,0,"Kinetic Tremors, Sleight of Hand, Steady Hands","Chaos Reshaped, Frenzy, Swashbuckler",4,,,Chaos Reshaped+Steady Hands | Frenzy+Sleight of Hand | Kinetic Tremors+Swashbuckler | Sleight of Hand+Swashbuckler,1941816543
1120,Pure Poetry,preferred,Hand Cannon,Kinetic,0,0,1,0,1,"Grave Robber, Outlaw, Well-Rounded","Focused Fury, Pugilist, Under-Over",4,,,Focused Fury+Grave Robber | Outlaw+Pugilist | Outlaw+Under-Over | Pugilist+Well-Rounded,2671639706
1121,Origin Story,preferred,Auto Rifle,Kinetic,1,0,1,0,1,"Keep Away, Slideways, Strategist","Gutshot Straight, High Ground, Onslaught",4,,,Gutshot Straight+Keep Away | Gutshot Straight+Strategist | High Ground+Slideways | Onslaught+Slideways,2826850739
1122,Non-Denouement (Adept),preferred,Combat Bow,Arc,0,1,0,1,0,"Archer's Tempo, Opening Shot, Shoot to Loot","Desperate Measures, Explosive Head, Meganeura",4,,,Archer's Tempo+Meganeura | Desperate Measures+Opening Shot | Explosive Head+Opening Shot | Explosive Head+Shoot to Loot,1039915310
1123,Luna Regolith III,preferred,Sniper Rifle,Solar,0,0,1,0,1,"No Distractions, Perfect Float, Shoot to Loot","Collective Action, Firing Line, Incandescent",4,,,Collective Action+Shoot to Loot | Firing Line+Shoot to Loot | Incandescent+No Distractions | Incandescent+Perfect Float,1948035256
1124,King Orfeo,preferred,Combat Bow,Arc,1,0,0,0,1,"Explosive Head, Pugilist, Shoot to Loot","Dragonfly, Jolting Feedback, Swashbuckler",4,,,Dragonfly+Pugilist | Explosive Head+Swashbuckler | Jolting Feedback+Shoot to Loot | Shoot to Loot+Swashbuckler,3481382332
1125,Dead Weight,preferred,Shotgun,Arc,0,0,1,0,1,"Field Prep, Surplus, Well-Rounded","Golden Tricorn, Trench Barrel, Turnabout",4,,,Field Prep+Turnabout | Surplus+Trench Barrel | Surplus+Turnabout | Trench Barrel+Well-Rounded,3738678140
1126,Dawn Far Off,preferred,Machine Gun,Solar,1,0,0,0,1,"Attrition Orbs, Impromptu Ammunition, Subsistence","Aggregate Charge, Meganeura, Redirection",4,,,Aggregate Charge+Subsistence | Attrition Orbs+Meganeura | Impromptu Ammunition+Meganeura | Redirection+Subsistence,2770617440
1127,Swordbreaker (Adept),preferred,Shotgun,Strand,0,1,0,1,0,"Paracausal Affinity, Slice, Slideshot","Barrel Constrictor, Chaos Reshaped, Golden Tricorn",5,,,Barrel Constrictor+Slice | Chaos Reshaped+Paracausal Affinity | Chaos Reshaped+Slideshot | Golden Tricorn+Paracausal Affinity | Golden Tricorn+Slideshot,1239700299
1128,The Call,preferred,Sidearm,Strand,1,0,0,1,1,"Beacon Rounds, Lead from Gold, Reconstruction","Chaos Reshaped, Multikill Clip, Vorpal Weapon",4,,,Beacon Rounds+Chaos Reshaped | Beacon Rounds+Vorpal Weapon | Chaos Reshaped+Lead from Gold | Multikill Clip+Reconstruction,3947966653
1129,Briar's Contempt (Adept),preferred,Linear Fusion Rifle,Solar,0,1,0,1,0,"Burning Ambition, Keep Away, Reconstruction","Adagio, Paracausal Affinity, Surrounded",4,,,Adagio+Reconstruction | Keep Away+Paracausal Affinity | Keep Away+Surrounded | Reconstruction+Surrounded,2890082420
1130,Koraxis's Distress (Adept),preferred,Grenade Launcher,Strand,0,1,0,1,0,"Blast Distributor, Danger Zone, Field Prep","Chaos Reshaped, Paracausal Affinity, Surrounded",4,,,Blast Distributor+Surrounded | Chaos Reshaped+Danger Zone | Chaos Reshaped+Field Prep | Field Prep+Paracausal Affinity,495442100
1131,Zephyr,preferred,Sword,Stasis,1,0,0,0,1,"Osmosis, Turnabout, Wellspring","Assassin's Blade, Cold Steel, En Garde",3,,,Assassin's Blade+Turnabout | Cold Steel+Wellspring | En Garde+Osmosis,396910433
1132,Veiled Threat,preferred,Auto Rifle,Stasis,1,0,0,1,1,"Shoot to Loot, Strategist, Threat Detector","Encore, Headstone, Surrounded",3,,,Encore+Threat Detector | Headstone+Strategist | Shoot to Loot+Surrounded,3685470415
1133,Unfall,preferred,Sidearm,Arc,1,0,1,0,1,"Disruption Break, Reverberation, Sleight of Hand","Jolting Feedback, Master of Arms, One for All",3,,,Disruption Break+One for All | Jolting Feedback+Sleight of Hand | Master of Arms+Reverberation,738446555
1134,The Third Axiom,preferred,Pulse Rifle,Arc,1,0,1,0,1,"Feeding Frenzy, Moving Target, Zen Moment","Headseeker, Sympathetic Arsenal, Unrelenting",3,,,Feeding Frenzy+Headseeker | Feeding Frenzy+Sympathetic Arsenal | Unrelenting+Zen Moment,3744058588
1135,The Hero's Burden,preferred,Submachine Gun,Void,1,0,0,0,1,"Feeding Frenzy, Well-Rounded, Zen Moment","Iron Reach, Kill Clip, Repulsor Brace",3,,,Feeding Frenzy+Repulsor Brace | Iron Reach+Zen Moment | Kill Clip+Well-Rounded,2488587246
1136,Tempered Dynamo,preferred,Fusion Rifle,Arc,1,0,1,0,1,"Backup Plan, Impromptu Ammunition, Kickstart","Kill Clip, Rampage, Surrounded",3,,,Backup Plan+Kill Clip | Impromptu Ammunition+Surrounded | Kickstart+Rampage,2925315757
1137,Tatara Gaze,preferred,Sniper Rifle,Arc,1,0,1,0,1,"Overflow, Quickdraw, Snapshot Sights","Mega Kill Clip, Redirection, Triple Tap",3,,,Mega Kill Clip+Snapshot Sights | Overflow+Triple Tap | Quickdraw+Redirection,3595694326
1138,Something Something,preferred,Sniper Rifle,Kinetic,1,0,1,0,1,"Discord, Stopping Power, Triple Tap","Adhesive Ordnance, Box Breathing, Kinetic Tremors",3,,,Adhesive Ordnance+Discord | Box Breathing+Stopping Power | Kinetic Tremors+Triple Tap,3421075982
1139,Reghusk's Pledge,preferred,Auto Rifle,Void,1,0,0,0,1,"Built to Blast, Demoralize, Destabilizing Rounds","Attrition Orbs, Kill Clip, Swashbuckler",3,,,Built to Blast+Kill Clip | Demoralize+Swashbuckler | Destabilizing Rounds+Swashbuckler,2370525224
1140,Praedyth's Revenge (Timelost),preferred,Sniper Rifle,Kinetic,0,1,0,1,0,"Fourth Time's the Charm, Kinetic Tremors, Osmosis","All-Star, Firefly, Opening Shot",3,,,All-Star+Fourth Time's the Charm | Firefly+Fourth Time's the Charm | Kinetic Tremors+Opening Shot,2362652544
1141,Midha's Reckoning (Harrowed),preferred,Fusion Rifle,Arc,0,1,0,1,0,"Backup Plan, Pugilist, Under Pressure","Closing Time, Gear Shift, Golden Tricorn Enhanced",3,,,Backup Plan+Golden Tricorn Enhanced | Closing Time+Pugilist | Gear Shift+Under Pressure,3904516037
1142,Last Thursday,preferred,Pulse Rifle,Strand,1,0,0,0,1,"Built to Blast, Subsistence, Transcendent Moment","Frenzy, Headseeker, Slice",3,,,Built to Blast+Frenzy | Headseeker+Transcendent Moment | Slice+Subsistence,3813721211
1143,Hushed Whisper,preferred,Combat Bow,Strand,1,0,0,0,1,"Lone Wolf, Slice, Snapshot Sights","Archer's Gambit, Collective Pugilism, Hatchling",3,,,Archer's Gambit+Lone Wolf | Collective Pugilism+Slice | Hatchling+Snapshot Sights,3574168117
1144,Gunburn,preferred,Submachine Gun,Kinetic,1,0,0,0,1,"Lead From Light, Lone Wolf, Recycled Energy","Ancillary Ordinance, Kinetic Tremors, Wellspring",3,,,Ancillary Ordinance+Recycled Energy | Lead From Light+Wellspring | Lone Wolf+Wellspring,3431536253
1145,Fimbulwinter Stitch,preferred,Sidearm,Arc,1,0,0,0,1,"Rangefinder, Trickle Charge","Collective Action, Jolting Feedback, Redirection",3,,,Collective Action+Rangefinder | Jolting Feedback+Rangefinder | Redirection+Trickle Charge,3685829362
1146,Exile's Curse,preferred,Fusion Rifle,Arc,1,0,0,0,1,"Firmly Planted, No Distractions, Pulse Monitor","Backup Plan, Feeding Frenzy, Kickstart",3,,,Backup Plan+No Distractions | Backup Plan+Pulse Monitor | Feeding Frenzy+Firmly Planted,679281855
1147,Dimensional Hypotrochoid,preferred,Grenade Launcher,Stasis,1,0,0,1,1,"Envious Assassin, Genesis, Rimestealer","Bait and Switch, Crystalline Corpsebloom, Disruption Break",3,,,Bait and Switch+Rimestealer | Disruption Break+Envious Assassin | Disruption Break+Rimestealer,1311684613
1148,Corundum Hammer,preferred,Hand Cannon,Strand,1,0,0,0,1,"Fragile Focus, Shoot to Loot, Slideshot","Explosive Payload, Tear",3,,,Explosive Payload+Fragile Focus | Shoot to Loot+Tear | Slideshot+Tear,2263462407
1149,Chivalric Fire,preferred,Sword,Void,1,0,1,0,1,"Collective Demolition, Dimensional Shift, Sharp Harvest","Collective Action, Flash Counter, Whirlwind Blade",3,,,Collective Action+Sharp Harvest | Collective Demolition+Whirlwind Blade | Dimensional Shift+Flash Counter,938936806
1150,Bellowing Giant,preferred,Rocket Launcher,Void,1,0,1,0,1,"Impromptu Ammunition, Overflow, Tracking Module","Clown Cartridge, Cluster Bomb, Reaper's Tithe",3,,,Clown Cartridge+Overflow | Cluster Bomb+Impromptu Ammunition | Reaper's Tithe+Tracking Module,1889005379
1151,Adamantite (Adept),preferred,Auto Rifle,Strand,0,1,0,0,1,"Ensemble, Reciprocity, Slice","Circle of Life, Elemental Honing, Tear",3,,,Circle of Life+Slice | Elemental Honing+Reciprocity | Ensemble+Tear,3485029080
1152,Xenoclast IV,preferred,Shotgun,Arc,1,0,1,0,1,"Field Prep, Genesis, Grave Robber","Killing Wind, Trench Barrel, Unrelenting",3,,,Field Prep+Unrelenting | Genesis+Trench Barrel | Grave Robber+Killing Wind,963732594
1153,Wild Style,preferred,Grenade Launcher,Solar,1,0,1,0,1,"Danger Zone, Grave Robber, Unrelenting","Attrition Orbs, Collective Action, Permeability",3,,,Attrition Orbs+Grave Robber | Collective Action+Danger Zone | Permeability+Unrelenting,1332123064
1154,Uzume RR4,preferred,Sniper Rifle,Solar,1,0,1,0,1,"Discord, Fourth Time's the Charm, Lead from Gold","Deconstruct, Golden Tricorn Enhanced",3,,,Deconstruct+Discord | Deconstruct+Fourth Time's the Charm | Golden Tricorn Enhanced+Lead from Gold,2450917538
1155,Trinary System,preferred,Fusion Rifle,Solar,0,0,1,0,1,"Slideways, Surplus, Under Pressure","Backup Plan, Kill Clip, Unrelenting",3,,,Backup Plan+Surplus | Kill Clip+Slideways | Kill Clip+Surplus,3258665412
1156,Locus Locutus,preferred,Sniper Rifle,Stasis,1,0,0,1,1,"Discord, Overflow, Wellspring","Box Breathing, Empty Traits Socket, Under-Over",4,,,Box Breathing+Wellspring | Discord+Empty Traits Socket | Discord+Under-Over | Overflow+Under-Over,4132072834
1157,The Riposte,preferred,Auto Rifle,Void,1,0,1,0,1,"Demoralize, Dimensional Shift, Light Touch","Destabilizing Rounds, Dynamic Sway Reduction, Target Lock",3,,,Demoralize+Target Lock | Destabilizing Rounds+Light Touch | Dimensional Shift+Dynamic Sway Reduction,866434750
1158,The Immortal,preferred,Submachine Gun,Strand,1,0,0,0,1,"Hatchling, Rangefinder, Threat Detector","Lone Wolf, Target Lock, Transcendent Moment",3,,,Hatchling+Target Lock | Lone Wolf+Threat Detector | Rangefinder+Transcendent Moment,2872063099
1159,The Heron,preferred,Glaive,Void,1,0,0,0,1,"Disruption Break, Envious Assassin, Replenishing Aegis","Close to Melee, Sword Logic, Unrelenting",3,,,Close to Melee+Disruption Break | Disruption Break+Sword Logic | Replenishing Aegis+Sword Logic,2246386812
1160,Summum Bonum (Adept),preferred,Sword,Arc,0,1,0,1,0,"Attrition Orbs, Deconstruct, Duelist's Trance","Bait and Switch, Chaos Reshaped, Vorpal Weapon",3,,,Bait and Switch+Duelist's Trance | Chaos Reshaped+Duelist's Trance | Deconstruct+Vorpal Weapon,2001697739
1161,Sixth Sense,preferred,Hand Cannon,Strand,1,0,0,0,1,"Explosive Payload, Keep Away, Lucky Shot","Desperate Measures, Dragonfly, Hatchling",3,,,Desperate Measures+Explosive Payload | Dragonfly+Lucky Shot | Hatchling+Lucky Shot,4032097591
1162,Shoreline Dissident,preferred,Sniper Rifle,Void,1,0,0,0,1,"Ambitious Assassin, Triple Tap","Demoralize, Destabilizing Rounds, Precision Instrument",3,,,Ambitious Assassin+Precision Instrument | Demoralize+Triple Tap | Destabilizing Rounds+Triple Tap,1193318082
1163,Retraced Path,preferred,Trace Rifle,Solar,1,0,0,1,1,"Genesis, Shoot to Loot, Well-Rounded","Disruption Break, Golden Tricorn, Incandescent",3,,,Disruption Break+Well-Rounded | Genesis+Incandescent | Golden Tricorn+Shoot to Loot,548958835
1164,Resounding,preferred,Fusion Rifle,Strand,1,0,1,0,1,"Compulsive Reloader, Slice, Threat Detector","Hatchling, Rampage, Strategist",3,,,Compulsive Reloader+Hatchling | Rampage+Slice | Strategist+Threat Detector,3273807888
1165,Rapid Growth,preferred,Sniper Rifle,Arc,1,0,0,0,1,"Keep Away, Supercharged Magazine, Trickle Charge","Aggregate Charge, Binary Orbit, Closing Time",3,,,Aggregate Charge+Supercharged Magazine | Binary Orbit+Keep Away | Closing Time+Trickle Charge,3856342856
1166,Fatebringer (Timelost),preferred,Hand Cannon,Kinetic,0,1,0,1,0,"Kinetic Tremors, Opening Shot, Osmosis","All-Star, Magnificent Howl, Precision Instrument",4,,,Kinetic Tremors+Magnificent Howl | Kinetic Tremors+Precision Instrument | Opening Shot+Precision Instrument | Osmosis+Precision Instrument,4219826183
1167,Python,preferred,Shotgun,Void,1,0,1,0,1,"Loose Change, Overflow, Repulsor Brace","One-Two Punch, Swashbuckler, Trench Barrel",3,,,Loose Change+Swashbuckler | One-Two Punch+Repulsor Brace | Overflow+Trench Barrel,4276696962
1168,Oxygen SR3,preferred,Scout Rifle,Solar,1,0,1,0,1,"Rapid Hit, Shoot to Loot, Stats for All","Burning Ambition, Collective Pugilism, Meganeura",3,,,Burning Ambition+Shoot to Loot | Collective Pugilism+Rapid Hit | Meganeura+Stats for All,4104613038
1169,Oversoul Edict (Adept),preferred,Pulse Rifle,Arc,0,1,0,1,0,"Encore, Enlightened Action, Supercharged Magazine","Adrenaline Junkie, Gear Shift, Swashbuckler",3,,,Adrenaline Junkie+Supercharged Magazine | Encore+Gear Shift | Supercharged Magazine+Swashbuckler,578105049
1170,Nullify (Adept),preferred,Pulse Rifle,Solar,0,1,0,1,0,"Burning Ambition, Firefly, Fourth Time's the Charm","Attrition Orbs, Chaos Reshaped, Multikill Clip",3,,,Attrition Orbs+Fourth Time's the Charm | Chaos Reshaped+Firefly | Firefly+Multikill Clip,892183998
1171,Monody-44,preferred,Fusion Rifle,Void,1,0,0,0,1,"Cornered, Enlightened Action, Subsistence","Closing Time, Frenzy, Successful Warm-Up",3,,,Closing Time+Enlightened Action | Cornered+Frenzy | Subsistence+Successful Warm-Up,3201200906
1172,Keen Thistle,preferred,Sniper Rifle,Solar,1,0,0,0,1,"Envious Arsenal, Triple Tap","Bait and Switch, Moving Target, Opening Shot",3,,,Bait and Switch+Triple Tap | Envious Arsenal+Moving Target | Envious Arsenal+Opening Shot,2499834164
1173,Iterative Loop,preferred,Fusion Rifle,Arc,1,0,0,1,1,"Compulsive Reloader, Killing Wind, Supercharged Magazine","Adagio, Elemental Capacitor, Kickstart",3,,,Adagio+Supercharged Magazine | Compulsive Reloader+Kickstart | Kickstart+Killing Wind,1289796511
1174,Gnawing Hunger,preferred,Auto Rifle,Void,1,0,1,0,1,"Overflow, Subsistence, Tap the Trigger","Dynamic Sway Reduction, Master of Arms, Multikill Clip",3,,,Dynamic Sway Reduction+Subsistence | Master of Arms+Tap the Trigger | Multikill Clip+Overflow,214545213
1175,Ulterior Observation,preferred,Machine Gun,Stasis,1,0,0,0,1,"Feeding Frenzy, Headstone, Moving Target","Adagio, Killing Tally, Rimestealer",3,,,Adagio+Headstone | Feeding Frenzy+Rimestealer | Killing Tally+Moving Target,1079872540
1176,Fortunate Star,preferred,Combat Bow,Void,1,0,0,0,1,"Impromptu Ammunition, Successful Warm-Up, Transcendent Moment","Destabilizing Rounds, Explosive Head, Eye of the Storm",3,,,Destabilizing Rounds+Transcendent Moment | Explosive Head+Impromptu Ammunition | Eye of the Storm+Successful Warm-Up,2631466936
1177,Finite Impactor,preferred,Hand Cannon,Solar,1,0,0,0,1,"Fragile Focus, Iron Grip, Killing Wind","Magnificent Howl, Moving Target, Precision Instrument",3,,,Fragile Focus+Magnificent Howl | Iron Grip+Precision Instrument | Killing Wind+Magnificent Howl,1917334929
1178,Fang of Ir Yût (Adept),preferred,Scout Rifle,Strand,0,1,0,1,0,"Shoot to Loot, Tear, Tunnel Vision","Hatchling, High Ground, Meganeura",3,,,Hatchling+Shoot to Loot | High Ground+Tear | Meganeura+Tunnel Vision,128782990
1179,Exalted Truth,preferred,Hand Cannon,Void,1,0,0,0,1,"Destabilizing Rounds, Lone Wolf, Withering Gaze","One for All, Opening Shot, Repulsor Brace",3,,,Destabilizing Rounds+One for All | Lone Wolf+Repulsor Brace | Opening Shot+Withering Gaze,3436626079
1180,Doomsday,preferred,Grenade Launcher,Arc,1,0,1,0,1,"Attrition Orbs, Auto-Loading Holster, Eddy Current","Explosive Light, Jolting Feedback, Quickdraw",3,,,Attrition Orbs+Jolting Feedback | Auto-Loading Holster+Jolting Feedback | Eddy Current+Quickdraw,713132408
1181,Doom of Chelchis (Harrowed),preferred,Scout Rifle,Void,0,1,0,1,0,"Adaptive Munitions, Firefly, Vorpal Weapon","Eye of the Storm, Unrelenting, Withering Gaze",3,,,Adaptive Munitions+Unrelenting | Eye of the Storm+Firefly | Eye of the Storm+Vorpal Weapon,1184692845
1182,Cry Mutiny,preferred,Grenade Launcher,Solar,1,0,1,0,1,"Danger Zone, Grave Robber, Incandescent","Adrenaline Junkie, Full Court, Swashbuckler",3,,,Adrenaline Junkie+Incandescent | Danger Zone+Swashbuckler | Full Court+Grave Robber,768696858
1183,Blowout,preferred,Rocket Launcher,Arc,0,0,1,0,1,"Thresh, Tracking Module, Turnabout","Adrenaline Junkie, Cluster Bomb, Disruption Break",4,,,Adrenaline Junkie+Tracking Module | Cluster Bomb+Turnabout | Disruption Break+Tracking Module | Disruption Break+Turnabout,1903182562
1184,Breakneck,preferred,Auto Rifle,Kinetic,1,0,1,0,1,"Encore, Enlightened Action, Eye of the Storm","Attrition Orbs, Deconstruct, Kinetic Tremors",3,,,Encore+Kinetic Tremors | Enlightened Action+Kinetic Tremors | Eye of the Storm+Kinetic Tremors,2026755633
1185,Bad Omens,preferred,Rocket Launcher,Void,1,0,1,0,1,"Auto-Loading Holster, Perpetual Motion, Tracking Module","Explosive Light, Kill Clip, Quickdraw",3,,,Explosive Light+Perpetual Motion | Kill Clip+Tracking Module | Perpetual Motion+Quickdraw,1996201272
1186,Semiotician,preferred,Rocket Launcher,Strand,1,0,0,1,1,"Impulse Amplifier, Stats for All, Wellspring","Hatchling, Pugilist",3,,,Hatchling+Stats for All | Hatchling+Wellspring | Impulse Amplifier+Pugilist,2922749929
1187,Ascendancy,preferred,Rocket Launcher,Solar,1,0,1,0,1,"Field Prep, Reconstruction, Slideways","Explosive Light, Lasting Impression, Reaper's Tithe",3,,,Explosive Light+Slideways | Field Prep+Reaper's Tithe | Lasting Impression+Reconstruction,1713388226
1188,Ammit AR2,preferred,Auto Rifle,Solar,1,0,0,1,1,"Dynamic Sway Reduction, Surplus, Turnabout","Adaptive Munitions, Empty Traits Socket, One for All",3,,,Adaptive Munitions+Dynamic Sway Reduction | Dynamic Sway Reduction+Empty Traits Socket | One for All+Turnabout,2119346509
1189,Albruna-D,preferred,Sniper Rifle,Arc,0,0,1,0,1,"Elemental Capacitor, Ensemble, Explosive Payload","Firing Line, Slickdraw, Under-Over",3,,,Elemental Capacitor+Firing Line | Elemental Capacitor+Slickdraw | Explosive Payload+Firing Line,676270382
1190,Aberrant Action,preferred,Sidearm,Solar,1,0,0,1,1,"Beacon Rounds, Pugilist","Reverberation, Snapshot Sights, Swashbuckler",3,,,Beacon Rounds+Swashbuckler | Pugilist+Reverberation | Pugilist+Snapshot Sights,2198166292
1191,Veles-X,preferred,Pulse Rifle,Void,1,0,1,0,1,"Lone Wolf, Repulsor Brace, Tunnel Vision","Destabilizing Rounds, Firefly, Golden Tricorn",3,,,Destabilizing Rounds+Tunnel Vision | Firefly+Repulsor Brace | Golden Tricorn+Lone Wolf,438540299
1192,Unwavering Duty,preferred,Machine Gun,Solar,1,0,0,0,1,"Auto-Loading Holster, Envious Assassin, Fourth Time's the Charm","Killing Tally, Tap the Trigger, Target Lock",3,,,Auto-Loading Holster+Killing Tally | Envious Assassin+Tap the Trigger | Fourth Time's the Charm+Target Lock,3489054606
1193,Rapacious Appetite,preferred,Submachine Gun,Stasis,1,0,0,1,1,"Encore, Invisible Hand, Well-Rounded","Frenzy, Headstone, One for All",3,,,Encore+One for All | Frenzy+Invisible Hand | Headstone+Well-Rounded,1081724548
1194,Keraunios,preferred,Trace Rifle,Arc,1,0,0,0,1,"Rapid Hit, Supercharged Magazine, Trickle Charge","Butterfly, Chain Reaction, Detonator Beam",3,,,Butterfly+Trickle Charge | Chain Reaction+Trickle Charge | Detonator Beam+Supercharged Magazine,2386208942
1195,The Slammer,preferred,Sword,Stasis,1,0,1,0,1,"Attrition Orbs, Chain Reaction, Eager Edge","Cold Steel, Collective Action, One for All",3,,,Attrition Orbs+Cold Steel | Chain Reaction+One for All | Collective Action+Eager Edge,2889501828
1196,Ill Omen,preferred,Sword,Stasis,1,0,0,1,1,"Empty Traits Socket, Relentless Strikes, Valiant Charge","Empty Traits Socket, One for All, Vorpal Weapon",3,,,Empty Traits Socket+Relentless Strikes | One for All+Valiant Charge | Valiant Charge+Vorpal Weapon,3794274730
1197,Nox Perennial V,preferred,Fusion Rifle,Strand,1,0,0,0,1,"Lead from Gold, Loose Change, Threat Detector","Elemental Capacitor, Kickstart",3,,,Elemental Capacitor+Loose Change | Kickstart+Lead from Gold | Kickstart+Threat Detector,2767393525
1198,Nessa's Oblation (Adept),preferred,Shotgun,Void,0,1,0,1,0,"Demolitionist, Envious Assassin, Repulsor Brace","Demoralize, Destabilizing Rounds, Paracausal Affinity",3,,,Demolitionist+Demoralize | Destabilizing Rounds+Envious Assassin | Paracausal Affinity+Repulsor Brace,522366885
1199,Haliaetus,preferred,Rocket Launcher,Strand,1,0,0,0,1,"Cluster Bomb, Envious Assassin, Quickdraw","Elemental Honing, Hatchling, Reaper's Tithe",3,,,Cluster Bomb+Reaper's Tithe | Elemental Honing+Envious Assassin | Hatchling+Quickdraw,2155534128
1200,Forbearance (Adept),preferred,Grenade Launcher,Arc,0,1,0,1,0,"Demolitionist, Genesis, Rolling Storm","Bait and Switch, Frenzy, Gear Shift",3,,,Bait and Switch+Rolling Storm | Demolitionist+Gear Shift | Frenzy+Rolling Storm,4038592169
1201,Eighty-Six,preferred,Sword,Strand,1,0,0,0,1,"Duelist's Trance, Sharp Harvest, Slice","Attrition Orbs, En Garde, Hatchling",3,,,Attrition Orbs+Duelist's Trance | En Garde+Slice | Hatchling+Sharp Harvest,2344383760
1202,BxR-55 Battler,preferred,Pulse Rifle,Solar,1,0,0,1,1,"Heating Up, Outlaw, Perpetual Motion","Elemental Capacitor, Gutshot Straight, Incandescent",3,,,Elemental Capacitor+Outlaw | Gutshot Straight+Perpetual Motion | Heating Up+Incandescent,2708806099
1203,Fortissimo-11,preferred,Shotgun,Kinetic,1,0,1,0,1,"Lead from Gold, Perpetual Motion, Unrelenting","Adagio, Focused Fury, Moving Target",3,,,Adagio+Unrelenting | Focused Fury+Unrelenting | Moving Target+Perpetual Motion,963732595
1204,Anonymous Autumn,preferred,Sidearm,Arc,1,0,1,0,1,"Closing Time, Offhand Strike, Rangefinder","Adagio, Rampage, Swashbuckler",3,,,Adagio+Rangefinder | Offhand Strike+Rampage | Rangefinder+Swashbuckler,1644501332
1205,Anamnesis (Adept),preferred,Combat Bow,Void,0,1,0,0,1,"Archer's Tempo, Dragonfly, Hip-Fire Grip","Adagio, Explosive Head, Impulse Amplifier",3,,,Adagio+Dragonfly | Dragonfly+Impulse Amplifier | Explosive Head+Hip-Fire Grip,3949253499
1206,Acosmic,preferred,Grenade Launcher,Void,1,0,0,0,1,"Enlightened Action, Impulse Amplifier, Slickdraw","Destabilizing Rounds, Explosive Light",3,,,Destabilizing Rounds+Impulse Amplifier | Destabilizing Rounds+Slickdraw | Enlightened Action+Explosive Light,1106017703
1207,Ecliptic Distaff,preferred,Glaive,Void,1,0,1,0,1,"Grave Robber, Replenishing Aegis, Repulsor Brace","Chaos Reshaped, Unstoppable Force, Withering Gaze",3,,,Chaos Reshaped+Repulsor Brace | Grave Robber+Unstoppable Force | Replenishing Aegis+Withering Gaze,1942143745
1208,Acasia's Dejection (Adept),preferred,Trace Rifle,Solar,0,1,0,1,0,"Burning Ambition, Hip-Fire Grip, Perpetual Motion","Chaos Reshaped, Detonator Beam, Frenzy",3,,,Burning Ambition+Frenzy | Chaos Reshaped+Perpetual Motion | Detonator Beam+Perpetual Motion,3493494807
1209,A Distant Pull,preferred,Sniper Rifle,Stasis,1,0,0,1,1,"Ambitious Assassin, Ensemble, Triple Tap","Collective Action, Explosive Payload, Focused Fury",3,,,Ambitious Assassin+Focused Fury | Collective Action+Triple Tap | Ensemble+Explosive Payload,1769847435
1210,Yesteryear,preferred,Pulse Rifle,Void,1,0,1,0,1,"Compulsive Reloader, Heating Up, Well-Rounded","Eye of the Storm, Repulsor Brace, Under-Over",3,,,Compulsive Reloader+Eye of the Storm | Heating Up+Repulsor Brace | Heating Up+Under-Over,4028000428
1211,Sightline Survey,preferred,Hand Cannon,Arc,1,0,0,1,1,"Enlightened Action, Strategist, To the Pain","Encore, Kill Clip, Voltshot",3,,,Encore+To the Pain | Enlightened Action+Voltshot | Kill Clip+Strategist,2350330520
1212,Crisis Inverted,preferred,Hand Cannon,Arc,0,0,1,0,1,"Ensemble, Moving Target, Tunnel Vision","Adaptive Munitions, Adrenaline Junkie, One for All",3,,,Adaptive Munitions+Moving Target | Adaptive Munitions+Tunnel Vision | Ensemble+One for All,2888266564
1213,Eleatic Principle,preferred,Machine Gun,Arc,1,0,0,1,1,"Eddy Current, Heating Up, Zen Moment","Empty Traits Socket, Harmony, Tap the Trigger",3,,,Eddy Current+Tap the Trigger | Empty Traits Socket+Heating Up | Harmony+Zen Moment,105306149
1214,Autumn Wind,preferred,Pulse Rifle,Kinetic,1,0,1,0,1,"Envious Assassin, Shot Swap, Slideways","Adrenaline Junkie, Headseeker, Moving Target",3,,,Adrenaline Junkie+Slideways | Headseeker+Shot Swap | Moving Target+Slideways,3110377595
1215,Watchful Eye,preferred,Machine Gun,Arc,1,0,0,0,1,"Eddy Current, Field Prep, Mulligan","Elemental Honing, Rolling Storm, Surrounded",2,,,Mulligan+Rolling Storm | Mulligan+Surrounded,3058845782
1216,Triple Laureate,preferred,Hand Cannon,Stasis,1,0,0,0,1,"Crystalline Corpsebloom, Rangefinder","One-Two Punch, Trench Barrel",2,,,Crystalline Corpsebloom+Trench Barrel | One-Two Punch+Rangefinder,2908653246
1217,The Title,preferred,Submachine Gun,Void,1,0,0,0,1,"Perpetual Motion, Recycled Energy","Surrounded, Under Pressure",2,,,Perpetual Motion+Under Pressure | Recycled Energy+Surrounded,4106258882
1218,The Ringing Nail,preferred,Auto Rifle,Solar,1,0,1,0,1,Incandescent,"Rampage, Sword Logic",2,,,Incandescent+Rampage | Incandescent+Sword Logic,4206550094
1219,The Forward Path,preferred,Auto Rifle,Kinetic,1,0,0,0,1,"Hip-Fire Grip, Pulse Monitor","Iron Gaze, Iron Grip",2,,,Hip-Fire Grip+Iron Grip | Iron Gaze+Pulse Monitor,1690783811
1220,The Beacon,preferred,Fusion Rifle,Solar,1,0,0,0,1,"Collective Pugilism, Lead from Gold, Overflow","Bait and Switch, Burning Ambition, Controlled Burst",2,,,Bait and Switch+Collective Pugilism | Burning Ambition+Overflow,2161618499
1221,Solemn Remembrance,preferred,Hand Cannon,Stasis,1,0,1,0,1,"Headstone, Slideshot","Precision Instrument, Rimestealer",2,,,Headstone+Precision Instrument | Rimestealer+Slideshot,4116518582
1222,Rake Angle,preferred,Glaive,Stasis,1,0,1,0,1,"Replenishing Aegis, Rimestealer","Swashbuckler, Unstoppable Force",2,,,Replenishing Aegis+Swashbuckler | Rimestealer+Unstoppable Force,2298039571
1223,Qua Vinctus IV,preferred,Machine Gun,Strand,1,0,1,0,1,"Built to Blast, Transcendent Moment","Meganeura, Strategist",2,,,Built to Blast+Strategist | Meganeura+Transcendent Moment,4176551594
1224,Pardon Our Dust,preferred,Grenade Launcher,Kinetic,1,0,0,1,1,"Pulse Monitor, Steady Hands","Danger Zone, Pugilist",2,,,Danger Zone+Steady Hands | Pugilist+Pulse Monitor,3849810018
1225,Nightshade,preferred,Pulse Rifle,Strand,1,0,1,0,1,"Lead From Light, Lucky Shot","Headseeker, Kill Clip",2,,,Headseeker+Lucky Shot | Kill Clip+Lead From Light,1559068369
1226,Nasreddin,preferred,Sword,Arc,1,0,0,0,1,"Relentless Strikes, Tireless Blade",Rolling Storm,2,,,Relentless Strikes+Rolling Storm | Rolling Storm+Tireless Blade,1979417829
1227,Mindbender's Ambition,preferred,Shotgun,Solar,1,0,1,0,1,"Lead from Gold, Threat Detector","Steady Hands, Well-Rounded",2,,,Lead from Gold+Well-Rounded | Steady Hands+Threat Detector,1094005544
1228,Last Rite,preferred,Scout Rifle,Kinetic,1,0,1,0,1,"Hip-Fire Grip, Reconstruction",Adhesive Ordnance,2,,,Adhesive Ordnance+Hip-Fire Grip | Adhesive Ordnance+Reconstruction,3708636616
1229,Felwinter's Lie,preferred,Shotgun,Solar,1,0,0,0,1,"Cascade Point, Threat Detector","Iron Reach, Opening Shot",2,,,Cascade Point+Opening Shot | Iron Reach+Threat Detector,218787950
1230,False Idols,preferred,Sword,Solar,1,0,0,1,1,"Attrition Orbs, Flash Counter, Incandescent","Bait and Switch, Burning Ambition, Counterattack",2,,,Attrition Orbs+Counterattack | Burning Ambition+Flash Counter,4207120603
1231,Crowning Duologue,preferred,Rocket Launcher,Strand,1,0,0,0,1,"Grave Robber, Impulse Amplifier","Envious Assassin, Reverberation",2,,,Envious Assassin+Impulse Amplifier | Grave Robber+Reverberation,4106757302
1232,Burden of Guilt,preferred,Fusion Rifle,Stasis,1,0,0,0,1,"Ambitious Assassin, Envious Arsenal, Eye of the Storm","Closing Time, Controlled Burst, High-Impact Reserves",2,,,Ambitious Assassin+Controlled Burst | Eye of the Storm+High-Impact Reserves,976459525
1233,Afterlight (Adept),preferred,Fusion Rifle,Void,0,1,0,0,1,"Ambitious Assassin, Discord, Grave Robber","Cornered, Reservoir Burst, Successful Warm-Up",2,,,Ambitious Assassin+Cornered | Grave Robber+Successful Warm-Up,3953163559
1234,Action Item,preferred,Trace Rifle,Stasis,1,0,0,0,1,"Deconstruct, High-Impact Reserves, Rewind Rounds","Binary Orbit, Crystalline Corpsebloom, Detonator Beam",2,,,Binary Orbit+High-Impact Reserves | Crystalline Corpsebloom+Rewind Rounds,527989828
1235,Willful Hamartia,preferred,Linear Fusion Rifle,Arc,1,0,0,0,1,"Lone Wolf, Successful Warm-Up","Headseeker, Offhand Strike",2,,,Headseeker+Successful Warm-Up | Lone Wolf+Offhand Strike,1952295804
1236,Reckless Endangerment,preferred,Shotgun,Kinetic,1,0,1,0,1,"Bewildering Burst, Dual Loader, Steady Hands","All-Star, Binary Orbit, Trench Barrel",3,,,All-Star+Steady Hands | Bewildering Burst+Trench Barrel | Binary Orbit+Dual Loader,3085559077
1237,The Palindrome,preferred,Hand Cannon,Arc,1,0,1,0,1,"Collective Demolition, Supercharged Magazine","Opening Shot, Snapshot Sights",2,,,Collective Demolition+Snapshot Sights | Opening Shot+Supercharged Magazine,3303271523
1238,The Mountaintop,preferred,Grenade Launcher,Kinetic,1,0,0,0,1,"Impulse Amplifier, Overflow","Rampage, Recombination",2,,,Impulse Amplifier+Rampage | Overflow+Recombination,4043921923
1239,Shayura's Wrath,preferred,Submachine Gun,Void,1,0,0,0,1,"Dynamic Sway Reduction, Heating Up, Hip-Fire Grip","Celerity, Golden Tricorn, Harmony",2,,,Celerity+Heating Up | Harmony+Hip-Fire Grip,3682803680
1240,Qua Nilus II,preferred,Submachine Gun,Strand,1,0,1,0,1,"Proximity Power, Slice","Harmony, Hatchling",2,,,Harmony+Slice | Hatchling+Proximity Power,190747610
1241,Rufus's Fury (Adept),preferred,Auto Rifle,Strand,0,1,0,1,0,"Pugilist, Reconstruction, Thresh","Aggregate Charge, Frenzy, Hatchling",3,,,Aggregate Charge+Pugilist | Frenzy+Thresh | Hatchling+Thresh,342514437
1242,Prolonged Engagement,preferred,Submachine Gun,Stasis,1,0,1,0,1,"Air Assault, Eye of the Storm, Fourth Time's the Charm","Gutshot Straight, One for All, Pugilist",2,,,Eye of the Storm+One for All | Fourth Time's the Charm+Pugilist,2349907931
1243,Positive Outlook,preferred,Auto Rifle,Void,1,0,1,0,1,"Invisible Hand, Shot Swap, Tap the Trigger","Cascade Point, Dragonfly, Repulsor Brace",2,,,Dragonfly+Tap the Trigger | Repulsor Brace+Shot Swap,491078457
1244,Patron of Lost Causes,preferred,Scout Rifle,Kinetic,1,0,0,0,1,"Grave Robber, Rapid Hit","Elemental Capacitor, Under Pressure",2,,,Elemental Capacitor+Grave Robber | Rapid Hit+Under Pressure,2723241847
1245,Crowd Pleaser,preferred,Grenade Launcher,Void,0,0,1,0,1,"Clown Cartridge, Killing Wind, Pulse Monitor","Chain Reaction, Quickdraw, Rampage",3,,,Chain Reaction+Killing Wind | Clown Cartridge+Rampage | Pulse Monitor+Quickdraw,3565520715
1246,No Feelings,preferred,Scout Rifle,Arc,1,0,1,0,1,"Collective Demolition, Outlaw, Rapid Hit","Box Breathing, Gear Shift, Rampage",2,,,Collective Demolition+Rampage | Gear Shift+Rapid Hit,2979764077
1247,Kept Confidence,preferred,Hand Cannon,Strand,1,0,0,1,1,"Air Assault, Quickdraw","Empty Traits Socket, Thresh",2,,,Air Assault+Thresh | Empty Traits Socket+Quickdraw,1875512595
1248,Indebted Kindness,preferred,Sidearm,Arc,1,0,0,0,1,"Deconstruct, Impulse Amplifier","Gear Shift, Voltshot",2,,,Deconstruct+Voltshot | Gear Shift+Impulse Amplifier,2554513694
1249,Hullabaloo,preferred,Grenade Launcher,Arc,1,0,0,0,1,"Field Prep, Voltshot","Adrenaline Junkie, One for All",2,,,Adrenaline Junkie+Field Prep | One for All+Voltshot,2666273249
1250,Hammerhead,preferred,Machine Gun,Void,1,0,1,0,1,"Destabilizing Rounds, Rampage",Surrounded,2,,,Destabilizing Rounds+Surrounded | Rampage+Surrounded,1896309757
1251,Stryker's Sure-Hand,preferred,Sword,Void,1,0,1,0,1,"Duelist's Trance, Repulsor Brace, Sharp Harvest","Destabilizing Rounds, Flash Counter, Impromptu Ammunition",2,,,Destabilizing Rounds+Sharp Harvest | Duelist's Trance+Impromptu Ammunition,2490460292
1252,Folded Root,preferred,Rocket Launcher,Void,1,0,0,0,1,"Danger Zone, Reverberation","Lasting Impression, Multikill Clip",2,,,Danger Zone+Multikill Clip | Lasting Impression+Reverberation,3184457500
1253,Bottom Dollar,preferred,Hand Cannon,Void,1,0,1,0,1,"Fourth Time's the Charm, Hip-Fire Grip, Outlaw","Demolitionist, Disruption Break, Unrelenting",2,,,Demolitionist+Fourth Time's the Charm | Disruption Break+Outlaw,2953199259
1254,Boomslang-4fr,preferred,Linear Fusion Rifle,Arc,1,0,1,0,1,"Field Prep, Rapid Hit, Rolling Storm","Binary Orbit, Jolting Feedback, Precision Instrument",2,,,Binary Orbit+Rolling Storm | Field Prep+Precision Instrument,3926153598
1255,Aureus Neutralizer,preferred,Hand Cannon,Kinetic,1,0,0,0,1,"Threat Remover, Vorpal Weapon","Desperate Measures, Trench Barrel",2,,,Desperate Measures+Threat Remover | Trench Barrel+Vorpal Weapon,3981920134
1256,Abyss Defiant (Adept),preferred,Auto Rifle,Solar,0,1,0,1,0,"Burning Ambition, Outlaw, Reconstruction","Collective Action, Collective Pugilism, Sword Logic",2,,,Burning Ambition+Sword Logic | Outlaw+Sword Logic,3782662983
1257,A Good Shout,preferred,Combat Bow,Void,1,0,1,0,1,"No Distractions, Withering Gaze","Box Breathing, Demoralize",2,,,Box Breathing+Withering Gaze | Demoralize+No Distractions,3615748501
1258,Word of Crota (Adept),preferred,Hand Cannon,Void,0,1,0,1,0,"Rangefinder, Rapid Hit, Repulsor Brace","Focused Fury, Magnificent Howl, Master of Arms",2,,,Focused Fury+Repulsor Brace | Master of Arms+Rapid Hit,3926103986
1259,Tarnished Mettle,preferred,Scout Rifle,Arc,1,0,0,1,1,"Killing Wind, Rapid Hit","Empty Traits Socket, Voltshot",2,,,Empty Traits Socket+Rapid Hit | Killing Wind+Voltshot,2218569744
1260,Taraxippos,preferred,Scout Rifle,Strand,1,0,0,0,1,"Closing Time, Keep Away","Kill Clip, Tear",2,,,Closing Time+Kill Clip | Keep Away+Tear,4148460558
1261,Point of the Stag,preferred,Combat Bow,Arc,1,0,0,0,1,"Archer's Tempo, Elemental Capacitor, No Distractions","Golden Tricorn, Golden Tricorn Enhanced, Precision Instrument",2,,,Elemental Capacitor+Precision Instrument | Golden Tricorn Enhanced+No Distractions,888872889
1262,Peculiar Charm,preferred,Submachine Gun,Kinetic,1,0,1,0,1,"Attrition Orbs, Impromptu Ammunition, Rangefinder","All-Star, Desperado, Firefly",2,,,All-Star+Impromptu Ammunition | Firefly+Rangefinder,3620277039
1263,Bygones,preferred,Pulse Rifle,Kinetic,1,0,1,0,1,"Attrition Orbs, Shoot to Loot, To the Pain","Desperado, Headseeker, Osmosis",3,,,Attrition Orbs+Headseeker | Desperado+Shoot to Loot | Osmosis+To the Pain,2199554524
1264,Last Foray,preferred,Sniper Rifle,Solar,1,0,0,0,1,"Quickdraw, Rewind Rounds","Bait and Switch, Incandescent",2,,,Bait and Switch+Quickdraw | Incandescent+Rewind Rounds,4118936670
1265,Empty Vessel,preferred,Grenade Launcher,Solar,1,0,1,0,1,"Genesis, Pulse Monitor","One for All, Vorpal Weapon",2,,,Genesis+Vorpal Weapon | One for All+Pulse Monitor,198068259
1266,Borrowed Time,preferred,Submachine Gun,Solar,0,0,1,0,1,"Dynamic Sway Reduction, Grave Robber, Heating Up","Adrenaline Junkie, Frenzy, Snapshot Sights",2,,,Dynamic Sway Reduction+Snapshot Sights | Frenzy+Grave Robber,875848769
1267,Yeartide Apex,preferred,Submachine Gun,Solar,1,0,0,0,1,Transcendent Moment,Target Lock,1,,,Target Lock+Transcendent Moment,3293207827
1268,Trendsetter,preferred,Auto Rifle,Arc,1,0,0,0,1,Ambitious Assassin,Zen Moment,1,,,Ambitious Assassin+Zen Moment,2863808104
1269,Theodolite,preferred,Grenade Launcher,Arc,1,0,1,0,1,Transcendent Moment,Rolling Storm,1,,,Rolling Storm+Transcendent Moment,4146673635
1270,The Summoner,preferred,Auto Rifle,Solar,1,0,0,0,1,Elemental Capacitor,Incandescent,1,,,Elemental Capacitor+Incandescent,1820994983
1271,The Messenger,preferred,Pulse Rifle,Kinetic,1,0,0,0,1,Outlaw,Keep Away,1,,,Keep Away+Outlaw,3796795102
1272,Submersion,preferred,Combat Bow,Stasis,1,0,0,0,1,Bolt Scavenger,Chill Clip,1,,,Bolt Scavenger+Chill Clip,3524386983
1273,Steelfeather Repeater,preferred,Auto Rifle,Kinetic,1,0,0,0,1,Proximity Power,All-Star,1,,,All-Star+Proximity Power,771811870
1274,Salvager's Salvo,preferred,Grenade Launcher,Arc,1,0,1,0,1,Trickle Charge,Vorpal Weapon,1,,,Trickle Charge+Vorpal Weapon,2461640837
1275,Ribbontail,preferred,Trace Rifle,Strand,1,0,0,0,1,Proximity Power,Killing Tally,1,,,Killing Tally+Proximity Power,407150808
1276,Returned Memory,preferred,Sidearm,Solar,1,0,1,0,1,Blast Distributor,Redirection,1,,,Blast Distributor+Redirection,4049127142
1277,Reed's Regret,preferred,Linear Fusion Rifle,Stasis,1,0,0,0,1,Triple Tap,Successful Warm-Up,1,,,Successful Warm-Up+Triple Tap,3267997292
1278,Precipial,preferred,Shotgun,Void,1,0,0,0,1,Repulsor Brace,Discord,1,,,Discord+Repulsor Brace,367772693
1279,Permafrost,preferred,Grenade Launcher,Stasis,1,0,0,0,1,Rimestealer,Wellspring,1,,,Rimestealer+Wellspring,2922964484
1280,Palmyra-B,preferred,Rocket Launcher,Stasis,1,0,0,1,1,Unrelenting,Lasting Impression,1,,,Lasting Impression+Unrelenting,3489657138
1281,Nox Sidereal IV,preferred,Fusion Rifle,Stasis,1,0,1,0,1,Stats for All,Reservoir Burst,1,,,Reservoir Burst+Stats for All,2875763009
1282,No Reprieve,preferred,Shotgun,Stasis,1,0,0,1,1,Triple Tap,Swashbuckler,1,,,Swashbuckler+Triple Tap,2531963421
1283,Mechabre,preferred,Sniper Rifle,Arc,1,0,0,0,1,Auto-Loading Holster,Voltshot,1,,,Auto-Loading Holster+Voltshot,3871226707
1284,Malediction,preferred,Hand Cannon,Kinetic,1,0,1,0,1,To the Pain,Redirection,1,,,Redirection+To the Pain,979721268
1285,MIDA Mini-Tool,preferred,Submachine Gun,Solar,1,0,0,0,1,Perpetual Motion,Collective Pugilism,1,,,Collective Pugilism+Perpetual Motion,3946054154
1286,Jurisprudent,preferred,Scout Rifle,Stasis,1,0,0,0,1,Tunnel Vision,No Distractions,1,,,No Distractions+Tunnel Vision,4090134063
1287,Frontier's Cry,preferred,Hand Cannon,Solar,1,0,0,0,1,Steady Hands,Iron Grip,1,,,Iron Grip+Steady Hands,3203303472
1288,Forced Memorializer,preferred,Scout Rifle,Kinetic,1,0,1,0,1,Shoot to Loot,Ancillary Ordinance,1,,,Ancillary Ordinance+Shoot to Loot,1197073834
1289,Eye of Sol,preferred,Sniper Rifle,Kinetic,1,0,0,0,1,No Distractions,Deconstruct,1,,,Deconstruct+No Distractions,1401300690
1290,Different Times,preferred,Pulse Rifle,Strand,1,0,0,1,1,Stats for All,Headseeker,1,,,Headseeker+Stats for All,3016891299
1291,Belisarius-D,preferred,Pulse Rifle,Strand,1,0,1,0,1,Tear,Headseeker,1,,,Headseeker+Tear,747743637
1292,Archon's Thunder,preferred,Machine Gun,Stasis,1,0,0,0,1,High-Impact Reserves,Onslaught,1,,,High-Impact Reserves+Onslaught,2896109856
1293,Abyssal Edge,preferred,Sword,Strand,1,0,0,0,1,Energy Transfer,Hatchling,1,,,Energy Transfer+Hatchling,4221591387
1294,Tinasha's Mastery,preferred,Sidearm,Stasis,1,0,0,0,1,Deconstruct,One for All,1,,,Deconstruct+One for All,480368036
1295,Taipan-4fr,preferred,Linear Fusion Rifle,Void,1,0,0,1,1,Ensemble,Snapshot Sights,1,,,Ensemble+Snapshot Sights,1911060537
1296,Something New,preferred,Hand Cannon,Stasis,1,0,0,0,1,Triple Tap,Golden Tricorn Enhanced,1,,,Golden Tricorn Enhanced+Triple Tap,3240434620
1297,Servant Leader,preferred,Scout Rifle,Kinetic,0,0,1,0,1,"Heating Up, Hip-Fire Grip, No Distractions","Adrenaline Junkie, One for All, Thresh",1,,,Adrenaline Junkie+No Distractions,1107446438
1298,Round Robin,preferred,Hand Cannon,Strand,1,0,0,1,1,"Empty Traits Socket, Envious Assassin, Tear","Adagio, Empty Traits Socket, Golden Tricorn Enhanced",1,,,Adagio+Empty Traits Socket,2034215657
1299,Null Composure,preferred,Fusion Rifle,Void,1,0,1,0,1,Successful Warm-Up,High-Impact Reserves,1,,,High-Impact Reserves+Successful Warm-Up,3613444087
1300,Micromort,preferred,Rocket Launcher,Arc,1,0,0,0,1,Impulse Amplifier,Paracausal Affinity,1,,,Impulse Amplifier+Paracausal Affinity,602331467
1301,Luna's Howl,preferred,Hand Cannon,Solar,1,0,0,0,1,Subsistence,Magnificent Howl,1,,,Magnificent Howl+Subsistence,3757612024
1302,Giver's Blessing,preferred,Auto Rifle,Kinetic,1,0,0,0,1,Shoot to Loot,Zen Moment,1,,,Shoot to Loot+Zen Moment,970034755
1303,Faustus Decline,preferred,Sidearm,Stasis,1,0,0,0,1,Rangefinder,Sword Logic,1,,,Rangefinder+Sword Logic,1663482635
1304,Cataphract GL3,preferred,Grenade Launcher,Strand,1,0,0,0,1,Auto-Loading Holster,Impromptu Ammunition,1,,,Auto-Loading Holster+Impromptu Ammunition,3805679279
1305,Aurora Dawn,preferred,Sword,Stasis,1,0,1,0,1,Unrelenting,Binary Orbit,1,,,Binary Orbit+Unrelenting,2111625436
1306,Aisha's Care,preferred,Pulse Rifle,Strand,1,0,0,0,1,Zen Moment,Collective Action,1,,,Collective Action+Zen Moment,3969379530
1307,Agape,preferred,Hand Cannon,Solar,1,0,0,0,1,Pugilist,Master of Arms,1,,,Master of Arms+Pugilist,4124362340
1308,Volta Bracket,preferred,Sniper Rifle,Strand,1,0,0,1,1,"Empty Traits Socket, Keep Away, Perfect Float","Mega Kill Clip, Rewind Rounds, Under Pressure",6,,,Empty Traits Socket+Mega Kill Clip | Empty Traits Socket+Under Pressure | Keep Away+Rewind Rounds | Keep Away+Under Pressure | Mega Kill Clip+Perfect Float | Perfect Float+Under Pressure,3920310144
1309,Embraced Identity,preferred,Sniper Rifle,Void,1,0,0,1,1,"Permeability, Reconstruction, Vorpal Weapon","Aggregate Charge, Elemental Honing, Redirection",5,,,Aggregate Charge+Permeability | Elemental Honing+Permeability | Elemental Honing+Vorpal Weapon | Reconstruction+Redirection | Redirection+Vorpal Weapon,2821677368
1310,Double-Edged Answer,preferred,Sword,Void,0,0,1,0,1,"Pugilist, Repulsor Brace, Thresh","Assassin's Blade, Counterattack, Valiant Charge",5,,,Assassin's Blade+Pugilist | Assassin's Blade+Repulsor Brace | Counterattack+Thresh | Pugilist+Valiant Charge | Repulsor Brace+Valiant Charge,105164264
1311,Strident Whistle,preferred,Combat Bow,Solar,0,0,1,0,1,"Archer's Tempo, Rangefinder, Sneak Bow","Cornered, Explosive Head, Harmony",5,,,Archer's Tempo+Harmony | Cornered+Rangefinder | Explosive Head+Rangefinder | Harmony+Rangefinder | Harmony+Sneak Bow,2591241074
1312,No Hesitation,preferred,Auto Rifle,Solar,1,0,0,1,1,"Physic, Strategist, Target Lock","Chaos Reshaped, Circle of Life, Disruption Break",4,,,Chaos Reshaped+Physic | Circle of Life+Strategist | Disruption Break+Strategist | Disruption Break+Target Lock,1801007332
1313,Imminence (Adept),preferred,Submachine Gun,Strand,0,1,0,1,0,"Dynamic Sway Reduction, Enlightened Action, Fragile Focus","Binary Orbit, Paracausal Affinity, Strategist",4,,,Binary Orbit+Fragile Focus | Dynamic Sway Reduction+Strategist | Enlightened Action+Paracausal Affinity | Enlightened Action+Strategist,3951511045
1314,Corrective Measure (Timelost),preferred,Machine Gun,Void,0,1,0,1,0,"Collective Demolition, Dimensional Shift, Redirection","Elemental Honing, Killing Tally, Withering Gaze",4,,,Collective Demolition+Withering Gaze | Dimensional Shift+Elemental Honing | Dimensional Shift+Killing Tally | Elemental Honing+Redirection,2334480463
1315,Blowout,preferred,Rocket Launcher,Arc,0,0,1,0,1,"Sympathetic Arsenal, Thresh, Tracking Module","Cluster Bomb, Golden Tricorn Enhanced, Harmony",4,,,Golden Tricorn Enhanced+Thresh | Golden Tricorn Enhanced+Tracking Module | Harmony+Sympathetic Arsenal | Harmony+Tracking Module,1903182562
1316,Royal Entry,preferred,Rocket Launcher,Void,0,0,1,0,1,"Moving Target, Rangefinder, Threat Detector","Chain Reaction, Cluster Bomb, Wellspring",4,,,Chain Reaction+Moving Target | Chain Reaction+Rangefinder | Cluster Bomb+Threat Detector | Moving Target+Wellspring,2448907086
1317,Non-Denouement (Adept),preferred,Combat Bow,Arc,0,1,0,1,0,"Dragonfly, Rolling Storm, Shoot to Loot","Archer's Gambit, Chaos Reshaped, Desperate Measures",4,,,Archer's Gambit+Rolling Storm | Chaos Reshaped+Dragonfly | Chaos Reshaped+Shoot to Loot | Desperate Measures+Rolling Storm,1039915310
1318,Lubrae's Ruin (Adept),preferred,Glaive,Solar,0,1,0,1,0,"Close to Melee, Frenzy, Killing Wind","Bait and Switch, Unstoppable Force, Vorpal Weapon",4,,,Bait and Switch+Killing Wind | Close to Melee+Unstoppable Force | Frenzy+Vorpal Weapon | Killing Wind+Unstoppable Force,1466006054
1319,Doom of Chelchis (Harrowed),preferred,Scout Rifle,Void,0,1,0,1,0,"Adaptive Munitions, Rangefinder, Stats for All","Meganeura, Unrelenting, Withering Gaze",4,,,Adaptive Munitions+Meganeura | Rangefinder+Unrelenting | Rangefinder+Withering Gaze | Stats for All+Withering Gaze,1184692845
1320,Albedo Wing,preferred,Glaive,Arc,1,0,0,0,1,"Beacon Rounds, Immovable Object, Keep Away","Close to Melee, Deconstruct, High-Impact Reserves",4,,,Beacon Rounds+High-Impact Reserves | Close to Melee+Keep Away | Deconstruct+Keep Away | High-Impact Reserves+Immovable Object,2680976411
1321,Retrofuturist,preferred,Shotgun,Void,1,0,1,0,1,"Dual Loader, Hip-Fire Grip, Unrelenting","Deconstruct, Envious Assassin, Trench Barrel",4,,,Deconstruct+Hip-Fire Grip | Dual Loader+Envious Assassin | Hip-Fire Grip+Trench Barrel | Trench Barrel+Unrelenting,1612781792
1322,Deliverance (Adept),preferred,Fusion Rifle,Stasis,0,1,0,1,0,"Compulsive Reloader, Crystalline Corpsebloom, Perpetual Motion","Controlled Burst, Harmony, Successful Warm-Up",4,,,Controlled Burst+Perpetual Motion | Crystalline Corpsebloom+Harmony | Crystalline Corpsebloom+Successful Warm-Up | Perpetual Motion+Successful Warm-Up,2943293195
1323,The Spiteful Fang,preferred,Combat Bow,Stasis,1,0,1,0,1,"Archer's Tempo, Headstone, Rimestealer","Archer's Gambit, Explosive Head, Firefly",4,,,Archer's Gambit+Headstone | Archer's Tempo+Firefly | Explosive Head+Rimestealer | Firefly+Rimestealer,1704597062
1324,Yesteryear,preferred,Pulse Rifle,Void,1,0,1,0,1,"Compulsive Reloader, Perpetual Motion, Well-Rounded","Repulsor Brace, Under-Over, Wellspring",4,,,Compulsive Reloader+Wellspring | Perpetual Motion+Repulsor Brace | Perpetual Motion+Under-Over | Well-Rounded+Wellspring,4028000428
1325,Trinary System,preferred,Fusion Rifle,Solar,0,0,1,0,1,"Feeding Frenzy, Firmly Planted, Under Pressure","Backup Plan, Disruption Break, Unrelenting",3,,,Backup Plan+Feeding Frenzy | Disruption Break+Under Pressure | Firmly Planted+Unrelenting,3258665412
1326,The Heron,preferred,Glaive,Void,1,0,0,0,1,"Proximity Power, Replenishing Aegis, Repulsor Brace","Redirection, Unrelenting",3,,,Proximity Power+Unrelenting | Redirection+Replenishing Aegis | Repulsor Brace+Unrelenting,2246386812
1327,Smite of Merain (Harrowed),preferred,Pulse Rifle,Kinetic,0,1,0,1,0,"Ancillary Ordinance, Bewildering Burst, Pugilist","Adhesive Ordnance, All-Star, Firefly",3,,,Adhesive Ordnance+Pugilist | All-Star+Pugilist | Ancillary Ordinance+Firefly,3407395594
1328,Reghusk's Pledge,preferred,Auto Rifle,Void,1,0,0,0,1,"Impromptu Ammunition, Proximity Power, Rewind Rounds","Attrition Orbs, Repulsor Brace, Zen Moment",3,,,Attrition Orbs+Impromptu Ammunition | Proximity Power+Zen Moment | Repulsor Brace+Rewind Rounds,2370525224
1329,Pointed Inquiry,preferred,Scout Rifle,Void,1,0,0,1,1,"Genesis, Repulsor Brace, Stats for All","Demoralize, Precision Instrument, Turnabout",3,,,Demoralize+Stats for All | Genesis+Precision Instrument | Repulsor Brace+Turnabout,297296830
1330,Oversoul Edict (Adept),preferred,Pulse Rifle,Arc,0,1,0,1,0,"Encore, Eye of the Storm, Rolling Storm","Adrenaline Junkie, Headseeker, Swashbuckler",3,,,Adrenaline Junkie+Eye of the Storm | Eye of the Storm+Swashbuckler | Headseeker+Rolling Storm,578105049
1331,No Feelings,preferred,Scout Rifle,Arc,1,0,1,0,1,"Outlaw, Rolling Storm, Voltshot","Box Breathing, Meganeura, Rampage",3,,,Box Breathing+Rolling Storm | Meganeura+Outlaw | Rampage+Voltshot,2979764077
1332,Cynosure,preferred,Rocket Launcher,Strand,1,0,1,0,1,"Clown Cartridge, Danger Zone, Sympathetic Arsenal","Cluster Bomb, Elemental Honing, Quickdraw",3,,,Clown Cartridge+Cluster Bomb | Clown Cartridge+Elemental Honing | Elemental Honing+Sympathetic Arsenal,694275488
1333,Critical Anomaly (Adept),preferred,Sniper Rifle,Stasis,0,1,0,1,0,"Built to Blast, Chill Clip, Opening Shot","Elemental Honing, Mega Kill Clip, Snapshot Sights",3,,,Built to Blast+Mega Kill Clip | Chill Clip+Snapshot Sights | Mega Kill Clip+Opening Shot,172461430
1334,Chain of Command,preferred,Machine Gun,Stasis,1,0,1,0,1,"Headstone, Osmosis, Turnabout","Adaptive Munitions, Desperate Measures, Target Lock",3,,,Desperate Measures+Turnabout | Headstone+Target Lock | Osmosis+Target Lock,1716620044
1335,Wild Style,preferred,Grenade Launcher,Solar,1,0,1,0,1,"Grave Robber, Stats for All, Unrelenting","Incandescent, One for All, Permeability",3,,,Grave Robber+One for All | Incandescent+Unrelenting | Permeability+Stats for All,1332123064
1336,Watchful Eye,preferred,Machine Gun,Arc,1,0,0,0,1,"Eddy Current, Field Prep, Hip-Fire Grip","Elemental Honing, Sword Logic, Target Lock",3,,,Eddy Current+Target Lock | Elemental Honing+Hip-Fire Grip | Field Prep+Sword Logic,3058845782
1337,The Third Axiom,preferred,Pulse Rifle,Arc,1,0,1,0,1,"Killing Wind, Moving Target, Quickdraw","Disruption Break, Sympathetic Arsenal, Thresh",3,,,Disruption Break+Moving Target | Killing Wind+Sympathetic Arsenal | Moving Target+Thresh,3744058588
1338,Summum Bonum (Adept),preferred,Sword,Arc,0,1,0,1,0,"Deconstruct, Relentless Strikes, Strategist","Chaos Reshaped, Vorpal Weapon, Whirlwind Blade",3,,,Chaos Reshaped+Relentless Strikes | Deconstruct+Whirlwind Blade | Strategist+Vorpal Weapon,2001697739
1339,Song of Ir Yût (Adept),preferred,Machine Gun,Arc,0,1,0,1,0,"Feeding Frenzy, Jolting Feedback, Rewind Rounds","Elemental Capacitor, High Ground, Master of Arms",3,,,Elemental Capacitor+Rewind Rounds | High Ground+Jolting Feedback | Jolting Feedback+Master of Arms,407511664
1340,Someday,preferred,Shotgun,Kinetic,1,0,0,1,1,"Dual Loader, Empty Traits Socket, Lead from Gold","Barrel Constrictor, Cascade Point, Closing Time",3,,,Barrel Constrictor+Lead from Gold | Cascade Point+Dual Loader | Closing Time+Empty Traits Socket,3232203524
1341,Qullim's Terminus (Harrowed),preferred,Machine Gun,Stasis,0,1,0,1,0,"Ensemble, Heating Up, Stats for All","Crystalline Corpsebloom, Eye of the Storm, Headstone",3,,,Crystalline Corpsebloom+Ensemble | Crystalline Corpsebloom+Heating Up | Ensemble+Eye of the Storm,3248429089
1342,Qua Xaphan V,preferred,Machine Gun,Void,0,0,1,0,1,"Clown Cartridge, Encore, Offhand Strike","Elemental Capacitor, Firing Line, High Ground",3,,,Elemental Capacitor+Encore | Elemental Capacitor+Offhand Strike | Firing Line+Offhand Strike,1975125963
1343,Pure Poetry,preferred,Hand Cannon,Kinetic,0,0,1,0,1,"Air Assault, Fragile Focus, Well-Rounded","Osmosis, Rampage, Under-Over",3,,,Air Assault+Rampage | Fragile Focus+Osmosis | Rampage+Well-Rounded,2671639706
1344,Nullify (Adept),preferred,Pulse Rifle,Solar,0,1,0,1,0,"Burning Ambition, Heal Clip, Under-Over","Incandescent, Multikill Clip, Vorpal Weapon",3,,,Burning Ambition+Vorpal Weapon | Heal Clip+Multikill Clip | Incandescent+Under-Over,892183998
1345,Nessa's Oblation (Adept),preferred,Shotgun,Void,0,1,0,1,0,"Rapid Hit, Reconstruction, Repulsor Brace","Demoralize, Meganeura, Paracausal Affinity",3,,,Demoralize+Reconstruction | Meganeura+Repulsor Brace | Paracausal Affinity+Rapid Hit,522366885
1346,Joxer's Longsword,preferred,Pulse Rifle,Void,1,0,1,0,1,"Dragonfly, Gutshot Straight, Rewind Rounds","Desperado, Under Pressure, Withering Gaze",3,,,Desperado+Rewind Rounds | Gutshot Straight+Withering Gaze | Rewind Rounds+Withering Gaze,157601190
1347,Iterative Loop,preferred,Fusion Rifle,Arc,1,0,0,1,1,"Compulsive Reloader, Killing Wind, Supercharged Magazine","Adagio, Adrenaline Junkie, Controlled Burst",3,,,Adrenaline Junkie+Compulsive Reloader | Controlled Burst+Killing Wind | Controlled Burst+Supercharged Magazine,1289796511
1348,Herod-C,preferred,Auto Rifle,Stasis,1,0,1,0,1,"Dynamic Sway Reduction, Heating Up, Hip-Fire Grip","Moving Target, Turnabout, Unrelenting",3,,,Dynamic Sway Reduction+Turnabout | Heating Up+Unrelenting | Hip-Fire Grip+Turnabout,2065366342
1349,Dimensional Hypotrochoid,preferred,Grenade Launcher,Stasis,1,0,0,1,1,"Envious Assassin, Field Prep, Shot Swap","Bait and Switch, Crystalline Corpsebloom, Thresh",3,,,Bait and Switch+Shot Swap | Crystalline Corpsebloom+Field Prep | Envious Assassin+Thresh,1311684613
1350,Defiance of Yasmin (Harrowed),preferred,Sniper Rifle,Kinetic,0,1,0,1,0,"Firefly, Rewind Rounds, Stopping Power","Aggregate Charge, All-Star, Demolitionist",3,,,Aggregate Charge+Stopping Power | All-Star+Rewind Rounds | Demolitionist+Stopping Power,3503019618
1351,Dead Weight,preferred,Shotgun,Arc,0,0,1,0,1,"Auto-Loading Holster, Dual Loader, Well-Rounded","Golden Tricorn, One-Two Punch",3,,,Auto-Loading Holster+Golden Tricorn | Dual Loader+Golden Tricorn | One-Two Punch+Well-Rounded,3738678140
1352,Laser Painter,preferred,Linear Fusion Rifle,Strand,1,0,1,0,1,"Encore, Invisible Hand, Stats for All","Box Breathing, High-Impact Reserves, Hip-Fire Grip",3,,,Encore+High-Impact Reserves | High-Impact Reserves+Stats for All | Hip-Fire Grip+Stats for All,3221722018
1353,Riptide,preferred,Fusion Rifle,Stasis,1,0,1,0,1,"Feeding Frenzy, Field Prep, Lead from Gold","Chill Clip, Cornered, Successful Warm-Up",3,,,Chill Clip+Field Prep | Feeding Frenzy+Successful Warm-Up | Lead from Gold+Successful Warm-Up,2715240478
1354,Crisis Inverted,preferred,Hand Cannon,Arc,0,0,1,0,1,"Heating Up, Moving Target, Tunnel Vision","Adrenaline Junkie, Opening Shot, Turnabout",3,,,Heating Up+Opening Shot | Moving Target+Turnabout | Tunnel Vision+Turnabout,2888266564
1355,Chivalric Fire,preferred,Sword,Void,1,0,1,0,1,"Repulsor Brace, Strategist, Tilting at Windmills","Flash Counter, Whirlwind Blade",3,,,Flash Counter+Strategist | Flash Counter+Tilting at Windmills | Repulsor Brace+Whirlwind Blade,938936806
1356,Cataclysmic (Adept),preferred,Linear Fusion Rifle,Solar,0,1,0,1,0,"Compulsive Reloader, Dragonfly, Sleight of Hand","Adaptive Munitions, Aggregate Charge, Elemental Honing",3,,,Adaptive Munitions+Sleight of Hand | Aggregate Charge+Dragonfly | Compulsive Reloader+Elemental Honing,2886339027
1357,21% Delirium,preferred,Machine Gun,Arc,1,0,1,0,1,"Fourth Time's the Charm, Reconstruction, Trickle Charge","Frenzy, Gear Shift, Mega Kill Clip",3,,,Fourth Time's the Charm+Mega Kill Clip | Frenzy+Trickle Charge | Gear Shift+Reconstruction,3001598094
1358,Servant Leader,preferred,Scout Rifle,Kinetic,0,0,1,0,1,"Hip-Fire Grip, Outlaw, Shoot to Loot","One for All, Thresh, Wellspring",3,,,Hip-Fire Grip+Wellspring | One for All+Outlaw | Shoot to Loot+Thresh,1107446438
1359,King Orfeo,preferred,Combat Bow,Arc,1,0,0,0,1,"Pugilist, Successful Warm-Up, Surplus","Jolting Feedback, Meganeura, Precision Instrument",3,,,Jolting Feedback+Surplus | Meganeura+Successful Warm-Up | Precision Instrument+Surplus,3481382332
1360,Insidious (Adept),preferred,Pulse Rifle,Arc,0,1,0,1,0,"Dragonfly, Frenzy, Sleight of Hand","One for All, Rampage, Vorpal Weapon",3,,,Dragonfly+One for All | Frenzy+Rampage | Sleight of Hand+Vorpal Weapon,786352912
1361,Fatebringer (Timelost),preferred,Hand Cannon,Kinetic,0,1,0,1,0,"Opening Shot, Osmosis, Stopping Power","Binary Orbit, Elemental Honing, Frenzy",3,,,Binary Orbit+Stopping Power | Elemental Honing+Osmosis | Frenzy+Opening Shot,4219826183
1362,Praedyth's Revenge (Timelost),preferred,Sniper Rifle,Kinetic,0,1,0,1,0,"Bewildering Burst, Discord, Kinetic Tremors","Closing Time, Firefly, High-Impact Reserves",3,,,Bewildering Burst+High-Impact Reserves | Closing Time+Kinetic Tremors | Discord+Firefly,2362652544
1363,Zaouli's Bane (Harrowed),preferred,Hand Cannon,Solar,0,1,0,1,0,"Gutshot Straight, Hip-Fire Grip, Opening Shot","Chaos Reshaped, Firefly, Focused Fury",2,,,Firefly+Gutshot Straight | Focused Fury+Opening Shot,291092617
1364,Wicked Sister,preferred,Grenade Launcher,Strand,0,0,1,0,1,"Clown Cartridge, Danger Zone, Unrelenting","Deconstruct, Full Court, Reverberation",2,,,Full Court+Unrelenting | Reverberation+Unrelenting,2039776723
1365,Vision of Confluence (Timelost),preferred,Scout Rifle,Solar,0,1,0,1,0,"Butterfly, Incandescent, Outlaw","Burning Ambition, Elemental Honing, Frenzy",2,,,Butterfly+Frenzy | Elemental Honing+Outlaw,337578911
1366,Unending Tempest,preferred,Submachine Gun,Stasis,1,0,1,0,1,"Enlightened Action, Shot Swap","Fragile Focus, Tap the Trigger",2,,,Enlightened Action+Fragile Focus | Shot Swap+Tap the Trigger,2510526114
1367,Thin Precipice,preferred,Sword,Strand,1,0,0,1,1,"Flash Counter, Steady Hands, Valiant Charge","Collective Action, Golden Tricorn, Golden Tricorn Enhanced",2,,,Collective Action+Valiant Charge | Flash Counter+Golden Tricorn Enhanced,4066778670
1368,Swordbreaker (Adept),preferred,Shotgun,Strand,0,1,0,1,0,"Elemental Capacitor, Paracausal Affinity, Threat Detector","Barrel Constrictor, One-Two Punch, Surrounded",2,,,Elemental Capacitor+Surrounded | Paracausal Affinity+Surrounded,1239700299
1369,Shayura's Wrath,preferred,Submachine Gun,Void,1,0,0,0,1,"Moving Target, Quickdraw","Celerity, Golden Tricorn",2,,,Celerity+Moving Target | Golden Tricorn+Quickdraw,3682803680
1370,Round Robin,preferred,Hand Cannon,Strand,1,0,0,1,1,"Envious Assassin, Perfect Float, Tear","Golden Tricorn Enhanced, Harmony, Kill Clip",2,,,Envious Assassin+Kill Clip | Harmony+Tear,2034215657
1371,Mykel's Reverence (Adept),preferred,Sidearm,Strand,0,1,0,1,0,"Collective Demolition, Perfect Float, Slice","Hatchling, Master of Arms, Offhand Strike",2,,,Collective Demolition+Hatchling | Offhand Strike+Slice,1986287028
1372,Midha's Reckoning (Harrowed),preferred,Fusion Rifle,Arc,0,1,0,1,0,"Backup Plan, Cornered, Unrelenting","Closing Time, Gear Shift, Golden Tricorn Enhanced",2,,,Closing Time+Unrelenting | Cornered+Golden Tricorn Enhanced,3904516037
1373,Koraxis's Distress (Adept),preferred,Grenade Launcher,Strand,0,1,0,1,0,"Blast Distributor, Chain Reaction, Reconstruction","Chaos Reshaped, Full Court, Wellspring",2,,,Full Court+Reconstruction | Reconstruction+Wellspring,495442100
1374,Hushed Whisper,preferred,Combat Bow,Strand,1,0,0,0,1,"Lone Wolf, Successful Warm-Up","Explosive Head, Hatchling",2,,,Explosive Head+Lone Wolf | Hatchling+Successful Warm-Up,3574168117
1375,Gunburn,preferred,Submachine Gun,Kinetic,1,0,0,0,1,"Stats for All, Threat Detector","Ancillary Ordinance, Kinetic Tremors",2,,,Ancillary Ordinance+Threat Detector | Kinetic Tremors+Stats for All,3431536253
1376,Forthcoming Deviance (Adept),preferred,Glaive,Void,0,1,0,1,0,"Demolitionist, Dimensional Shift, Immovable Object","Chain Reaction, Collective Action, Collective Demolition",2,,,Chain Reaction+Immovable Object | Collective Action+Immovable Object,3123651616
1377,False Idols,preferred,Sword,Solar,1,0,0,1,1,"Incandescent, Wellspring","Bait and Switch, One for All",2,,,Bait and Switch+Wellspring | Incandescent+One for All,4207120603
1378,Exile's Curse,preferred,Fusion Rifle,Arc,1,0,0,0,1,"Firmly Planted, No Distractions, Pulse Monitor","Celerity, Disruption Break, Feeding Frenzy",2,,,Celerity+Firmly Planted | Disruption Break+No Distractions,679281855
1379,Burden of Guilt,preferred,Fusion Rifle,Stasis,1,0,0,0,1,"Envious Arsenal, Rimestealer","Closing Time, Kickstart",2,,,Closing Time+Rimestealer | Envious Arsenal+Kickstart,976459525
1380,Breakneck,preferred,Auto Rifle,Kinetic,1,0,1,0,1,"Encore, Enlightened Action, Eye of the Storm","Attrition Orbs, Deconstruct, Onslaught",2,,,Encore+Onslaught | Eye of the Storm+Onslaught,2026755633
1381,Boomslang-4fr,preferred,Linear Fusion Rifle,Arc,1,0,1,0,1,"Rapid Hit, Transcendent Moment","Jolting Feedback, Successful Warm-Up",2,,,Jolting Feedback+Transcendent Moment | Rapid Hit+Successful Warm-Up,3926153598
1382,Bold Endings,preferred,Hand Cannon,Stasis,1,0,0,1,1,"Air Trigger, Rimestealer, To the Pain","Collective Action, Crystalline Corpsebloom, Dragonfly",2,,,Collective Action+Rimestealer | Crystalline Corpsebloom+To the Pain,496728945
1383,Bad Omens,preferred,Rocket Launcher,Void,1,0,1,0,1,"Auto-Loading Holster, Bipod, Light Touch","Explosive Light, Kill Clip, Withering Gaze",2,,,Auto-Loading Holster+Withering Gaze | Bipod+Kill Clip,1996201272
1384,Axial Lacuna,preferred,Fusion Rifle,Solar,1,0,0,1,1,"Demolitionist, Heal Clip, Keep Away","Controlled Burst, Empty Traits Socket, Reservoir Burst",2,,,Controlled Burst+Heal Clip | Keep Away+Reservoir Burst,3867373351
1385,Albruna-D,preferred,Sniper Rifle,Arc,0,0,1,0,1,"Air Assault, Explosive Payload, Field Prep","Cascade Point, Slickdraw, Under-Over",2,,,Field Prep+Slickdraw | Field Prep+Under-Over,676270382
1386,Action Item,preferred,Trace Rifle,Stasis,1,0,0,0,1,"Deconstruct, Rimestealer","Detonator Beam, Target Lock",2,,,Deconstruct+Target Lock | Detonator Beam+Rimestealer,527989828
1387,Abyss Defiant (Adept),preferred,Auto Rifle,Solar,0,1,0,1,0,"Enlightened Action, Outlaw, Reconstruction","Collective Action, Collective Pugilism, Eye of the Storm",2,,,Collective Pugilism+Enlightened Action | Eye of the Storm+Reconstruction,3782662983
1388,Xenoclast IV,preferred,Shotgun,Arc,1,0,1,0,1,"Genesis, Slideshot","One-Two Punch, Unrelenting",2,,,Genesis+One-Two Punch | Slideshot+Unrelenting,963732594
1389,The Slammer,preferred,Sword,Stasis,1,0,1,0,1,"Relentless Strikes, Thresh","One for All, Permeability",2,,,One for All+Thresh | Permeability+Relentless Strikes,2889501828
1390,Positive Outlook,preferred,Auto Rifle,Void,1,0,1,0,1,"Invisible Hand, Surplus, Tap the Trigger","Cascade Point, Golden Tricorn, Pugilist",2,,,Golden Tricorn+Tap the Trigger | Pugilist+Surplus,491078457
1391,Phyllotactic Spiral,preferred,Pulse Rifle,Arc,1,0,0,1,1,"Compulsive Reloader, Trickle Charge, Tunnel Vision","Desperado, Gutshot Straight, Voltshot",2,,,Compulsive Reloader+Gutshot Straight | Tunnel Vision+Voltshot,3635821806
1392,Origin Story,preferred,Auto Rifle,Kinetic,1,0,1,0,1,"Attrition Orbs, Strategist, Threat Detector","High Ground, Kinetic Tremors, Swashbuckler",2,,,Attrition Orbs+Swashbuckler | High Ground+Threat Detector,2826850739
1393,Hezen Vengeance (Timelost),preferred,Rocket Launcher,Solar,0,1,0,1,0,"Cluster Bomb, Collective Demolition, Overflow","Aggregate Charge, Bait and Switch, Bipod",2,,,Aggregate Charge+Overflow | Bait and Switch+Collective Demolition,3623686757
1394,Found Verdict (Timelost),preferred,Shotgun,Arc,0,1,0,1,0,"Barrel Constrictor, Pugilist, Rewind Rounds","Elemental Honing, Gear Shift, Rolling Storm",2,,,Barrel Constrictor+Rolling Storm | Pugilist+Rolling Storm,851296754
1395,Fortissimo-11,preferred,Shotgun,Kinetic,1,0,1,0,1,"Lead from Gold, Pulse Monitor, Steady Hands","Adrenaline Junkie, Focused Fury, Moving Target",2,,,Focused Fury+Pulse Monitor | Moving Target+Steady Hands,963732595
1396,Finite Impactor,preferred,Hand Cannon,Solar,1,0,0,0,1,"Enlightened Action, Fragile Focus, Iron Grip","Burning Ambition, Heating Up, Moving Target",2,,,Burning Ambition+Iron Grip | Enlightened Action+Moving Target,1917334929
1397,Fang of Ir Yût (Adept),preferred,Scout Rifle,Strand,0,1,0,1,0,"Tear, Tunnel Vision","Opening Shot, Sword Logic",2,,,Opening Shot+Tear | Sword Logic+Tunnel Vision,128782990
1398,Bygones,preferred,Pulse Rifle,Kinetic,1,0,1,0,1,"Under Pressure, Zen Moment","Kinetic Tremors, Osmosis",2,,,Kinetic Tremors+Under Pressure | Osmosis+Zen Moment,2199554524
1399,Borrowed Time,preferred,Submachine Gun,Solar,0,0,1,0,1,"Heating Up, Overflow, Threat Detector","Adrenaline Junkie, Snapshot Sights, Surrounded",2,,,Adrenaline Junkie+Threat Detector | Overflow+Snapshot Sights,875848769
1400,Bellowing Giant,preferred,Rocket Launcher,Void,1,0,1,0,1,"Air Trigger, Ambitious Assassin, Quickdraw","Clown Cartridge, Cluster Bomb, Collective Demolition",2,,,Ambitious Assassin+Clown Cartridge | Cluster Bomb+Quickdraw,1889005379
1401,Afterlight (Adept),preferred,Fusion Rifle,Void,0,1,0,0,1,"Discord, Offhand Strike","Reservoir Burst, Swashbuckler",2,,,Discord+Swashbuckler | Offhand Strike+Reservoir Burst,3953163559
1402,Anonymous Autumn,preferred,Sidearm,Arc,1,0,1,0,1,"Closing Time, Eddy Current, To the Pain","Adagio, Adrenaline Junkie, Rampage",2,,,Adrenaline Junkie+To the Pain | Eddy Current+Rampage,1644501332
1403,The Call,preferred,Sidearm,Strand,1,0,0,1,1,"Empty Traits Socket, Impulse Amplifier, Reconstruction","Aggregate Charge, Desperate Measures, Empty Traits Socket",2,,,Aggregate Charge+Empty Traits Socket | Empty Traits Socket+Reconstruction,3947966653
1404,Prolonged Engagement,preferred,Submachine Gun,Stasis,1,0,1,0,1,"Air Assault, Eye of the Storm, Perfect Float","Adagio, Gutshot Straight, Target Lock",2,,,Eye of the Storm+Target Lock | Gutshot Straight+Perfect Float,2349907931
1405,Point of the Stag,preferred,Combat Bow,Arc,1,0,0,0,1,"Archer's Tempo, Shot Swap","Golden Tricorn, Vorpal Weapon",2,,,Archer's Tempo+Vorpal Weapon | Golden Tricorn+Shot Swap,888872889
1406,Doomsday,preferred,Grenade Launcher,Arc,1,0,1,0,1,"Envious Arsenal, Snapshot Sights","Explosive Light, Quickdraw",2,,,Envious Arsenal+Quickdraw | Explosive Light+Snapshot Sights,713132408
1407,Zephyr,preferred,Sword,Stasis,1,0,0,0,1,Osmosis,Whirlwind Blade,1,,,Osmosis+Whirlwind Blade,396910433
1408,Veles-X,preferred,Pulse Rifle,Void,1,0,1,0,1,Tunnel Vision,Withering Gaze,1,,,Tunnel Vision+Withering Gaze,438540299
1409,Unwavering Duty,preferred,Machine Gun,Solar,1,0,0,0,1,Incandescent,Tap the Trigger,1,,,Incandescent+Tap the Trigger,3489054606
1410,Unfall,preferred,Sidearm,Arc,1,0,1,0,1,Sleight of Hand,Rolling Storm,1,,,Rolling Storm+Sleight of Hand,738446555
1411,The Beacon,preferred,Fusion Rifle,Solar,1,0,0,0,1,Rewind Rounds,Controlled Burst,1,,,Controlled Burst+Rewind Rounds,2161618499
1412,Tempered Dynamo,preferred,Fusion Rifle,Arc,1,0,1,0,1,Supercharged Magazine,Surrounded,1,,,Supercharged Magazine+Surrounded,2925315757
1413,Stryker's Sure-Hand,preferred,Sword,Void,1,0,1,0,1,Tireless Blade,Flash Counter,1,,,Flash Counter+Tireless Blade,2490460292
1414,Solemn Lie,preferred,Hand Cannon,Arc,1,0,1,0,1,Trickle Charge,Snapshot Sights,1,,,Snapshot Sights+Trickle Charge,1041028435
1415,Rufus's Fury (Adept),preferred,Auto Rifle,Strand,0,1,0,1,0,Reconstruction,Tap the Trigger,1,,,Reconstruction+Tap the Trigger,342514437
1416,Rapid Growth,preferred,Sniper Rifle,Arc,1,0,0,0,1,Supercharged Magazine,Meganeura,1,,,Meganeura+Supercharged Magazine,3856342856
1417,Peculiar Charm,preferred,Submachine Gun,Kinetic,1,0,1,0,1,Stopping Power,Desperado,1,,,Desperado+Stopping Power,3620277039
1418,Parabellum,preferred,Submachine Gun,Solar,1,0,0,0,1,Enlightened Action,Perfect Float,1,,,Enlightened Action+Perfect Float,3769072067
1419,Mirror Imago (Adept),preferred,Submachine Gun,Strand,0,1,0,0,1,To the Pain,Unrelenting,1,,,To the Pain+Unrelenting,4116546788
1420,Luna Regolith III,preferred,Sniper Rifle,Solar,0,0,1,0,1,"Clown Cartridge, Heal Clip, Under Pressure","Box Breathing, Cascade Point, Demolitionist",1,,,Box Breathing+Under Pressure,1948035256
1421,Keraunios,preferred,Trace Rifle,Arc,1,0,0,0,1,Rapid Hit,Killing Tally,1,,,Killing Tally+Rapid Hit,2386208942
1422,Ill Omen,preferred,Sword,Stasis,1,0,0,1,1,Empty Traits Socket,Whirlwind Blade,1,,,Empty Traits Socket+Whirlwind Blade,3794274730
1423,Gnawing Hunger,preferred,Auto Rifle,Void,1,0,1,0,1,Withering Gaze,Target Lock,1,,,Target Lock+Withering Gaze,214545213
1424,Cry Mutiny,preferred,Grenade Launcher,Solar,1,0,1,0,1,Reverberation,Full Court,1,,,Full Court+Reverberation,768696858
1425,Crowd Pleaser,preferred,Grenade Launcher,Void,0,0,1,0,1,Surplus,Quickdraw,1,,,Quickdraw+Surplus,3565520715
1426,Autumn Wind,preferred,Pulse Rifle,Kinetic,1,0,1,0,1,"Envious Assassin, Heating Up, Perfect Float","Adrenaline Junkie, Focused Fury, Headseeker",1,,,Adrenaline Junkie+Perfect Float,3110377595
1427,The Riposte,preferred,Auto Rifle,Void,1,0,1,0,1,Rewind Rounds,Destabilizing Rounds,1,,,Destabilizing Rounds+Rewind Rounds,866434750
1428,Submission (Adept),preferred,Submachine Gun,Kinetic,0,1,0,1,0,"Closing Time, Encore, Steady Hands","Chaos Reshaped, Demolitionist, Thresh",1,,,Encore+Thresh,1941816543
1429,Forbearance (Adept),preferred,Grenade Launcher,Arc,0,1,0,1,0,Genesis,Wellspring,1,,,Genesis+Wellspring,4038592169
1430,Bottom Dollar,preferred,Hand Cannon,Void,1,0,1,0,1,Pulse Monitor,High-Impact Reserves,1,,,High-Impact Reserves+Pulse Monitor,2953199259
1431,Anamnesis (Adept),preferred,Combat Bow,Void,0,1,0,0,1,Archer's Tempo,Moving Target,1,,,Archer's Tempo+Moving Target,3949253499
1432,Adamantite (Adept),preferred,Auto Rifle,Strand,0,1,0,0,1,Subsistence,Circle of Life,1,,,Circle of Life+Subsistence,3485029080
1433,Qua Xaphan V,preferred,Machine Gun,Void,0,0,1,0,1,"Clown Cartridge, Shot Swap, Surplus","High Ground, Target Lock, Wellspring",5,,,Clown Cartridge+Target Lock | Clown Cartridge+Wellspring | High Ground+Shot Swap | Shot Swap+Wellspring | Surplus+Target Lock,1975125963
1434,Phyllotactic Spiral,preferred,Pulse Rifle,Arc,1,0,0,1,1,"Hip-Fire Grip, Shot Swap, Trickle Charge","Desperado, Empty Traits Socket, Harmony",4,,,Desperado+Hip-Fire Grip | Desperado+Shot Swap | Empty Traits Socket+Trickle Charge | Harmony+Trickle Charge,3635821806
1435,Lubrae's Ruin (Adept),preferred,Glaive,Solar,0,1,0,1,0,"Close to Melee, Frenzy, Tilting at Windmills","Swashbuckler, Unrelenting, Wellspring",4,,,Close to Melee+Unrelenting | Close to Melee+Wellspring | Frenzy+Swashbuckler | Swashbuckler+Tilting at Windmills,1466006054
1436,Critical Anomaly (Adept),preferred,Sniper Rifle,Stasis,0,1,0,1,0,"Built to Blast, Rampage, Reconstruction","Chaos Reshaped, Elemental Honing, Triple Tap",4,,,Built to Blast+Triple Tap | Chaos Reshaped+Rampage | Elemental Honing+Rampage | Reconstruction+Triple Tap,172461430
1437,Blowout,preferred,Rocket Launcher,Arc,0,0,1,0,1,"Danger Zone, Genesis, Thresh","Cluster Bomb, Explosive Light, Golden Tricorn",4,,,Danger Zone+Golden Tricorn | Explosive Light+Genesis | Explosive Light+Thresh | Golden Tricorn+Thresh,1903182562
1438,Thin Precipice,preferred,Sword,Strand,1,0,0,1,1,"Steady Hands, Tireless Blade, Valiant Charge","Golden Tricorn, Harmony, Hatchling",3,,,Golden Tricorn+Tireless Blade | Harmony+Valiant Charge | Hatchling+Steady Hands,4066778670
1439,The Third Axiom,preferred,Pulse Rifle,Arc,1,0,1,0,1,"Quickdraw, Surplus, Zen Moment","Headseeker, Sympathetic Arsenal, Thresh",3,,,Headseeker+Quickdraw | Surplus+Sympathetic Arsenal | Thresh+Zen Moment,3744058588
1440,Strident Whistle,preferred,Combat Bow,Solar,0,0,1,0,1,"Archer's Tempo, Quickdraw, Sneak Bow","Cornered, Explosive Head, Opening Shot",3,,,Archer's Tempo+Opening Shot | Cornered+Quickdraw | Opening Shot+Sneak Bow,2591241074
1441,Song of Ir Yût (Adept),preferred,Machine Gun,Arc,0,1,0,1,0,"Feeding Frenzy, Jolting Feedback, Unrelenting","Mega Kill Clip, Sword Logic, Target Lock",3,,,Feeding Frenzy+Sword Logic | Jolting Feedback+Mega Kill Clip | Target Lock+Unrelenting,407511664
1442,Royal Entry,preferred,Rocket Launcher,Void,0,0,1,0,1,"Impulse Amplifier, Quickdraw, Threat Detector","Ambitious Assassin, Clown Cartridge, Lasting Impression",3,,,Clown Cartridge+Threat Detector | Lasting Impression+Quickdraw | Lasting Impression+Threat Detector,2448907086
1443,Joxer's Longsword,preferred,Pulse Rifle,Void,1,0,1,0,1,"Closing Time, Killing Wind, Pugilist","High-Impact Reserves, Under Pressure, Withering Gaze",3,,,Closing Time+Withering Gaze | Killing Wind+Under Pressure | Killing Wind+Withering Gaze,157601190
1444,Exile's Curse,preferred,Fusion Rifle,Arc,1,0,0,0,1,"Quickdraw, Slideshot, Threat Detector","Feeding Frenzy, Kickstart",3,,,Feeding Frenzy+Slideshot | Feeding Frenzy+Threat Detector | Kickstart+Quickdraw,679281855
1445,Embraced Identity,preferred,Sniper Rifle,Void,1,0,0,1,1,"Attrition Orbs, Demolitionist, Withering Gaze","Box Breathing, Elemental Capacitor, Moving Target",3,,,Attrition Orbs+Box Breathing | Box Breathing+Demolitionist | Moving Target+Withering Gaze,2821677368
1446,Chain of Command,preferred,Machine Gun,Stasis,1,0,1,0,1,"Osmosis, Subsistence, Turnabout","Adaptive Munitions, Focused Fury, Killing Tally",3,,,Adaptive Munitions+Subsistence | Focused Fury+Turnabout | Killing Tally+Osmosis,1716620044
1447,Zaouli's Bane (Harrowed),preferred,Hand Cannon,Solar,0,1,0,1,0,"Hip-Fire Grip, Redirection, Well-Rounded","Chaos Reshaped, Incandescent, Meganeura",3,,,Chaos Reshaped+Well-Rounded | Hip-Fire Grip+Meganeura | Incandescent+Redirection,291092617
1448,Volta Bracket,preferred,Sniper Rifle,Strand,1,0,0,1,1,"Ambitious Assassin, Subsistence, Triple Tap","Cascade Point, Mega Kill Clip, Rewind Rounds",3,,,Ambitious Assassin+Cascade Point | Mega Kill Clip+Triple Tap | Rewind Rounds+Subsistence,3920310144
1449,Riptide,preferred,Fusion Rifle,Stasis,1,0,1,0,1,"Stats for All, Steady Hands, Under Pressure","Chill Clip, Cornered, Thresh",3,,,Cornered+Stats for All | Cornered+Steady Hands | Thresh+Under Pressure,2715240478
1450,Retrofuturist,preferred,Shotgun,Void,1,0,1,0,1,"Pugilist, Quickdraw, Stats for All","Barrel Constrictor, Deconstruct, Envious Assassin",3,,,Barrel Constrictor+Quickdraw | Deconstruct+Pugilist | Deconstruct+Stats for All,1612781792
1451,Qullim's Terminus (Harrowed),preferred,Machine Gun,Stasis,0,1,0,1,0,"Demolitionist, Stats for All, Unrelenting","Firefly, Headstone, Mega Kill Clip",3,,,Firefly+Stats for All | Headstone+Unrelenting | Mega Kill Clip+Stats for All,3248429089
1452,Positive Outlook,preferred,Auto Rifle,Void,1,0,1,0,1,"Invisible Hand, Surplus, Tap the Trigger","Cascade Point, Repulsor Brace, Vorpal Weapon",3,,,Invisible Hand+Vorpal Weapon | Repulsor Brace+Surplus | Tap the Trigger+Vorpal Weapon,491078457
1453,No Hesitation,preferred,Auto Rifle,Solar,1,0,0,1,1,"Burning Ambition, Ensemble, Physic","Chaos Reshaped, Elemental Honing, Surrounded",3,,,Burning Ambition+Elemental Honing | Elemental Honing+Physic | Physic+Surrounded,1801007332
1454,Cataclysmic (Adept),preferred,Linear Fusion Rifle,Solar,0,1,0,1,0,"Sleight of Hand, Successful Warm-Up, Surplus","Box Breathing, Clown Cartridge, Focused Fury",3,,,Box Breathing+Sleight of Hand | Focused Fury+Sleight of Hand | Focused Fury+Successful Warm-Up,2886339027
1455,Mykel's Reverence (Adept),preferred,Sidearm,Strand,0,1,0,1,0,"Perfect Float, Thresh, Unrelenting","Master of Arms, Paracausal Affinity, Tap the Trigger",3,,,Master of Arms+Thresh | Paracausal Affinity+Perfect Float | Tap the Trigger+Unrelenting,1986287028
1456,Hezen Vengeance (Timelost),preferred,Rocket Launcher,Solar,0,1,0,1,0,"Cluster Bomb, Incandescent, Overflow","Bipod, Explosive Light, Vorpal Weapon",3,,,Bipod+Incandescent | Cluster Bomb+Vorpal Weapon | Explosive Light+Overflow,3623686757
1457,Crisis Inverted,preferred,Hand Cannon,Arc,0,0,1,0,1,"Stats for All, Tunnel Vision, Under Pressure","Adrenaline Junkie, Opening Shot, Rangefinder",3,,,Adrenaline Junkie+Under Pressure | Opening Shot+Stats for All | Rangefinder+Tunnel Vision,2888266564
1458,Iterative Loop,preferred,Fusion Rifle,Arc,1,0,0,1,1,"Successful Warm-Up, Supercharged Magazine, Well-Rounded","Adagio, Elemental Capacitor, Empty Traits Socket",3,,,Adagio+Well-Rounded | Elemental Capacitor+Successful Warm-Up | Empty Traits Socket+Supercharged Magazine,1289796511
1459,Abyss Defiant (Adept),preferred,Auto Rifle,Solar,0,1,0,1,0,"Outlaw, Proximity Power, Reconstruction","Collective Action, Kill Clip, Target Lock",3,,,Collective Action+Proximity Power | Kill Clip+Reconstruction | Outlaw+Target Lock,3782662983
1460,Yesteryear,preferred,Pulse Rifle,Void,1,0,1,0,1,"Ambitious Assassin, Outlaw, Under Pressure","Desperado, Repulsor Brace, Under-Over",2,,,Outlaw+Repulsor Brace | Under Pressure+Under-Over,4028000428
1461,Vision of Confluence (Timelost),preferred,Scout Rifle,Solar,0,1,0,1,0,"Incandescent, Tunnel Vision","Burning Ambition, Master of Arms",2,,,Burning Ambition+Tunnel Vision | Incandescent+Master of Arms,337578911
1462,Swordbreaker (Adept),preferred,Shotgun,Strand,0,1,0,1,0,"Fragile Focus, Paracausal Affinity, Threat Detector","Barrel Constrictor, Chaos Reshaped, One-Two Punch",2,,,Chaos Reshaped+Threat Detector | Fragile Focus+One-Two Punch,1239700299
1463,Someday,preferred,Shotgun,Kinetic,1,0,0,1,1,"Threat Detector, Threat Remover","Collective Action, Recombination",2,,,Collective Action+Threat Remover | Recombination+Threat Detector,3232203524
1464,Smite of Merain (Harrowed),preferred,Pulse Rifle,Kinetic,0,1,0,1,0,"Ancillary Ordinance, Bewildering Burst, Focused Fury","Adhesive Ordnance, All-Star, One for All",2,,,Ancillary Ordinance+One for All | Focused Fury+One for All,3407395594
1465,Pure Poetry,preferred,Hand Cannon,Kinetic,0,0,1,0,1,"Air Assault, Ambitious Assassin, Fourth Time's the Charm","Focused Fury, Multikill Clip, Under-Over",2,,,Air Assault+Focused Fury | Fourth Time's the Charm+Under-Over,2671639706
1466,Midha's Reckoning (Harrowed),preferred,Fusion Rifle,Arc,0,1,0,1,0,"Backup Plan, Hip-Fire Grip, Pugilist","Closing Time, Gear Shift, Kickstart",2,,,Closing Time+Hip-Fire Grip | Kickstart+Pugilist,3904516037
1467,Laser Painter,preferred,Linear Fusion Rifle,Strand,1,0,1,0,1,"Auto-Loading Holster, Encore, Ensemble","Box Breathing, Demolitionist, Hip-Fire Grip",2,,,Auto-Loading Holster+Box Breathing | Ensemble+Hip-Fire Grip,3221722018
1468,Found Verdict (Timelost),preferred,Shotgun,Arc,0,1,0,1,0,"Barrel Constrictor, Rewind Rounds, Slideshot","Elemental Honing, Gear Shift, Trench Barrel",2,,,Gear Shift+Slideshot | Rewind Rounds+Trench Barrel,851296754
1469,Forthcoming Deviance (Adept),preferred,Glaive,Void,0,1,0,1,0,"Demolitionist, Dimensional Shift, Impulse Amplifier","Close to Melee, Collective Action, Collective Demolition",2,,,Close to Melee+Demolitionist | Collective Demolition+Impulse Amplifier,3123651616
1470,Finite Impactor,preferred,Hand Cannon,Solar,1,0,0,0,1,"Fragile Focus, Killing Wind","Heating Up, Rapid Hit",2,,,Fragile Focus+Rapid Hit | Heating Up+Killing Wind,1917334929
1471,Fatebringer (Timelost),preferred,Hand Cannon,Kinetic,0,1,0,1,0,"Stopping Power, To the Pain","Magnificent Howl, One for All",2,,,Magnificent Howl+To the Pain | One for All+Stopping Power,4219826183
1472,Double-Edged Answer,preferred,Sword,Void,0,0,1,0,1,"Demolitionist, En Garde, Energy Transfer","Attrition Orbs, Counterattack, Destabilizing Rounds",2,,,Counterattack+Demolitionist | Destabilizing Rounds+Energy Transfer,105164264
1473,Doom of Chelchis (Harrowed),preferred,Scout Rifle,Void,0,1,0,1,0,"Demoralize, Destabilizing Rounds, Explosive Payload","Focused Fury, Frenzy, Withering Gaze",2,,,Destabilizing Rounds+Focused Fury | Explosive Payload+Withering Gaze,1184692845
1474,Dimensional Hypotrochoid,preferred,Grenade Launcher,Stasis,1,0,0,1,1,"Envious Assassin, Genesis, Shot Swap","Chain Reaction, Crystalline Corpsebloom, Pugilist",2,,,Chain Reaction+Shot Swap | Genesis+Pugilist,1311684613
1475,Breakneck,preferred,Auto Rifle,Kinetic,1,0,1,0,1,"Dynamic Sway Reduction, Encore, Enlightened Action","Attrition Orbs, Deconstruct, Osmosis",2,,,Encore+Osmosis | Enlightened Action+Osmosis,2026755633
1476,Bold Endings,preferred,Hand Cannon,Stasis,1,0,0,1,1,"Air Trigger, Attrition Orbs, Loose Change","Crystalline Corpsebloom, Demolitionist, Dragonfly",2,,,Attrition Orbs+Dragonfly | Dragonfly+Loose Change,496728945
1477,Bellowing Giant,preferred,Rocket Launcher,Void,1,0,1,0,1,"Air Trigger, Tracking Module","Collective Demolition, Reaper's Tithe",2,,,Air Trigger+Reaper's Tithe | Collective Demolition+Tracking Module,1889005379
1478,Bad Omens,preferred,Rocket Launcher,Void,1,0,1,0,1,"Light Touch, Tracking Module","Quickdraw, Withering Gaze",2,,,Light Touch+Quickdraw | Tracking Module+Withering Gaze,1996201272
1479,Axial Lacuna,preferred,Fusion Rifle,Solar,1,0,0,1,1,"Demolitionist, Slickdraw","Kickstart, Reservoir Burst",2,,,Demolitionist+Kickstart | Reservoir Burst+Slickdraw,3867373351
1480,Albruna-D,preferred,Sniper Rifle,Arc,0,0,1,0,1,"Air Assault, Explosive Payload, Triple Tap","Cascade Point, Slickdraw, Under-Over",2,,,Slickdraw+Triple Tap | Triple Tap+Under-Over,676270382
1481,Trinary System,preferred,Fusion Rifle,Solar,0,0,1,0,1,"Slideways, Under Pressure","Multikill Clip, Tap the Trigger",2,,,Multikill Clip+Under Pressure | Slideways+Tap the Trigger,3258665412
1482,The Call,preferred,Sidearm,Strand,1,0,0,1,1,"Impulse Amplifier, Stats for All","Desperate Measures, Multikill Clip",2,,,Desperate Measures+Stats for All | Impulse Amplifier+Multikill Clip,3947966653
1483,Koraxis's Distress (Adept),preferred,Grenade Launcher,Strand,0,1,0,1,0,"Blast Distributor, Chain Reaction, Danger Zone","Chaos Reshaped, Harmony, Hatchling",2,,,Blast Distributor+Harmony | Danger Zone+Hatchling,495442100
1484,Borrowed Time,preferred,Submachine Gun,Solar,0,0,1,0,1,"Heating Up, Tunnel Vision","Surrounded, Swashbuckler",2,,,Heating Up+Swashbuckler | Surrounded+Tunnel Vision,875848769
1485,Autumn Wind,preferred,Pulse Rifle,Kinetic,1,0,1,0,1,"Envious Assassin, Pugilist, Shot Swap","Focused Fury, Headseeker, Moving Target",2,,,Focused Fury+Shot Swap | Headseeker+Pugilist,3110377595
1486,Albedo Wing,preferred,Glaive,Arc,1,0,0,0,1,"Clown Cartridge, Field Prep, Immovable Object","Deconstruct, Demolitionist, Golden Tricorn Enhanced",2,,,Deconstruct+Field Prep | Golden Tricorn Enhanced+Immovable Object,2680976411
1487,Round Robin,preferred,Hand Cannon,Strand,1,0,0,1,1,"Perfect Float, Slideshot","Golden Tricorn Enhanced, Pugilist",2,,,Golden Tricorn Enhanced+Slideshot | Perfect Float+Pugilist,2034215657
1488,Wicked Sister,preferred,Grenade Launcher,Strand,0,0,1,0,1,"Clown Cartridge, Danger Zone, Unrelenting","Demolitionist, Explosive Light, Full Court",1,,,Demolitionist+Unrelenting,2039776723
1489,The Spiteful Fang,preferred,Combat Bow,Stasis,1,0,1,0,1,Successful Warm-Up,Rampage,1,,,Rampage+Successful Warm-Up,1704597062
1490,Oversoul Edict (Adept),preferred,Pulse Rifle,Arc,0,1,0,1,0,"Encore, Keep Away, Perpetual Motion","Headseeker, High Ground, Jolting Feedback",1,,,Encore+Jolting Feedback,578105049
1491,Origin Story,preferred,Auto Rifle,Kinetic,1,0,1,0,1,"Attrition Orbs, Demolitionist, Strategist","Gutshot Straight, Kinetic Tremors, Onslaught",1,,,Demolitionist+Onslaught,2826850739
1492,Non-Denouement (Adept),preferred,Combat Bow,Arc,0,1,0,1,0,"Impulse Amplifier, Opening Shot, Shoot to Loot","Archer's Gambit, Desperate Measures, Gear Shift",1,,,Gear Shift+Shoot to Loot,1039915310
1493,Luna Regolith III,preferred,Sniper Rifle,Solar,0,0,1,0,1,"Clown Cartridge, Heal Clip, No Distractions","Cascade Point, Demolitionist, Explosive Payload",1,,,Explosive Payload+No Distractions,1948035256
1494,Fortissimo-11,preferred,Shotgun,Kinetic,1,0,1,0,1,Lead from Gold,Osmosis,1,,,Lead from Gold+Osmosis,963732595
1495,Deliverance (Adept),preferred,Fusion Rifle,Stasis,0,1,0,1,0,"Cornered, Crystalline Corpsebloom, Demolitionist","Chain Reaction, Chill Clip, Controlled Burst",1,,,Chill Clip+Demolitionist,2943293195
1496,Defiance of Yasmin (Harrowed),preferred,Sniper Rifle,Kinetic,0,1,0,1,0,Firefly,Firing Line,1,,,Firefly+Firing Line,3503019618
1497,Cynosure,preferred,Rocket Launcher,Strand,1,0,1,0,1,"Danger Zone, Slice, Sympathetic Arsenal","Bipod, Quickdraw, Reverberation",1,,,Bipod+Sympathetic Arsenal,694275488
1498,Corrective Measure (Timelost),preferred,Machine Gun,Void,0,1,0,1,0,"Destabilizing Rounds, Dimensional Shift, Firefly","Adrenaline Junkie, Demoralize, High-Impact Reserves",1,,,Adrenaline Junkie+Destabilizing Rounds,2334480463
1499,Submission (Adept),preferred,Submachine Gun,Kinetic,0,1,0,1,0,"Closing Time, Kinetic Tremors, Steady Hands","Chaos Reshaped, Demolitionist, Frenzy",1,,,Closing Time+Frenzy,1941816543
1500,Anonymous Autumn,preferred,Sidearm,Arc,1,0,1,0,1,"Offhand Strike, Strategist, To the Pain","Adagio, Multikill Clip, Rampage",2,,,Multikill Clip+To the Pain | Rampage+Strategist,1644501332
1501,Prolonged Engagement,preferred,Submachine Gun,Stasis,1,0,1,0,1,"Air Assault, Dynamic Sway Reduction, Eye of the Storm","Adagio, Encore, Gutshot Straight",1,,,Adagio+Dynamic Sway Reduction,2349907931
1502,Breakneck,preferred,Auto Rifle,Kinetic,1,0,1,0,1,"Feeding Frenzy, Heating Up, Pugilist","Attrition Orbs, Deconstruct, Offhand Strike",4,,,Attrition Orbs+Feeding Frenzy | Attrition Orbs+Heating Up | Deconstruct+Heating Up | Feeding Frenzy+Offhand Strike,2026755633
1503,Swordbreaker (Adept),preferred,Shotgun,Strand,0,1,0,1,0,"Paracausal Affinity, Slice, Subsistence","Barrel Constrictor, One-Two Punch, Opening Shot",3,,,Barrel Constrictor+Subsistence | One-Two Punch+Slice | Opening Shot+Paracausal Affinity,1239700299
1504,Found Verdict (Timelost),preferred,Shotgun,Arc,0,1,0,1,0,"Barrel Constrictor, Threat Detector, Threat Remover","Elemental Honing, Gear Shift, Voltshot",3,,,Barrel Constrictor+Voltshot | Elemental Honing+Threat Remover | Gear Shift+Threat Detector,851296754
1505,Critical Anomaly (Adept),preferred,Sniper Rifle,Stasis,0,1,0,1,0,"Chill Clip, Crystalline Corpsebloom, Opening Shot","Elemental Honing, Explosive Payload, Firing Line",3,,,Chill Clip+Explosive Payload | Crystalline Corpsebloom+Elemental Honing | Firing Line+Opening Shot,172461430
1506,Blowout,preferred,Rocket Launcher,Arc,0,0,1,0,1,"Stats for All, Sympathetic Arsenal, Turnabout","Adrenaline Junkie, Cluster Bomb, Lasting Impression",3,,,Cluster Bomb+Stats for All | Lasting Impression+Stats for All | Lasting Impression+Turnabout,1903182562
1507,Albruna-D,preferred,Sniper Rifle,Arc,0,0,1,0,1,"Air Assault, Explosive Payload, Wellspring","Cascade Point, Snapshot Sights, Under-Over",3,,,Air Assault+Snapshot Sights | Cascade Point+Wellspring | Snapshot Sights+Wellspring,676270382
1508,Royal Entry,preferred,Rocket Launcher,Void,0,0,1,0,1,"Impulse Amplifier, Rangefinder","Ambitious Assassin, Thresh, Wellspring",3,,,Ambitious Assassin+Rangefinder | Impulse Amplifier+Thresh | Impulse Amplifier+Wellspring,2448907086
1509,Retrofuturist,preferred,Shotgun,Void,1,0,1,0,1,"Dual Loader, Feeding Frenzy, Unrelenting","Envious Assassin, Snapshot Sights, Thresh",3,,,Envious Assassin+Feeding Frenzy | Snapshot Sights+Unrelenting | Thresh+Unrelenting,1612781792
1510,No Hesitation,preferred,Auto Rifle,Solar,1,0,0,1,1,"Ensemble, Overflow, Physic","Chaos Reshaped, Desperate Measures, Incandescent",3,,,Chaos Reshaped+Overflow | Desperate Measures+Ensemble | Incandescent+Physic,1801007332
1511,Volta Bracket,preferred,Sniper Rifle,Strand,1,0,0,1,1,"Envious Assassin, Firmly Planted, Lucky Shot","Empty Traits Socket, Firing Line, Mega Kill Clip",2,,,Empty Traits Socket+Lucky Shot | Envious Assassin+Mega Kill Clip,3920310144
1512,Submission (Adept),preferred,Submachine Gun,Kinetic,0,1,0,1,0,"Kinetic Tremors, Sleight of Hand, Steady Hands","Demolitionist, Harmony, Killing Wind",2,,,Demolitionist+Sleight of Hand | Killing Wind+Steady Hands,1941816543
1513,Strident Whistle,preferred,Combat Bow,Solar,0,0,1,0,1,"Sneak Bow, Surplus, Well-Rounded","Explosive Head, Successful Warm-Up, Turnabout",2,,,Explosive Head+Surplus | Explosive Head+Well-Rounded,2591241074
1514,Smite of Merain (Harrowed),preferred,Pulse Rifle,Kinetic,0,1,0,1,0,"Ancillary Ordinance, Bewildering Burst, Moving Target","Adhesive Ordnance, All-Star, Gutshot Straight",2,,,Adhesive Ordnance+Moving Target | Bewildering Burst+Gutshot Straight,3407395594
1515,Qua Xaphan V,preferred,Machine Gun,Void,0,0,1,0,1,"Dynamic Sway Reduction, Field Prep, Heating Up","Cascade Point, Destabilizing Rounds, Dragonfly",2,,,Cascade Point+Heating Up | Dragonfly+Field Prep,1975125963
1516,Pure Poetry,preferred,Hand Cannon,Kinetic,0,0,1,0,1,"Ambitious Assassin, Fragile Focus, Shoot to Loot","Multikill Clip, Opening Shot, Under-Over",2,,,Fragile Focus+Multikill Clip | Shoot to Loot+Under-Over,2671639706
1517,Phyllotactic Spiral,preferred,Pulse Rifle,Arc,1,0,0,1,1,"Tunnel Vision, Under-Over","Rolling Storm, Voltshot",2,,,Rolling Storm+Tunnel Vision | Under-Over+Voltshot,3635821806
1518,Non-Denouement (Adept),preferred,Combat Bow,Arc,0,1,0,1,0,"Impulse Amplifier, Opening Shot, Strategist","Archer's Gambit, Desperate Measures, Moving Target",2,,,Archer's Gambit+Strategist | Impulse Amplifier+Moving Target,1039915310
1519,Midha's Reckoning (Harrowed),preferred,Fusion Rifle,Arc,0,1,0,1,0,"Backup Plan, Under Pressure, Voltshot","Gear Shift, Reservoir Burst, Surrounded",2,,,Reservoir Burst+Voltshot | Surrounded+Under Pressure,3904516037
1520,Lubrae's Ruin (Adept),preferred,Glaive,Solar,0,1,0,1,0,"Immovable Object, Steady Hands, Tilting at Windmills","Bait and Switch, Chaos Reshaped, Incandescent",2,,,Bait and Switch+Tilting at Windmills | Incandescent+Steady Hands,1466006054
1521,Laser Painter,preferred,Linear Fusion Rifle,Strand,1,0,1,0,1,"Encore, Invisible Hand, Moving Target","Box Breathing, Demolitionist, Hip-Fire Grip",2,,,Box Breathing+Moving Target | Demolitionist+Invisible Hand,3221722018
1522,Koraxis's Distress (Adept),preferred,Grenade Launcher,Strand,0,1,0,1,0,"Chain Reaction, Envious Arsenal","Chaos Reshaped, Surrounded",2,,,Chain Reaction+Surrounded | Chaos Reshaped+Envious Arsenal,495442100
1523,Forthcoming Deviance (Adept),preferred,Glaive,Void,0,1,0,1,0,"Demolitionist, Dimensional Shift, Reconstruction","Collective Action, Collective Demolition, Unstoppable Force",2,,,Collective Demolition+Reconstruction | Demolitionist+Unstoppable Force,3123651616
1524,Embraced Identity,preferred,Sniper Rifle,Void,1,0,0,1,1,"Destabilizing Rounds, Empty Traits Socket, Withering Gaze","Elemental Capacitor, Elemental Honing, Empty Traits Socket",2,,,Destabilizing Rounds+Empty Traits Socket | Elemental Honing+Withering Gaze,2821677368
1525,Double-Edged Answer,preferred,Sword,Void,0,0,1,0,1,"En Garde, Flash Counter, Pugilist","Attrition Orbs, Destabilizing Rounds, One for All",2,,,Destabilizing Rounds+Flash Counter | En Garde+One for All,105164264
1526,Dimensional Hypotrochoid,preferred,Grenade Launcher,Stasis,1,0,0,1,1,"Envious Assassin, Threat Detector","Crystalline Corpsebloom, Turnabout",2,,,Crystalline Corpsebloom+Threat Detector | Envious Assassin+Turnabout,1311684613
1527,Deliverance (Adept),preferred,Fusion Rifle,Stasis,0,1,0,1,0,"Cornered, Crystalline Corpsebloom, Heating Up","Chain Reaction, Controlled Burst, Harmony",2,,,Chain Reaction+Heating Up | Cornered+Harmony,2943293195
1528,Corrective Measure (Timelost),preferred,Machine Gun,Void,0,1,0,1,0,"Dimensional Shift, Firefly, Redirection","Demoralize, High-Impact Reserves, Killing Tally",2,,,Firefly+Killing Tally | High-Impact Reserves+Redirection,2334480463
1529,Bold Endings,preferred,Hand Cannon,Stasis,1,0,0,1,1,"Air Trigger, Rimestealer, Strategist","Crystalline Corpsebloom, Demolitionist, Eye of the Storm",2,,,Crystalline Corpsebloom+Strategist | Eye of the Storm+Rimestealer,496728945
1530,Autumn Wind,preferred,Pulse Rifle,Kinetic,1,0,1,0,1,"Envious Assassin, Tunnel Vision","Moving Target, Multikill Clip",2,,,Envious Assassin+Multikill Clip | Moving Target+Tunnel Vision,3110377595
1531,Anonymous Autumn,preferred,Sidearm,Arc,1,0,1,0,1,"Offhand Strike, Zen Moment","Adagio, Voltshot",2,,,Adagio+Zen Moment | Offhand Strike+Voltshot,1644501332
1532,Albedo Wing,preferred,Glaive,Arc,1,0,0,0,1,"Clown Cartridge, Replenishing Aegis","Demolitionist, Lead from Gold",2,,,Clown Cartridge+Lead from Gold | Demolitionist+Replenishing Aegis,2680976411
1533,Yesteryear,preferred,Pulse Rifle,Void,1,0,1,0,1,"Ambitious Assassin, Subsistence, Tunnel Vision","Desperado, Dragonfly, Repulsor Brace",2,,,Ambitious Assassin+Dragonfly | Repulsor Brace+Subsistence,4028000428
1534,Prolonged Engagement,preferred,Submachine Gun,Stasis,1,0,1,0,1,"Air Assault, Eye of the Storm, Feeding Frenzy","Encore, Gutshot Straight, Headstone",2,,,Air Assault+Headstone | Feeding Frenzy+Gutshot Straight,2349907931
1535,Oversoul Edict (Adept),preferred,Pulse Rifle,Arc,0,1,0,1,0,"Keep Away, Perpetual Motion, Rolling Storm","Headseeker, High Ground, Swashbuckler",2,,,High Ground+Rolling Storm | Keep Away+Swashbuckler,578105049
1536,Origin Story,preferred,Auto Rifle,Kinetic,1,0,1,0,1,"Attrition Orbs, Dynamic Sway Reduction, Fragile Focus","High Ground, Kinetic Tremors, Onslaught",2,,,Dynamic Sway Reduction+High Ground | Fragile Focus+Kinetic Tremors,2826850739
1537,Luna Regolith III,preferred,Sniper Rifle,Solar,0,0,1,0,1,"Clown Cartridge, Heal Clip, Perfect Float","Cascade Point, Demolitionist, Eye of the Storm",2,,,Clown Cartridge+Eye of the Storm | Demolitionist+Perfect Float,1948035256
1538,Doom of Chelchis (Harrowed),preferred,Scout Rifle,Void,0,1,0,1,0,"Demoralize, Firefly, Stats for All","Frenzy, Meganeura, Repulsor Brace",2,,,Firefly+Frenzy | Repulsor Brace+Stats for All,1184692845
1539,Riptide,preferred,Fusion Rifle,Stasis,1,0,1,0,1,Well-Rounded,Chill Clip,1,,,Chill Clip+Well-Rounded,2715240478
1540,Qullim's Terminus (Harrowed),preferred,Machine Gun,Stasis,0,1,0,1,0,"Demolitionist, Dynamic Sway Reduction, Enlightened Action","Eye of the Storm, Headstone, Wellspring",1,,,Enlightened Action+Wellspring,3248429089
1541,Positive Outlook,preferred,Auto Rifle,Void,1,0,1,0,1,"Invisible Hand, Shot Swap, Tap the Trigger","Adaptive Munitions, Cascade Point, Destabilizing Rounds",1,,,Adaptive Munitions+Shot Swap,491078457
1542,Joxer's Longsword,preferred,Pulse Rifle,Void,1,0,1,0,1,"Dragonfly, Enlightened Action, Gutshot Straight","Desperado, High-Impact Reserves, Under Pressure",1,,,Enlightened Action+Under Pressure,157601190
1543,Cataclysmic (Adept),preferred,Linear Fusion Rifle,Solar,0,1,0,1,0,"Compulsive Reloader, Dragonfly, Surplus","Adaptive Munitions, Clown Cartridge, Turnabout",1,,,Clown Cartridge+Compulsive Reloader,2886339027
1544,Wicked Sister,preferred,Grenade Launcher,Strand,0,0,1,0,1,"Clown Cartridge, Danger Zone, Envious Arsenal","Explosive Light, Full Court, High Ground",1,,,Danger Zone+High Ground,2039776723
1545,Cynosure,preferred,Rocket Launcher,Strand,1,0,1,0,1,"Envious Arsenal, Field Prep, Slice","Chain Reaction, Quickdraw, Reverberation",1,,,Envious Arsenal+Reverberation,694275488
1546,Wicked Sister,preferred,Grenade Launcher,Strand,0,0,1,0,1,"Clown Cartridge, Slice, Strategist","Explosive Light, Full Court, One for All",3,,,Clown Cartridge+One for All | Explosive Light+Strategist | Full Court+Slice,2039776723
1547,Volta Bracket,preferred,Sniper Rifle,Strand,1,0,0,1,1,"Firmly Planted, Subsistence, Triple Tap","Firing Line, Rewind Rounds, Under Pressure",3,,,Firing Line+Subsistence | Firmly Planted+Rewind Rounds | Triple Tap+Under Pressure,3920310144
1548,Luna Regolith III,preferred,Sniper Rifle,Solar,0,0,1,0,1,"Heal Clip, Snapshot Sights, Under Pressure","Cascade Point, Firing Line, Incandescent",3,,,Cascade Point+Snapshot Sights | Firing Line+Heal Clip | Incandescent+Under Pressure,1948035256
1549,Lubrae's Ruin (Adept),preferred,Glaive,Solar,0,1,0,1,0,"Frenzy, Immovable Object, Killing Wind","Chaos Reshaped, Surrounded, Unrelenting",3,,,Chaos Reshaped+Killing Wind | Frenzy+Surrounded | Immovable Object+Unrelenting,1466006054
1550,Doom of Chelchis (Harrowed),preferred,Scout Rifle,Void,0,1,0,1,0,"Demoralize, Steady Hands, Vorpal Weapon","Meganeura, Unrelenting, Withering Gaze",3,,,Demoralize+Unrelenting | Meganeura+Vorpal Weapon | Steady Hands+Withering Gaze,1184692845
1551,Submission (Adept),preferred,Submachine Gun,Kinetic,0,1,0,1,0,"Kinetic Tremors, Steady Hands, Turnabout","Harmony, Target Lock, Thresh",3,,,Harmony+Turnabout | Kinetic Tremors+Thresh | Steady Hands+Target Lock,1941816543
1552,Qua Xaphan V,preferred,Machine Gun,Void,0,0,1,0,1,"Killing Wind, Surplus, Triple Tap","Destabilizing Rounds, Elemental Capacitor, Firing Line",3,,,Destabilizing Rounds+Surplus | Elemental Capacitor+Triple Tap | Firing Line+Killing Wind,1975125963
1553,Positive Outlook,preferred,Auto Rifle,Void,1,0,1,0,1,"Invisible Hand, Steady Hands, Tap the Trigger","Cascade Point, Elemental Capacitor, Eye of the Storm",3,,,Cascade Point+Steady Hands | Elemental Capacitor+Invisible Hand | Eye of the Storm+Tap the Trigger,491078457
1554,Pure Poetry,preferred,Hand Cannon,Kinetic,0,0,1,0,1,"Ambitious Assassin, Tunnel Vision, Well-Rounded","Opening Shot, Osmosis, Under-Over",3,,,Ambitious Assassin+Osmosis | Opening Shot+Well-Rounded | Tunnel Vision+Under-Over,2671639706
1555,Smite of Merain (Harrowed),preferred,Pulse Rifle,Kinetic,0,1,0,1,0,"Ancillary Ordinance, Well-Rounded","All-Star, Vorpal Weapon",2,,,All-Star+Well-Rounded | Ancillary Ordinance+Vorpal Weapon,3407395594
1556,Oversoul Edict (Adept),preferred,Pulse Rifle,Arc,0,1,0,1,0,"Perpetual Motion, Supercharged Magazine","Headseeker, Voltshot",2,,,Headseeker+Supercharged Magazine | Perpetual Motion+Voltshot,578105049
1557,Origin Story,preferred,Auto Rifle,Kinetic,1,0,1,0,1,"Attrition Orbs, Hip-Fire Grip, Slideways","Kinetic Tremors, Onslaught, Pugilist",2,,,Hip-Fire Grip+Pugilist | Kinetic Tremors+Slideways,2826850739
1558,Non-Denouement (Adept),preferred,Combat Bow,Arc,0,1,0,1,0,"Opening Shot, Successful Warm-Up","Desperate Measures, Voltshot",2,,,Desperate Measures+Successful Warm-Up | Opening Shot+Voltshot,1039915310
1559,Midha's Reckoning (Harrowed),preferred,Fusion Rifle,Arc,0,1,0,1,0,"Backup Plan, Well-Rounded","Gear Shift, Vorpal Weapon",2,,,Backup Plan+Vorpal Weapon | Gear Shift+Well-Rounded,3904516037
1560,Laser Painter,preferred,Linear Fusion Rifle,Strand,1,0,1,0,1,"Encore, No Distractions","Hip-Fire Grip, Unrelenting",2,,,Encore+Unrelenting | Hip-Fire Grip+No Distractions,3221722018
1561,Forthcoming Deviance (Adept),preferred,Glaive,Void,0,1,0,1,0,"Dimensional Shift, Replenishing Aegis","Collective Action, Vorpal Weapon",2,,,Collective Action+Replenishing Aegis | Dimensional Shift+Vorpal Weapon,3123651616
1562,Double-Edged Answer,preferred,Sword,Void,0,0,1,0,1,"En Garde, Pugilist, Thresh","Attrition Orbs, Valiant Charge, Vorpal Weapon",2,,,Attrition Orbs+Thresh | En Garde+Vorpal Weapon,105164264
1563,Deliverance (Adept),preferred,Fusion Rifle,Stasis,0,1,0,1,0,"Crystalline Corpsebloom, Sleight of Hand","Controlled Burst, Tap the Trigger",2,,,Controlled Burst+Sleight of Hand | Crystalline Corpsebloom+Tap the Trigger,2943293195
1564,Cynosure,preferred,Rocket Launcher,Strand,1,0,1,0,1,"Field Prep, Impulse Amplifier, Slice","Chain Reaction, Cluster Bomb, Quickdraw",2,,,Cluster Bomb+Slice | Impulse Amplifier+Quickdraw,694275488
1565,Critical Anomaly (Adept),preferred,Sniper Rifle,Stasis,0,1,0,1,0,"Quickdraw, Reconstruction","Headstone, Snapshot Sights",2,,,Headstone+Quickdraw | Reconstruction+Snapshot Sights,172461430
1566,Corrective Measure (Timelost),preferred,Machine Gun,Void,0,1,0,1,0,"Dimensional Shift, Subsistence","Demoralize, One for All",2,,,Demoralize+Subsistence | Dimensional Shift+One for All,2334480463
1567,Breakneck,preferred,Auto Rifle,Kinetic,1,0,1,0,1,"Dynamic Sway Reduction, Pugilist, Under Pressure","Attrition Orbs, Deconstruct, Demolitionist",2,,,Attrition Orbs+Under Pressure | Deconstruct+Under Pressure,2026755633
1568,Bold Endings,preferred,Hand Cannon,Stasis,1,0,0,1,1,"Air Trigger, To the Pain","Demolitionist, Golden Tricorn Enhanced",2,,,Air Trigger+Golden Tricorn Enhanced | Demolitionist+To the Pain,496728945
1569,Blowout,preferred,Rocket Launcher,Arc,0,0,1,0,1,"Danger Zone, Ensemble, Sympathetic Arsenal","Adrenaline Junkie, Chain Reaction, Cluster Bomb",2,,,Chain Reaction+Sympathetic Arsenal | Cluster Bomb+Ensemble,1903182562
1570,Yesteryear,preferred,Pulse Rifle,Void,1,0,1,0,1,Well-Rounded,Desperado,1,,,Desperado+Well-Rounded,4028000428
1571,Swordbreaker (Adept),preferred,Shotgun,Strand,0,1,0,1,0,Threat Detector,Sword Logic,1,,,Sword Logic+Threat Detector,1239700299
1572,Strident Whistle,preferred,Combat Bow,Solar,0,0,1,0,1,"Archer's Tempo, Killing Wind, Sneak Bow","Explosive Head, Successful Warm-Up, Turnabout",1,,,Killing Wind+Successful Warm-Up,2591241074
1573,Retrofuturist,preferred,Shotgun,Void,1,0,1,0,1,"Dual Loader, Loose Change, Pugilist","Barrel Constrictor, Envious Assassin, High Ground",1,,,High Ground+Pugilist,1612781792
1574,Qullim's Terminus (Harrowed),preferred,Machine Gun,Stasis,0,1,0,1,0,"Demolitionist, Dynamic Sway Reduction, Firmly Planted","Eye of the Storm, Firefly, Headstone",1,,,Firmly Planted+Headstone,3248429089
1575,Prolonged Engagement,preferred,Submachine Gun,Stasis,1,0,1,0,1,"Air Assault, Eye of the Storm, Fourth Time's the Charm","Encore, Gutshot Straight, Rangefinder",1,,,Fourth Time's the Charm+Rangefinder,2349907931
1576,No Hesitation,preferred,Auto Rifle,Solar,1,0,0,1,1,Target Lock,Surrounded,1,,,Surrounded+Target Lock,1801007332
1577,Joxer's Longsword,preferred,Pulse Rifle,Void,1,0,1,0,1,"Dragonfly, Gutshot Straight, Lone Wolf","Desperado, High-Impact Reserves, Under Pressure",1,,,Lone Wolf+Under Pressure,157601190
1578,Embraced Identity,preferred,Sniper Rifle,Void,1,0,0,1,1,"Empty Traits Socket, Permeability, Reconstruction","Elemental Capacitor, Fourth Time's the Charm, High Ground",1,,,Elemental Capacitor+Permeability,2821677368
1579,Cataclysmic (Adept),preferred,Linear Fusion Rifle,Solar,0,1,0,1,0,"Dragonfly, Fourth Time's the Charm, Surplus","Adaptive Munitions, Aggregate Charge, Turnabout",1,,,Aggregate Charge+Surplus,2886339027
1580,Albruna-D,preferred,Sniper Rifle,Arc,0,0,1,0,1,"Air Assault, Elemental Capacitor, Explosive Payload","Cascade Point, Firing Line, Under-Over",1,,,Air Assault+Firing Line,676270382
1581,Positive Outlook,preferred,Auto Rifle,Void,1,0,1,0,1,"Invisible Hand, Tap the Trigger, Tunnel Vision","Cascade Point, Golden Tricorn Enhanced, Kill Clip",3,,,Cascade Point+Tunnel Vision | Golden Tricorn Enhanced+Tap the Trigger | Invisible Hand+Kill Clip,491078457
1582,Origin Story,preferred,Auto Rifle,Kinetic,1,0,1,0,1,"Attrition Orbs, Strategist, Threat Detector","Onslaught, Snapshot Sights, Target Lock",3,,,Attrition Orbs+Snapshot Sights | Onslaught+Threat Detector | Strategist+Target Lock,2826850739
1583,Lubrae's Ruin (Adept),preferred,Glaive,Solar,0,1,0,1,0,"Immovable Object, Steady Hands, Tilting at Windmills","Unstoppable Force, Vorpal Weapon, Wellspring",3,,,Immovable Object+Wellspring | Steady Hands+Unstoppable Force | Tilting at Windmills+Vorpal Weapon,1466006054
1584,Blowout,preferred,Rocket Launcher,Arc,0,0,1,0,1,"Danger Zone, Genesis, Impulse Amplifier","Adrenaline Junkie, Disruption Break, Golden Tricorn Enhanced",3,,,Adrenaline Junkie+Genesis | Danger Zone+Golden Tricorn Enhanced | Disruption Break+Impulse Amplifier,1903182562
1585,Strident Whistle,preferred,Combat Bow,Solar,0,0,1,0,1,"Archer's Tempo, Moving Target, Sneak Bow","Adrenaline Junkie, Explosive Head, Turnabout",2,,,Adrenaline Junkie+Sneak Bow | Explosive Head+Moving Target,2591241074
1586,Qullim's Terminus (Harrowed),preferred,Machine Gun,Stasis,0,1,0,1,0,"Demolitionist, Dynamic Sway Reduction, Heating Up","Eye of the Storm, Firefly, Firing Line",2,,,Demolitionist+Firing Line | Firefly+Heating Up,3248429089
1587,Prolonged Engagement,preferred,Submachine Gun,Stasis,1,0,1,0,1,"Air Assault, Eye of the Storm, Heating Up","Encore, Gutshot Straight, Surrounded",2,,,Air Assault+Surrounded | Encore+Heating Up,2349907931
1588,Joxer's Longsword,preferred,Pulse Rifle,Void,1,0,1,0,1,"Dragonfly, Gutshot Straight, Pugilist","Desperado, Destabilizing Rounds, High-Impact Reserves",2,,,Desperado+Pugilist | Destabilizing Rounds+Gutshot Straight,157601190
1589,Embraced Identity,preferred,Sniper Rifle,Void,1,0,0,1,1,"Empty Traits Socket, Reconstruction, Vorpal Weapon","Fourth Time's the Charm, High Ground, Moving Target",2,,,High Ground+Vorpal Weapon | Moving Target+Reconstruction,2821677368
1590,Double-Edged Answer,preferred,Sword,Void,0,0,1,0,1,"Pugilist, Unrelenting","Valiant Charge, Whirlwind Blade",2,,,Pugilist+Whirlwind Blade | Unrelenting+Valiant Charge,105164264
1591,Cataclysmic (Adept),preferred,Linear Fusion Rifle,Solar,0,1,0,1,0,"Dragonfly, Fourth Time's the Charm, No Distractions","Adaptive Munitions, Box Breathing, Turnabout",2,,,Adaptive Munitions+No Distractions | Box Breathing+Dragonfly,2886339027
1592,Albruna-D,preferred,Sniper Rifle,Arc,0,0,1,0,1,"Elemental Capacitor, Ensemble, Explosive Payload","Cascade Point, Golden Tricorn Enhanced, Under-Over",2,,,Cascade Point+Ensemble | Explosive Payload+Golden Tricorn Enhanced,676270382
1593,Retrofuturist,preferred,Shotgun,Void,1,0,1,0,1,"Dual Loader, Loose Change, Pulse Monitor","Barrel Constrictor, Envious Assassin, Frenzy",1,,,Envious Assassin+Pulse Monitor,1612781792
1594,Cynosure,preferred,Rocket Launcher,Strand,1,0,1,0,1,"Field Prep, Overflow, Reconstruction","Desperate Measures, Hatchling, Lasting Impression",1,,,Desperate Measures+Field Prep,694275488
1595,Breakneck,preferred,Auto Rifle,Kinetic,1,0,1,0,1,"Dynamic Sway Reduction, Encore, Pugilist","Attrition Orbs, Demolitionist, Offhand Strike",1,,,Dynamic Sway Reduction+Offhand Strike,2026755633
1596,Joxer's Longsword,preferred,Pulse Rifle,Void,1,0,1,0,1,"Dragonfly, Repulsor Brace, Shoot to Loot","High-Impact Reserves, Swashbuckler, Under Pressure",3,,,Dragonfly+Swashbuckler | High-Impact Reserves+Repulsor Brace | High-Impact Reserves+Shoot to Loot,157601190
1597,Cataclysmic (Adept),preferred,Linear Fusion Rifle,Solar,0,1,0,1,0,"Fourth Time's the Charm, Slideshot, Successful Warm-Up","Clown Cartridge, Elemental Honing, Turnabout",3,,,Clown Cartridge+Fourth Time's the Charm | Slideshot+Turnabout | Successful Warm-Up+Turnabout,2886339027
1598,Blowout,preferred,Rocket Launcher,Arc,0,0,1,0,1,"Sympathetic Arsenal, Thresh, Tracking Module","Multikill Clip, Swashbuckler, Vorpal Weapon",3,,,Multikill Clip+Thresh | Swashbuckler+Tracking Module | Sympathetic Arsenal+Vorpal Weapon,1903182562
1599,Albruna-D,preferred,Sniper Rifle,Arc,0,0,1,0,1,"Elemental Capacitor, Explosive Payload, Moving Target","Harmony, High-Impact Reserves, Under-Over",3,,,Elemental Capacitor+High-Impact Reserves | Explosive Payload+Harmony | Moving Target+Under-Over,676270382
1600,Retrofuturist,preferred,Shotgun,Void,1,0,1,0,1,"Dual Loader, Loose Change, Quickdraw","Barrel Constrictor, Frenzy, One for All",2,,,Dual Loader+One for All | Frenzy+Quickdraw,1612781792
1601,Qullim's Terminus (Harrowed),preferred,Machine Gun,Stasis,0,1,0,1,0,"Dynamic Sway Reduction, Slickdraw, Stats for All","Eye of the Storm, Headstone, Killing Tally",2,,,Headstone+Slickdraw | Killing Tally+Stats for All,3248429089
1602,Prolonged Engagement,preferred,Submachine Gun,Stasis,1,0,1,0,1,"Eye of the Storm, Offhand Strike","Gutshot Straight, Thresh",2,,,Eye of the Storm+Thresh | Gutshot Straight+Offhand Strike,2349907931
1603,Embraced Identity,preferred,Sniper Rifle,Void,1,0,0,1,1,"Empty Traits Socket, Withering Gaze","Fourth Time's the Charm, Redirection",2,,,Empty Traits Socket+Redirection | Fourth Time's the Charm+Withering Gaze,2821677368
1604,Cynosure,preferred,Rocket Launcher,Strand,1,0,1,0,1,"Overflow, Reconstruction, Slice","Hatchling, Lasting Impression, Quickdraw",2,,,Lasting Impression+Slice | Quickdraw+Reconstruction,694275488
1605,Breakneck,preferred,Auto Rifle,Kinetic,1,0,1,0,1,"Encore, Enlightened Action, Pugilist","Attrition Orbs, Demolitionist, Onslaught",2,,,Demolitionist+Enlightened Action | Onslaught+Pugilist,2026755633
1606,Strident Whistle,preferred,Combat Bow,Solar,0,0,1,0,1,"Archer's Tempo, Perpetual Motion, Sneak Bow","Cornered, Dragonfly, Turnabout",1,,,Dragonfly+Sneak Bow,2591241074
1607,Retrofuturist,preferred,Shotgun,Void,1,0,1,0,1,"Loose Change, Shot Swap, Slickdraw","Barrel Constrictor, Snapshot Sights, Thresh",3,,,Barrel Constrictor+Shot Swap | Loose Change+Snapshot Sights | Slickdraw+Thresh,1612781792
1608,Breakneck,preferred,Auto Rifle,Kinetic,1,0,1,0,1,"Encore, Pugilist, Shoot to Loot","Attrition Orbs, Osmosis, Tap the Trigger",3,,,Attrition Orbs+Shoot to Loot | Encore+Tap the Trigger | Osmosis+Pugilist,2026755633
1609,Qullim's Terminus (Harrowed),preferred,Machine Gun,Stasis,0,1,0,1,0,"Dynamic Sway Reduction, Unrelenting","Eye of the Storm, Mega Kill Clip",2,,,Dynamic Sway Reduction+Mega Kill Clip | Eye of the Storm+Unrelenting,3248429089
1610,Cynosure,preferred,Rocket Launcher,Strand,1,0,1,0,1,"Overflow, Tracking Module","Hatchling, Reverberation",2,,,Hatchling+Tracking Module | Overflow+Reverberation,694275488
1611,Albruna-D,preferred,Sniper Rifle,Arc,0,0,1,0,1,"No Distractions, Perpetual Motion","Slickdraw, Under-Over",2,,,No Distractions+Under-Over | Perpetual Motion+Slickdraw,676270382
1612,Strident Whistle,preferred,Combat Bow,Solar,0,0,1,0,1,"Archer's Tempo, Perpetual Motion, Sneak Bow","Cornered, Explosive Head, Turnabout",1,,,Explosive Head+Perpetual Motion,2591241074
1613,Joxer's Longsword,preferred,Pulse Rifle,Void,1,0,1,0,1,Strategist,Under Pressure,1,,,Strategist+Under Pressure,157601190
1614,Cataclysmic (Adept),preferred,Linear Fusion Rifle,Solar,0,1,0,1,0,Surplus,Elemental Honing,1,,,Elemental Honing+Surplus,2886339027
1615,Strident Whistle,preferred,Combat Bow,Solar,0,0,1,0,1,"Archer's Tempo, Quickdraw, Sneak Bow","Cornered, Incandescent, Turnabout",2,,,Archer's Tempo+Incandescent | Quickdraw+Turnabout,2591241074
1616,Retrofuturist,preferred,Shotgun,Void,1,0,1,0,1,Stats for All,Trench Barrel,1,,,Stats for All+Trench Barrel,1612781792
1617,Strident Whistle,preferred,Combat Bow,Solar,0,0,1,0,1,"Rangefinder, Shoot to Loot, Sneak Bow","Cornered, Rampage, Successful Warm-Up",2,,,Rampage+Sneak Bow | Shoot to Loot+Successful Warm-Up,2591241074
1618,Strident Whistle,preferred,Combat Bow,Solar,0,0,1,0,1,"Rangefinder, Sneak Bow, Surplus","Cornered, Turnabout, Vorpal Weapon",3,,,Cornered+Surplus | Rangefinder+Turnabout | Sneak Bow+Vorpal Weapon,2591241074
1619,Zealot's Reward,fallback,Fusion Rifle,Void,0,0,0,1,0,Under Pressure,Dimensional Shift,1,,,Dimensional Shift+Under Pressure,2720651699
1620,Yarovit MG4,fallback,Submachine Gun,Stasis,0,0,0,0,1,Encore,Zen Moment,1,,,Encore+Zen Moment,3959549446
1621,Wolftone Draw,fallback,Combat Bow,Arc,0,0,0,0,1,Threat Detector,Cornered,1,,,Cornered+Threat Detector,3472875143
1622,Without Remorse,fallback,Shotgun,Solar,0,0,0,1,0,Steady Hands,Fragile Focus,1,,,Fragile Focus+Steady Hands,1478986057
1623,Whispering Slab,fallback,Combat Bow,Kinetic,0,0,0,0,1,Lone Wolf,Gutshot Straight,1,,,Gutshot Straight+Lone Wolf,690341468
1624,Warlord's Spear,fallback,Trace Rifle,Arc,0,0,0,0,1,Loose Change,Fourth Time's the Charm,1,,,Fourth Time's the Charm+Loose Change,1968711238
1625,Veleda-F,fallback,Sniper Rifle,Void,0,0,0,0,1,Snapshot Sights,Destabilizing Rounds,1,,,Destabilizing Rounds+Snapshot Sights,4200122994
1626,Vantage Point,fallback,Pulse Rifle,Arc,0,0,0,0,1,To the Pain,High-Impact Reserves,1,,,High-Impact Reserves+To the Pain,3830941962
1627,Under Your Skin,fallback,Combat Bow,Void,0,0,0,1,0,Unrelenting,Explosive Head,1,,,Explosive Head+Unrelenting,232928045
1628,Tyranny of Heaven,fallback,Combat Bow,Solar,0,0,0,1,0,Wellspring,Adagio,1,,,Adagio+Wellspring,3388655311
1629,Typhon GL5,fallback,Grenade Launcher,Stasis,0,0,0,0,1,Steady Hands,Explosive Light,1,,,Explosive Light+Steady Hands,3568377122
1630,Trustee,fallback,Scout Rifle,Solar,0,0,0,1,0,Zen Moment,Meganeura,1,,,Meganeura+Zen Moment,1392919471
1631,Tripwire Canary,fallback,Combat Bow,Arc,0,0,0,1,0,Sneak Bow,Under-Over,1,,,Sneak Bow+Under-Over,3849444474
1632,Transfiguration,fallback,Scout Rifle,Kinetic,0,0,0,1,0,Rewind Rounds,Ancillary Ordinance,1,,,Ancillary Ordinance+Rewind Rounds,3885259140
1633,Throne-Cleaver,fallback,Sword,Solar,0,0,0,1,0,Tireless Blade,Pugilist,1,,,Pugilist+Tireless Blade,3371413059
1634,Thoughtless,fallback,Sniper Rifle,Stasis,0,0,0,1,0,Steady Hands,Quickdraw,1,,,Quickdraw+Steady Hands,4067556514
1635,The Vision,fallback,Sidearm,Arc,0,0,0,0,1,Full Auto Trigger System,Sympathetic Arsenal,1,,,Full Auto Trigger System+Sympathetic Arsenal,2414141462
1636,The Supremacy,fallback,Sniper Rifle,Kinetic,0,0,0,1,0,Rewind Rounds,Bewildering Burst,1,,,Bewildering Burst+Rewind Rounds,2884596447
1637,The Showrunner,fallback,Submachine Gun,Kinetic,0,0,0,0,1,Well-Rounded,Air Assault,1,,,Air Assault+Well-Rounded,1999754402
1638,The Guiding Sight,fallback,Scout Rifle,Strand,0,0,0,0,1,Tunnel Vision,Encore,1,,,Encore+Tunnel Vision,1161561386
1639,The Eremite,fallback,Fusion Rifle,Solar,0,0,0,1,1,Slickdraw,Cornered,1,,,Cornered+Slickdraw,3347946548
1640,The Epicurean,fallback,Fusion Rifle,Void,0,0,0,1,0,Well-Rounded,Backup Plan,1,,,Backup Plan+Well-Rounded,2263839058
1641,The Enigma,fallback,Glaive,Void,0,0,0,1,0,Tilting at Windmills,Thresh,1,,,Thresh+Tilting at Windmills,2595497736
1642,The Domino,fallback,Sniper Rifle,Solar,0,0,0,0,1,Subsistence,Mulligan,1,,,Mulligan+Subsistence,2800870005
1643,Techeun Force,fallback,Fusion Rifle,Arc,0,0,0,1,0,Slideways,Rangefinder,1,,,Rangefinder+Slideways,3591141932
1644,Tears of Contrition,fallback,Scout Rifle,Kinetic,0,0,0,1,0,Well-Rounded,Fourth Time's the Charm,1,,,Fourth Time's the Charm+Well-Rounded,1366394399
1645,Tarnation,fallback,Grenade Launcher,Arc,0,0,0,1,0,Pulse Monitor,Explosive Light,1,,,Explosive Light+Pulse Monitor,2721157927
1646,Targeted Redaction,fallback,Hand Cannon,Void,0,0,0,1,1,Well-Rounded,Keep Away,1,,,Keep Away+Well-Rounded,3890055324
1647,Tarantula,fallback,Linear Fusion Rifle,Arc,0,0,0,0,1,Pulse Monitor,Box Breathing,1,,,Box Breathing+Pulse Monitor,3335343363
1648,Swarm of the Raven,fallback,Grenade Launcher,Void,0,0,0,0,1,Slickdraw,Genesis,1,,,Genesis+Slickdraw,433905699
1649,Suspectum-4fr,fallback,Linear Fusion Rifle,Stasis,0,0,0,0,1,Headstone,High Ground,1,,,Headstone+High Ground,3615421669
1650,Supercluster,fallback,Shotgun,Strand,0,0,0,1,0,Slideshot,Deconstruct,1,,,Deconstruct+Slideshot,92459755
1651,Succession,fallback,Sniper Rifle,Kinetic,0,0,0,1,0,Stopping Power,Thresh,1,,,Stopping Power+Thresh,2990047042
1652,Subjunctive,fallback,Submachine Gun,Arc,0,0,0,1,0,Under Pressure,Permeability,1,,,Permeability+Under Pressure,1447836603
1653,Speleologist,fallback,Machine Gun,Solar,0,0,0,1,0,Slideways,Strategist,1,,,Slideways+Strategist,412251536
1654,Sovereignty,fallback,Sniper Rifle,Void,0,0,0,0,1,Steady Hands,Precision Instrument,1,,,Precision Instrument+Steady Hands,3818198556
1655,Sojourner's Tale,fallback,Shotgun,Solar,0,0,0,0,1,Quickdraw,Air Trigger,1,,,Air Trigger+Quickdraw,2130875369
1656,Snorri FR5,fallback,Fusion Rifle,Void,0,0,0,0,1,Surplus,Reservoir Burst,1,,,Reservoir Burst+Surplus,4114929480
1657,Shepherd's Watch,fallback,Sniper Rifle,Kinetic,0,0,0,0,1,Tunnel Vision,Firing Line,1,,,Firing Line+Tunnel Vision,3743729616
1658,Shattered Cipher,fallback,Machine Gun,Void,0,0,0,0,1,Tunnel Vision,Zen Moment,1,,,Tunnel Vision+Zen Moment,2434225986
1659,Senuna SI6,fallback,Sidearm,Stasis,0,0,0,0,1,Envious Assassin,Gutshot Straight,1,,,Envious Assassin+Gutshot Straight,5159537
1660,Scatter Signal,fallback,Fusion Rifle,Strand,0,0,0,1,0,Surplus,Deconstruct,1,,,Deconstruct+Surplus,2558925366
1661,Scalar Potential,fallback,Pulse Rifle,Arc,0,0,0,1,0,Permeability,Headseeker,1,,,Headseeker+Permeability,2563668388
1662,Sailspy Pitchglass,fallback,Linear Fusion Rifle,Arc,0,0,0,1,1,Rapid Hit,Heating Up,1,,,Heating Up+Rapid Hit,1184309824
1663,Sacred Provenance,fallback,Pulse Rifle,Kinetic,0,0,0,1,0,Stopping Power,Kill Clip,1,,,Kill Clip+Stopping Power,2241507890
1664,Royal Executioner,fallback,Fusion Rifle,Solar,0,0,0,1,0,Firmly Planted,Killing Wind,1,,,Firmly Planted+Killing Wind,1720503118
1665,Royal Chase,fallback,Scout Rifle,Void,0,0,0,0,1,Slideways,Quickdraw,1,,,Quickdraw+Slideways,2776503072
1666,Ros Arago IV,fallback,Auto Rifle,Void,0,0,0,0,1,Slickdraw,Onslaught,1,,,Onslaught+Slickdraw,3583275737
1667,Revoker,fallback,Sniper Rifle,Kinetic,0,0,0,0,1,Snapshot Sights,Reversal of Fortune,1,,,Reversal of Fortune+Snapshot Sights,654608616
1668,Regnant,fallback,Grenade Launcher,Void,0,0,0,1,0,Thresh,Cascade Point,1,,,Cascade Point+Thresh,268260372
1669,Red Herring,fallback,Rocket Launcher,Void,0,0,0,1,0,Tracking Module,Snapshot Sights,1,,,Snapshot Sights+Tracking Module,3175851496
1670,Recurrent Impact,fallback,Machine Gun,Stasis,0,0,0,1,0,Genesis,Tap the Trigger,1,,,Genesis+Tap the Trigger,1572896086
1671,Reckless Oracle,fallback,Auto Rifle,Void,0,0,0,1,0,Tap the Trigger,Paracausal Affinity,1,,,Paracausal Affinity+Tap the Trigger,1992309064
1672,Razor's Edge,fallback,Sword,Void,0,0,0,0,1,Duelist's Trance,Thresh,1,,,Duelist's Trance+Thresh,1796949035
1673,Raconteur,fallback,Combat Bow,Stasis,0,0,0,1,0,Wellspring,Successful Warm-Up,1,,,Successful Warm-Up+Wellspring,45643573
1674,Qua Furor V,fallback,Machine Gun,Stasis,0,0,0,0,1,Recycled Energy,Tap the Trigger,1,,,Recycled Energy+Tap the Trigger,751880654
1675,Psi Hermetic V,fallback,Pulse Rifle,Stasis,0,0,0,0,1,Outlaw,Perpetual Motion,1,,,Outlaw+Perpetual Motion,358788212
1676,Prophet of Doom,fallback,Shotgun,Arc,0,0,0,1,0,Threat Remover,Jolting Feedback,1,,,Jolting Feedback+Threat Remover,2145441168
1677,Prodigal Return,fallback,Grenade Launcher,Arc,0,0,0,1,0,Turnabout,Voltshot,1,,,Turnabout+Voltshot,268260373
1678,Pro Memoria,fallback,Machine Gun,Strand,0,0,0,1,0,To the Pain,Mega Kill Clip,1,,,Mega Kill Clip+To the Pain,3605603507
1679,Posterity,fallback,Hand Cannon,Arc,0,0,0,1,0,Wellspring,Focused Fury,1,,,Focused Fury+Wellspring,3281285075
1680,Pleiades Corrector,fallback,Scout Rifle,Solar,0,0,0,0,1,Surplus,Shield Disorient,1,,,Shield Disorient+Surplus,3556999246
1681,Planck's Stride,fallback,Machine Gun,Arc,0,0,0,1,1,Slickdraw,Tap the Trigger,1,,,Slickdraw+Tap the Trigger,820890091
1682,Pizzicato-22,fallback,Submachine Gun,Kinetic,0,0,0,0,1,Perpetual Motion,Threat Detector,1,,,Perpetual Motion+Threat Detector,4100775158
1683,Persuader,fallback,Sniper Rifle,Void,0,0,0,0,1,Surplus,Triple Tap,1,,,Surplus+Triple Tap,781498181
1684,Path of Least Resistance,fallback,Trace Rifle,Arc,0,0,0,1,0,Adaptive Munitions,Voltshot,1,,,Adaptive Munitions+Voltshot,2827764482
1685,Optative,fallback,Hand Cannon,Void,0,0,0,1,0,Permeability,Zen Moment,1,,,Permeability+Zen Moment,2817683783
1686,Omniscient Eye,fallback,Sniper Rifle,Solar,0,0,0,1,0,No Distractions,Burning Ambition,1,,,Burning Ambition+No Distractions,147444292
1687,Noxious Vetiver,fallback,Submachine Gun,Arc,0,0,0,0,1,Unrelenting,Desperate Measures,1,,,Desperate Measures+Unrelenting,825495813
1688,Nezarec's Whisper,fallback,Glaive,Arc,0,0,0,1,0,Tilting at Windmills,Turnabout,1,,,Tilting at Windmills+Turnabout,254636484
1689,Neoptolemus II,fallback,Combat Bow,Kinetic,0,0,0,0,1,To the Pain,Wellspring,1,,,To the Pain+Wellspring,2848549302
1690,Negative Space,fallback,Sword,Solar,0,0,0,0,1,Tireless Blade,Disruption Break,1,,,Disruption Break+Tireless Blade,3629968765
1691,Nation of Beasts,fallback,Hand Cannon,Arc,0,0,0,1,0,Trickle Charge,Offhand Strike,1,,,Offhand Strike+Trickle Charge,70083888
1692,Memory Interdict,fallback,Grenade Launcher,Void,0,0,0,0,1,Impulse Amplifier,Elemental Capacitor,1,,,Elemental Capacitor+Impulse Amplifier,3165547384
1693,Martyr's Retribution,fallback,Grenade Launcher,Solar,0,0,0,0,1,Pulse Monitor,Lead from Gold,1,,,Lead from Gold+Pulse Monitor,3850168899
1694,Marsilion-C,fallback,Grenade Launcher,Solar,0,0,0,0,1,Turnabout,Full Court,1,,,Full Court+Turnabout,867154247
1695,Marcato-45,fallback,Machine Gun,Strand,0,0,0,0,1,Triple Tap,Onslaught,1,,,Onslaught+Triple Tap,4233375372
1696,Lodbrok-C,fallback,Auto Rifle,Kinetic,0,0,0,0,1,Osmosis,Wellspring,1,,,Osmosis+Wellspring,2328531378
1697,Line in the Sand,fallback,Linear Fusion Rifle,Arc,0,0,0,0,1,Under Pressure,Clown Cartridge,1,,,Clown Cartridge+Under Pressure,946443267
1698,Likely Suspect,fallback,Fusion Rifle,Void,0,0,0,1,0,Slideways,Turnabout,1,,,Slideways+Turnabout,1994645182
1699,Lethophobia,fallback,Combat Bow,Void,0,0,0,1,0,Successful Warm-Up,Surrounded,1,,,Successful Warm-Up+Surrounded,3710082365
1700,Legato-11,fallback,Shotgun,Solar,0,0,0,0,1,Triple Tap,Offhand Strike,1,,,Offhand Strike+Triple Tap,3753063346
1701,Judgment of Kelgorath,fallback,Glaive,Solar,0,0,0,1,0,Tilting at Windmills,Impulse Amplifier,1,,,Impulse Amplifier+Tilting at Windmills,2978226043
1702,Jian 7 Rifle,fallback,Pulse Rifle,Arc,0,0,0,0,1,Firmly Planted,Outlaw,1,,,Firmly Planted+Outlaw,1162247618
1703,Jararaca-3sr,fallback,Scout Rifle,Stasis,0,0,0,0,1,Perfect Float,Snapshot Sights,1,,,Perfect Float+Snapshot Sights,1851521408
1704,Iota Draconis,fallback,Fusion Rifle,Solar,0,0,0,0,1,Lead from Gold,High-Impact Reserves,1,,,High-Impact Reserves+Lead from Gold,3044460004
1705,Imperial Needle,fallback,Combat Bow,Void,0,0,0,0,1,Sneak Bow,Thresh,1,,,Sneak Bow+Thresh,3460122497
1706,Imperative,fallback,Scout Rifle,Kinetic,0,0,0,1,0,Well-Rounded,Deconstruct,1,,,Deconstruct+Well-Rounded,2045811635
1707,Ignition Code,fallback,Grenade Launcher,Kinetic,0,0,0,0,1,Steady Hands,Strategist,1,,,Steady Hands+Strategist,2761869150
1708,IKELOS_SR_v1.0.3,fallback,Sniper Rifle,Solar,0,0,0,1,0,Perpetual Motion,Box Breathing,1,,,Box Breathing+Perpetual Motion,2302346155
1709,IKELOS_SG_v1.0.3,fallback,Shotgun,Solar,0,0,0,1,0,Turnabout,Trench Barrel,1,,,Trench Barrel+Turnabout,1168625549
1710,IKELOS_HC_v1.0.3,fallback,Hand Cannon,Void,0,0,0,1,0,Air Assault,Adaptive Munitions,1,,,Adaptive Munitions+Air Assault,1731355324
1711,Hoosegow,fallback,Rocket Launcher,Arc,0,0,0,0,1,Tracking Module,Rangefinder,1,,,Rangefinder+Tracking Module,3669616453
1712,Honor's Edge,fallback,Sword,Arc,0,0,0,0,1,Tireless Blade,Shattering Blade,1,,,Shattering Blade+Tireless Blade,2857348871
1713,Hollow Words,fallback,Fusion Rifle,Arc,0,0,0,0,1,Steady Hands,Rolling Storm,1,,,Rolling Storm+Steady Hands,342027677
1714,Hollow Denial,fallback,Trace Rifle,Void,0,0,0,1,0,Rangefinder,Killing Tally,1,,,Killing Tally+Rangefinder,2323544076
1715,Heritage,fallback,Shotgun,Kinetic,0,0,0,1,0,Slideshot,Recombination,1,,,Recombination+Slideshot,4248569242
1716,Harsh Language,fallback,Grenade Launcher,Void,0,0,0,0,1,Wellspring,Disruption Break,1,,,Disruption Break+Wellspring,1606497639
1717,Hand in Hand,fallback,Shotgun,Arc,0,0,0,0,1,Shot Swap,One-Two Punch,1,,,One-Two Punch+Shot Swap,664109750
1718,Goldtusk,fallback,Sword,Arc,0,0,0,1,0,Assassin's Blade,Harmony,1,,,Assassin's Blade+Harmony,3371413057
1719,Geodetic HSm,fallback,Sword,Void,0,0,0,0,1,Repulsor Brace,En Garde,1,,,En Garde+Repulsor Brace,3637669759
1720,Gallu RR3,fallback,Sniper Rifle,Arc,0,0,0,0,1,Overflow,Turnabout,1,,,Overflow+Turnabout,617501162
1721,Friction Fire,fallback,Submachine Gun,Kinetic,0,0,0,0,1,Subsistence,Slideways,1,,,Slideways+Subsistence,1513993763
1722,Forge's Pledge,fallback,Pulse Rifle,Solar,0,0,0,0,1,Surplus,Iron Grip,1,,,Iron Grip+Surplus,1076810832
1723,Forensic Nightmare,fallback,Submachine Gun,Stasis,0,0,0,1,0,Under Pressure,Sword Logic,1,,,Sword Logic+Under Pressure,1526296434
1724,Fixed Odds,fallback,Machine Gun,Solar,0,0,0,1,0,Under Pressure,Killing Tally,1,,,Killing Tally+Under Pressure,2194955522
1725,Firefright,fallback,Auto Rifle,Kinetic,0,0,0,1,0,Hip-Fire Grip,Mulligan,1,,,Hip-Fire Grip+Mulligan,2778013407
1726,Fire and Forget,fallback,Linear Fusion Rifle,Stasis,0,0,0,1,0,Rangefinder,Chill Clip,1,,,Chill Clip+Rangefinder,2272041093
1727,Fioritura-59,fallback,Sidearm,Void,0,0,0,0,1,Hip-Fire Grip,Repulsor Brace,1,,,Hip-Fire Grip+Repulsor Brace,2566006935
1728,Fel Taradiddle,fallback,Combat Bow,Kinetic,0,0,0,1,0,To the Pain,Thresh,1,,,Thresh+To the Pain,1399109800
1729,Father's Sins,fallback,Sniper Rifle,Void,0,0,0,1,0,Triple Tap,Withering Gaze,1,,,Triple Tap+Withering Gaze,3865728990
1730,Farewell,fallback,Sidearm,Kinetic,0,0,0,0,1,Full Auto Trigger System,Unrelenting,1,,,Full Auto Trigger System+Unrelenting,541188001
1731,False Promises,fallback,Auto Rifle,Stasis,0,0,0,0,1,Surplus,Zen Moment,1,,,Surplus+Zen Moment,1390080550
1732,Faith-Keeper,fallback,Rocket Launcher,Void,0,0,0,1,1,Strategist,Lasting Impression,1,,,Lasting Impression+Strategist,4195186942
1733,Exuviae,fallback,Hand Cannon,Stasis,0,0,0,0,1,Stats for All,Redirection,1,,,Redirection+Stats for All,2823644677
1734,Enyo-D,fallback,Submachine Gun,Kinetic,0,0,0,0,1,Well-Rounded,Sympathetic Arsenal,1,,,Sympathetic Arsenal+Well-Rounded,1601177201
1735,Enigma's Draw,fallback,Sidearm,Kinetic,0,0,0,0,1,Grave Robber,Rapid Hit,1,,,Grave Robber+Rapid Hit,1723380073
1736,Empirical Evidence,fallback,Sidearm,Kinetic,0,0,0,1,0,Pulse Monitor,Kinetic Tremors,1,,,Kinetic Tremors+Pulse Monitor,2607304614
1737,Doomed Petitioner,fallback,Linear Fusion Rifle,Void,0,0,0,1,0,Threat Detector,Loose Change,1,,,Loose Change+Threat Detector,1501688142
1738,Distant Tumulus,fallback,Sniper Rifle,Solar,0,0,0,0,1,Pulse Monitor,Outlaw,1,,,Outlaw+Pulse Monitor,2807687156
1739,Disparity,fallback,Pulse Rifle,Stasis,0,0,0,1,0,No Distractions,Headseeker,1,,,Headseeker+No Distractions,1751893422
1740,Dire Promise,fallback,Hand Cannon,Kinetic,0,0,0,0,1,Snapshot Sights,Osmosis,1,,,Osmosis+Snapshot Sights,2742838701
1741,Death's Razor,fallback,Sword,Void,0,0,0,1,0,Counterattack,Whirlwind Blade,1,,,Counterattack+Whirlwind Blade,3371413056
1742,Deafening Whisper,fallback,Grenade Launcher,Void,0,0,0,0,1,Surplus,Auto-Loading Holster,1,,,Auto-Loading Holster+Surplus,981718087
1743,Deadpan Delivery,fallback,Shotgun,Arc,0,0,0,0,1,Surplus,Barrel Constrictor,1,,,Barrel Constrictor+Surplus,1296429091
1744,Dark Decider,fallback,Auto Rifle,Arc,0,0,0,0,1,Iron Grip,Voltshot,1,,,Iron Grip+Voltshot,540880995
1745,Crux Termination IV,fallback,Rocket Launcher,Arc,0,0,0,0,1,Slideshot,Tracking Module,1,,,Slideshot+Tracking Module,1719687748
1746,Cruoris FR4,fallback,Fusion Rifle,Arc,0,0,0,0,1,Stats for All,Kickstart,1,,,Kickstart+Stats for All,891996636
1747,Corrasion,fallback,Pulse Rifle,Arc,0,0,0,1,1,High-Impact Reserves,Swashbuckler,1,,,High-Impact Reserves+Swashbuckler,2126178511
1748,Coronach-22,fallback,Auto Rifle,Solar,0,0,0,0,1,Zen Moment,Under-Over,1,,,Under-Over+Zen Moment,355382946
1749,Controlling Vision,fallback,Sidearm,Kinetic,0,0,0,0,1,Surplus,Offhand Strike,1,,,Offhand Strike+Surplus,423343404
1750,Commemoration,fallback,Machine Gun,Void,0,0,0,1,0,Zen Moment,Killing Tally,1,,,Killing Tally+Zen Moment,4230965989
1751,Come to Pass,fallback,Auto Rifle,Arc,0,0,0,1,0,Triple Tap,Rolling Storm,1,,,Rolling Storm+Triple Tap,927567426
1752,Combined Action,fallback,Hand Cannon,Arc,0,0,0,0,1,Zen Moment,Timed Payload,1,,,Timed Payload+Zen Moment,1331824604
1753,Code Duello,fallback,Rocket Launcher,Solar,0,0,0,0,1,Surplus,Cluster Bomb,1,,,Cluster Bomb+Surplus,2496242052
1754,Chronophage,fallback,Trace Rifle,Void,0,0,0,1,1,Shoot to Loot,Fragile Focus,1,,,Fragile Focus+Shoot to Loot,1886840007
1755,Chattering Bone,fallback,Pulse Rifle,Kinetic,0,0,0,1,0,Under Pressure,Bewildering Burst,1,,,Bewildering Burst+Under Pressure,501329015
1756,Cantata-57,fallback,Hand Cannon,Arc,0,0,0,0,1,Rapid Hit,Timed Payload,1,,,Rapid Hit+Timed Payload,372697604
1757,CALUS Mini-Tool,fallback,Submachine Gun,Solar,0,0,0,1,0,Slideways,Feeding Frenzy,1,,,Feeding Frenzy+Slideways,2490988246
1758,Bump in the Night,fallback,Rocket Launcher,Stasis,0,0,0,1,0,Tracking Module,Unrelenting,1,,,Tracking Module+Unrelenting,1959650777
1759,Brya's Love,fallback,Scout Rifle,Void,0,0,0,1,0,No Distractions,Pugilist,1,,,No Distractions+Pugilist,2779821308
1760,Boudica-C,fallback,Sidearm,Kinetic,0,0,0,0,1,Stats for All,Osmosis,1,,,Osmosis+Stats for All,1916287826
1761,Boondoggle Mk. 55,fallback,Submachine Gun,Kinetic,0,0,0,0,1,To the Pain,Killing Wind,1,,,Killing Wind+To the Pain,32287609
1762,Blood Feud,fallback,Submachine Gun,Stasis,0,0,0,1,0,Triple Tap,Well-Rounded,1,,,Triple Tap+Well-Rounded,1509167284
1763,Bitter/Sweet,fallback,Grenade Launcher,Arc,0,0,0,0,1,Reverberation,Killing Tally,1,,,Killing Tally+Reverberation,2599338625
1764,Berenger's Memory,fallback,Grenade Launcher,Void,0,0,0,0,1,Quickdraw,Shield Disorient,1,,,Quickdraw+Shield Disorient,407621213
1765,Bequest,fallback,Sword,Arc,0,0,0,1,0,Wellspring,Flash Counter,1,,,Flash Counter+Wellspring,3366545721
1766,Beloved,fallback,Sniper Rifle,Solar,0,0,0,1,0,Snapshot Sights,Turnabout,1,,,Snapshot Sights+Turnabout,3107853529
1767,Battle Scar,fallback,Pulse Rifle,Kinetic,0,0,0,0,1,Shot Swap,Kinetic Tremors,1,,,Kinetic Tremors+Shot Swap,2099894368
1768,Austringer,fallback,Hand Cannon,Kinetic,0,0,0,1,0,Eye of the Storm,Rampage,1,,,Eye of the Storm+Rampage,3055790362
1769,Arsenic Bite-4b,fallback,Combat Bow,Arc,0,0,0,0,1,Sneak Bow,Archer's Tempo,1,,,Archer's Tempo+Sneak Bow,720351795
1770,Appetence,fallback,Trace Rifle,Stasis,0,0,0,1,0,Slideways,Attrition Orbs,1,,,Attrition Orbs+Slideways,4153087276
1771,Apex Predator,fallback,Rocket Launcher,Solar,0,0,0,1,0,Tracking Module,Surrounded,1,,,Surrounded+Tracking Module,1851777734
1772,Annual Skate,fallback,Hand Cannon,Solar,0,0,0,0,1,Triple Tap,Multikill Clip,1,,,Multikill Clip+Triple Tap,6857689
1773,Ancient Gospel,fallback,Hand Cannon,Void,0,0,0,1,0,Repulsor Brace,To the Pain,1,,,Repulsor Brace+To the Pain,963574173
1774,Age-Old Bond,fallback,Auto Rifle,Void,0,0,0,1,0,Tap the Trigger,Harmony,1,,,Harmony+Tap the Trigger,424291879
1775,Adverse Possession IX,fallback,Scout Rifle,Arc,0,0,0,0,1,Threat Detector,Keep Away,1,,,Keep Away+Threat Detector,1890332078
1776,Adhortative,fallback,Pulse Rifle,Solar,0,0,0,1,0,Loose Change,Disruption Break,1,,,Disruption Break+Loose Change,2993554824
1777,Accrued Redemption,fallback,Combat Bow,Kinetic,0,0,0,1,0,Wellspring,Precision Instrument,1,,,Precision Instrument+Wellspring,3621336854
1778,Until Its Return,fallback,Shotgun,Strand,0,0,0,1,0,Well-Rounded,Collective Action,1,,,Collective Action+Well-Rounded,2883484461
1779,Threaded Needle,fallback,Linear Fusion Rifle,Void,0,0,0,0,1,Clown Cartridge,Multikill Clip,1,,,Clown Cartridge+Multikill Clip,3075224551
1780,The Number,fallback,Auto Rifle,Arc,0,0,0,0,1,Under Pressure,Sympathetic Arsenal,1,,,Sympathetic Arsenal+Under Pressure,2492081469
1781,Sweet Sorrow,fallback,Auto Rifle,Arc,0,0,0,1,0,Triple Tap,Turnabout,1,,,Triple Tap+Turnabout,1248372789
1782,Stochastic Variable,fallback,Submachine Gun,Arc,0,0,0,0,1,Zen Moment,Wellspring,1,,,Wellspring+Zen Moment,2272470786
1783,Staccato-46,fallback,Scout Rifle,Solar,0,0,0,0,1,Well-Rounded,Explosive Payload,1,,,Explosive Payload+Well-Rounded,4019668921
1784,Retrofit Escapade,fallback,Machine Gun,Void,0,0,0,1,0,Turnabout,Rampage,1,,,Rampage+Turnabout,3103325054
1785,Quickfang,fallback,Sword,Void,0,0,0,0,1,Thresh,Flash Counter,1,,,Flash Counter+Thresh,2782325300
1786,Piece of Mind,fallback,Pulse Rifle,Kinetic,0,0,0,1,0,Overflow,Moving Target,1,,,Moving Target+Overflow,2097055732
1787,Perses-D,fallback,Scout Rifle,Stasis,0,0,0,0,1,Stats for All,Explosive Payload,1,,,Explosive Payload+Stats for All,1019000888
1788,Perpetualis,fallback,Auto Rifle,Strand,0,0,0,1,0,Zen Moment,Offhand Strike,1,,,Offhand Strike+Zen Moment,392008588
1789,Old Sterling,fallback,Auto Rifle,Strand,0,0,0,0,1,Hip-Fire Grip,Hatchling,1,,,Hatchling+Hip-Fire Grip,3678653083
1790,Nature of the Beast,fallback,Hand Cannon,Arc,0,0,0,0,1,Snapshot Sights,Dragonfly,1,,,Dragonfly+Snapshot Sights,1835747805
1791,Nature Reclaimed,fallback,Scout Rifle,Solar,0,0,0,0,1,Killing Wind,Box Breathing,1,,,Box Breathing+Killing Wind,2639921391
1792,Lost Signal,fallback,Grenade Launcher,Stasis,0,0,0,1,1,Strategist,Wellspring,1,,,Strategist+Wellspring,1197771438
1793,Krait,fallback,Auto Rifle,Stasis,0,0,0,0,1,Overflow,Adagio,1,,,Adagio+Overflow,2852052802
1794,Just in Case,fallback,Sword,Solar,0,0,0,0,1,Wellspring,Thresh,1,,,Thresh+Wellspring,1139727256
1795,Irukandji,fallback,Sniper Rifle,Stasis,0,0,0,0,1,Under Pressure,Headstone,1,,,Headstone+Under Pressure,2673925403
1796,Interference VI,fallback,Grenade Launcher,Arc,0,0,0,0,1,Clown Cartridge,Swashbuckler,1,,,Clown Cartridge+Swashbuckler,2257180473
1797,Funnelweb,fallback,Submachine Gun,Void,0,0,0,0,1,Pulse Monitor,Rangefinder,1,,,Pulse Monitor+Rangefinder,3341893443
1798,Fugue-55,fallback,Sniper Rifle,Void,0,0,0,0,1,Lead from Gold,Box Breathing,1,,,Box Breathing+Lead from Gold,2233545123
1799,Eternity's Edge,fallback,Sword,Solar,0,0,0,0,1,Energy Transfer,Flash Counter,1,,,Energy Transfer+Flash Counter,2782325301
1800,Escape Velocity,fallback,Submachine Gun,Kinetic,0,0,0,0,1,Overflow,Osmosis,1,,,Osmosis+Overflow,1786797708
1801,Corsair's Wrath,fallback,Linear Fusion Rifle,Solar,0,0,0,0,1,Outlaw,Quickdraw,1,,,Outlaw+Quickdraw,2714022207
1802,Caretaker,fallback,Sword,Solar,0,0,0,1,0,Tireless Blade,Incandescent,1,,,Incandescent+Tireless Blade,2508948099
1803,Brigand's Law,fallback,Sidearm,Arc,0,0,0,1,1,Threat Detector,Sympathetic Arsenal,1,,,Sympathetic Arsenal+Threat Detector,1298815317
1804,Blast Battue,fallback,Grenade Launcher,Arc,0,0,0,0,1,Clown Cartridge,Disruption Break,1,,,Clown Cartridge+Disruption Break,2453357042
1805,Zealot's Reward,fallback,Fusion Rifle,Void,0,0,0,1,0,Subsistence,Kickstart,1,,,Kickstart+Subsistence,2720651699
1806,Wolftone Draw,fallback,Combat Bow,Arc,0,0,0,0,1,Sneak Bow,Demolitionist,1,,,Demolitionist+Sneak Bow,3472875143
1807,Without Remorse,fallback,Shotgun,Solar,0,0,0,1,0,Stats for All,One-Two Punch,1,,,One-Two Punch+Stats for All,1478986057
1808,Whispering Slab,fallback,Combat Bow,Kinetic,0,0,0,0,1,Archer's Tempo,High Ground,1,,,Archer's Tempo+High Ground,690341468
1809,Warlord's Spear,fallback,Trace Rifle,Arc,0,0,0,0,1,Loose Change,Detonator Beam,1,,,Detonator Beam+Loose Change,1968711238
1810,Veleda-F,fallback,Sniper Rifle,Void,0,0,0,0,1,Slickdraw,Withering Gaze,1,,,Slickdraw+Withering Gaze,4200122994
1811,Vantage Point,fallback,Pulse Rifle,Arc,0,0,0,0,1,Deconstruct,Swashbuckler,1,,,Deconstruct+Swashbuckler,3830941962
1812,Under Your Skin,fallback,Combat Bow,Void,0,0,0,1,0,Tunnel Vision,Successful Warm-Up,1,,,Successful Warm-Up+Tunnel Vision,232928045
1813,Tyranny of Heaven,fallback,Combat Bow,Solar,0,0,0,1,0,Successful Warm-Up,Incandescent,1,,,Incandescent+Successful Warm-Up,3388655311
1814,Typhon GL5,fallback,Grenade Launcher,Stasis,0,0,0,0,1,Genesis,Chill Clip,1,,,Chill Clip+Genesis,3568377122
1815,Trustee,fallback,Scout Rifle,Solar,0,0,0,1,0,Under Pressure,Redirection,1,,,Redirection+Under Pressure,1392919471
1816,Tripwire Canary,fallback,Combat Bow,Arc,0,0,0,1,0,Sneak Bow,Empty Traits Socket,1,,,Empty Traits Socket+Sneak Bow,3849444474
1817,Transfiguration,fallback,Scout Rifle,Kinetic,0,0,0,1,0,Rampage,Collective Action,1,,,Collective Action+Rampage,3885259140
1818,Throne-Cleaver,fallback,Sword,Solar,0,0,0,1,0,Thresh,Incandescent,1,,,Incandescent+Thresh,3371413059
1819,The Vision,fallback,Sidearm,Arc,0,0,0,0,1,Full Auto Trigger System,One for All,1,,,Full Auto Trigger System+One for All,2414141462
1820,The Supremacy,fallback,Sniper Rifle,Kinetic,0,0,0,1,0,Rapid Hit,Fourth Time's the Charm,1,,,Fourth Time's the Charm+Rapid Hit,2884596447
1821,The Showrunner,fallback,Submachine Gun,Kinetic,0,0,0,0,1,Overflow,Kinetic Tremors,1,,,Kinetic Tremors+Overflow,1999754402
1822,The Guiding Sight,fallback,Scout Rifle,Strand,0,0,0,0,1,Gutshot Straight,Precision Instrument,1,,,Gutshot Straight+Precision Instrument,1161561386
1823,The Eremite,fallback,Fusion Rifle,Solar,0,0,0,1,1,Pulse Monitor,Reservoir Burst,1,,,Pulse Monitor+Reservoir Burst,3347946548
1824,The Epicurean,fallback,Fusion Rifle,Void,0,0,0,1,0,Snapshot Sights,Cornered,1,,,Cornered+Snapshot Sights,2263839058
1825,The Enigma,fallback,Glaive,Void,0,0,0,1,0,Tilting at Windmills,Rampage,1,,,Rampage+Tilting at Windmills,2595497736
1826,The Domino,fallback,Sniper Rifle,Solar,0,0,0,0,1,Slideways,Mulligan,1,,,Mulligan+Slideways,2800870005
1827,Techeun Force,fallback,Fusion Rifle,Arc,0,0,0,1,0,Slideways,Aggregate Charge,1,,,Aggregate Charge+Slideways,3591141932
1828,Tears of Contrition,fallback,Scout Rifle,Kinetic,0,0,0,1,0,Triple Tap,Mulligan,1,,,Mulligan+Triple Tap,1366394399
1829,Tarnation,fallback,Grenade Launcher,Arc,0,0,0,1,0,Ensemble,Bait and Switch,1,,,Bait and Switch+Ensemble,2721157927
1830,Targeted Redaction,fallback,Hand Cannon,Void,0,0,0,1,1,Well-Rounded,Destabilizing Rounds,1,,,Destabilizing Rounds+Well-Rounded,3890055324
1831,Tarantula,fallback,Linear Fusion Rifle,Arc,0,0,0,0,1,Genesis,Kill Clip,1,,,Genesis+Kill Clip,3335343363
1832,Swarm of the Raven,fallback,Grenade Launcher,Void,0,0,0,0,1,Slickdraw,Full Court,1,,,Full Court+Slickdraw,433905699
1833,Suspectum-4fr,fallback,Linear Fusion Rifle,Stasis,0,0,0,0,1,Headstone,Firing Line,1,,,Firing Line+Headstone,3615421669
1834,Supercluster,fallback,Shotgun,Strand,0,0,0,1,0,Slideshot,Attrition Orbs,1,,,Attrition Orbs+Slideshot,92459755
1835,Succession,fallback,Sniper Rifle,Kinetic,0,0,0,1,0,Stopping Power,Snapshot Sights,1,,,Snapshot Sights+Stopping Power,2990047042
1836,Subjunctive,fallback,Submachine Gun,Arc,0,0,0,1,0,Threat Detector,Permeability,1,,,Permeability+Threat Detector,1447836603
1837,Speleologist,fallback,Machine Gun,Solar,0,0,0,1,0,Heal Clip,Strategist,1,,,Heal Clip+Strategist,412251536
1838,Sovereignty,fallback,Sniper Rifle,Void,0,0,0,0,1,No Distractions,Desperate Measures,1,,,Desperate Measures+No Distractions,3818198556
1839,Sojourner's Tale,fallback,Shotgun,Solar,0,0,0,0,1,Heal Clip,Air Trigger,1,,,Air Trigger+Heal Clip,2130875369
1840,Snorri FR5,fallback,Fusion Rifle,Void,0,0,0,0,1,Steady Hands,Reservoir Burst,1,,,Reservoir Burst+Steady Hands,4114929480
1841,Shattered Cipher,fallback,Machine Gun,Void,0,0,0,0,1,Heating Up,Zen Moment,1,,,Heating Up+Zen Moment,2434225986
1842,Scatter Signal,fallback,Fusion Rifle,Strand,0,0,0,1,0,Surplus,Controlled Burst,1,,,Controlled Burst+Surplus,2558925366
1843,Scalar Potential,fallback,Pulse Rifle,Arc,0,0,0,1,0,Permeability,Focused Fury,1,,,Focused Fury+Permeability,2563668388
1844,Sailspy Pitchglass,fallback,Linear Fusion Rifle,Arc,0,0,0,1,1,Outlaw,Heating Up,1,,,Heating Up+Outlaw,1184309824
1845,Sacred Provenance,fallback,Pulse Rifle,Kinetic,0,0,0,1,0,Stopping Power,Desperate Measures,1,,,Desperate Measures+Stopping Power,2241507890
1846,Royal Executioner,fallback,Fusion Rifle,Solar,0,0,0,1,0,Envious Assassin,Successful Warm-Up,1,,,Envious Assassin+Successful Warm-Up,1720503118
1847,Royal Chase,fallback,Scout Rifle,Void,0,0,0,0,1,No Distractions,Threat Detector,1,,,No Distractions+Threat Detector,2776503072
1848,Ros Arago IV,fallback,Auto Rifle,Void,0,0,0,0,1,Rewind Rounds,Under-Over,1,,,Rewind Rounds+Under-Over,3583275737
1849,Regnant,fallback,Grenade Launcher,Void,0,0,0,1,0,Repulsor Brace,Cascade Point,1,,,Cascade Point+Repulsor Brace,268260372
1850,Red Herring,fallback,Rocket Launcher,Void,0,0,0,1,0,Reconstruction,Turnabout,1,,,Reconstruction+Turnabout,3175851496
1851,Recurrent Impact,fallback,Machine Gun,Stasis,0,0,0,1,0,Genesis,Headstone,1,,,Genesis+Headstone,1572896086
1852,Reckless Oracle,fallback,Auto Rifle,Void,0,0,0,1,0,Tap the Trigger,One for All,1,,,One for All+Tap the Trigger,1992309064
1853,Raconteur,fallback,Combat Bow,Stasis,0,0,0,1,0,Archer's Tempo,Pugilist,1,,,Archer's Tempo+Pugilist,45643573
1854,Qua Furor V,fallback,Machine Gun,Stasis,0,0,0,0,1,Recycled Energy,Golden Tricorn Enhanced,1,,,Golden Tricorn Enhanced+Recycled Energy,751880654
1855,Psi Hermetic V,fallback,Pulse Rifle,Stasis,0,0,0,0,1,Heating Up,Perpetual Motion,1,,,Heating Up+Perpetual Motion,358788212
1856,Prophet of Doom,fallback,Shotgun,Arc,0,0,0,1,0,Threat Detector,Jolting Feedback,1,,,Jolting Feedback+Threat Detector,2145441168
1857,Prodigal Return,fallback,Grenade Launcher,Arc,0,0,0,1,0,Thresh,Voltshot,1,,,Thresh+Voltshot,268260373
1858,Pro Memoria,fallback,Machine Gun,Strand,0,0,0,1,0,To the Pain,Bait and Switch,1,,,Bait and Switch+To the Pain,3605603507
1859,Posterity,fallback,Hand Cannon,Arc,0,0,0,1,0,Wellspring,Explosive Payload,1,,,Explosive Payload+Wellspring,3281285075
1860,Pleiades Corrector,fallback,Scout Rifle,Solar,0,0,0,0,1,Subsistence,Shield Disorient,1,,,Shield Disorient+Subsistence,3556999246
1861,Planck's Stride,fallback,Machine Gun,Arc,0,0,0,1,1,Mulligan,Thresh,1,,,Mulligan+Thresh,820890091
1862,Pizzicato-22,fallback,Submachine Gun,Kinetic,0,0,0,0,1,Mulligan,Multikill Clip,1,,,Mulligan+Multikill Clip,4100775158
1863,Persuader,fallback,Sniper Rifle,Void,0,0,0,0,1,Perfect Float,Triple Tap,1,,,Perfect Float+Triple Tap,781498181
1864,Path of Least Resistance,fallback,Trace Rifle,Arc,0,0,0,1,0,Adaptive Munitions,Gutshot Straight,1,,,Adaptive Munitions+Gutshot Straight,2827764482
1865,Optative,fallback,Hand Cannon,Void,0,0,0,1,0,Permeability,Wellspring,1,,,Permeability+Wellspring,2817683783
1866,Omniscient Eye,fallback,Sniper Rifle,Solar,0,0,0,1,0,Mulligan,Snapshot Sights,1,,,Mulligan+Snapshot Sights,147444292
1867,Noxious Vetiver,fallback,Submachine Gun,Arc,0,0,0,0,1,Thresh,Jolting Feedback,1,,,Jolting Feedback+Thresh,825495813
1868,Nezarec's Whisper,fallback,Glaive,Arc,0,0,0,1,0,Tilting at Windmills,Adrenaline Junkie,1,,,Adrenaline Junkie+Tilting at Windmills,254636484
1869,Neoptolemus II,fallback,Combat Bow,Kinetic,0,0,0,0,1,To the Pain,Tunnel Vision,1,,,To the Pain+Tunnel Vision,2848549302
1870,Negative Space,fallback,Sword,Solar,0,0,0,0,1,Relentless Strikes,Disruption Break,1,,,Disruption Break+Relentless Strikes,3629968765
1871,Nation of Beasts,fallback,Hand Cannon,Arc,0,0,0,1,0,Opening Shot,Rolling Storm,1,,,Opening Shot+Rolling Storm,70083888
1872,Martyr's Retribution,fallback,Grenade Launcher,Solar,0,0,0,0,1,Genesis,Rangefinder,1,,,Genesis+Rangefinder,3850168899
1873,Marsilion-C,fallback,Grenade Launcher,Solar,0,0,0,0,1,Snapshot Sights,Impulse Amplifier,1,,,Impulse Amplifier+Snapshot Sights,867154247
1874,Marcato-45,fallback,Machine Gun,Strand,0,0,0,0,1,Threat Detector,Under-Over,1,,,Threat Detector+Under-Over,4233375372
1875,Lodbrok-C,fallback,Auto Rifle,Kinetic,0,0,0,0,1,Osmosis,Tap the Trigger,1,,,Osmosis+Tap the Trigger,2328531378
1876,Line in the Sand,fallback,Linear Fusion Rifle,Arc,0,0,0,0,1,Threat Detector,Firing Line,1,,,Firing Line+Threat Detector,946443267
1877,Likely Suspect,fallback,Fusion Rifle,Void,0,0,0,1,0,Slideways,Successful Warm-Up,1,,,Slideways+Successful Warm-Up,1994645182
1878,Lethophobia,fallback,Combat Bow,Void,0,0,0,1,0,Successful Warm-Up,Disruption Break,1,,,Disruption Break+Successful Warm-Up,3710082365
1879,Legato-11,fallback,Shotgun,Solar,0,0,0,0,1,To the Pain,Cascade Point,1,,,Cascade Point+To the Pain,3753063346
1880,Judgment of Kelgorath,fallback,Glaive,Solar,0,0,0,1,0,Tilting at Windmills,Harmony,1,,,Harmony+Tilting at Windmills,2978226043
1881,Jian 7 Rifle,fallback,Pulse Rifle,Arc,0,0,0,0,1,Disruption Break,Swashbuckler,1,,,Disruption Break+Swashbuckler,1162247618
1882,Iota Draconis,fallback,Fusion Rifle,Solar,0,0,0,0,1,Heating Up,Kickstart,1,,,Heating Up+Kickstart,3044460004
1883,Imperial Needle,fallback,Combat Bow,Void,0,0,0,0,1,Sneak Bow,Sympathetic Arsenal,1,,,Sneak Bow+Sympathetic Arsenal,3460122497
1884,Imperative,fallback,Scout Rifle,Kinetic,0,0,0,1,0,Well-Rounded,Attrition Orbs,1,,,Attrition Orbs+Well-Rounded,2045811635
1885,Ignition Code,fallback,Grenade Launcher,Kinetic,0,0,0,0,1,Steady Hands,Reverberation,1,,,Reverberation+Steady Hands,2761869150
1886,IKELOS_SR_v1.0.3,fallback,Sniper Rifle,Solar,0,0,0,1,0,Overflow,Slickdraw,1,,,Overflow+Slickdraw,2302346155
1887,IKELOS_SG_v1.0.3,fallback,Shotgun,Solar,0,0,0,1,0,Turnabout,One-Two Punch,1,,,One-Two Punch+Turnabout,1168625549
1888,Hoosegow,fallback,Rocket Launcher,Arc,0,0,0,0,1,Tracking Module,Demolitionist,1,,,Demolitionist+Tracking Module,3669616453
1889,Honor's Edge,fallback,Sword,Arc,0,0,0,0,1,Relentless Strikes,Shattering Blade,1,,,Relentless Strikes+Shattering Blade,2857348871
1890,Hollow Words,fallback,Fusion Rifle,Arc,0,0,0,0,1,Slickdraw,Rolling Storm,1,,,Rolling Storm+Slickdraw,342027677
1891,Hollow Denial,fallback,Trace Rifle,Void,0,0,0,1,0,Lead from Gold,Repulsor Brace,1,,,Lead from Gold+Repulsor Brace,2323544076
1892,Heritage,fallback,Shotgun,Kinetic,0,0,0,1,0,Slideshot,Offhand Strike,1,,,Offhand Strike+Slideshot,4248569242
1893,Harsh Language,fallback,Grenade Launcher,Void,0,0,0,0,1,Envious Assassin,Repulsor Brace,1,,,Envious Assassin+Repulsor Brace,1606497639
1894,Hand in Hand,fallback,Shotgun,Arc,0,0,0,0,1,Fragile Focus,Trench Barrel,1,,,Fragile Focus+Trench Barrel,664109750
1895,Goldtusk,fallback,Sword,Arc,0,0,0,1,0,Assassin's Blade,Counterattack,1,,,Assassin's Blade+Counterattack,3371413057
1896,Friction Fire,fallback,Submachine Gun,Kinetic,0,0,0,0,1,Field Prep,Slideways,1,,,Field Prep+Slideways,1513993763
1897,Forge's Pledge,fallback,Pulse Rifle,Solar,0,0,0,0,1,Auto-Loading Holster,Iron Grip,1,,,Auto-Loading Holster+Iron Grip,1076810832
1898,Forensic Nightmare,fallback,Submachine Gun,Stasis,0,0,0,1,0,Slideways,Crystalline Corpsebloom,1,,,Crystalline Corpsebloom+Slideways,1526296434
1899,Fixed Odds,fallback,Machine Gun,Solar,0,0,0,1,0,Quickdraw,Killing Tally,1,,,Killing Tally+Quickdraw,2194955522
1900,Firefright,fallback,Auto Rifle,Kinetic,0,0,0,1,0,Fragile Focus,Mulligan,1,,,Fragile Focus+Mulligan,2778013407
1901,Fire and Forget,fallback,Linear Fusion Rifle,Stasis,0,0,0,1,0,Perfect Float,Chill Clip,1,,,Chill Clip+Perfect Float,2272041093
1902,Fel Taradiddle,fallback,Combat Bow,Kinetic,0,0,0,1,0,To the Pain,Successful Warm-Up,1,,,Successful Warm-Up+To the Pain,1399109800
1903,Father's Sins,fallback,Sniper Rifle,Void,0,0,0,1,0,Shoot to Loot,Bait and Switch,1,,,Bait and Switch+Shoot to Loot,3865728990
1904,Farewell,fallback,Sidearm,Kinetic,0,0,0,0,1,Full Auto Trigger System,Frenzy,1,,,Frenzy+Full Auto Trigger System,541188001
1905,Faith-Keeper,fallback,Rocket Launcher,Void,0,0,0,1,1,Strategist,Bipod,1,,,Bipod+Strategist,4195186942
1906,Exuviae,fallback,Hand Cannon,Stasis,0,0,0,0,1,Rimestealer,Redirection,1,,,Redirection+Rimestealer,2823644677
1907,Enyo-D,fallback,Submachine Gun,Kinetic,0,0,0,0,1,Tunnel Vision,Sympathetic Arsenal,1,,,Sympathetic Arsenal+Tunnel Vision,1601177201
1908,Enigma's Draw,fallback,Sidearm,Kinetic,0,0,0,0,1,Full Auto Trigger System,Rapid Hit,1,,,Full Auto Trigger System+Rapid Hit,1723380073
1909,Empirical Evidence,fallback,Sidearm,Kinetic,0,0,0,1,0,Lone Wolf,Unrelenting,1,,,Lone Wolf+Unrelenting,2607304614
1910,Doomed Petitioner,fallback,Linear Fusion Rifle,Void,0,0,0,1,0,Reconstruction,Loose Change,1,,,Loose Change+Reconstruction,1501688142
1911,Distant Tumulus,fallback,Sniper Rifle,Solar,0,0,0,0,1,Pulse Monitor,Firing Line,1,,,Firing Line+Pulse Monitor,2807687156
1912,Disparity,fallback,Pulse Rifle,Stasis,0,0,0,1,0,No Distractions,Desperado,1,,,Desperado+No Distractions,1751893422
1913,Dire Promise,fallback,Hand Cannon,Kinetic,0,0,0,0,1,Overflow,Under Pressure,1,,,Overflow+Under Pressure,2742838701
1914,Death's Razor,fallback,Sword,Void,0,0,0,1,0,Counterattack,Vorpal Weapon,1,,,Counterattack+Vorpal Weapon,3371413056
1915,Deafening Whisper,fallback,Grenade Launcher,Void,0,0,0,0,1,Pulse Monitor,Threat Detector,1,,,Pulse Monitor+Threat Detector,981718087
1916,Deadpan Delivery,fallback,Shotgun,Arc,0,0,0,0,1,Overflow,Barrel Constrictor,1,,,Barrel Constrictor+Overflow,1296429091
1917,Dark Decider,fallback,Auto Rifle,Arc,0,0,0,0,1,Iron Grip,Rangefinder,1,,,Iron Grip+Rangefinder,540880995
1918,Crux Termination IV,fallback,Rocket Launcher,Arc,0,0,0,0,1,Slideshot,Explosive Light,1,,,Explosive Light+Slideshot,1719687748
1919,Cruoris FR4,fallback,Fusion Rifle,Arc,0,0,0,0,1,Recycled Energy,Successful Warm-Up,1,,,Recycled Energy+Successful Warm-Up,891996636
1920,Corrasion,fallback,Pulse Rifle,Arc,0,0,0,1,1,High-Impact Reserves,One for All,1,,,High-Impact Reserves+One for All,2126178511
1921,Coronach-22,fallback,Auto Rifle,Solar,0,0,0,0,1,Feeding Frenzy,Under-Over,1,,,Feeding Frenzy+Under-Over,355382946
1922,Controlling Vision,fallback,Sidearm,Kinetic,0,0,0,0,1,Slideways,Under Pressure,1,,,Slideways+Under Pressure,423343404
1923,Commemoration,fallback,Machine Gun,Void,0,0,0,1,0,Zen Moment,Firing Line,1,,,Firing Line+Zen Moment,4230965989
1924,Come to Pass,fallback,Auto Rifle,Arc,0,0,0,1,0,Triple Tap,Jolting Feedback,1,,,Jolting Feedback+Triple Tap,927567426
1925,Combined Action,fallback,Hand Cannon,Arc,0,0,0,0,1,Tunnel Vision,Air Assault,1,,,Air Assault+Tunnel Vision,1331824604
1926,Code Duello,fallback,Rocket Launcher,Solar,0,0,0,0,1,Surplus,Ambitious Assassin,1,,,Ambitious Assassin+Surplus,2496242052
1927,Chronophage,fallback,Trace Rifle,Void,0,0,0,1,1,Feeding Frenzy,Fragile Focus,1,,,Feeding Frenzy+Fragile Focus,1886840007
1928,Chattering Bone,fallback,Pulse Rifle,Kinetic,0,0,0,1,0,Stopping Power,Lone Wolf,1,,,Lone Wolf+Stopping Power,501329015
1929,Cantata-57,fallback,Hand Cannon,Arc,0,0,0,0,1,Heating Up,Timed Payload,1,,,Heating Up+Timed Payload,372697604
1930,CALUS Mini-Tool,fallback,Submachine Gun,Solar,0,0,0,1,0,Air Assault,Tap the Trigger,1,,,Air Assault+Tap the Trigger,2490988246
1931,Bump in the Night,fallback,Rocket Launcher,Stasis,0,0,0,1,0,Tracking Module,Chill Clip,1,,,Chill Clip+Tracking Module,1959650777
1932,Brya's Love,fallback,Scout Rifle,Void,0,0,0,1,0,Loose Change,Explosive Payload,1,,,Explosive Payload+Loose Change,2779821308
1933,Boondoggle Mk. 55,fallback,Submachine Gun,Kinetic,0,0,0,0,1,Closing Time,Tap the Trigger,1,,,Closing Time+Tap the Trigger,32287609
1934,Blood Feud,fallback,Submachine Gun,Stasis,0,0,0,1,0,Grave Robber,Well-Rounded,1,,,Grave Robber+Well-Rounded,1509167284
1935,Bitter/Sweet,fallback,Grenade Launcher,Arc,0,0,0,0,1,Reverberation,Harmony,1,,,Harmony+Reverberation,2599338625
1936,Berenger's Memory,fallback,Grenade Launcher,Void,0,0,0,0,1,Pulse Monitor,Shield Disorient,1,,,Pulse Monitor+Shield Disorient,407621213
1937,Bequest,fallback,Sword,Arc,0,0,0,1,0,Unrelenting,Flash Counter,1,,,Flash Counter+Unrelenting,3366545721
1938,Beloved,fallback,Sniper Rifle,Solar,0,0,0,1,0,Fourth Time's the Charm,Quickdraw,1,,,Fourth Time's the Charm+Quickdraw,3107853529
1939,Battle Scar,fallback,Pulse Rifle,Kinetic,0,0,0,0,1,Shot Swap,High-Impact Reserves,1,,,High-Impact Reserves+Shot Swap,2099894368
1940,Austringer,fallback,Hand Cannon,Kinetic,0,0,0,1,0,Compulsive Reloader,Zen Moment,1,,,Compulsive Reloader+Zen Moment,3055790362
1941,Arsenic Bite-4b,fallback,Combat Bow,Arc,0,0,0,0,1,Snapshot Sights,Sneak Bow,1,,,Snapshot Sights+Sneak Bow,720351795
1942,Appetence,fallback,Trace Rifle,Stasis,0,0,0,1,0,Clown Cartridge,Killing Tally,1,,,Clown Cartridge+Killing Tally,4153087276
1943,Apex Predator,fallback,Rocket Launcher,Solar,0,0,0,1,0,Tracking Module,Collective Action,1,,,Collective Action+Tracking Module,1851777734
1944,Annual Skate,fallback,Hand Cannon,Solar,0,0,0,0,1,Surplus,Timed Payload,1,,,Surplus+Timed Payload,6857689
1945,Ancient Gospel,fallback,Hand Cannon,Void,0,0,0,1,0,Rampage,Swashbuckler,1,,,Rampage+Swashbuckler,963574173
1946,Age-Old Bond,fallback,Auto Rifle,Void,0,0,0,1,0,Tap the Trigger,Focused Fury,1,,,Focused Fury+Tap the Trigger,424291879
1947,Adverse Possession IX,fallback,Scout Rifle,Arc,0,0,0,0,1,Threat Detector,Heating Up,1,,,Heating Up+Threat Detector,1890332078
1948,Adhortative,fallback,Pulse Rifle,Solar,0,0,0,1,0,Heal Clip,Deconstruct,1,,,Deconstruct+Heal Clip,2993554824
1949,Accrued Redemption,fallback,Combat Bow,Kinetic,0,0,0,1,0,Wellspring,Kinetic Tremors,1,,,Kinetic Tremors+Wellspring,3621336854
1950,Until Its Return,fallback,Shotgun,Strand,0,0,0,1,0,Offhand Strike,Trench Barrel,1,,,Offhand Strike+Trench Barrel,2883484461
1951,Thoughtless,fallback,Sniper Rifle,Stasis,0,0,0,1,0,Firmly Planted,Adagio,1,,,Adagio+Firmly Planted,4067556514
1952,The Number,fallback,Auto Rifle,Arc,0,0,0,0,1,Pulse Monitor,Sympathetic Arsenal,1,,,Pulse Monitor+Sympathetic Arsenal,2492081469
1953,Sweet Sorrow,fallback,Auto Rifle,Arc,0,0,0,1,0,Pulse Monitor,Empty Traits Socket,1,,,Empty Traits Socket+Pulse Monitor,1248372789
1954,Staccato-46,fallback,Scout Rifle,Solar,0,0,0,0,1,Compulsive Reloader,Incandescent,1,,,Compulsive Reloader+Incandescent,4019668921
1955,Senuna SI6,fallback,Sidearm,Stasis,0,0,0,0,1,Slickdraw,Headseeker,1,,,Headseeker+Slickdraw,5159537
1956,Retrofit Escapade,fallback,Machine Gun,Void,0,0,0,1,0,Empty Traits Socket,Rampage,1,,,Empty Traits Socket+Rampage,3103325054
1957,Razor's Edge,fallback,Sword,Void,0,0,0,0,1,Tireless Blade,Thresh,1,,,Thresh+Tireless Blade,1796949035
1958,Piece of Mind,fallback,Pulse Rifle,Kinetic,0,0,0,1,0,Overflow,Elemental Capacitor,1,,,Elemental Capacitor+Overflow,2097055732
1959,Perses-D,fallback,Scout Rifle,Stasis,0,0,0,0,1,Perpetual Motion,Explosive Payload,1,,,Explosive Payload+Perpetual Motion,1019000888
1960,Perpetualis,fallback,Auto Rifle,Strand,0,0,0,1,0,Hip-Fire Grip,Cascade Point,1,,,Cascade Point+Hip-Fire Grip,392008588
1961,Memory Interdict,fallback,Grenade Launcher,Void,0,0,0,0,1,Clown Cartridge,Danger Zone,1,,,Clown Cartridge+Danger Zone,3165547384
1962,Lost Signal,fallback,Grenade Launcher,Stasis,0,0,0,1,1,Strategist,Unrelenting,1,,,Strategist+Unrelenting,1197771438
1963,Just in Case,fallback,Sword,Solar,0,0,0,0,1,Relentless Strikes,Thresh,1,,,Relentless Strikes+Thresh,1139727256
1964,Irukandji,fallback,Sniper Rifle,Stasis,0,0,0,0,1,Fourth Time's the Charm,Firing Line,1,,,Firing Line+Fourth Time's the Charm,2673925403
1965,IKELOS_HC_v1.0.3,fallback,Hand Cannon,Void,0,0,0,1,0,Rapid Hit,Repulsor Brace,1,,,Rapid Hit+Repulsor Brace,1731355324
1966,Fioritura-59,fallback,Sidearm,Void,0,0,0,0,1,Tunnel Vision,Offhand Strike,1,,,Offhand Strike+Tunnel Vision,2566006935
1967,False Promises,fallback,Auto Rifle,Stasis,0,0,0,0,1,Loose Change,Rampage,1,,,Loose Change+Rampage,1390080550
1968,Caretaker,fallback,Sword,Solar,0,0,0,1,0,Relentless Strikes,Incandescent,1,,,Incandescent+Relentless Strikes,2508948099
1969,Brigand's Law,fallback,Sidearm,Arc,0,0,0,1,1,Steady Hands,Sympathetic Arsenal,1,,,Steady Hands+Sympathetic Arsenal,1298815317
1970,Boudica-C,fallback,Sidearm,Kinetic,0,0,0,0,1,Slickdraw,Multikill Clip,1,,,Multikill Clip+Slickdraw,1916287826
1971,Zealot's Reward,fallback,Fusion Rifle,Void,0,0,0,1,0,Subsistence,Dimensional Shift,1,,,Dimensional Shift+Subsistence,2720651699
1972,Wolftone Draw,fallback,Combat Bow,Arc,0,0,0,0,1,Sneak Bow,Adagio,1,,,Adagio+Sneak Bow,3472875143
1973,Without Remorse,fallback,Shotgun,Solar,0,0,0,1,0,Stats for All,Fragile Focus,1,,,Fragile Focus+Stats for All,1478986057
1974,Warlord's Spear,fallback,Trace Rifle,Arc,0,0,0,0,1,Hip-Fire Grip,Fourth Time's the Charm,1,,,Fourth Time's the Charm+Hip-Fire Grip,1968711238
1975,Veleda-F,fallback,Sniper Rifle,Void,0,0,0,0,1,Repulsor Brace,Firing Line,1,,,Firing Line+Repulsor Brace,4200122994
1976,Vantage Point,fallback,Pulse Rifle,Arc,0,0,0,0,1,Deconstruct,High-Impact Reserves,1,,,Deconstruct+High-Impact Reserves,3830941962
1977,Under Your Skin,fallback,Combat Bow,Void,0,0,0,1,0,Hip-Fire Grip,Adaptive Munitions,1,,,Adaptive Munitions+Hip-Fire Grip,232928045
1978,Tyranny of Heaven,fallback,Combat Bow,Solar,0,0,0,1,0,Pugilist,Archer's Gambit,1,,,Archer's Gambit+Pugilist,3388655311
1979,Trustee,fallback,Scout Rifle,Solar,0,0,0,1,0,Under Pressure,Meganeura,1,,,Meganeura+Under Pressure,1392919471
1980,Tripwire Canary,fallback,Combat Bow,Arc,0,0,0,1,0,Dragonfly,Under-Over,1,,,Dragonfly+Under-Over,3849444474
1981,Transfiguration,fallback,Scout Rifle,Kinetic,0,0,0,1,0,Rampage,Adrenaline Junkie,1,,,Adrenaline Junkie+Rampage,3885259140
1982,Throne-Cleaver,fallback,Sword,Solar,0,0,0,1,0,Flash Counter,Pugilist,1,,,Flash Counter+Pugilist,3371413059
1983,The Vision,fallback,Sidearm,Arc,0,0,0,0,1,Full Auto Trigger System,Disruption Break,1,,,Disruption Break+Full Auto Trigger System,2414141462
1984,The Supremacy,fallback,Sniper Rifle,Kinetic,0,0,0,1,0,Lucky Shot,Fourth Time's the Charm,1,,,Fourth Time's the Charm+Lucky Shot,2884596447
1985,The Showrunner,fallback,Submachine Gun,Kinetic,0,0,0,0,1,Overflow,Fragile Focus,1,,,Fragile Focus+Overflow,1999754402
1986,The Guiding Sight,fallback,Scout Rifle,Strand,0,0,0,0,1,Gutshot Straight,Encore,1,,,Encore+Gutshot Straight,1161561386
1987,The Eremite,fallback,Fusion Rifle,Solar,0,0,0,1,1,Pulse Monitor,Cornered,1,,,Cornered+Pulse Monitor,3347946548
1988,The Epicurean,fallback,Fusion Rifle,Void,0,0,0,1,0,Quickdraw,Repulsor Brace,1,,,Quickdraw+Repulsor Brace,2263839058
1989,The Enigma,fallback,Glaive,Void,0,0,0,1,0,Tilting at Windmills,Proximity Power,1,,,Proximity Power+Tilting at Windmills,2595497736
1990,The Domino,fallback,Sniper Rifle,Solar,0,0,0,0,1,Shot Swap,Mulligan,1,,,Mulligan+Shot Swap,2800870005
1991,Techeun Force,fallback,Fusion Rifle,Arc,0,0,0,1,0,Rewind Rounds,Rangefinder,1,,,Rangefinder+Rewind Rounds,3591141932
1992,Tears of Contrition,fallback,Scout Rifle,Kinetic,0,0,0,1,0,Perpetual Motion,Mulligan,1,,,Mulligan+Perpetual Motion,1366394399
1993,Tarnation,fallback,Grenade Launcher,Arc,0,0,0,1,0,Clown Cartridge,Turnabout,1,,,Clown Cartridge+Turnabout,2721157927
1994,Targeted Redaction,fallback,Hand Cannon,Void,0,0,0,1,1,Shot Swap,Explosive Payload,1,,,Explosive Payload+Shot Swap,3890055324
1995,Tarantula,fallback,Linear Fusion Rifle,Arc,0,0,0,0,1,Feeding Frenzy,Box Breathing,1,,,Box Breathing+Feeding Frenzy,3335343363
1996,Swarm of the Raven,fallback,Grenade Launcher,Void,0,0,0,0,1,Pulse Monitor,Genesis,1,,,Genesis+Pulse Monitor,433905699
1997,Suspectum-4fr,fallback,Linear Fusion Rifle,Stasis,0,0,0,0,1,Headstone,Box Breathing,1,,,Box Breathing+Headstone,3615421669
1998,Supercluster,fallback,Shotgun,Strand,0,0,0,1,0,Slice,Fragile Focus,1,,,Fragile Focus+Slice,92459755
1999,Succession,fallback,Sniper Rifle,Kinetic,0,0,0,1,0,Stopping Power,Recombination,1,,,Recombination+Stopping Power,2990047042
2000,Subjunctive,fallback,Submachine Gun,Arc,0,0,0,1,0,Shoot to Loot,Permeability,1,,,Permeability+Shoot to Loot,1447836603
2001,Speleologist,fallback,Machine Gun,Solar,0,0,0,1,0,Heal Clip,Killing Tally,1,,,Heal Clip+Killing Tally,412251536
2002,Sovereignty,fallback,Sniper Rifle,Void,0,0,0,0,1,Explosive Payload,Adrenaline Junkie,1,,,Adrenaline Junkie+Explosive Payload,3818198556
2003,Sojourner's Tale,fallback,Shotgun,Solar,0,0,0,0,1,Discord,Air Trigger,1,,,Air Trigger+Discord,2130875369
2004,Shattered Cipher,fallback,Machine Gun,Void,0,0,0,0,1,Field Prep,Zen Moment,1,,,Field Prep+Zen Moment,2434225986
2005,Scatter Signal,fallback,Fusion Rifle,Strand,0,0,0,1,0,Surplus,Attrition Orbs,1,,,Attrition Orbs+Surplus,2558925366
2006,Scalar Potential,fallback,Pulse Rifle,Arc,0,0,0,1,0,Overflow,Headseeker,1,,,Headseeker+Overflow,2563668388
2007,Sailspy Pitchglass,fallback,Linear Fusion Rifle,Arc,0,0,0,1,1,Ensemble,Voltshot,1,,,Ensemble+Voltshot,1184309824
2008,Sacred Provenance,fallback,Pulse Rifle,Kinetic,0,0,0,1,0,Steady Hands,Kinetic Tremors,1,,,Kinetic Tremors+Steady Hands,2241507890
2009,Royal Executioner,fallback,Fusion Rifle,Solar,0,0,0,1,0,Envious Assassin,Killing Wind,1,,,Envious Assassin+Killing Wind,1720503118
2010,Royal Chase,fallback,Scout Rifle,Void,0,0,0,0,1,Full Auto Trigger System,Quickdraw,1,,,Full Auto Trigger System+Quickdraw,2776503072
2011,Ros Arago IV,fallback,Auto Rifle,Void,0,0,0,0,1,Repulsor Brace,Onslaught,1,,,Onslaught+Repulsor Brace,3583275737
2012,Regnant,fallback,Grenade Launcher,Void,0,0,0,1,0,Rangefinder,Explosive Light,1,,,Explosive Light+Rangefinder,268260372
2013,Red Herring,fallback,Rocket Launcher,Void,0,0,0,1,0,Quickdraw,Golden Tricorn Enhanced,1,,,Golden Tricorn Enhanced+Quickdraw,3175851496
2014,Recurrent Impact,fallback,Machine Gun,Stasis,0,0,0,1,0,Field Prep,Headstone,1,,,Field Prep+Headstone,1572896086
2015,Reckless Oracle,fallback,Auto Rifle,Void,0,0,0,1,0,Tap the Trigger,Demoralize,1,,,Demoralize+Tap the Trigger,1992309064
2016,Raconteur,fallback,Combat Bow,Stasis,0,0,0,1,0,Archer's Tempo,Headstone,1,,,Archer's Tempo+Headstone,45643573
2017,Qua Furor V,fallback,Machine Gun,Stasis,0,0,0,0,1,Recycled Energy,Golden Tricorn,1,,,Golden Tricorn+Recycled Energy,751880654
2018,Psi Hermetic V,fallback,Pulse Rifle,Stasis,0,0,0,0,1,Enlightened Action,Perpetual Motion,1,,,Enlightened Action+Perpetual Motion,358788212
2019,Prophet of Doom,fallback,Shotgun,Arc,0,0,0,1,0,Supercharged Magazine,Barrel Constrictor,1,,,Barrel Constrictor+Supercharged Magazine,2145441168
2020,Prodigal Return,fallback,Grenade Launcher,Arc,0,0,0,1,0,Thresh,Danger Zone,1,,,Danger Zone+Thresh,268260373
2021,Pro Memoria,fallback,Machine Gun,Strand,0,0,0,1,0,Tear,Tap the Trigger,1,,,Tap the Trigger+Tear,3605603507
2022,Posterity,fallback,Hand Cannon,Arc,0,0,0,1,0,Voltshot,Redirection,1,,,Redirection+Voltshot,3281285075
2023,Pleiades Corrector,fallback,Scout Rifle,Solar,0,0,0,0,1,Outlaw,Shield Disorient,1,,,Outlaw+Shield Disorient,3556999246
2024,Planck's Stride,fallback,Machine Gun,Arc,0,0,0,1,1,Mulligan,Tap the Trigger,1,,,Mulligan+Tap the Trigger,820890091
2025,Pizzicato-22,fallback,Submachine Gun,Kinetic,0,0,0,0,1,Ensemble,Threat Detector,1,,,Ensemble+Threat Detector,4100775158
2026,Optative,fallback,Hand Cannon,Void,0,0,0,1,0,Permeability,Offhand Strike,1,,,Offhand Strike+Permeability,2817683783
2027,Omniscient Eye,fallback,Sniper Rifle,Solar,0,0,0,1,0,Mulligan,Precision Instrument,1,,,Mulligan+Precision Instrument,147444292
2028,Noxious Vetiver,fallback,Submachine Gun,Arc,0,0,0,0,1,Thresh,Desperate Measures,1,,,Desperate Measures+Thresh,825495813
2029,Nezarec's Whisper,fallback,Glaive,Arc,0,0,0,1,0,Tilting at Windmills,Adaptive Munitions,1,,,Adaptive Munitions+Tilting at Windmills,254636484
2030,Neoptolemus II,fallback,Combat Bow,Kinetic,0,0,0,0,1,To the Pain,Sneak Bow,1,,,Sneak Bow+To the Pain,2848549302
2031,Negative Space,fallback,Sword,Solar,0,0,0,0,1,Energy Transfer,Disruption Break,1,,,Disruption Break+Energy Transfer,3629968765
2032,Nation of Beasts,fallback,Hand Cannon,Arc,0,0,0,1,0,Opening Shot,Harmony,1,,,Harmony+Opening Shot,70083888
2033,Martyr's Retribution,fallback,Grenade Launcher,Solar,0,0,0,0,1,Genesis,Lead from Gold,1,,,Genesis+Lead from Gold,3850168899
2034,Marsilion-C,fallback,Grenade Launcher,Solar,0,0,0,0,1,Snapshot Sights,Danger Zone,1,,,Danger Zone+Snapshot Sights,867154247
2035,Marcato-45,fallback,Machine Gun,Strand,0,0,0,0,1,Steady Hands,Onslaught,1,,,Onslaught+Steady Hands,4233375372
2036,Lodbrok-C,fallback,Auto Rifle,Kinetic,0,0,0,0,1,Osmosis,Kill Clip,1,,,Kill Clip+Osmosis,2328531378
2037,Line in the Sand,fallback,Linear Fusion Rifle,Arc,0,0,0,0,1,Rapid Hit,Clown Cartridge,1,,,Clown Cartridge+Rapid Hit,946443267
2038,Likely Suspect,fallback,Fusion Rifle,Void,0,0,0,1,0,Firmly Planted,Destabilizing Rounds,1,,,Destabilizing Rounds+Firmly Planted,1994645182
2039,Lethophobia,fallback,Combat Bow,Void,0,0,0,1,0,Successful Warm-Up,Deconstruct,1,,,Deconstruct+Successful Warm-Up,3710082365
2040,Legato-11,fallback,Shotgun,Solar,0,0,0,0,1,Deconstruct,Offhand Strike,1,,,Deconstruct+Offhand Strike,3753063346
2041,Judgment of Kelgorath,fallback,Glaive,Solar,0,0,0,1,0,Shot Swap,Unstoppable Force,1,,,Shot Swap+Unstoppable Force,2978226043
2042,Jian 7 Rifle,fallback,Pulse Rifle,Arc,0,0,0,0,1,Disruption Break,Rampage,1,,,Disruption Break+Rampage,1162247618
2043,Iota Draconis,fallback,Fusion Rifle,Solar,0,0,0,0,1,Ensemble,Kickstart,1,,,Ensemble+Kickstart,3044460004
2044,Imperial Needle,fallback,Combat Bow,Void,0,0,0,0,1,Impulse Amplifier,Sympathetic Arsenal,1,,,Impulse Amplifier+Sympathetic Arsenal,3460122497
2045,Imperative,fallback,Scout Rifle,Kinetic,0,0,0,1,0,Triple Tap,Deconstruct,1,,,Deconstruct+Triple Tap,2045811635
2046,Ignition Code,fallback,Grenade Launcher,Kinetic,0,0,0,0,1,Slideshot,Strategist,1,,,Slideshot+Strategist,2761869150
2047,IKELOS_SR_v1.0.3,fallback,Sniper Rifle,Solar,0,0,0,1,0,Fourth Time's the Charm,Slickdraw,1,,,Fourth Time's the Charm+Slickdraw,2302346155
2048,Honor's Edge,fallback,Sword,Arc,0,0,0,0,1,Energy Transfer,Shattering Blade,1,,,Energy Transfer+Shattering Blade,2857348871
2049,Hollow Words,fallback,Fusion Rifle,Arc,0,0,0,0,1,Loose Change,Successful Warm-Up,1,,,Loose Change+Successful Warm-Up,342027677
2050,Hollow Denial,fallback,Trace Rifle,Void,0,0,0,1,0,Lead from Gold,Killing Tally,1,,,Killing Tally+Lead from Gold,2323544076
2051,Heritage,fallback,Shotgun,Kinetic,0,0,0,1,0,Redirection,Swashbuckler,1,,,Redirection+Swashbuckler,4248569242
2052,Hand in Hand,fallback,Shotgun,Arc,0,0,0,0,1,Dual Loader,Pugilist,1,,,Dual Loader+Pugilist,664109750
2053,Goldtusk,fallback,Sword,Arc,0,0,0,1,0,Assassin's Blade,Cold Steel,1,,,Assassin's Blade+Cold Steel,3371413057
2054,Friction Fire,fallback,Submachine Gun,Kinetic,0,0,0,0,1,Auto-Loading Holster,Sympathetic Arsenal,1,,,Auto-Loading Holster+Sympathetic Arsenal,1513993763
2055,Forensic Nightmare,fallback,Submachine Gun,Stasis,0,0,0,1,0,Rimestealer,Sympathetic Arsenal,1,,,Rimestealer+Sympathetic Arsenal,1526296434
2056,Fixed Odds,fallback,Machine Gun,Solar,0,0,0,1,0,Quickdraw,Focused Fury,1,,,Focused Fury+Quickdraw,2194955522
2057,Firefright,fallback,Auto Rifle,Kinetic,0,0,0,1,0,Fragile Focus,Adagio,1,,,Adagio+Fragile Focus,2778013407
2058,Fire and Forget,fallback,Linear Fusion Rifle,Stasis,0,0,0,1,0,Outlaw,Chill Clip,1,,,Chill Clip+Outlaw,2272041093
2059,Fel Taradiddle,fallback,Combat Bow,Kinetic,0,0,0,1,0,To the Pain,Cornered,1,,,Cornered+To the Pain,1399109800
2060,Father's Sins,fallback,Sniper Rifle,Void,0,0,0,1,0,Lone Wolf,Turnabout,1,,,Lone Wolf+Turnabout,3865728990
2061,Farewell,fallback,Sidearm,Kinetic,0,0,0,0,1,Full Auto Trigger System,Adrenaline Junkie,1,,,Adrenaline Junkie+Full Auto Trigger System,541188001
2062,Faith-Keeper,fallback,Rocket Launcher,Void,0,0,0,1,1,Repulsor Brace,Lasting Impression,1,,,Lasting Impression+Repulsor Brace,4195186942
2063,Exuviae,fallback,Hand Cannon,Stasis,0,0,0,0,1,Encore,Redirection,1,,,Encore+Redirection,2823644677
2064,Enyo-D,fallback,Submachine Gun,Kinetic,0,0,0,0,1,Fragile Focus,Sympathetic Arsenal,1,,,Fragile Focus+Sympathetic Arsenal,1601177201
2065,Empirical Evidence,fallback,Sidearm,Kinetic,0,0,0,1,0,Lone Wolf,Thresh,1,,,Lone Wolf+Thresh,2607304614
2066,Doomed Petitioner,fallback,Linear Fusion Rifle,Void,0,0,0,1,0,Permeability,Loose Change,1,,,Loose Change+Permeability,1501688142
2067,Distant Tumulus,fallback,Sniper Rifle,Solar,0,0,0,0,1,Lead from Gold,Outlaw,1,,,Lead from Gold+Outlaw,2807687156
2068,Disparity,fallback,Pulse Rifle,Stasis,0,0,0,1,0,Eye of the Storm,Desperado,1,,,Desperado+Eye of the Storm,1751893422
2069,Dire Promise,fallback,Hand Cannon,Kinetic,0,0,0,0,1,Overflow,Rangefinder,1,,,Overflow+Rangefinder,2742838701
2070,Death's Razor,fallback,Sword,Void,0,0,0,1,0,Counterattack,Surrounded,1,,,Counterattack+Surrounded,3371413056
2071,Deadpan Delivery,fallback,Shotgun,Arc,0,0,0,0,1,Elemental Capacitor,Trench Barrel,1,,,Elemental Capacitor+Trench Barrel,1296429091
2072,Dark Decider,fallback,Auto Rifle,Arc,0,0,0,0,1,Iron Grip,Gutshot Straight,1,,,Gutshot Straight+Iron Grip,540880995
2073,Crux Termination IV,fallback,Rocket Launcher,Arc,0,0,0,0,1,Reconstruction,Tracking Module,1,,,Reconstruction+Tracking Module,1719687748
2074,Cruoris FR4,fallback,Fusion Rifle,Arc,0,0,0,0,1,Recycled Energy,Rolling Storm,1,,,Recycled Energy+Rolling Storm,891996636
2075,Corrasion,fallback,Pulse Rifle,Arc,0,0,0,1,1,High-Impact Reserves,High Ground,1,,,High Ground+High-Impact Reserves,2126178511
2076,Coronach-22,fallback,Auto Rifle,Solar,0,0,0,0,1,Envious Assassin,Under-Over,1,,,Envious Assassin+Under-Over,355382946
2077,Controlling Vision,fallback,Sidearm,Kinetic,0,0,0,0,1,Slickdraw,Under Pressure,1,,,Slickdraw+Under Pressure,423343404
2078,Commemoration,fallback,Machine Gun,Void,0,0,0,1,0,Well-Rounded,Under Pressure,1,,,Under Pressure+Well-Rounded,4230965989
2079,Come to Pass,fallback,Auto Rifle,Arc,0,0,0,1,0,Trickle Charge,Wellspring,1,,,Trickle Charge+Wellspring,927567426
2080,Combined Action,fallback,Hand Cannon,Arc,0,0,0,0,1,Perfect Float,Timed Payload,1,,,Perfect Float+Timed Payload,1331824604
2081,Chronophage,fallback,Trace Rifle,Void,0,0,0,1,1,Elemental Capacitor,One for All,1,,,Elemental Capacitor+One for All,1886840007
2082,Chattering Bone,fallback,Pulse Rifle,Kinetic,0,0,0,1,0,Stopping Power,High-Impact Reserves,1,,,High-Impact Reserves+Stopping Power,501329015
2083,Cantata-57,fallback,Hand Cannon,Arc,0,0,0,0,1,Eye of the Storm,Timed Payload,1,,,Eye of the Storm+Timed Payload,372697604
2084,CALUS Mini-Tool,fallback,Submachine Gun,Solar,0,0,0,1,0,Air Assault,Feeding Frenzy,1,,,Air Assault+Feeding Frenzy,2490988246
2085,Blood Feud,fallback,Submachine Gun,Stasis,0,0,0,1,0,Ensemble,Well-Rounded,1,,,Ensemble+Well-Rounded,1509167284
2086,Bitter/Sweet,fallback,Grenade Launcher,Arc,0,0,0,0,1,Perpetual Motion,Killing Tally,1,,,Killing Tally+Perpetual Motion,2599338625
2087,Berenger's Memory,fallback,Grenade Launcher,Void,0,0,0,0,1,Clown Cartridge,Shield Disorient,1,,,Clown Cartridge+Shield Disorient,407621213
2088,Bequest,fallback,Sword,Arc,0,0,0,1,0,Thresh,Elemental Honing,1,,,Elemental Honing+Thresh,3366545721
2089,Battle Scar,fallback,Pulse Rifle,Kinetic,0,0,0,0,1,Perfect Float,Osmosis,1,,,Osmosis+Perfect Float,2099894368
2090,Austringer,fallback,Hand Cannon,Kinetic,0,0,0,1,0,Air Assault,Demolitionist,1,,,Air Assault+Demolitionist,3055790362
2091,Arsenic Bite-4b,fallback,Combat Bow,Arc,0,0,0,0,1,Rampage,Explosive Head,1,,,Explosive Head+Rampage,720351795
2092,Apex Predator,fallback,Rocket Launcher,Solar,0,0,0,1,0,Threat Detector,Reaper's Tithe,1,,,Reaper's Tithe+Threat Detector,1851777734
2093,Annual Skate,fallback,Hand Cannon,Solar,0,0,0,0,1,Slideshot,Timed Payload,1,,,Slideshot+Timed Payload,6857689
2094,Ancient Gospel,fallback,Hand Cannon,Void,0,0,0,1,0,Rampage,Precision Instrument,1,,,Precision Instrument+Rampage,963574173
2095,Age-Old Bond,fallback,Auto Rifle,Void,0,0,0,1,0,Meganeura,Target Lock,1,,,Meganeura+Target Lock,424291879
2096,Adverse Possession IX,fallback,Scout Rifle,Arc,0,0,0,0,1,Overflow,Sympathetic Arsenal,1,,,Overflow+Sympathetic Arsenal,1890332078
2097,Adhortative,fallback,Pulse Rifle,Solar,0,0,0,1,0,Attrition Orbs,Disruption Break,1,,,Attrition Orbs+Disruption Break,2993554824
2098,Accrued Redemption,fallback,Combat Bow,Kinetic,0,0,0,1,0,Tunnel Vision,Rapid Hit,1,,,Rapid Hit+Tunnel Vision,3621336854
2099,Whispering Slab,fallback,Combat Bow,Kinetic,0,0,0,0,1,Archer's Tempo,Gutshot Straight,1,,,Archer's Tempo+Gutshot Straight,690341468
2100,Until Its Return,fallback,Shotgun,Strand,0,0,0,1,0,Empty Traits Socket,Trench Barrel,1,,,Empty Traits Socket+Trench Barrel,2883484461
2101,Thoughtless,fallback,Sniper Rifle,Stasis,0,0,0,1,0,Compulsive Reloader,Quickdraw,1,,,Compulsive Reloader+Quickdraw,4067556514
2102,The Number,fallback,Auto Rifle,Arc,0,0,0,0,1,Field Prep,Sympathetic Arsenal,1,,,Field Prep+Sympathetic Arsenal,2492081469
2103,Staccato-46,fallback,Scout Rifle,Solar,0,0,0,0,1,Compulsive Reloader,Explosive Payload,1,,,Compulsive Reloader+Explosive Payload,4019668921
2104,Snorri FR5,fallback,Fusion Rifle,Void,0,0,0,0,1,Firmly Planted,Successful Warm-Up,1,,,Firmly Planted+Successful Warm-Up,4114929480
2105,Senuna SI6,fallback,Sidearm,Stasis,0,0,0,0,1,Slickdraw,Gutshot Straight,1,,,Gutshot Straight+Slickdraw,5159537
2106,Razor's Edge,fallback,Sword,Void,0,0,0,0,1,Energy Transfer,Thresh,1,,,Energy Transfer+Thresh,1796949035
2107,Lost Signal,fallback,Grenade Launcher,Stasis,0,0,0,1,1,Lead from Gold,Reverberation,1,,,Lead from Gold+Reverberation,1197771438
2108,Just in Case,fallback,Sword,Solar,0,0,0,0,1,Flash Counter,Incandescent,1,,,Flash Counter+Incandescent,1139727256
2109,IKELOS_SG_v1.0.3,fallback,Shotgun,Solar,0,0,0,1,0,Turnabout,Cascade Point,1,,,Cascade Point+Turnabout,1168625549
2110,IKELOS_HC_v1.0.3,fallback,Hand Cannon,Void,0,0,0,1,0,Offhand Strike,Repulsor Brace,1,,,Offhand Strike+Repulsor Brace,1731355324
2111,Harsh Language,fallback,Grenade Launcher,Void,0,0,0,0,1,Wellspring,Repulsor Brace,1,,,Repulsor Brace+Wellspring,1606497639
2112,Fioritura-59,fallback,Sidearm,Void,0,0,0,0,1,Threat Detector,Repulsor Brace,1,,,Repulsor Brace+Threat Detector,2566006935
2113,Deafening Whisper,fallback,Grenade Launcher,Void,0,0,0,0,1,Surplus,Threat Detector,1,,,Surplus+Threat Detector,981718087
2114,Caretaker,fallback,Sword,Solar,0,0,0,1,0,Energy Transfer,Incandescent,1,,,Energy Transfer+Incandescent,2508948099
2115,Bump in the Night,fallback,Rocket Launcher,Stasis,0,0,0,1,0,Tracking Module,Turnabout,1,,,Tracking Module+Turnabout,1959650777
2116,Brya's Love,fallback,Scout Rifle,Void,0,0,0,1,0,Rapid Hit,Pugilist,1,,,Pugilist+Rapid Hit,2779821308
2117,Brigand's Law,fallback,Sidearm,Arc,0,0,0,1,1,Pugilist,Sympathetic Arsenal,1,,,Pugilist+Sympathetic Arsenal,1298815317
2118,Beloved,fallback,Sniper Rifle,Solar,0,0,0,1,0,No Distractions,Empty Traits Socket,1,,,Empty Traits Socket+No Distractions,3107853529
2119,Appetence,fallback,Trace Rifle,Stasis,0,0,0,1,0,Slideways,Killing Tally,1,,,Killing Tally+Slideways,4153087276
2120,Zealot's Reward,fallback,Fusion Rifle,Void,0,0,0,1,0,Repulsor Brace,Reservoir Burst,1,,,Repulsor Brace+Reservoir Burst,2720651699
2121,Wolftone Draw,fallback,Combat Bow,Arc,0,0,0,0,1,Archer's Tempo,Demolitionist,1,,,Archer's Tempo+Demolitionist,3472875143
2122,Without Remorse,fallback,Shotgun,Solar,0,0,0,1,0,Field Prep,Fragile Focus,1,,,Field Prep+Fragile Focus,1478986057
2123,Warlord's Spear,fallback,Trace Rifle,Arc,0,0,0,0,1,Dynamic Sway Reduction,Fourth Time's the Charm,1,,,Dynamic Sway Reduction+Fourth Time's the Charm,1968711238
2124,Veleda-F,fallback,Sniper Rifle,Void,0,0,0,0,1,Lone Wolf,Firing Line,1,,,Firing Line+Lone Wolf,4200122994
2125,Vantage Point,fallback,Pulse Rifle,Arc,0,0,0,0,1,Deconstruct,Headseeker,1,,,Deconstruct+Headseeker,3830941962
2126,Under Your Skin,fallback,Combat Bow,Void,0,0,0,1,0,Firmly Planted,Explosive Head,1,,,Explosive Head+Firmly Planted,232928045
2127,Tyranny of Heaven,fallback,Combat Bow,Solar,0,0,0,1,0,Moving Target,Archer's Gambit,1,,,Archer's Gambit+Moving Target,3388655311
2128,Trustee,fallback,Scout Rifle,Solar,0,0,0,1,0,Under Pressure,Burning Ambition,1,,,Burning Ambition+Under Pressure,1392919471
2129,Tripwire Canary,fallback,Combat Bow,Arc,0,0,0,1,0,Archer's Tempo,Under-Over,1,,,Archer's Tempo+Under-Over,3849444474
2130,Transfiguration,fallback,Scout Rifle,Kinetic,0,0,0,1,0,Perfect Float,Ancillary Ordinance,1,,,Ancillary Ordinance+Perfect Float,3885259140
2131,Throne-Cleaver,fallback,Sword,Solar,0,0,0,1,0,Energy Transfer,Pugilist,1,,,Energy Transfer+Pugilist,3371413059
2132,The Vision,fallback,Sidearm,Arc,0,0,0,0,1,Ambitious Assassin,Sympathetic Arsenal,1,,,Ambitious Assassin+Sympathetic Arsenal,2414141462
2133,The Supremacy,fallback,Sniper Rifle,Kinetic,0,0,0,1,0,Lucky Shot,Focused Fury,1,,,Focused Fury+Lucky Shot,2884596447
2134,The Showrunner,fallback,Submachine Gun,Kinetic,0,0,0,0,1,Overflow,Air Assault,1,,,Air Assault+Overflow,1999754402
2135,The Eremite,fallback,Fusion Rifle,Solar,0,0,0,1,1,Pulse Monitor,Controlled Burst,1,,,Controlled Burst+Pulse Monitor,3347946548
2136,The Epicurean,fallback,Fusion Rifle,Void,0,0,0,1,0,Ensemble,Backup Plan,1,,,Backup Plan+Ensemble,2263839058
2137,The Enigma,fallback,Glaive,Void,0,0,0,1,0,Tilting at Windmills,Kill Clip,1,,,Kill Clip+Tilting at Windmills,2595497736
2138,The Domino,fallback,Sniper Rifle,Solar,0,0,0,0,1,Shoot to Loot,Mulligan,1,,,Mulligan+Shoot to Loot,2800870005
2139,Techeun Force,fallback,Fusion Rifle,Arc,0,0,0,1,0,Rewind Rounds,Kickstart,1,,,Kickstart+Rewind Rounds,3591141932
2140,Tears of Contrition,fallback,Scout Rifle,Kinetic,0,0,0,1,0,No Distractions,Mulligan,1,,,Mulligan+No Distractions,1366394399
2141,Tarnation,fallback,Grenade Launcher,Arc,0,0,0,1,0,Attrition Orbs,Turnabout,1,,,Attrition Orbs+Turnabout,2721157927
2142,Targeted Redaction,fallback,Hand Cannon,Void,0,0,0,1,1,Perfect Float,Keep Away,1,,,Keep Away+Perfect Float,3890055324
2143,Swarm of the Raven,fallback,Grenade Launcher,Void,0,0,0,0,1,Pulse Monitor,Full Court,1,,,Full Court+Pulse Monitor,433905699
2144,Suspectum-4fr,fallback,Linear Fusion Rifle,Stasis,0,0,0,0,1,Envious Assassin,Chill Clip,1,,,Chill Clip+Envious Assassin,3615421669
2145,Supercluster,fallback,Shotgun,Strand,0,0,0,1,0,Reconstruction,Fragile Focus,1,,,Fragile Focus+Reconstruction,92459755
2146,Succession,fallback,Sniper Rifle,Kinetic,0,0,0,1,0,Stopping Power,Osmosis,1,,,Osmosis+Stopping Power,2990047042
2147,Subjunctive,fallback,Submachine Gun,Arc,0,0,0,1,0,Hip-Fire Grip,Permeability,1,,,Hip-Fire Grip+Permeability,1447836603
2148,Speleologist,fallback,Machine Gun,Solar,0,0,0,1,0,Firmly Planted,Target Lock,1,,,Firmly Planted+Target Lock,412251536
2149,Sojourner's Tale,fallback,Shotgun,Solar,0,0,0,0,1,Auto-Loading Holster,Precision Instrument,1,,,Auto-Loading Holster+Precision Instrument,2130875369
2150,Scatter Signal,fallback,Fusion Rifle,Strand,0,0,0,1,0,Slice,Kickstart,1,,,Kickstart+Slice,2558925366
2151,Scalar Potential,fallback,Pulse Rifle,Arc,0,0,0,1,0,Loose Change,Focused Fury,1,,,Focused Fury+Loose Change,2563668388
2152,Sailspy Pitchglass,fallback,Linear Fusion Rifle,Arc,0,0,0,1,1,Ensemble,Heating Up,1,,,Ensemble+Heating Up,1184309824
2153,Sacred Provenance,fallback,Pulse Rifle,Kinetic,0,0,0,1,0,Steady Hands,Firefly,1,,,Firefly+Steady Hands,2241507890
2154,Ros Arago IV,fallback,Auto Rifle,Void,0,0,0,0,1,Permeability,Onslaught,1,,,Onslaught+Permeability,3583275737
2155,Regnant,fallback,Grenade Launcher,Void,0,0,0,1,0,Rangefinder,Cascade Point,1,,,Cascade Point+Rangefinder,268260372
2156,Red Herring,fallback,Rocket Launcher,Void,0,0,0,1,0,Killing Wind,Lasting Impression,1,,,Killing Wind+Lasting Impression,3175851496
2157,Reckless Oracle,fallback,Auto Rifle,Void,0,0,0,1,0,Subsistence,Paracausal Affinity,1,,,Paracausal Affinity+Subsistence,1992309064
2158,Qua Furor V,fallback,Machine Gun,Stasis,0,0,0,0,1,Recycled Energy,Dragonfly,1,,,Dragonfly+Recycled Energy,751880654
2159,Prophet of Doom,fallback,Shotgun,Arc,0,0,0,1,0,Slideways,Gear Shift,1,,,Gear Shift+Slideways,2145441168
2160,Prodigal Return,fallback,Grenade Launcher,Arc,0,0,0,1,0,Shot Swap,Demolitionist,1,,,Demolitionist+Shot Swap,268260373
2161,Pro Memoria,fallback,Machine Gun,Strand,0,0,0,1,0,Tear,Mega Kill Clip,1,,,Mega Kill Clip+Tear,3605603507
2162,Posterity,fallback,Hand Cannon,Arc,0,0,0,1,0,Voltshot,Gutshot Straight,1,,,Gutshot Straight+Voltshot,3281285075
2163,Pleiades Corrector,fallback,Scout Rifle,Solar,0,0,0,0,1,Fourth Time's the Charm,Sympathetic Arsenal,1,,,Fourth Time's the Charm+Sympathetic Arsenal,3556999246
2164,Planck's Stride,fallback,Machine Gun,Arc,0,0,0,1,1,Mulligan,One for All,1,,,Mulligan+One for All,820890091
2165,Optative,fallback,Hand Cannon,Void,0,0,0,1,0,Permeability,Kill Clip,1,,,Kill Clip+Permeability,2817683783
2166,Omniscient Eye,fallback,Sniper Rifle,Solar,0,0,0,1,0,Mulligan,Incandescent,1,,,Incandescent+Mulligan,147444292
2167,Noxious Vetiver,fallback,Submachine Gun,Arc,0,0,0,0,1,Heating Up,Redirection,1,,,Heating Up+Redirection,825495813
2168,Nezarec's Whisper,fallback,Glaive,Arc,0,0,0,1,0,Lead from Gold,Adaptive Munitions,1,,,Adaptive Munitions+Lead from Gold,254636484
2169,Neoptolemus II,fallback,Combat Bow,Kinetic,0,0,0,0,1,Strategist,Tunnel Vision,1,,,Strategist+Tunnel Vision,2848549302
2170,Nation of Beasts,fallback,Hand Cannon,Arc,0,0,0,1,0,Hip-Fire Grip,Collective Action,1,,,Collective Action+Hip-Fire Grip,70083888
2171,Marsilion-C,fallback,Grenade Launcher,Solar,0,0,0,0,1,Shot Swap,Full Court,1,,,Full Court+Shot Swap,867154247
2172,Marcato-45,fallback,Machine Gun,Strand,0,0,0,0,1,Attrition Orbs,Hatchling,1,,,Attrition Orbs+Hatchling,4233375372
2173,Lodbrok-C,fallback,Auto Rifle,Kinetic,0,0,0,0,1,Osmosis,Cascade Point,1,,,Cascade Point+Osmosis,2328531378
2174,Line in the Sand,fallback,Linear Fusion Rifle,Arc,0,0,0,0,1,Rapid Hit,Backup Plan,1,,,Backup Plan+Rapid Hit,946443267
2175,Likely Suspect,fallback,Fusion Rifle,Void,0,0,0,1,0,Firmly Planted,Collective Action,1,,,Collective Action+Firmly Planted,1994645182
2176,Lethophobia,fallback,Combat Bow,Void,0,0,0,1,0,Steady Hands,Explosive Head,1,,,Explosive Head+Steady Hands,3710082365
2177,Legato-11,fallback,Shotgun,Solar,0,0,0,0,1,Deconstruct,Cascade Point,1,,,Cascade Point+Deconstruct,3753063346
2178,Judgment of Kelgorath,fallback,Glaive,Solar,0,0,0,1,0,Shot Swap,Close to Melee,1,,,Close to Melee+Shot Swap,2978226043
2179,Imperial Needle,fallback,Combat Bow,Void,0,0,0,0,1,Impulse Amplifier,Opening Shot,1,,,Impulse Amplifier+Opening Shot,3460122497
2180,Imperative,fallback,Scout Rifle,Kinetic,0,0,0,1,0,Triple Tap,Attrition Orbs,1,,,Attrition Orbs+Triple Tap,2045811635
2181,Ignition Code,fallback,Grenade Launcher,Kinetic,0,0,0,0,1,Slideshot,Reverberation,1,,,Reverberation+Slideshot,2761869150
2182,Hollow Denial,fallback,Trace Rifle,Void,0,0,0,1,0,Lead from Gold,Dragonfly,1,,,Dragonfly+Lead from Gold,2323544076
2183,Heritage,fallback,Shotgun,Kinetic,0,0,0,1,0,Redirection,Recombination,1,,,Recombination+Redirection,4248569242
2184,Goldtusk,fallback,Sword,Arc,0,0,0,1,0,Assassin's Blade,Adrenaline Junkie,1,,,Adrenaline Junkie+Assassin's Blade,3371413057
2185,Friction Fire,fallback,Submachine Gun,Kinetic,0,0,0,0,1,Auto-Loading Holster,Slideways,1,,,Auto-Loading Holster+Slideways,1513993763
2186,Forensic Nightmare,fallback,Submachine Gun,Stasis,0,0,0,1,0,Heating Up,Sympathetic Arsenal,1,,,Heating Up+Sympathetic Arsenal,1526296434
2187,Fixed Odds,fallback,Machine Gun,Solar,0,0,0,1,0,No Distractions,Rangefinder,1,,,No Distractions+Rangefinder,2194955522
2188,Firefright,fallback,Auto Rifle,Kinetic,0,0,0,1,0,Fourth Time's the Charm,Mulligan,1,,,Fourth Time's the Charm+Mulligan,2778013407
2189,Fire and Forget,fallback,Linear Fusion Rifle,Stasis,0,0,0,1,0,Headstone,Vorpal Weapon,1,,,Headstone+Vorpal Weapon,2272041093
2190,Fel Taradiddle,fallback,Combat Bow,Kinetic,0,0,0,1,0,To the Pain,Adhesive Ordnance,1,,,Adhesive Ordnance+To the Pain,1399109800
2191,Father's Sins,fallback,Sniper Rifle,Void,0,0,0,1,0,Light Touch,Turnabout,1,,,Light Touch+Turnabout,3865728990
2192,Faith-Keeper,fallback,Rocket Launcher,Void,0,0,0,1,1,Repulsor Brace,Bipod,1,,,Bipod+Repulsor Brace,4195186942
2193,Exuviae,fallback,Hand Cannon,Stasis,0,0,0,0,1,Encore,Explosive Payload,1,,,Encore+Explosive Payload,2823644677
2194,Empirical Evidence,fallback,Sidearm,Kinetic,0,0,0,1,0,Ensemble,Kinetic Tremors,1,,,Ensemble+Kinetic Tremors,2607304614
2195,Doomed Petitioner,fallback,Linear Fusion Rifle,Void,0,0,0,1,0,Keep Away,Loose Change,1,,,Keep Away+Loose Change,1501688142
2196,Distant Tumulus,fallback,Sniper Rifle,Solar,0,0,0,0,1,Genesis,Outlaw,1,,,Genesis+Outlaw,2807687156
2197,Dire Promise,fallback,Hand Cannon,Kinetic,0,0,0,0,1,Auto-Loading Holster,Osmosis,1,,,Auto-Loading Holster+Osmosis,2742838701
2198,Death's Razor,fallback,Sword,Void,0,0,0,1,0,Counterattack,Destabilizing Rounds,1,,,Counterattack+Destabilizing Rounds,3371413056
2199,Deadpan Delivery,fallback,Shotgun,Arc,0,0,0,0,1,Discord,Killing Wind,1,,,Discord+Killing Wind,1296429091
2200,Dark Decider,fallback,Auto Rifle,Arc,0,0,0,0,1,Iron Grip,Dragonfly,1,,,Dragonfly+Iron Grip,540880995
2201,Crux Termination IV,fallback,Rocket Launcher,Arc,0,0,0,0,1,Permeability,Tracking Module,1,,,Permeability+Tracking Module,1719687748
2202,Cruoris FR4,fallback,Fusion Rifle,Arc,0,0,0,0,1,Recycled Energy,Kickstart,1,,,Kickstart+Recycled Energy,891996636
2203,Corrasion,fallback,Pulse Rifle,Arc,0,0,0,1,1,High-Impact Reserves,Frenzy,1,,,Frenzy+High-Impact Reserves,2126178511
2204,Controlling Vision,fallback,Sidearm,Kinetic,0,0,0,0,1,Slickdraw,Threat Detector,1,,,Slickdraw+Threat Detector,423343404
2205,Commemoration,fallback,Machine Gun,Void,0,0,0,1,0,Well-Rounded,Redirection,1,,,Redirection+Well-Rounded,4230965989
2206,Come to Pass,fallback,Auto Rifle,Arc,0,0,0,1,0,Trickle Charge,Turnabout,1,,,Trickle Charge+Turnabout,927567426
2207,Combined Action,fallback,Hand Cannon,Arc,0,0,0,0,1,Perfect Float,Air Assault,1,,,Air Assault+Perfect Float,1331824604
2208,Chronophage,fallback,Trace Rifle,Void,0,0,0,1,1,Elemental Capacitor,High Ground,1,,,Elemental Capacitor+High Ground,1886840007
2209,Chattering Bone,fallback,Pulse Rifle,Kinetic,0,0,0,1,0,Stopping Power,Harmony,1,,,Harmony+Stopping Power,501329015
2210,Cantata-57,fallback,Hand Cannon,Arc,0,0,0,0,1,Compulsive Reloader,Timed Payload,1,,,Compulsive Reloader+Timed Payload,372697604
2211,Blood Feud,fallback,Submachine Gun,Stasis,0,0,0,1,0,Encore,Well-Rounded,1,,,Encore+Well-Rounded,1509167284
2212,Bitter/Sweet,fallback,Grenade Launcher,Arc,0,0,0,0,1,Loose Change,Explosive Light,1,,,Explosive Light+Loose Change,2599338625
2213,Bequest,fallback,Sword,Arc,0,0,0,1,0,Killing Wind,Flash Counter,1,,,Flash Counter+Killing Wind,3366545721
2214,Battle Scar,fallback,Pulse Rifle,Kinetic,0,0,0,0,1,Keep Away,Multikill Clip,1,,,Keep Away+Multikill Clip,2099894368
2215,Arsenic Bite-4b,fallback,Combat Bow,Arc,0,0,0,0,1,Quickdraw,Sneak Bow,1,,,Quickdraw+Sneak Bow,720351795
2216,Apex Predator,fallback,Rocket Launcher,Solar,0,0,0,1,0,Threat Detector,Explosive Light,1,,,Explosive Light+Threat Detector,1851777734
2217,Ancient Gospel,fallback,Hand Cannon,Void,0,0,0,1,0,Rampage,Demoralize,1,,,Demoralize+Rampage,963574173
2218,Age-Old Bond,fallback,Auto Rifle,Void,0,0,0,1,0,Meganeura,Rampage,1,,,Meganeura+Rampage,424291879
2219,Adverse Possession IX,fallback,Scout Rifle,Arc,0,0,0,0,1,Overflow,Keep Away,1,,,Keep Away+Overflow,1890332078
2220,Adhortative,fallback,Pulse Rifle,Solar,0,0,0,1,0,Air Assault,Moving Target,1,,,Air Assault+Moving Target,2993554824
2221,Accrued Redemption,fallback,Combat Bow,Kinetic,0,0,0,1,0,Tunnel Vision,Lone Wolf,1,,,Lone Wolf+Tunnel Vision,3621336854
2222,Tarantula,fallback,Linear Fusion Rifle,Arc,0,0,0,0,1,Firmly Planted,Box Breathing,1,,,Box Breathing+Firmly Planted,3335343363
2223,Sovereignty,fallback,Sniper Rifle,Void,0,0,0,0,1,Steady Hands,Desperate Measures,1,,,Desperate Measures+Steady Hands,3818198556
2224,Shattered Cipher,fallback,Machine Gun,Void,0,0,0,0,1,Slideways,Zen Moment,1,,,Slideways+Zen Moment,2434225986
2225,Royal Executioner,fallback,Fusion Rifle,Solar,0,0,0,1,0,Threat Detector,Successful Warm-Up,1,,,Successful Warm-Up+Threat Detector,1720503118
2226,Royal Chase,fallback,Scout Rifle,Void,0,0,0,0,1,Slideways,Threat Detector,1,,,Slideways+Threat Detector,2776503072
2227,Raconteur,fallback,Combat Bow,Stasis,0,0,0,1,0,Wellspring,Rampage,1,,,Rampage+Wellspring,45643573
2228,Pizzicato-22,fallback,Submachine Gun,Kinetic,0,0,0,0,1,Mulligan,Threat Detector,1,,,Mulligan+Threat Detector,4100775158
2229,Martyr's Retribution,fallback,Grenade Launcher,Solar,0,0,0,0,1,Threat Detector,Lead from Gold,1,,,Lead from Gold+Threat Detector,3850168899
2230,Iota Draconis,fallback,Fusion Rifle,Solar,0,0,0,0,1,Surplus,Kickstart,1,,,Kickstart+Surplus,3044460004
2231,IKELOS_SR_v1.0.3,fallback,Sniper Rifle,Solar,0,0,0,1,0,Empty Traits Socket,High-Impact Reserves,1,,,Empty Traits Socket+High-Impact Reserves,2302346155
2232,IKELOS_SG_v1.0.3,fallback,Shotgun,Solar,0,0,0,1,0,Pugilist,Cascade Point,1,,,Cascade Point+Pugilist,1168625549
2233,Hollow Words,fallback,Fusion Rifle,Arc,0,0,0,0,1,Slickdraw,Successful Warm-Up,1,,,Slickdraw+Successful Warm-Up,342027677
2234,Harsh Language,fallback,Grenade Launcher,Void,0,0,0,0,1,Shot Swap,Unrelenting,1,,,Shot Swap+Unrelenting,1606497639
2235,Hand in Hand,fallback,Shotgun,Arc,0,0,0,0,1,Fragile Focus,Cascade Point,1,,,Cascade Point+Fragile Focus,664109750
2236,Fioritura-59,fallback,Sidearm,Void,0,0,0,0,1,Threat Detector,Offhand Strike,1,,,Offhand Strike+Threat Detector,2566006935
2237,Farewell,fallback,Sidearm,Kinetic,0,0,0,0,1,Full Auto Trigger System,Thresh,1,,,Full Auto Trigger System+Thresh,541188001
2238,Enyo-D,fallback,Submachine Gun,Kinetic,0,0,0,0,1,Encore,Sympathetic Arsenal,1,,,Encore+Sympathetic Arsenal,1601177201
2239,Deafening Whisper,fallback,Grenade Launcher,Void,0,0,0,0,1,Lead from Gold,Auto-Loading Holster,1,,,Auto-Loading Holster+Lead from Gold,981718087
2240,Coronach-22,fallback,Auto Rifle,Solar,0,0,0,0,1,Shot Swap,Under-Over,1,,,Shot Swap+Under-Over,355382946
2241,Caretaker,fallback,Sword,Solar,0,0,0,1,0,Energy Transfer,Empty Traits Socket,1,,,Empty Traits Socket+Energy Transfer,2508948099
2242,CALUS Mini-Tool,fallback,Submachine Gun,Solar,0,0,0,1,0,Slideways,Empty Traits Socket,1,,,Empty Traits Socket+Slideways,2490988246
2243,Bump in the Night,fallback,Rocket Launcher,Stasis,0,0,0,1,0,Tracking Module,Empty Traits Socket,1,,,Empty Traits Socket+Tracking Module,1959650777
2244,Brya's Love,fallback,Scout Rifle,Void,0,0,0,1,0,No Distractions,Adagio,1,,,Adagio+No Distractions,2779821308
2245,Brigand's Law,fallback,Sidearm,Arc,0,0,0,1,1,Perpetual Motion,Sympathetic Arsenal,1,,,Perpetual Motion+Sympathetic Arsenal,1298815317
2246,Berenger's Memory,fallback,Grenade Launcher,Void,0,0,0,0,1,Field Prep,Shield Disorient,1,,,Field Prep+Shield Disorient,407621213
2247,Austringer,fallback,Hand Cannon,Kinetic,0,0,0,1,0,Air Assault,Zen Moment,1,,,Air Assault+Zen Moment,3055790362
2248,Appetence,fallback,Trace Rifle,Stasis,0,0,0,1,0,Slideways,Headstone,1,,,Headstone+Slideways,4153087276
2249,Annual Skate,fallback,Hand Cannon,Solar,0,0,0,0,1,No Distractions,Timed Payload,1,,,No Distractions+Timed Payload,6857689
2250,Zealot's Reward,fallback,Fusion Rifle,Void,0,0,0,1,0,Repulsor Brace,Kickstart,1,,,Kickstart+Repulsor Brace,2720651699
2251,Veleda-F,fallback,Sniper Rifle,Void,0,0,0,0,1,Deconstruct,Opening Shot,1,,,Deconstruct+Opening Shot,4200122994
2252,Vantage Point,fallback,Pulse Rifle,Arc,0,0,0,0,1,Deconstruct,Desperado,1,,,Deconstruct+Desperado,3830941962
2253,Under Your Skin,fallback,Combat Bow,Void,0,0,0,1,0,Archer's Tempo,Adaptive Munitions,1,,,Adaptive Munitions+Archer's Tempo,232928045
2254,Tyranny of Heaven,fallback,Combat Bow,Solar,0,0,0,1,0,Meganeura,Swashbuckler,1,,,Meganeura+Swashbuckler,3388655311
2255,Trustee,fallback,Scout Rifle,Solar,0,0,0,1,0,Surplus,Burning Ambition,1,,,Burning Ambition+Surplus,1392919471
2256,Transfiguration,fallback,Scout Rifle,Kinetic,0,0,0,1,0,Keep Away,Ancillary Ordinance,1,,,Ancillary Ordinance+Keep Away,3885259140
2257,Throne-Cleaver,fallback,Sword,Solar,0,0,0,1,0,Duelist's Trance,Pugilist,1,,,Duelist's Trance+Pugilist,3371413059
2258,The Supremacy,fallback,Sniper Rifle,Kinetic,0,0,0,1,0,Lucky Shot,Elemental Capacitor,1,,,Elemental Capacitor+Lucky Shot,2884596447
2259,The Showrunner,fallback,Submachine Gun,Kinetic,0,0,0,0,1,Heating Up,Air Assault,1,,,Air Assault+Heating Up,1999754402
2260,The Eremite,fallback,Fusion Rifle,Solar,0,0,0,1,1,Offhand Strike,Controlled Burst,1,,,Controlled Burst+Offhand Strike,3347946548
2261,The Enigma,fallback,Glaive,Void,0,0,0,1,0,Threat Detector,Unstoppable Force,1,,,Threat Detector+Unstoppable Force,2595497736
2262,The Domino,fallback,Sniper Rifle,Solar,0,0,0,0,1,Pulse Monitor,Mulligan,1,,,Mulligan+Pulse Monitor,2800870005
2263,Techeun Force,fallback,Fusion Rifle,Arc,0,0,0,1,0,Rewind Rounds,Backup Plan,1,,,Backup Plan+Rewind Rounds,3591141932
2264,Tears of Contrition,fallback,Scout Rifle,Kinetic,0,0,0,1,0,Compulsive Reloader,Mulligan,1,,,Compulsive Reloader+Mulligan,1366394399
2265,Targeted Redaction,fallback,Hand Cannon,Void,0,0,0,1,1,Invisible Hand,Keep Away,1,,,Invisible Hand+Keep Away,3890055324
2266,Swarm of the Raven,fallback,Grenade Launcher,Void,0,0,0,0,1,Pulse Monitor,Cascade Point,1,,,Cascade Point+Pulse Monitor,433905699
2267,Suspectum-4fr,fallback,Linear Fusion Rifle,Stasis,0,0,0,0,1,Ensemble,Fourth Time's the Charm,1,,,Ensemble+Fourth Time's the Charm,3615421669
2268,Supercluster,fallback,Shotgun,Strand,0,0,0,1,0,Lead from Gold,Attrition Orbs,1,,,Attrition Orbs+Lead from Gold,92459755
2269,Succession,fallback,Sniper Rifle,Kinetic,0,0,0,1,0,Slideways,Redirection,1,,,Redirection+Slideways,2990047042
2270,Speleologist,fallback,Machine Gun,Solar,0,0,0,1,0,Firmly Planted,Strategist,1,,,Firmly Planted+Strategist,412251536
2271,Scatter Signal,fallback,Fusion Rifle,Strand,0,0,0,1,0,Slice,Controlled Burst,1,,,Controlled Burst+Slice,2558925366
2272,Sailspy Pitchglass,fallback,Linear Fusion Rifle,Arc,0,0,0,1,1,Clown Cartridge,Heating Up,1,,,Clown Cartridge+Heating Up,1184309824
2273,Sacred Provenance,fallback,Pulse Rifle,Kinetic,0,0,0,1,0,Killing Wind,All-Star,1,,,All-Star+Killing Wind,2241507890
2274,Ros Arago IV,fallback,Auto Rifle,Void,0,0,0,0,1,Dynamic Sway Reduction,Under-Over,1,,,Dynamic Sway Reduction+Under-Over,3583275737
2275,Red Herring,fallback,Rocket Launcher,Void,0,0,0,1,0,Cluster Bomb,Golden Tricorn Enhanced,1,,,Cluster Bomb+Golden Tricorn Enhanced,3175851496
2276,Reckless Oracle,fallback,Auto Rifle,Void,0,0,0,1,0,Strategist,Repulsor Brace,1,,,Repulsor Brace+Strategist,1992309064
2277,Qua Furor V,fallback,Machine Gun,Stasis,0,0,0,0,1,Offhand Strike,Elemental Honing,1,,,Elemental Honing+Offhand Strike,751880654
2278,Prophet of Doom,fallback,Shotgun,Arc,0,0,0,1,0,Slideways,Barrel Constrictor,1,,,Barrel Constrictor+Slideways,2145441168
2279,Pro Memoria,fallback,Machine Gun,Strand,0,0,0,1,0,Tear,Frenzy,1,,,Frenzy+Tear,3605603507
2280,Posterity,fallback,Hand Cannon,Arc,0,0,0,1,0,Voltshot,Focused Fury,1,,,Focused Fury+Voltshot,3281285075
2281,Pleiades Corrector,fallback,Scout Rifle,Solar,0,0,0,0,1,Fourth Time's the Charm,Shield Disorient,1,,,Fourth Time's the Charm+Shield Disorient,3556999246
2282,Planck's Stride,fallback,Machine Gun,Arc,0,0,0,1,1,Mulligan,Harmony,1,,,Harmony+Mulligan,820890091
2283,Omniscient Eye,fallback,Sniper Rifle,Solar,0,0,0,1,0,Mulligan,Closing Time,1,,,Closing Time+Mulligan,147444292
2284,Nezarec's Whisper,fallback,Glaive,Arc,0,0,0,1,0,Impulse Amplifier,Adaptive Munitions,1,,,Adaptive Munitions+Impulse Amplifier,254636484
2285,Neoptolemus II,fallback,Combat Bow,Kinetic,0,0,0,0,1,Strategist,Sneak Bow,1,,,Sneak Bow+Strategist,2848549302
2286,Nation of Beasts,fallback,Hand Cannon,Arc,0,0,0,1,0,Gear Shift,Offhand Strike,1,,,Gear Shift+Offhand Strike,70083888
2287,Marsilion-C,fallback,Grenade Launcher,Solar,0,0,0,0,1,Perpetual Motion,Impulse Amplifier,1,,,Impulse Amplifier+Perpetual Motion,867154247
2288,Lodbrok-C,fallback,Auto Rifle,Kinetic,0,0,0,0,1,Osmosis,Adrenaline Junkie,1,,,Adrenaline Junkie+Osmosis,2328531378
2289,Line in the Sand,fallback,Linear Fusion Rifle,Arc,0,0,0,0,1,Rapid Hit,Auto-Loading Holster,1,,,Auto-Loading Holster+Rapid Hit,946443267
2290,Likely Suspect,fallback,Fusion Rifle,Void,0,0,0,1,0,Ensemble,Destabilizing Rounds,1,,,Destabilizing Rounds+Ensemble,1994645182
2291,Lethophobia,fallback,Combat Bow,Void,0,0,0,1,0,Steady Hands,Disruption Break,1,,,Disruption Break+Steady Hands,3710082365
2292,Judgment of Kelgorath,fallback,Glaive,Solar,0,0,0,1,0,Overflow,Impulse Amplifier,1,,,Impulse Amplifier+Overflow,2978226043
2293,Imperial Needle,fallback,Combat Bow,Void,0,0,0,0,1,Archer's Tempo,Sympathetic Arsenal,1,,,Archer's Tempo+Sympathetic Arsenal,3460122497
2294,Imperative,fallback,Scout Rifle,Kinetic,0,0,0,1,0,No Distractions,Attrition Orbs,1,,,Attrition Orbs+No Distractions,2045811635
2295,Ignition Code,fallback,Grenade Launcher,Kinetic,0,0,0,0,1,Slideshot,High Ground,1,,,High Ground+Slideshot,2761869150
2296,Hollow Denial,fallback,Trace Rifle,Void,0,0,0,1,0,Adaptive Munitions,Swashbuckler,1,,,Adaptive Munitions+Swashbuckler,2323544076
2297,Heritage,fallback,Shotgun,Kinetic,0,0,0,1,0,Redirection,Offhand Strike,1,,,Offhand Strike+Redirection,4248569242
2298,Forensic Nightmare,fallback,Submachine Gun,Stasis,0,0,0,1,0,Heating Up,Sword Logic,1,,,Heating Up+Sword Logic,1526296434
2299,Fixed Odds,fallback,Machine Gun,Solar,0,0,0,1,0,Encore,Rangefinder,1,,,Encore+Rangefinder,2194955522
2300,Firefright,fallback,Auto Rifle,Kinetic,0,0,0,1,0,Air Assault,Mulligan,1,,,Air Assault+Mulligan,2778013407
2301,Fire and Forget,fallback,Linear Fusion Rifle,Stasis,0,0,0,1,0,Headstone,Harmony,1,,,Harmony+Headstone,2272041093
2302,Fel Taradiddle,fallback,Combat Bow,Kinetic,0,0,0,1,0,Rangefinder,Adhesive Ordnance,1,,,Adhesive Ordnance+Rangefinder,1399109800
2303,Father's Sins,fallback,Sniper Rifle,Void,0,0,0,1,0,Light Touch,Focused Fury,1,,,Focused Fury+Light Touch,3865728990
2304,Empirical Evidence,fallback,Sidearm,Kinetic,0,0,0,1,0,Enlightened Action,Unrelenting,1,,,Enlightened Action+Unrelenting,2607304614
2305,Distant Tumulus,fallback,Sniper Rifle,Solar,0,0,0,0,1,Clown Cartridge,Outlaw,1,,,Clown Cartridge+Outlaw,2807687156
2306,Deadpan Delivery,fallback,Shotgun,Arc,0,0,0,0,1,Air Assault,Barrel Constrictor,1,,,Air Assault+Barrel Constrictor,1296429091
2307,Crux Termination IV,fallback,Rocket Launcher,Arc,0,0,0,0,1,Permeability,Quickdraw,1,,,Permeability+Quickdraw,1719687748
2308,Cruoris FR4,fallback,Fusion Rifle,Arc,0,0,0,0,1,Recycled Energy,Barrel Constrictor,1,,,Barrel Constrictor+Recycled Energy,891996636
2309,Corrasion,fallback,Pulse Rifle,Arc,0,0,0,1,1,High-Impact Reserves,Focused Fury,1,,,Focused Fury+High-Impact Reserves,2126178511
2310,Controlling Vision,fallback,Sidearm,Kinetic,0,0,0,0,1,Slickdraw,Offhand Strike,1,,,Offhand Strike+Slickdraw,423343404
2311,Commemoration,fallback,Machine Gun,Void,0,0,0,1,0,Well-Rounded,High-Impact Reserves,1,,,High-Impact Reserves+Well-Rounded,4230965989
2312,Come to Pass,fallback,Auto Rifle,Arc,0,0,0,1,0,Trickle Charge,Dragonfly,1,,,Dragonfly+Trickle Charge,927567426
2313,Combined Action,fallback,Hand Cannon,Arc,0,0,0,0,1,No Distractions,Voltshot,1,,,No Distractions+Voltshot,1331824604
2314,Chronophage,fallback,Trace Rifle,Void,0,0,0,1,1,Elemental Capacitor,Desperate Measures,1,,,Desperate Measures+Elemental Capacitor,1886840007
2315,Chattering Bone,fallback,Pulse Rifle,Kinetic,0,0,0,1,0,Stopping Power,Elemental Capacitor,1,,,Elemental Capacitor+Stopping Power,501329015
2316,Blood Feud,fallback,Submachine Gun,Stasis,0,0,0,1,0,Dynamic Sway Reduction,Well-Rounded,1,,,Dynamic Sway Reduction+Well-Rounded,1509167284
2317,Bitter/Sweet,fallback,Grenade Launcher,Arc,0,0,0,0,1,Attrition Orbs,Cascade Point,1,,,Attrition Orbs+Cascade Point,2599338625
2318,Bequest,fallback,Sword,Arc,0,0,0,1,0,Killing Wind,En Garde,1,,,En Garde+Killing Wind,3366545721
2319,Arsenic Bite-4b,fallback,Combat Bow,Arc,0,0,0,0,1,Quickdraw,Archer's Tempo,1,,,Archer's Tempo+Quickdraw,720351795
2320,Apex Predator,fallback,Rocket Launcher,Solar,0,0,0,1,0,Threat Detector,Collective Demolition,1,,,Collective Demolition+Threat Detector,1851777734
2321,Ancient Gospel,fallback,Hand Cannon,Void,0,0,0,1,0,Ensemble,To the Pain,1,,,Ensemble+To the Pain,963574173
2322,Age-Old Bond,fallback,Auto Rifle,Void,0,0,0,1,0,Meganeura,Kill Clip,1,,,Kill Clip+Meganeura,424291879
2323,Adverse Possession IX,fallback,Scout Rifle,Arc,0,0,0,0,1,Overflow,Heating Up,1,,,Heating Up+Overflow,1890332078
2324,Adhortative,fallback,Pulse Rifle,Solar,0,0,0,1,0,Air Assault,Headseeker,1,,,Air Assault+Headseeker,2993554824
2325,Accrued Redemption,fallback,Combat Bow,Kinetic,0,0,0,1,0,Tunnel Vision,Archer's Gambit,1,,,Archer's Gambit+Tunnel Vision,3621336854
2326,Wolftone Draw,fallback,Combat Bow,Arc,0,0,0,0,1,Sneak Bow,Frenzy,1,,,Frenzy+Sneak Bow,3472875143
2327,Without Remorse,fallback,Shotgun,Solar,0,0,0,1,0,Well-Rounded,Fragile Focus,1,,,Fragile Focus+Well-Rounded,1478986057
2328,Warlord's Spear,fallback,Trace Rifle,Arc,0,0,0,0,1,Loose Change,Target Lock,1,,,Loose Change+Target Lock,1968711238
2329,Tripwire Canary,fallback,Combat Bow,Arc,0,0,0,1,0,Sneak Bow,Swashbuckler,1,,,Sneak Bow+Swashbuckler,3849444474
2330,The Vision,fallback,Sidearm,Arc,0,0,0,0,1,Grave Robber,Sympathetic Arsenal,1,,,Grave Robber+Sympathetic Arsenal,2414141462
2331,The Epicurean,fallback,Fusion Rifle,Void,0,0,0,1,0,Well-Rounded,Moving Target,1,,,Moving Target+Well-Rounded,2263839058
2332,Tarnation,fallback,Grenade Launcher,Arc,0,0,0,1,0,Killing Wind,Explosive Light,1,,,Explosive Light+Killing Wind,2721157927
2333,Sovereignty,fallback,Sniper Rifle,Void,0,0,0,0,1,No Distractions,Withering Gaze,1,,,No Distractions+Withering Gaze,3818198556
2334,Scalar Potential,fallback,Pulse Rifle,Arc,0,0,0,1,0,Slickdraw,Under-Over,1,,,Slickdraw+Under-Over,2563668388
2335,Royal Executioner,fallback,Fusion Rifle,Solar,0,0,0,1,0,Slickdraw,Killing Wind,1,,,Killing Wind+Slickdraw,1720503118
2336,Regnant,fallback,Grenade Launcher,Void,0,0,0,1,0,Repulsor Brace,Pugilist,1,,,Pugilist+Repulsor Brace,268260372
2337,Raconteur,fallback,Combat Bow,Stasis,0,0,0,1,0,Wellspring,Gutshot Straight,1,,,Gutshot Straight+Wellspring,45643573
2338,Prodigal Return,fallback,Grenade Launcher,Arc,0,0,0,1,0,Turnabout,Danger Zone,1,,,Danger Zone+Turnabout,268260373
2339,Pizzicato-22,fallback,Submachine Gun,Kinetic,0,0,0,0,1,Mulligan,Swashbuckler,1,,,Mulligan+Swashbuckler,4100775158
2340,Optative,fallback,Hand Cannon,Void,0,0,0,1,0,Repulsor Brace,Under-Over,1,,,Repulsor Brace+Under-Over,2817683783
2341,Noxious Vetiver,fallback,Submachine Gun,Arc,0,0,0,0,1,Unrelenting,Redirection,1,,,Redirection+Unrelenting,825495813
2342,Marcato-45,fallback,Machine Gun,Strand,0,0,0,0,1,Slice,Under-Over,1,,,Slice+Under-Over,4233375372
2343,Legato-11,fallback,Shotgun,Solar,0,0,0,0,1,Deconstruct,Incandescent,1,,,Deconstruct+Incandescent,3753063346
2344,Fioritura-59,fallback,Sidearm,Void,0,0,0,0,1,Killing Wind,Repulsor Brace,1,,,Killing Wind+Repulsor Brace,2566006935
2345,Faith-Keeper,fallback,Rocket Launcher,Void,0,0,0,1,1,Repulsor Brace,Explosive Light,1,,,Explosive Light+Repulsor Brace,4195186942
2346,Enyo-D,fallback,Submachine Gun,Kinetic,0,0,0,0,1,Encore,Multikill Clip,1,,,Encore+Multikill Clip,1601177201
2347,Doomed Petitioner,fallback,Linear Fusion Rifle,Void,0,0,0,1,0,Threat Detector,Deconstruct,1,,,Deconstruct+Threat Detector,1501688142
2348,Dire Promise,fallback,Hand Cannon,Kinetic,0,0,0,0,1,Triple Tap,Osmosis,1,,,Osmosis+Triple Tap,2742838701
2349,Coronach-22,fallback,Auto Rifle,Solar,0,0,0,0,1,Shot Swap,Incandescent,1,,,Incandescent+Shot Swap,355382946
2350,Caretaker,fallback,Sword,Solar,0,0,0,1,0,Duelist's Trance,Incandescent,1,,,Duelist's Trance+Incandescent,2508948099
2351,CALUS Mini-Tool,fallback,Submachine Gun,Solar,0,0,0,1,0,Air Assault,Disruption Break,1,,,Air Assault+Disruption Break,2490988246
2352,Brigand's Law,fallback,Sidearm,Arc,0,0,0,1,1,Empty Traits Socket,Sympathetic Arsenal,1,,,Empty Traits Socket+Sympathetic Arsenal,1298815317
2353,Battle Scar,fallback,Pulse Rifle,Kinetic,0,0,0,0,1,Shot Swap,Osmosis,1,,,Osmosis+Shot Swap,2099894368
2354,Appetence,fallback,Trace Rifle,Stasis,0,0,0,1,0,Loose Change,Killing Tally,1,,,Killing Tally+Loose Change,4153087276
2355,Zealot's Reward,fallback,Fusion Rifle,Void,0,0,0,1,0,Lead from Gold,Dimensional Shift,1,,,Dimensional Shift+Lead from Gold,2720651699
2356,Veleda-F,fallback,Sniper Rifle,Void,0,0,0,0,1,Deconstruct,Firing Line,1,,,Deconstruct+Firing Line,4200122994
2357,Tyranny of Heaven,fallback,Combat Bow,Solar,0,0,0,1,0,Meganeura,One for All,1,,,Meganeura+One for All,3388655311
2358,Trustee,fallback,Scout Rifle,Solar,0,0,0,1,0,Reconstruction,Sympathetic Arsenal,1,,,Reconstruction+Sympathetic Arsenal,1392919471
2359,Transfiguration,fallback,Scout Rifle,Kinetic,0,0,0,1,0,Discord,Ancillary Ordinance,1,,,Ancillary Ordinance+Discord,3885259140
2360,The Supremacy,fallback,Sniper Rifle,Kinetic,0,0,0,1,0,Lucky Shot,Bewildering Burst,1,,,Bewildering Burst+Lucky Shot,2884596447
2361,The Showrunner,fallback,Submachine Gun,Kinetic,0,0,0,0,1,Grave Robber,Kinetic Tremors,1,,,Grave Robber+Kinetic Tremors,1999754402
2362,The Eremite,fallback,Fusion Rifle,Solar,0,0,0,1,1,Heal Clip,Pugilist,1,,,Heal Clip+Pugilist,3347946548
2363,The Enigma,fallback,Glaive,Void,0,0,0,1,0,Threat Detector,Proximity Power,1,,,Proximity Power+Threat Detector,2595497736
2364,The Domino,fallback,Sniper Rifle,Solar,0,0,0,0,1,Pulse Monitor,Incandescent,1,,,Incandescent+Pulse Monitor,2800870005
2365,Techeun Force,fallback,Fusion Rifle,Arc,0,0,0,1,0,Reconstruction,Rangefinder,1,,,Rangefinder+Reconstruction,3591141932
2366,Tears of Contrition,fallback,Scout Rifle,Kinetic,0,0,0,1,0,Auto-Loading Holster,Mulligan,1,,,Auto-Loading Holster+Mulligan,1366394399
2367,Targeted Redaction,fallback,Hand Cannon,Void,0,0,0,1,1,Invisible Hand,Explosive Payload,1,,,Explosive Payload+Invisible Hand,3890055324
2368,Swarm of the Raven,fallback,Grenade Launcher,Void,0,0,0,0,1,Field Prep,Genesis,1,,,Field Prep+Genesis,433905699
2369,Suspectum-4fr,fallback,Linear Fusion Rifle,Stasis,0,0,0,0,1,Enlightened Action,Fourth Time's the Charm,1,,,Enlightened Action+Fourth Time's the Charm,3615421669
2370,Supercluster,fallback,Shotgun,Strand,0,0,0,1,0,Fourth Time's the Charm,Fragile Focus,1,,,Fourth Time's the Charm+Fragile Focus,92459755
2371,Succession,fallback,Sniper Rifle,Kinetic,0,0,0,1,0,Slideways,Recombination,1,,,Recombination+Slideways,2990047042
2372,Scatter Signal,fallback,Fusion Rifle,Strand,0,0,0,1,0,Perpetual Motion,Attrition Orbs,1,,,Attrition Orbs+Perpetual Motion,2558925366
2373,Sacred Provenance,fallback,Pulse Rifle,Kinetic,0,0,0,1,0,Heating Up,All-Star,1,,,All-Star+Heating Up,2241507890
2374,Red Herring,fallback,Rocket Launcher,Void,0,0,0,1,0,Cluster Bomb,Golden Tricorn,1,,,Cluster Bomb+Golden Tricorn,3175851496
2375,Reckless Oracle,fallback,Auto Rifle,Void,0,0,0,1,0,Strategist,Paracausal Affinity,1,,,Paracausal Affinity+Strategist,1992309064
2376,Prophet of Doom,fallback,Shotgun,Arc,0,0,0,1,0,Reconstruction,Trench Barrel,1,,,Reconstruction+Trench Barrel,2145441168
2377,Pro Memoria,fallback,Machine Gun,Strand,0,0,0,1,0,Tear,Bait and Switch,1,,,Bait and Switch+Tear,3605603507
2378,Posterity,fallback,Hand Cannon,Arc,0,0,0,1,0,Trickle Charge,Unrelenting,1,,,Trickle Charge+Unrelenting,3281285075
2379,Omniscient Eye,fallback,Sniper Rifle,Solar,0,0,0,1,0,Mulligan,Burning Ambition,1,,,Burning Ambition+Mulligan,147444292
2380,Nezarec's Whisper,fallback,Glaive,Arc,0,0,0,1,0,Compulsive Reloader,Unstoppable Force,1,,,Compulsive Reloader+Unstoppable Force,254636484
2381,Neoptolemus II,fallback,Combat Bow,Kinetic,0,0,0,0,1,Strategist,Perfect Float,1,,,Perfect Float+Strategist,2848549302
2382,Nation of Beasts,fallback,Hand Cannon,Arc,0,0,0,1,0,Gear Shift,Kill Clip,1,,,Gear Shift+Kill Clip,70083888
2383,Marsilion-C,fallback,Grenade Launcher,Solar,0,0,0,0,1,Field Prep,Impulse Amplifier,1,,,Field Prep+Impulse Amplifier,867154247
2384,Lodbrok-C,fallback,Auto Rifle,Kinetic,0,0,0,0,1,Fragile Focus,Tap the Trigger,1,,,Fragile Focus+Tap the Trigger,2328531378
2385,Line in the Sand,fallback,Linear Fusion Rifle,Arc,0,0,0,0,1,Rangefinder,Firing Line,1,,,Firing Line+Rangefinder,946443267
2386,Likely Suspect,fallback,Fusion Rifle,Void,0,0,0,1,0,Dimensional Shift,Wellspring,1,,,Dimensional Shift+Wellspring,1994645182
2387,Lethophobia,fallback,Combat Bow,Void,0,0,0,1,0,Steady Hands,Deconstruct,1,,,Deconstruct+Steady Hands,3710082365
2388,Judgment of Kelgorath,fallback,Glaive,Solar,0,0,0,1,0,Immovable Object,Impulse Amplifier,1,,,Immovable Object+Impulse Amplifier,2978226043
2389,Ignition Code,fallback,Grenade Launcher,Kinetic,0,0,0,0,1,Permeability,Vorpal Weapon,1,,,Permeability+Vorpal Weapon,2761869150
2390,Heritage,fallback,Shotgun,Kinetic,0,0,0,1,0,Redirection,Cascade Point,1,,,Cascade Point+Redirection,4248569242
2391,Forensic Nightmare,fallback,Submachine Gun,Stasis,0,0,0,1,0,Grave Robber,Crystalline Corpsebloom,1,,,Crystalline Corpsebloom+Grave Robber,1526296434
2392,Fixed Odds,fallback,Machine Gun,Solar,0,0,0,1,0,Encore,Killing Tally,1,,,Encore+Killing Tally,2194955522
2393,Fel Taradiddle,fallback,Combat Bow,Kinetic,0,0,0,1,0,Perpetual Motion,Adhesive Ordnance,1,,,Adhesive Ordnance+Perpetual Motion,1399109800
2394,Father's Sins,fallback,Sniper Rifle,Void,0,0,0,1,0,Light Touch,Eye of the Storm,1,,,Eye of the Storm+Light Touch,3865728990
2395,Empirical Evidence,fallback,Sidearm,Kinetic,0,0,0,1,0,Enlightened Action,Thresh,1,,,Enlightened Action+Thresh,2607304614
2396,Crux Termination IV,fallback,Rocket Launcher,Arc,0,0,0,0,1,Permeability,Explosive Light,1,,,Explosive Light+Permeability,1719687748
2397,Cruoris FR4,fallback,Fusion Rifle,Arc,0,0,0,0,1,Eddy Current,Successful Warm-Up,1,,,Eddy Current+Successful Warm-Up,891996636
2398,Corrasion,fallback,Pulse Rifle,Arc,0,0,0,1,1,Air Trigger,High Ground,1,,,Air Trigger+High Ground,2126178511
2399,Controlling Vision,fallback,Sidearm,Kinetic,0,0,0,0,1,Fragile Focus,Under Pressure,1,,,Fragile Focus+Under Pressure,423343404
2400,Commemoration,fallback,Machine Gun,Void,0,0,0,1,0,Well-Rounded,Firing Line,1,,,Firing Line+Well-Rounded,4230965989
2401,Come to Pass,fallback,Auto Rifle,Arc,0,0,0,1,0,Trickle Charge,Adaptive Munitions,1,,,Adaptive Munitions+Trickle Charge,927567426
2402,Combined Action,fallback,Hand Cannon,Arc,0,0,0,0,1,No Distractions,Offhand Strike,1,,,No Distractions+Offhand Strike,1331824604
2403,Chronophage,fallback,Trace Rifle,Void,0,0,0,1,1,Auto-Loading Holster,Desperate Measures,1,,,Auto-Loading Holster+Desperate Measures,1886840007
2404,Chattering Bone,fallback,Pulse Rifle,Kinetic,0,0,0,1,0,Slideways,Lone Wolf,1,,,Lone Wolf+Slideways,501329015
2405,Blood Feud,fallback,Submachine Gun,Stasis,0,0,0,1,0,Ambitious Assassin,Well-Rounded,1,,,Ambitious Assassin+Well-Rounded,1509167284
2406,Bequest,fallback,Sword,Arc,0,0,0,1,0,Killing Wind,Assassin's Blade,1,,,Assassin's Blade+Killing Wind,3366545721
2407,Arsenic Bite-4b,fallback,Combat Bow,Arc,0,0,0,0,1,Moving Target,Sneak Bow,1,,,Moving Target+Sneak Bow,720351795
2408,Apex Predator,fallback,Rocket Launcher,Solar,0,0,0,1,0,Threat Detector,Bipod,1,,,Bipod+Threat Detector,1851777734
2409,Ancient Gospel,fallback,Hand Cannon,Void,0,0,0,1,0,Ensemble,Demoralize,1,,,Demoralize+Ensemble,963574173
2410,Age-Old Bond,fallback,Auto Rifle,Void,0,0,0,1,0,Meganeura,Harmony,1,,,Harmony+Meganeura,424291879
2411,Adverse Possession IX,fallback,Scout Rifle,Arc,0,0,0,0,1,Elemental Capacitor,Wellspring,1,,,Elemental Capacitor+Wellspring,1890332078
2412,Adhortative,fallback,Pulse Rifle,Solar,0,0,0,1,0,Air Assault,Deconstruct,1,,,Air Assault+Deconstruct,2993554824
2413,Accrued Redemption,fallback,Combat Bow,Kinetic,0,0,0,1,0,To the Pain,Archer's Gambit,1,,,Archer's Gambit+To the Pain,3621336854
2414,Wolftone Draw,fallback,Combat Bow,Arc,0,0,0,0,1,Impulse Amplifier,Cornered,1,,,Cornered+Impulse Amplifier,3472875143
2415,Warlord's Spear,fallback,Trace Rifle,Arc,0,0,0,0,1,Envious Assassin,Fourth Time's the Charm,1,,,Envious Assassin+Fourth Time's the Charm,1968711238
2416,Vantage Point,fallback,Pulse Rifle,Arc,0,0,0,0,1,To the Pain,Jolting Feedback,1,,,Jolting Feedback+To the Pain,3830941962
2417,Under Your Skin,fallback,Combat Bow,Void,0,0,0,1,0,Tunnel Vision,Explosive Head,1,,,Explosive Head+Tunnel Vision,232928045
2418,Tripwire Canary,fallback,Combat Bow,Arc,0,0,0,1,0,Slickdraw,Explosive Head,1,,,Explosive Head+Slickdraw,3849444474
2419,The Epicurean,fallback,Fusion Rifle,Void,0,0,0,1,0,Empty Traits Socket,Backup Plan,1,,,Backup Plan+Empty Traits Socket,2263839058
2420,Tarnation,fallback,Grenade Launcher,Arc,0,0,0,1,0,Envious Assassin,Danger Zone,1,,,Danger Zone+Envious Assassin,2721157927
2421,Speleologist,fallback,Machine Gun,Solar,0,0,0,1,0,Empty Traits Socket,Killing Tally,1,,,Empty Traits Socket+Killing Tally,412251536
2422,Sovereignty,fallback,Sniper Rifle,Void,0,0,0,0,1,Enlightened Action,Box Breathing,1,,,Box Breathing+Enlightened Action,3818198556
2423,Scalar Potential,fallback,Pulse Rifle,Arc,0,0,0,1,0,Slickdraw,Attrition Orbs,1,,,Attrition Orbs+Slickdraw,2563668388
2424,Sailspy Pitchglass,fallback,Linear Fusion Rifle,Arc,0,0,0,1,1,Compulsive Reloader,Heating Up,1,,,Compulsive Reloader+Heating Up,1184309824
2425,Ros Arago IV,fallback,Auto Rifle,Void,0,0,0,0,1,Repulsor Brace,Deconstruct,1,,,Deconstruct+Repulsor Brace,3583275737
2426,Raconteur,fallback,Combat Bow,Stasis,0,0,0,1,0,Wellspring,Explosive Head,1,,,Explosive Head+Wellspring,45643573
2427,Prodigal Return,fallback,Grenade Launcher,Arc,0,0,0,1,0,Thresh,Rampage,1,,,Rampage+Thresh,268260373
2428,Pleiades Corrector,fallback,Scout Rifle,Solar,0,0,0,0,1,Outlaw,Sympathetic Arsenal,1,,,Outlaw+Sympathetic Arsenal,3556999246
2429,Planck's Stride,fallback,Machine Gun,Arc,0,0,0,1,1,Mulligan,Pugilist,1,,,Mulligan+Pugilist,820890091
2430,Pizzicato-22,fallback,Submachine Gun,Kinetic,0,0,0,0,1,Fragile Focus,Rangefinder,1,,,Fragile Focus+Rangefinder,4100775158
2431,Optative,fallback,Hand Cannon,Void,0,0,0,1,0,Rapid Hit,Deconstruct,1,,,Deconstruct+Rapid Hit,2817683783
2432,Noxious Vetiver,fallback,Submachine Gun,Arc,0,0,0,0,1,Thresh,Redirection,1,,,Redirection+Thresh,825495813
2433,Marcato-45,fallback,Machine Gun,Strand,0,0,0,0,1,Slice,Adagio,1,,,Adagio+Slice,4233375372
2434,Legato-11,fallback,Shotgun,Solar,0,0,0,0,1,Deconstruct,Focused Fury,1,,,Deconstruct+Focused Fury,3753063346
2435,Imperial Needle,fallback,Combat Bow,Void,0,0,0,0,1,Archer's Tempo,Thresh,1,,,Archer's Tempo+Thresh,3460122497
2436,Imperative,fallback,Scout Rifle,Kinetic,0,0,0,1,0,Well-Rounded,Kinetic Tremors,1,,,Kinetic Tremors+Well-Rounded,2045811635
2437,Hollow Denial,fallback,Trace Rifle,Void,0,0,0,1,0,Well-Rounded,Killing Tally,1,,,Killing Tally+Well-Rounded,2323544076
2438,Firefright,fallback,Auto Rifle,Kinetic,0,0,0,1,0,Well-Rounded,Mulligan,1,,,Mulligan+Well-Rounded,2778013407
2439,Fire and Forget,fallback,Linear Fusion Rifle,Stasis,0,0,0,1,0,Perfect Float,High-Impact Reserves,1,,,High-Impact Reserves+Perfect Float,2272041093
2440,Doomed Petitioner,fallback,Linear Fusion Rifle,Void,0,0,0,1,0,Permeability,Surrounded,1,,,Permeability+Surrounded,1501688142
2441,Distant Tumulus,fallback,Sniper Rifle,Solar,0,0,0,0,1,Dragonfly,Firing Line,1,,,Dragonfly+Firing Line,2807687156
2442,Dire Promise,fallback,Hand Cannon,Kinetic,0,0,0,0,1,Auto-Loading Holster,Under Pressure,1,,,Auto-Loading Holster+Under Pressure,2742838701
2443,Deadpan Delivery,fallback,Shotgun,Arc,0,0,0,0,1,Discord,Barrel Constrictor,1,,,Barrel Constrictor+Discord,1296429091
2444,Coronach-22,fallback,Auto Rifle,Solar,0,0,0,0,1,Perfect Float,Under-Over,1,,,Perfect Float+Under-Over,355382946
2445,Battle Scar,fallback,Pulse Rifle,Kinetic,0,0,0,0,1,Perfect Float,Kinetic Tremors,1,,,Kinetic Tremors+Perfect Float,2099894368
2446,Appetence,fallback,Trace Rifle,Stasis,0,0,0,1,0,Empty Traits Socket,Deconstruct,1,,,Deconstruct+Empty Traits Socket,4153087276
2447,Zealot's Reward,fallback,Fusion Rifle,Void,0,0,0,1,0,Feeding Frenzy,Dimensional Shift,1,,,Dimensional Shift+Feeding Frenzy,2720651699
2448,Veleda-F,fallback,Sniper Rifle,Void,0,0,0,0,1,Air Trigger,Withering Gaze,1,,,Air Trigger+Withering Gaze,4200122994
2449,Tyranny of Heaven,fallback,Combat Bow,Solar,0,0,0,1,0,Meganeura,Incandescent,1,,,Incandescent+Meganeura,3388655311
2450,Trustee,fallback,Scout Rifle,Solar,0,0,0,1,0,Reconstruction,Burning Ambition,1,,,Burning Ambition+Reconstruction,1392919471
2451,Transfiguration,fallback,Scout Rifle,Kinetic,0,0,0,1,0,Demolitionist,Ancillary Ordinance,1,,,Ancillary Ordinance+Demolitionist,3885259140
2452,The Supremacy,fallback,Sniper Rifle,Kinetic,0,0,0,1,0,Lead from Gold,Kinetic Tremors,1,,,Kinetic Tremors+Lead from Gold,2884596447
2453,The Showrunner,fallback,Submachine Gun,Kinetic,0,0,0,0,1,Grave Robber,Fragile Focus,1,,,Fragile Focus+Grave Robber,1999754402
2454,The Eremite,fallback,Fusion Rifle,Solar,0,0,0,1,1,Heal Clip,Elemental Capacitor,1,,,Elemental Capacitor+Heal Clip,3347946548
2455,The Enigma,fallback,Glaive,Void,0,0,0,1,0,Threat Detector,Close to Melee,1,,,Close to Melee+Threat Detector,2595497736
2456,The Domino,fallback,Sniper Rifle,Solar,0,0,0,0,1,Overflow,Mulligan,1,,,Mulligan+Overflow,2800870005
2457,Techeun Force,fallback,Fusion Rifle,Arc,0,0,0,1,0,Reconstruction,Backup Plan,1,,,Backup Plan+Reconstruction,3591141932
2458,Tears of Contrition,fallback,Scout Rifle,Kinetic,0,0,0,1,0,Auto-Loading Holster,Fourth Time's the Charm,1,,,Auto-Loading Holster+Fourth Time's the Charm,1366394399
2459,Targeted Redaction,fallback,Hand Cannon,Void,0,0,0,1,1,Envious Assassin,Keep Away,1,,,Envious Assassin+Keep Away,3890055324
2460,Swarm of the Raven,fallback,Grenade Launcher,Void,0,0,0,0,1,Field Prep,Envious Assassin,1,,,Envious Assassin+Field Prep,433905699
2461,Suspectum-4fr,fallback,Linear Fusion Rifle,Stasis,0,0,0,0,1,Backup Plan,Precision Instrument,1,,,Backup Plan+Precision Instrument,3615421669
2462,Succession,fallback,Sniper Rifle,Kinetic,0,0,0,1,0,Slideways,Elemental Honing,1,,,Elemental Honing+Slideways,2990047042
2463,Scatter Signal,fallback,Fusion Rifle,Strand,0,0,0,1,0,Overflow,Kickstart,1,,,Kickstart+Overflow,2558925366
2464,Sacred Provenance,fallback,Pulse Rifle,Kinetic,0,0,0,1,0,Empty Traits Socket,All-Star,1,,,All-Star+Empty Traits Socket,2241507890
2465,Red Herring,fallback,Rocket Launcher,Void,0,0,0,1,0,Cluster Bomb,Adrenaline Junkie,1,,,Adrenaline Junkie+Cluster Bomb,3175851496
2466,Reckless Oracle,fallback,Auto Rifle,Void,0,0,0,1,0,Light Touch,Repulsor Brace,1,,,Light Touch+Repulsor Brace,1992309064
2467,Prophet of Doom,fallback,Shotgun,Arc,0,0,0,1,0,Reconstruction,One-Two Punch,1,,,One-Two Punch+Reconstruction,2145441168
2468,Pro Memoria,fallback,Machine Gun,Strand,0,0,0,1,0,Strategist,Tap the Trigger,1,,,Strategist+Tap the Trigger,3605603507
2469,Posterity,fallback,Hand Cannon,Arc,0,0,0,1,0,Trickle Charge,Pugilist,1,,,Pugilist+Trickle Charge,3281285075
2470,Omniscient Eye,fallback,Sniper Rifle,Solar,0,0,0,1,0,Mulligan,Box Breathing,1,,,Box Breathing+Mulligan,147444292
2471,Neoptolemus II,fallback,Combat Bow,Kinetic,0,0,0,0,1,Strategist,Lone Wolf,1,,,Lone Wolf+Strategist,2848549302
2472,Nation of Beasts,fallback,Hand Cannon,Arc,0,0,0,1,0,Gear Shift,Jolting Feedback,1,,,Gear Shift+Jolting Feedback,70083888
2473,Lodbrok-C,fallback,Auto Rifle,Kinetic,0,0,0,0,1,Fragile Focus,Adrenaline Junkie,1,,,Adrenaline Junkie+Fragile Focus,2328531378
2474,Line in the Sand,fallback,Linear Fusion Rifle,Arc,0,0,0,0,1,Rangefinder,Backup Plan,1,,,Backup Plan+Rangefinder,946443267
2475,Likely Suspect,fallback,Fusion Rifle,Void,0,0,0,1,0,Dimensional Shift,Turnabout,1,,,Dimensional Shift+Turnabout,1994645182
2476,Lethophobia,fallback,Combat Bow,Void,0,0,0,1,0,Steady Hands,Attrition Orbs,1,,,Attrition Orbs+Steady Hands,3710082365
2477,Judgment of Kelgorath,fallback,Glaive,Solar,0,0,0,1,0,Immovable Object,Harmony,1,,,Harmony+Immovable Object,2978226043
2478,Ignition Code,fallback,Grenade Launcher,Kinetic,0,0,0,0,1,Permeability,Strategist,1,,,Permeability+Strategist,2761869150
2479,Heritage,fallback,Shotgun,Kinetic,0,0,0,1,0,Reconstruction,Killing Wind,1,,,Killing Wind+Reconstruction,4248569242
2480,Forensic Nightmare,fallback,Submachine Gun,Stasis,0,0,0,1,0,Encore,Crystalline Corpsebloom,1,,,Crystalline Corpsebloom+Encore,1526296434
2481,Fel Taradiddle,fallback,Combat Bow,Kinetic,0,0,0,1,0,Killing Wind,Adhesive Ordnance,1,,,Adhesive Ordnance+Killing Wind,1399109800
2482,Father's Sins,fallback,Sniper Rifle,Void,0,0,0,1,0,Field Prep,Withering Gaze,1,,,Field Prep+Withering Gaze,3865728990
2483,Empirical Evidence,fallback,Sidearm,Kinetic,0,0,0,1,0,Compulsive Reloader,Kinetic Tremors,1,,,Compulsive Reloader+Kinetic Tremors,2607304614
2484,Crux Termination IV,fallback,Rocket Launcher,Arc,0,0,0,0,1,Permeability,Demolitionist,1,,,Demolitionist+Permeability,1719687748
2485,Cruoris FR4,fallback,Fusion Rifle,Arc,0,0,0,0,1,Eddy Current,Kickstart,1,,,Eddy Current+Kickstart,891996636
2486,Controlling Vision,fallback,Sidearm,Kinetic,0,0,0,0,1,Encore,Under Pressure,1,,,Encore+Under Pressure,423343404
2487,Commemoration,fallback,Machine Gun,Void,0,0,0,1,0,Reconstruction,Under Pressure,1,,,Reconstruction+Under Pressure,4230965989
2488,Come to Pass,fallback,Auto Rifle,Arc,0,0,0,1,0,Supercharged Magazine,Wellspring,1,,,Supercharged Magazine+Wellspring,927567426
2489,Combined Action,fallback,Hand Cannon,Arc,0,0,0,0,1,No Distractions,Air Assault,1,,,Air Assault+No Distractions,1331824604
2490,Chattering Bone,fallback,Pulse Rifle,Kinetic,0,0,0,1,0,Slideways,Bewildering Burst,1,,,Bewildering Burst+Slideways,501329015
2491,Bequest,fallback,Sword,Arc,0,0,0,1,0,Jolting Feedback,Vorpal Weapon,1,,,Jolting Feedback+Vorpal Weapon,3366545721
2492,Arsenic Bite-4b,fallback,Combat Bow,Arc,0,0,0,0,1,Hip-Fire Grip,Sneak Bow,1,,,Hip-Fire Grip+Sneak Bow,720351795
2493,Apex Predator,fallback,Rocket Launcher,Solar,0,0,0,1,0,Slideways,Collective Demolition,1,,,Collective Demolition+Slideways,1851777734
2494,Ancient Gospel,fallback,Hand Cannon,Void,0,0,0,1,0,Ensemble,Closing Time,1,,,Closing Time+Ensemble,963574173
2495,Age-Old Bond,fallback,Auto Rifle,Void,0,0,0,1,0,Meganeura,Focused Fury,1,,,Focused Fury+Meganeura,424291879
2496,Adverse Possession IX,fallback,Scout Rifle,Arc,0,0,0,0,1,Elemental Capacitor,Sympathetic Arsenal,1,,,Elemental Capacitor+Sympathetic Arsenal,1890332078
2497,Accrued Redemption,fallback,Combat Bow,Kinetic,0,0,0,1,0,Offhand Strike,Firefly,1,,,Firefly+Offhand Strike,3621336854
2498,Vantage Point,fallback,Pulse Rifle,Arc,0,0,0,0,1,Stats for All,Desperado,1,,,Desperado+Stats for All,3830941962
2499,Under Your Skin,fallback,Combat Bow,Void,0,0,0,1,0,Empty Traits Socket,Explosive Head,1,,,Empty Traits Socket+Explosive Head,232928045
2500,Tripwire Canary,fallback,Combat Bow,Arc,0,0,0,1,0,Shot Swap,Successful Warm-Up,1,,,Shot Swap+Successful Warm-Up,3849444474
2501,Scalar Potential,fallback,Pulse Rifle,Arc,0,0,0,1,0,Permeability,Under-Over,1,,,Permeability+Under-Over,2563668388
2502,Ros Arago IV,fallback,Auto Rifle,Void,0,0,0,0,1,Permeability,Golden Tricorn Enhanced,1,,,Golden Tricorn Enhanced+Permeability,3583275737
2503,Raconteur,fallback,Combat Bow,Stasis,0,0,0,1,0,Stats for All,Explosive Head,1,,,Explosive Head+Stats for All,45643573
2504,Prodigal Return,fallback,Grenade Launcher,Arc,0,0,0,1,0,Envious Assassin,Voltshot,1,,,Envious Assassin+Voltshot,268260373
2505,Planck's Stride,fallback,Machine Gun,Arc,0,0,0,1,1,Mulligan,Empty Traits Socket,1,,,Empty Traits Socket+Mulligan,820890091
2506,Optative,fallback,Hand Cannon,Void,0,0,0,1,0,Permeability,Golden Tricorn,1,,,Golden Tricorn+Permeability,2817683783
2507,Noxious Vetiver,fallback,Submachine Gun,Arc,0,0,0,0,1,Pugilist,Redirection,1,,,Pugilist+Redirection,825495813
2508,Nezarec's Whisper,fallback,Glaive,Arc,0,0,0,1,0,Tilting at Windmills,Frenzy,1,,,Frenzy+Tilting at Windmills,254636484
2509,Marsilion-C,fallback,Grenade Launcher,Solar,0,0,0,0,1,Turnabout,Impulse Amplifier,1,,,Impulse Amplifier+Turnabout,867154247
2510,Legato-11,fallback,Shotgun,Solar,0,0,0,0,1,Deconstruct,Closing Time,1,,,Closing Time+Deconstruct,3753063346
2511,Imperative,fallback,Scout Rifle,Kinetic,0,0,0,1,0,Empty Traits Socket,Osmosis,1,,,Empty Traits Socket+Osmosis,2045811635
2512,Hollow Denial,fallback,Trace Rifle,Void,0,0,0,1,0,Surplus,Killing Tally,1,,,Killing Tally+Surplus,2323544076
2513,Fixed Odds,fallback,Machine Gun,Solar,0,0,0,1,0,No Distractions,Killing Tally,1,,,Killing Tally+No Distractions,2194955522
2514,Doomed Petitioner,fallback,Linear Fusion Rifle,Void,0,0,0,1,0,Permeability,Deconstruct,1,,,Deconstruct+Permeability,1501688142
2515,Corrasion,fallback,Pulse Rifle,Arc,0,0,0,1,1,Air Trigger,Focused Fury,1,,,Air Trigger+Focused Fury,2126178511
2516,Adhortative,fallback,Pulse Rifle,Solar,0,0,0,1,0,Loose Change,Headseeker,1,,,Headseeker+Loose Change,2993554824
2517,Zealot's Reward,fallback,Fusion Rifle,Void,0,0,0,1,0,Destabilizing Rounds,Reservoir Burst,1,,,Destabilizing Rounds+Reservoir Burst,2720651699
2518,Veleda-F,fallback,Sniper Rifle,Void,0,0,0,0,1,Air Trigger,Firing Line,1,,,Air Trigger+Firing Line,4200122994
2519,Tyranny of Heaven,fallback,Combat Bow,Solar,0,0,0,1,0,Meganeura,Frenzy,1,,,Frenzy+Meganeura,3388655311
2520,Trustee,fallback,Scout Rifle,Solar,0,0,0,1,0,Rapid Hit,Sympathetic Arsenal,1,,,Rapid Hit+Sympathetic Arsenal,1392919471
2521,Transfiguration,fallback,Scout Rifle,Kinetic,0,0,0,1,0,Collective Demolition,Moving Target,1,,,Collective Demolition+Moving Target,3885259140
2522,The Supremacy,fallback,Sniper Rifle,Kinetic,0,0,0,1,0,Lead from Gold,Bewildering Burst,1,,,Bewildering Burst+Lead from Gold,2884596447
2523,The Showrunner,fallback,Submachine Gun,Kinetic,0,0,0,0,1,Grave Robber,Air Assault,1,,,Air Assault+Grave Robber,1999754402
2524,The Eremite,fallback,Fusion Rifle,Solar,0,0,0,1,1,Heal Clip,Cornered,1,,,Cornered+Heal Clip,3347946548
2525,The Enigma,fallback,Glaive,Void,0,0,0,1,0,Subsistence,Unstoppable Force,1,,,Subsistence+Unstoppable Force,2595497736
2526,Techeun Force,fallback,Fusion Rifle,Arc,0,0,0,1,0,Kill Clip,Golden Tricorn Enhanced,1,,,Golden Tricorn Enhanced+Kill Clip,3591141932
2527,Swarm of the Raven,fallback,Grenade Launcher,Void,0,0,0,0,1,Field Prep,Adagio,1,,,Adagio+Field Prep,433905699
2528,Suspectum-4fr,fallback,Linear Fusion Rifle,Stasis,0,0,0,0,1,Backup Plan,High Ground,1,,,Backup Plan+High Ground,3615421669
2529,Succession,fallback,Sniper Rifle,Kinetic,0,0,0,1,0,Slideways,Box Breathing,1,,,Box Breathing+Slideways,2990047042
2530,Scatter Signal,fallback,Fusion Rifle,Strand,0,0,0,1,0,Enlightened Action,Kickstart,1,,,Enlightened Action+Kickstart,2558925366
2531,Reckless Oracle,fallback,Auto Rifle,Void,0,0,0,1,0,Light Touch,Demoralize,1,,,Demoralize+Light Touch,1992309064
2532,Prophet of Doom,fallback,Shotgun,Arc,0,0,0,1,0,Reconstruction,Barrel Constrictor,1,,,Barrel Constrictor+Reconstruction,2145441168
2533,Pro Memoria,fallback,Machine Gun,Strand,0,0,0,1,0,Strategist,Mega Kill Clip,1,,,Mega Kill Clip+Strategist,3605603507
2534,Posterity,fallback,Hand Cannon,Arc,0,0,0,1,0,Trickle Charge,Focused Fury,1,,,Focused Fury+Trickle Charge,3281285075
2535,Omniscient Eye,fallback,Sniper Rifle,Solar,0,0,0,1,0,Lucky Shot,Snapshot Sights,1,,,Lucky Shot+Snapshot Sights,147444292
2536,Neoptolemus II,fallback,Combat Bow,Kinetic,0,0,0,0,1,Slickdraw,Tunnel Vision,1,,,Slickdraw+Tunnel Vision,2848549302
2537,Nation of Beasts,fallback,Hand Cannon,Arc,0,0,0,1,0,Gear Shift,Harmony,1,,,Gear Shift+Harmony,70083888
2538,Line in the Sand,fallback,Linear Fusion Rifle,Arc,0,0,0,0,1,Genesis,Backup Plan,1,,,Backup Plan+Genesis,946443267
2539,Likely Suspect,fallback,Fusion Rifle,Void,0,0,0,1,0,Dimensional Shift,Successful Warm-Up,1,,,Dimensional Shift+Successful Warm-Up,1994645182
2540,Lethophobia,fallback,Combat Bow,Void,0,0,0,1,0,Permeability,Explosive Head,1,,,Explosive Head+Permeability,3710082365
2541,Judgment of Kelgorath,fallback,Glaive,Solar,0,0,0,1,0,Immovable Object,Empty Traits Socket,1,,,Empty Traits Socket+Immovable Object,2978226043
2542,Ignition Code,fallback,Grenade Launcher,Kinetic,0,0,0,0,1,Permeability,Reverberation,1,,,Permeability+Reverberation,2761869150
2543,Heritage,fallback,Shotgun,Kinetic,0,0,0,1,0,Pugilist,Recombination,1,,,Pugilist+Recombination,4248569242
2544,Forensic Nightmare,fallback,Submachine Gun,Stasis,0,0,0,1,0,Attrition Orbs,Sympathetic Arsenal,1,,,Attrition Orbs+Sympathetic Arsenal,1526296434
2545,Fel Taradiddle,fallback,Combat Bow,Kinetic,0,0,0,1,0,Impulse Amplifier,Sword Logic,1,,,Impulse Amplifier+Sword Logic,1399109800
2546,Crux Termination IV,fallback,Rocket Launcher,Arc,0,0,0,0,1,Permeability,Bipod,1,,,Bipod+Permeability,1719687748
2547,Cruoris FR4,fallback,Fusion Rifle,Arc,0,0,0,0,1,Eddy Current,Barrel Constrictor,1,,,Barrel Constrictor+Eddy Current,891996636
2548,Controlling Vision,fallback,Sidearm,Kinetic,0,0,0,0,1,Air Assault,Under Pressure,1,,,Air Assault+Under Pressure,423343404
2549,Commemoration,fallback,Machine Gun,Void,0,0,0,1,0,Reconstruction,Repulsor Brace,1,,,Reconstruction+Repulsor Brace,4230965989
2550,Come to Pass,fallback,Auto Rifle,Arc,0,0,0,1,0,Supercharged Magazine,Turnabout,1,,,Supercharged Magazine+Turnabout,927567426
2551,Combined Action,fallback,Hand Cannon,Arc,0,0,0,0,1,Hip-Fire Grip,Air Assault,1,,,Air Assault+Hip-Fire Grip,1331824604
2552,Chattering Bone,fallback,Pulse Rifle,Kinetic,0,0,0,1,0,Kill Clip,Harmony,1,,,Harmony+Kill Clip,501329015
2553,Bequest,fallback,Sword,Arc,0,0,0,1,0,Jolting Feedback,Surrounded,1,,,Jolting Feedback+Surrounded,3366545721
2554,Arsenic Bite-4b,fallback,Combat Bow,Arc,0,0,0,0,1,Hip-Fire Grip,Archer's Tempo,1,,,Archer's Tempo+Hip-Fire Grip,720351795
2555,Apex Predator,fallback,Rocket Launcher,Solar,0,0,0,1,0,Incandescent,Reaper's Tithe,1,,,Incandescent+Reaper's Tithe,1851777734
2556,Ancient Gospel,fallback,Hand Cannon,Void,0,0,0,1,0,Destabilizing Rounds,Harmony,1,,,Destabilizing Rounds+Harmony,963574173
2557,Adverse Possession IX,fallback,Scout Rifle,Arc,0,0,0,0,1,Eddy Current,Wellspring,1,,,Eddy Current+Wellspring,1890332078
2558,Accrued Redemption,fallback,Combat Bow,Kinetic,0,0,0,1,0,Offhand Strike,Explosive Head,1,,,Explosive Head+Offhand Strike,3621336854
2559,Under Your Skin,fallback,Combat Bow,Void,0,0,0,1,0,Archer's Tempo,Empty Traits Socket,1,,,Archer's Tempo+Empty Traits Socket,232928045
2560,Tripwire Canary,fallback,Combat Bow,Arc,0,0,0,1,0,Shot Swap,Explosive Head,1,,,Explosive Head+Shot Swap,3849444474
2561,Scalar Potential,fallback,Pulse Rifle,Arc,0,0,0,1,0,Loose Change,Under-Over,1,,,Loose Change+Under-Over,2563668388
2562,Sacred Provenance,fallback,Pulse Rifle,Kinetic,0,0,0,1,0,Stopping Power,Empty Traits Socket,1,,,Empty Traits Socket+Stopping Power,2241507890
2563,Red Herring,fallback,Rocket Launcher,Void,0,0,0,1,0,Killing Wind,Elemental Honing,1,,,Elemental Honing+Killing Wind,3175851496
2564,Raconteur,fallback,Combat Bow,Stasis,0,0,0,1,0,Perfect Float,Successful Warm-Up,1,,,Perfect Float+Successful Warm-Up,45643573
2565,Optative,fallback,Hand Cannon,Void,0,0,0,1,0,Keep Away,Wellspring,1,,,Keep Away+Wellspring,2817683783
2566,Noxious Vetiver,fallback,Submachine Gun,Arc,0,0,0,0,1,Heating Up,Desperate Measures,1,,,Desperate Measures+Heating Up,825495813
2567,Nezarec's Whisper,fallback,Glaive,Arc,0,0,0,1,0,Tilting at Windmills,Empty Traits Socket,1,,,Empty Traits Socket+Tilting at Windmills,254636484
2568,Marsilion-C,fallback,Grenade Launcher,Solar,0,0,0,0,1,Shot Swap,Impulse Amplifier,1,,,Impulse Amplifier+Shot Swap,867154247
2569,Legato-11,fallback,Shotgun,Solar,0,0,0,0,1,Auto-Loading Holster,Offhand Strike,1,,,Auto-Loading Holster+Offhand Strike,3753063346
2570,Imperative,fallback,Scout Rifle,Kinetic,0,0,0,1,0,Empty Traits Socket,Kinetic Tremors,1,,,Empty Traits Socket+Kinetic Tremors,2045811635
2571,Hollow Denial,fallback,Trace Rifle,Void,0,0,0,1,0,Adaptive Munitions,Killing Tally,1,,,Adaptive Munitions+Killing Tally,2323544076
2572,Fixed Odds,fallback,Machine Gun,Solar,0,0,0,1,0,Feeding Frenzy,Firing Line,1,,,Feeding Frenzy+Firing Line,2194955522
2573,Father's Sins,fallback,Sniper Rifle,Void,0,0,0,1,0,Lone Wolf,Empty Traits Socket,1,,,Empty Traits Socket+Lone Wolf,3865728990
2574,Doomed Petitioner,fallback,Linear Fusion Rifle,Void,0,0,0,1,0,Destabilizing Rounds,Deconstruct,1,,,Deconstruct+Destabilizing Rounds,1501688142
2575,Age-Old Bond,fallback,Auto Rifle,Void,0,0,0,1,0,Tap the Trigger,Collective Action,1,,,Collective Action+Tap the Trigger,424291879
2576,Zealot's Reward,fallback,Fusion Rifle,Void,0,0,0,1,0,Destabilizing Rounds,Kickstart,1,,,Destabilizing Rounds+Kickstart,2720651699
2577,Tyranny of Heaven,fallback,Combat Bow,Solar,0,0,0,1,0,Meganeura,Archer's Gambit,1,,,Archer's Gambit+Meganeura,3388655311
2578,Trustee,fallback,Scout Rifle,Solar,0,0,0,1,0,Perpetual Motion,Redirection,1,,,Perpetual Motion+Redirection,1392919471
2579,Transfiguration,fallback,Scout Rifle,Kinetic,0,0,0,1,0,Collective Demolition,Kinetic Tremors,1,,,Collective Demolition+Kinetic Tremors,3885259140
2580,The Supremacy,fallback,Sniper Rifle,Kinetic,0,0,0,1,0,Keep Away,Fourth Time's the Charm,1,,,Fourth Time's the Charm+Keep Away,2884596447
2581,The Showrunner,fallback,Submachine Gun,Kinetic,0,0,0,0,1,Dynamic Sway Reduction,Air Assault,1,,,Air Assault+Dynamic Sway Reduction,1999754402
2582,The Eremite,fallback,Fusion Rifle,Solar,0,0,0,1,1,Envious Assassin,Cornered,1,,,Cornered+Envious Assassin,3347946548
2583,The Enigma,fallback,Glaive,Void,0,0,0,1,0,Subsistence,Proximity Power,1,,,Proximity Power+Subsistence,2595497736
2584,Techeun Force,fallback,Fusion Rifle,Arc,0,0,0,1,0,Kill Clip,Golden Tricorn,1,,,Golden Tricorn+Kill Clip,3591141932
2585,Swarm of the Raven,fallback,Grenade Launcher,Void,0,0,0,0,1,Clown Cartridge,Envious Assassin,1,,,Clown Cartridge+Envious Assassin,433905699
2586,Suspectum-4fr,fallback,Linear Fusion Rifle,Stasis,0,0,0,0,1,Backup Plan,Fourth Time's the Charm,1,,,Backup Plan+Fourth Time's the Charm,3615421669
2587,Succession,fallback,Sniper Rifle,Kinetic,0,0,0,1,0,Shot Swap,Redirection,1,,,Redirection+Shot Swap,2990047042
2588,Scatter Signal,fallback,Fusion Rifle,Strand,0,0,0,1,0,Encore,Kickstart,1,,,Encore+Kickstart,2558925366
2589,Reckless Oracle,fallback,Auto Rifle,Void,0,0,0,1,0,Killing Wind,Paracausal Affinity,1,,,Killing Wind+Paracausal Affinity,1992309064
2590,Prophet of Doom,fallback,Shotgun,Arc,0,0,0,1,0,Light Touch,Trench Barrel,1,,,Light Touch+Trench Barrel,2145441168
2591,Pro Memoria,fallback,Machine Gun,Strand,0,0,0,1,0,Lucky Shot,Target Lock,1,,,Lucky Shot+Target Lock,3605603507
2592,Posterity,fallback,Hand Cannon,Arc,0,0,0,1,0,Trickle Charge,Demolitionist,1,,,Demolitionist+Trickle Charge,3281285075
2593,Omniscient Eye,fallback,Sniper Rifle,Solar,0,0,0,1,0,Lucky Shot,Incandescent,1,,,Incandescent+Lucky Shot,147444292
2594,Neoptolemus II,fallback,Combat Bow,Kinetic,0,0,0,0,1,Slickdraw,Sneak Bow,1,,,Slickdraw+Sneak Bow,2848549302
2595,Nation of Beasts,fallback,Hand Cannon,Arc,0,0,0,1,0,Gear Shift,Golden Tricorn Enhanced,1,,,Gear Shift+Golden Tricorn Enhanced,70083888
2596,Likely Suspect,fallback,Fusion Rifle,Void,0,0,0,1,0,Dimensional Shift,Golden Tricorn Enhanced,1,,,Dimensional Shift+Golden Tricorn Enhanced,1994645182
2597,Lethophobia,fallback,Combat Bow,Void,0,0,0,1,0,Permeability,Disruption Break,1,,,Disruption Break+Permeability,3710082365
2598,Judgment of Kelgorath,fallback,Glaive,Solar,0,0,0,1,0,Genesis,Close to Melee,1,,,Close to Melee+Genesis,2978226043
2599,Ignition Code,fallback,Grenade Launcher,Kinetic,0,0,0,0,1,Permeability,Harmony,1,,,Harmony+Permeability,2761869150
2600,Heritage,fallback,Shotgun,Kinetic,0,0,0,1,0,Outlaw,Recombination,1,,,Outlaw+Recombination,4248569242
2601,Forensic Nightmare,fallback,Submachine Gun,Stasis,0,0,0,1,0,Attrition Orbs,Sword Logic,1,,,Attrition Orbs+Sword Logic,1526296434
2602,Fel Taradiddle,fallback,Combat Bow,Kinetic,0,0,0,1,0,Impulse Amplifier,Adhesive Ordnance,1,,,Adhesive Ordnance+Impulse Amplifier,1399109800
2603,Crux Termination IV,fallback,Rocket Launcher,Arc,0,0,0,0,1,Envious Assassin,Tracking Module,1,,,Envious Assassin+Tracking Module,1719687748
2604,Cruoris FR4,fallback,Fusion Rifle,Arc,0,0,0,0,1,Clown Cartridge,Kickstart,1,,,Clown Cartridge+Kickstart,891996636
2605,Controlling Vision,fallback,Sidearm,Kinetic,0,0,0,0,1,Air Assault,Threat Detector,1,,,Air Assault+Threat Detector,423343404
2606,Commemoration,fallback,Machine Gun,Void,0,0,0,1,0,No Distractions,Under Pressure,1,,,No Distractions+Under Pressure,4230965989
2607,Come to Pass,fallback,Auto Rifle,Arc,0,0,0,1,0,Supercharged Magazine,Golden Tricorn Enhanced,1,,,Golden Tricorn Enhanced+Supercharged Magazine,927567426
2608,Combined Action,fallback,Hand Cannon,Arc,0,0,0,0,1,Eddy Current,Timed Payload,1,,,Eddy Current+Timed Payload,1331824604
2609,Chattering Bone,fallback,Pulse Rifle,Kinetic,0,0,0,1,0,Kill Clip,Focused Fury,1,,,Focused Fury+Kill Clip,501329015
2610,Bequest,fallback,Sword,Arc,0,0,0,1,0,Jolting Feedback,Redirection,1,,,Jolting Feedback+Redirection,3366545721
2611,Apex Predator,fallback,Rocket Launcher,Solar,0,0,0,1,0,Empty Traits Socket,Reaper's Tithe,1,,,Empty Traits Socket+Reaper's Tithe,1851777734
2612,Ancient Gospel,fallback,Hand Cannon,Void,0,0,0,1,0,Air Trigger,Rangefinder,1,,,Air Trigger+Rangefinder,963574173
2613,Adverse Possession IX,fallback,Scout Rifle,Arc,0,0,0,0,1,Eddy Current,Sympathetic Arsenal,1,,,Eddy Current+Sympathetic Arsenal,1890332078
2614,Accrued Redemption,fallback,Combat Bow,Kinetic,0,0,0,1,0,Offhand Strike,Archer's Gambit,1,,,Archer's Gambit+Offhand Strike,3621336854
2615,Scalar Potential,fallback,Pulse Rifle,Arc,0,0,0,1,0,Hip-Fire Grip,Under-Over,1,,,Hip-Fire Grip+Under-Over,2563668388
2616,Sacred Provenance,fallback,Pulse Rifle,Kinetic,0,0,0,1,0,Killing Wind,Firefly,1,,,Firefly+Killing Wind,2241507890
2617,Red Herring,fallback,Rocket Launcher,Void,0,0,0,1,0,Cluster Bomb,Empty Traits Socket,1,,,Cluster Bomb+Empty Traits Socket,3175851496
2618,Nezarec's Whisper,fallback,Glaive,Arc,0,0,0,1,0,Genesis,Unstoppable Force,1,,,Genesis+Unstoppable Force,254636484
2619,Line in the Sand,fallback,Linear Fusion Rifle,Arc,0,0,0,0,1,Genesis,Auto-Loading Holster,1,,,Auto-Loading Holster+Genesis,946443267
2620,Father's Sins,fallback,Sniper Rifle,Void,0,0,0,1,0,Light Touch,Empty Traits Socket,1,,,Empty Traits Socket+Light Touch,3865728990
2621,Arsenic Bite-4b,fallback,Combat Bow,Arc,0,0,0,0,1,Snapshot Sights,Archer's Tempo,1,,,Archer's Tempo+Snapshot Sights,720351795
2622,Age-Old Bond,fallback,Auto Rifle,Void,0,0,0,1,0,Meganeura,Golden Tricorn Enhanced,1,,,Golden Tricorn Enhanced+Meganeura,424291879
2623,Zealot's Reward,fallback,Fusion Rifle,Void,0,0,0,1,0,Destabilizing Rounds,Controlled Burst,1,,,Controlled Burst+Destabilizing Rounds,2720651699
2624,Tyranny of Heaven,fallback,Combat Bow,Solar,0,0,0,1,0,Meganeura,Adagio,1,,,Adagio+Meganeura,3388655311
2625,Trustee,fallback,Scout Rifle,Solar,0,0,0,1,0,Perpetual Motion,Meganeura,1,,,Meganeura+Perpetual Motion,1392919471
2626,Transfiguration,fallback,Scout Rifle,Kinetic,0,0,0,1,0,Collective Demolition,Ancillary Ordinance,1,,,Ancillary Ordinance+Collective Demolition,3885259140
2627,The Supremacy,fallback,Sniper Rifle,Kinetic,0,0,0,1,0,Genesis,Kinetic Tremors,1,,,Genesis+Kinetic Tremors,2884596447
2628,The Eremite,fallback,Fusion Rifle,Solar,0,0,0,1,1,Compulsive Reloader,High Ground,1,,,Compulsive Reloader+High Ground,3347946548
2629,The Enigma,fallback,Glaive,Void,0,0,0,1,0,Subsistence,Close to Melee,1,,,Close to Melee+Subsistence,2595497736
2630,Techeun Force,fallback,Fusion Rifle,Arc,0,0,0,1,0,Kill Clip,Controlled Burst,1,,,Controlled Burst+Kill Clip,3591141932
2631,Suspectum-4fr,fallback,Linear Fusion Rifle,Stasis,0,0,0,0,1,Backup Plan,Firing Line,1,,,Backup Plan+Firing Line,3615421669
2632,Succession,fallback,Sniper Rifle,Kinetic,0,0,0,1,0,Shot Swap,Recombination,1,,,Recombination+Shot Swap,2990047042
2633,Scatter Signal,fallback,Fusion Rifle,Strand,0,0,0,1,0,Encore,Controlled Burst,1,,,Controlled Burst+Encore,2558925366
2634,Reckless Oracle,fallback,Auto Rifle,Void,0,0,0,1,0,Killing Wind,Dynamic Sway Reduction,1,,,Dynamic Sway Reduction+Killing Wind,1992309064
2635,Prophet of Doom,fallback,Shotgun,Arc,0,0,0,1,0,Light Touch,One-Two Punch,1,,,Light Touch+One-Two Punch,2145441168
2636,Pro Memoria,fallback,Machine Gun,Strand,0,0,0,1,0,Lucky Shot,Tap the Trigger,1,,,Lucky Shot+Tap the Trigger,3605603507
2637,Posterity,fallback,Hand Cannon,Arc,0,0,0,1,0,Supercharged Magazine,Unrelenting,1,,,Supercharged Magazine+Unrelenting,3281285075
2638,Omniscient Eye,fallback,Sniper Rifle,Solar,0,0,0,1,0,Lucky Shot,Burning Ambition,1,,,Burning Ambition+Lucky Shot,147444292
2639,Neoptolemus II,fallback,Combat Bow,Kinetic,0,0,0,0,1,Slickdraw,Perfect Float,1,,,Perfect Float+Slickdraw,2848549302
2640,Nation of Beasts,fallback,Hand Cannon,Arc,0,0,0,1,0,Gear Shift,Golden Tricorn,1,,,Gear Shift+Golden Tricorn,70083888
2641,Likely Suspect,fallback,Fusion Rifle,Void,0,0,0,1,0,Dimensional Shift,Golden Tricorn,1,,,Dimensional Shift+Golden Tricorn,1994645182
2642,Lethophobia,fallback,Combat Bow,Void,0,0,0,1,0,Enlightened Action,Explosive Head,1,,,Enlightened Action+Explosive Head,3710082365
2643,Ignition Code,fallback,Grenade Launcher,Kinetic,0,0,0,0,1,Permeability,Frenzy,1,,,Frenzy+Permeability,2761869150
2644,Heritage,fallback,Shotgun,Kinetic,0,0,0,1,0,Outlaw,Offhand Strike,1,,,Offhand Strike+Outlaw,4248569242
2645,Fel Taradiddle,fallback,Combat Bow,Kinetic,0,0,0,1,0,Archer's Tempo,Adhesive Ordnance,1,,,Adhesive Ordnance+Archer's Tempo,1399109800
2646,Crux Termination IV,fallback,Rocket Launcher,Arc,0,0,0,0,1,Eddy Current,Tracking Module,1,,,Eddy Current+Tracking Module,1719687748
2647,Cruoris FR4,fallback,Fusion Rifle,Arc,0,0,0,0,1,Clown Cartridge,Barrel Constrictor,1,,,Barrel Constrictor+Clown Cartridge,891996636
2648,Controlling Vision,fallback,Sidearm,Kinetic,0,0,0,0,1,Air Assault,Offhand Strike,1,,,Air Assault+Offhand Strike,423343404
2649,Commemoration,fallback,Machine Gun,Void,0,0,0,1,0,No Distractions,Repulsor Brace,1,,,No Distractions+Repulsor Brace,4230965989
2650,Come to Pass,fallback,Auto Rifle,Arc,0,0,0,1,0,Supercharged Magazine,Golden Tricorn,1,,,Golden Tricorn+Supercharged Magazine,927567426
2651,Combined Action,fallback,Hand Cannon,Arc,0,0,0,0,1,Eddy Current,Air Assault,1,,,Air Assault+Eddy Current,1331824604
2652,Chattering Bone,fallback,Pulse Rifle,Kinetic,0,0,0,1,0,Kill Clip,Bewildering Burst,1,,,Bewildering Burst+Kill Clip,501329015
2653,Bequest,fallback,Sword,Arc,0,0,0,1,0,Jolting Feedback,One for All,1,,,Jolting Feedback+One for All,3366545721
2654,Apex Predator,fallback,Rocket Launcher,Solar,0,0,0,1,0,Danger Zone,Collective Demolition,1,,,Collective Demolition+Danger Zone,1851777734
2655,Ancient Gospel,fallback,Hand Cannon,Void,0,0,0,1,0,Air Trigger,Explosive Payload,1,,,Air Trigger+Explosive Payload,963574173
2656,Adverse Possession IX,fallback,Scout Rifle,Arc,0,0,0,0,1,Eddy Current,Keep Away,1,,,Eddy Current+Keep Away,1890332078
2657,Accrued Redemption,fallback,Combat Bow,Kinetic,0,0,0,1,0,Impulse Amplifier,Rapid Hit,1,,,Impulse Amplifier+Rapid Hit,3621336854
2658,Swarm of the Raven,fallback,Grenade Launcher,Void,0,0,0,0,1,Impulse Amplifier,Genesis,1,,,Genesis+Impulse Amplifier,433905699
2659,Scalar Potential,fallback,Pulse Rifle,Arc,0,0,0,1,0,Enlightened Action,Under-Over,1,,,Enlightened Action+Under-Over,2563668388
2660,Sacred Provenance,fallback,Pulse Rifle,Kinetic,0,0,0,1,0,Empty Traits Socket,Firefly,1,,,Empty Traits Socket+Firefly,2241507890
2661,Nezarec's Whisper,fallback,Glaive,Arc,0,0,0,1,0,Empty Traits Socket,Unstoppable Force,1,,,Empty Traits Socket+Unstoppable Force,254636484
2662,Judgment of Kelgorath,fallback,Glaive,Solar,0,0,0,1,0,Empty Traits Socket,Close to Melee,1,,,Close to Melee+Empty Traits Socket,2978226043
2663,Forensic Nightmare,fallback,Submachine Gun,Stasis,0,0,0,1,0,Empty Traits Socket,Sword Logic,1,,,Empty Traits Socket+Sword Logic,1526296434
2664,Father's Sins,fallback,Sniper Rifle,Void,0,0,0,1,0,Lead from Gold,Withering Gaze,1,,,Lead from Gold+Withering Gaze,3865728990
2665,Age-Old Bond,fallback,Auto Rifle,Void,0,0,0,1,0,Meganeura,Golden Tricorn,1,,,Golden Tricorn+Meganeura,424291879
2666,Zealot's Reward,fallback,Fusion Rifle,Void,0,0,0,1,0,Auto-Loading Holster,Dimensional Shift,1,,,Auto-Loading Holster+Dimensional Shift,2720651699
2667,Tyranny of Heaven,fallback,Combat Bow,Solar,0,0,0,1,0,Explosive Head,One for All,1,,,Explosive Head+One for All,3388655311
2668,Trustee,fallback,Scout Rifle,Solar,0,0,0,1,0,Outlaw,Redirection,1,,,Outlaw+Redirection,1392919471
2669,Transfiguration,fallback,Scout Rifle,Kinetic,0,0,0,1,0,Adhesive Ordnance,Opening Shot,1,,,Adhesive Ordnance+Opening Shot,3885259140
2670,The Supremacy,fallback,Sniper Rifle,Kinetic,0,0,0,1,0,Genesis,Fourth Time's the Charm,1,,,Fourth Time's the Charm+Genesis,2884596447
2671,The Enigma,fallback,Glaive,Void,0,0,0,1,0,Replenishing Aegis,Thresh,1,,,Replenishing Aegis+Thresh,2595497736
2672,Techeun Force,fallback,Fusion Rifle,Arc,0,0,0,1,0,Kill Clip,Collective Action,1,,,Collective Action+Kill Clip,3591141932
2673,Suspectum-4fr,fallback,Linear Fusion Rifle,Stasis,0,0,0,0,1,Backup Plan,Chill Clip,1,,,Backup Plan+Chill Clip,3615421669
2674,Succession,fallback,Sniper Rifle,Kinetic,0,0,0,1,0,Shot Swap,Elemental Honing,1,,,Elemental Honing+Shot Swap,2990047042
2675,Reckless Oracle,fallback,Auto Rifle,Void,0,0,0,1,0,Keep Away,Dynamic Sway Reduction,1,,,Dynamic Sway Reduction+Keep Away,1992309064
2676,Prophet of Doom,fallback,Shotgun,Arc,0,0,0,1,0,Light Touch,Cascade Point,1,,,Cascade Point+Light Touch,2145441168
2677,Pro Memoria,fallback,Machine Gun,Strand,0,0,0,1,0,Lucky Shot,Collective Action,1,,,Collective Action+Lucky Shot,3605603507
2678,Posterity,fallback,Hand Cannon,Arc,0,0,0,1,0,Supercharged Magazine,Gutshot Straight,1,,,Gutshot Straight+Supercharged Magazine,3281285075
2679,Omniscient Eye,fallback,Sniper Rifle,Solar,0,0,0,1,0,Lucky Shot,Box Breathing,1,,,Box Breathing+Lucky Shot,147444292
2680,Neoptolemus II,fallback,Combat Bow,Kinetic,0,0,0,0,1,Slickdraw,Lone Wolf,1,,,Lone Wolf+Slickdraw,2848549302
2681,Nation of Beasts,fallback,Hand Cannon,Arc,0,0,0,1,0,Gear Shift,Collective Action,1,,,Collective Action+Gear Shift,70083888
2682,Heritage,fallback,Shotgun,Kinetic,0,0,0,1,0,Outlaw,Killing Wind,1,,,Killing Wind+Outlaw,4248569242
2683,Crux Termination IV,fallback,Rocket Launcher,Arc,0,0,0,0,1,Eddy Current,Demolitionist,1,,,Demolitionist+Eddy Current,1719687748
2684,Controlling Vision,fallback,Sidearm,Kinetic,0,0,0,0,1,Air Assault,High Ground,1,,,Air Assault+High Ground,423343404
2685,Commemoration,fallback,Machine Gun,Void,0,0,0,1,0,Fourth Time's the Charm,Repulsor Brace,1,,,Fourth Time's the Charm+Repulsor Brace,4230965989
2686,Come to Pass,fallback,Auto Rifle,Arc,0,0,0,1,0,Supercharged Magazine,Dragonfly,1,,,Dragonfly+Supercharged Magazine,927567426
2687,Chattering Bone,fallback,Pulse Rifle,Kinetic,0,0,0,1,0,Ancillary Ordinance,Kinetic Tremors,1,,,Ancillary Ordinance+Kinetic Tremors,501329015
2688,Bequest,fallback,Sword,Arc,0,0,0,1,0,Jolting Feedback,En Garde,1,,,En Garde+Jolting Feedback,3366545721
2689,Apex Predator,fallback,Rocket Launcher,Solar,0,0,0,1,0,Cluster Bomb,Surrounded,1,,,Cluster Bomb+Surrounded,1851777734
2690,Ancient Gospel,fallback,Hand Cannon,Void,0,0,0,1,0,Air Trigger,Demoralize,1,,,Air Trigger+Demoralize,963574173
2691,Adverse Possession IX,fallback,Scout Rifle,Arc,0,0,0,0,1,Eddy Current,Heating Up,1,,,Eddy Current+Heating Up,1890332078
2692,Accrued Redemption,fallback,Combat Bow,Kinetic,0,0,0,1,0,Impulse Amplifier,Lone Wolf,1,,,Impulse Amplifier+Lone Wolf,3621336854
2693,Likely Suspect,fallback,Fusion Rifle,Void,0,0,0,1,0,Dimensional Shift,Empty Traits Socket,1,,,Dimensional Shift+Empty Traits Socket,1994645182
2694,Fel Taradiddle,fallback,Combat Bow,Kinetic,0,0,0,1,0,Empty Traits Socket,Adhesive Ordnance,1,,,Adhesive Ordnance+Empty Traits Socket,1399109800
2695,Age-Old Bond,fallback,Auto Rifle,Void,0,0,0,1,0,Meganeura,Empty Traits Socket,1,,,Empty Traits Socket+Meganeura,424291879
2696,Zealot's Reward,fallback,Fusion Rifle,Void,0,0,0,1,0,Attrition Orbs,Reservoir Burst,1,,,Attrition Orbs+Reservoir Burst,2720651699
2697,Tyranny of Heaven,fallback,Combat Bow,Solar,0,0,0,1,0,Explosive Head,Golden Tricorn Enhanced,1,,,Explosive Head+Golden Tricorn Enhanced,3388655311
2698,Trustee,fallback,Scout Rifle,Solar,0,0,0,1,0,Keep Away,Sympathetic Arsenal,1,,,Keep Away+Sympathetic Arsenal,1392919471
2699,Transfiguration,fallback,Scout Rifle,Kinetic,0,0,0,1,0,Adhesive Ordnance,Kinetic Tremors,1,,,Adhesive Ordnance+Kinetic Tremors,3885259140
2700,The Supremacy,fallback,Sniper Rifle,Kinetic,0,0,0,1,0,Genesis,Closing Time,1,,,Closing Time+Genesis,2884596447
2701,The Enigma,fallback,Glaive,Void,0,0,0,1,0,Replenishing Aegis,Rampage,1,,,Rampage+Replenishing Aegis,2595497736
2702,Techeun Force,fallback,Fusion Rifle,Arc,0,0,0,1,0,Kill Clip,Aggregate Charge,1,,,Aggregate Charge+Kill Clip,3591141932
2703,Suspectum-4fr,fallback,Linear Fusion Rifle,Stasis,0,0,0,0,1,Backup Plan,Box Breathing,1,,,Backup Plan+Box Breathing,3615421669
2704,Succession,fallback,Sniper Rifle,Kinetic,0,0,0,1,0,Shot Swap,Box Breathing,1,,,Box Breathing+Shot Swap,2990047042
2705,Reckless Oracle,fallback,Auto Rifle,Void,0,0,0,1,0,Empty Traits Socket,Paracausal Affinity,1,,,Empty Traits Socket+Paracausal Affinity,1992309064
2706,Prophet of Doom,fallback,Shotgun,Arc,0,0,0,1,0,Light Touch,Barrel Constrictor,1,,,Barrel Constrictor+Light Touch,2145441168
2707,Pro Memoria,fallback,Machine Gun,Strand,0,0,0,1,0,Hatchling,Mega Kill Clip,1,,,Hatchling+Mega Kill Clip,3605603507
2708,Posterity,fallback,Hand Cannon,Arc,0,0,0,1,0,Supercharged Magazine,Frenzy,1,,,Frenzy+Supercharged Magazine,3281285075
2709,Omniscient Eye,fallback,Sniper Rifle,Solar,0,0,0,1,0,Light Touch,Precision Instrument,1,,,Light Touch+Precision Instrument,147444292
2710,Neoptolemus II,fallback,Combat Bow,Kinetic,0,0,0,0,1,Rangefinder,Sneak Bow,1,,,Rangefinder+Sneak Bow,2848549302
2711,Nation of Beasts,fallback,Hand Cannon,Arc,0,0,0,1,0,Eddy Current,Collective Action,1,,,Collective Action+Eddy Current,70083888
2712,Heritage,fallback,Shotgun,Kinetic,0,0,0,1,0,Outlaw,Cascade Point,1,,,Cascade Point+Outlaw,4248569242
2713,Crux Termination IV,fallback,Rocket Launcher,Arc,0,0,0,0,1,Eddy Current,Bipod,1,,,Bipod+Eddy Current,1719687748
2714,Commemoration,fallback,Machine Gun,Void,0,0,0,1,0,Dynamic Sway Reduction,Under Pressure,1,,,Dynamic Sway Reduction+Under Pressure,4230965989
2715,Come to Pass,fallback,Auto Rifle,Arc,0,0,0,1,0,Supercharged Magazine,Adaptive Munitions,1,,,Adaptive Munitions+Supercharged Magazine,927567426
2716,Chattering Bone,fallback,Pulse Rifle,Kinetic,0,0,0,1,0,Ancillary Ordinance,High-Impact Reserves,1,,,Ancillary Ordinance+High-Impact Reserves,501329015
2717,Bequest,fallback,Sword,Arc,0,0,0,1,0,Jolting Feedback,Chain Reaction,1,,,Chain Reaction+Jolting Feedback,3366545721
2718,Apex Predator,fallback,Rocket Launcher,Solar,0,0,0,1,0,Cluster Bomb,Collective Demolition,1,,,Cluster Bomb+Collective Demolition,1851777734
2719,Adverse Possession IX,fallback,Scout Rifle,Arc,0,0,0,0,1,Discord,Wellspring,1,,,Discord+Wellspring,1890332078
2720,Accrued Redemption,fallback,Combat Bow,Kinetic,0,0,0,1,0,Impulse Amplifier,Kinetic Tremors,1,,,Impulse Amplifier+Kinetic Tremors,3621336854
2721,Controlling Vision,fallback,Sidearm,Kinetic,0,0,0,0,1,Surplus,Under Pressure,1,,,Surplus+Under Pressure,423343404
2722,Ancient Gospel,fallback,Hand Cannon,Void,0,0,0,1,0,Rampage,Harmony,1,,,Harmony+Rampage,963574173
2723,Age-Old Bond,fallback,Auto Rifle,Void,0,0,0,1,0,Meganeura,Collective Action,1,,,Collective Action+Meganeura,424291879
2724,Zealot's Reward,fallback,Fusion Rifle,Void,0,0,0,1,0,Attrition Orbs,Kickstart,1,,,Attrition Orbs+Kickstart,2720651699
2725,Tyranny of Heaven,fallback,Combat Bow,Solar,0,0,0,1,0,Explosive Head,Golden Tricorn,1,,,Explosive Head+Golden Tricorn,3388655311
2726,Trustee,fallback,Scout Rifle,Solar,0,0,0,1,0,Heal Clip,Wellspring,1,,,Heal Clip+Wellspring,1392919471
2727,Transfiguration,fallback,Scout Rifle,Kinetic,0,0,0,1,0,Adhesive Ordnance,Kill Clip,1,,,Adhesive Ordnance+Kill Clip,3885259140
2728,The Supremacy,fallback,Sniper Rifle,Kinetic,0,0,0,1,0,Genesis,Bewildering Burst,1,,,Bewildering Burst+Genesis,2884596447
2729,The Enigma,fallback,Glaive,Void,0,0,0,1,0,Replenishing Aegis,Proximity Power,1,,,Proximity Power+Replenishing Aegis,2595497736
2730,Techeun Force,fallback,Fusion Rifle,Arc,0,0,0,1,0,Envious Assassin,Rangefinder,1,,,Envious Assassin+Rangefinder,3591141932
2731,Succession,fallback,Sniper Rifle,Kinetic,0,0,0,1,0,Reconstruction,Osmosis,1,,,Osmosis+Reconstruction,2990047042
2732,Reckless Oracle,fallback,Auto Rifle,Void,0,0,0,1,0,Dimensional Shift,Paracausal Affinity,1,,,Dimensional Shift+Paracausal Affinity,1992309064
2733,Prophet of Doom,fallback,Shotgun,Arc,0,0,0,1,0,Envious Arsenal,Trench Barrel,1,,,Envious Arsenal+Trench Barrel,2145441168
2734,Pro Memoria,fallback,Machine Gun,Strand,0,0,0,1,0,Hatchling,Collective Action,1,,,Collective Action+Hatchling,3605603507
2735,Posterity,fallback,Hand Cannon,Arc,0,0,0,1,0,Supercharged Magazine,Focused Fury,1,,,Focused Fury+Supercharged Magazine,3281285075
2736,Omniscient Eye,fallback,Sniper Rifle,Solar,0,0,0,1,0,Envious Arsenal,Incandescent,1,,,Envious Arsenal+Incandescent,147444292
2737,Neoptolemus II,fallback,Combat Bow,Kinetic,0,0,0,0,1,Pugilist,Sneak Bow,1,,,Pugilist+Sneak Bow,2848549302
2738,Nation of Beasts,fallback,Hand Cannon,Arc,0,0,0,1,0,Dragonfly,Jolting Feedback,1,,,Dragonfly+Jolting Feedback,70083888
2739,Heritage,fallback,Shotgun,Kinetic,0,0,0,1,0,Outlaw,Aggregate Charge,1,,,Aggregate Charge+Outlaw,4248569242
2740,Crux Termination IV,fallback,Rocket Launcher,Arc,0,0,0,0,1,Clown Cartridge,Surrounded,1,,,Clown Cartridge+Surrounded,1719687748
2741,Commemoration,fallback,Machine Gun,Void,0,0,0,1,0,Dynamic Sway Reduction,Redirection,1,,,Dynamic Sway Reduction+Redirection,4230965989
2742,Come to Pass,fallback,Auto Rifle,Arc,0,0,0,1,0,Genesis,Jolting Feedback,1,,,Genesis+Jolting Feedback,927567426
2743,Chattering Bone,fallback,Pulse Rifle,Kinetic,0,0,0,1,0,Ancillary Ordinance,Headseeker,1,,,Ancillary Ordinance+Headseeker,501329015
2744,Apex Predator,fallback,Rocket Launcher,Solar,0,0,0,1,0,Chain Reaction,Explosive Light,1,,,Chain Reaction+Explosive Light,1851777734
2745,Adverse Possession IX,fallback,Scout Rifle,Arc,0,0,0,0,1,Discord,Sympathetic Arsenal,1,,,Discord+Sympathetic Arsenal,1890332078
2746,Accrued Redemption,fallback,Combat Bow,Kinetic,0,0,0,1,0,Attrition Orbs,Explosive Head,1,,,Attrition Orbs+Explosive Head,3621336854
2747,Suspectum-4fr,fallback,Linear Fusion Rifle,Stasis,0,0,0,0,1,Ensemble,Precision Instrument,1,,,Ensemble+Precision Instrument,3615421669
2748,Controlling Vision,fallback,Sidearm,Kinetic,0,0,0,0,1,Slideways,Osmosis,1,,,Osmosis+Slideways,423343404
2749,Bequest,fallback,Sword,Arc,0,0,0,1,0,Killing Wind,Redirection,1,,,Killing Wind+Redirection,3366545721
2750,Age-Old Bond,fallback,Auto Rifle,Void,0,0,0,1,0,Dragonfly,Golden Tricorn Enhanced,1,,,Dragonfly+Golden Tricorn Enhanced,424291879
2751,Zealot's Reward,fallback,Fusion Rifle,Void,0,0,0,1,0,Ambitious Assassin,Withering Gaze,1,,,Ambitious Assassin+Withering Gaze,2720651699
2752,Tyranny of Heaven,fallback,Combat Bow,Solar,0,0,0,1,0,Explosive Head,Frenzy,1,,,Explosive Head+Frenzy,3388655311
2753,Trustee,fallback,Scout Rifle,Solar,0,0,0,1,0,Heal Clip,Sympathetic Arsenal,1,,,Heal Clip+Sympathetic Arsenal,1392919471
2754,Transfiguration,fallback,Scout Rifle,Kinetic,0,0,0,1,0,Adhesive Ordnance,Harmony,1,,,Adhesive Ordnance+Harmony,3885259140
2755,The Supremacy,fallback,Sniper Rifle,Kinetic,0,0,0,1,0,Discord,Fourth Time's the Charm,1,,,Discord+Fourth Time's the Charm,2884596447
2756,The Enigma,fallback,Glaive,Void,0,0,0,1,0,Replenishing Aegis,Kill Clip,1,,,Kill Clip+Replenishing Aegis,2595497736
2757,Techeun Force,fallback,Fusion Rifle,Arc,0,0,0,1,0,Envious Assassin,Backup Plan,1,,,Backup Plan+Envious Assassin,3591141932
2758,Succession,fallback,Sniper Rifle,Kinetic,0,0,0,1,0,No Distractions,Recombination,1,,,No Distractions+Recombination,2990047042
2759,Reckless Oracle,fallback,Auto Rifle,Void,0,0,0,1,0,Destabilizing Rounds,Paracausal Affinity,1,,,Destabilizing Rounds+Paracausal Affinity,1992309064
2760,Prophet of Doom,fallback,Shotgun,Arc,0,0,0,1,0,Envious Arsenal,One-Two Punch,1,,,Envious Arsenal+One-Two Punch,2145441168
2761,Pro Memoria,fallback,Machine Gun,Strand,0,0,0,1,0,Envious Assassin,Dragonfly,1,,,Dragonfly+Envious Assassin,3605603507
2762,Posterity,fallback,Hand Cannon,Arc,0,0,0,1,0,Supercharged Magazine,Explosive Payload,1,,,Explosive Payload+Supercharged Magazine,3281285075
2763,Omniscient Eye,fallback,Sniper Rifle,Solar,0,0,0,1,0,Elemental Capacitor,Box Breathing,1,,,Box Breathing+Elemental Capacitor,147444292
2764,Neoptolemus II,fallback,Combat Bow,Kinetic,0,0,0,0,1,Pugilist,Lone Wolf,1,,,Lone Wolf+Pugilist,2848549302
2765,Nation of Beasts,fallback,Hand Cannon,Arc,0,0,0,1,0,Discord,Jolting Feedback,1,,,Discord+Jolting Feedback,70083888
2766,Heritage,fallback,Shotgun,Kinetic,0,0,0,1,0,Hip-Fire Grip,Recombination,1,,,Hip-Fire Grip+Recombination,4248569242
2767,Commemoration,fallback,Machine Gun,Void,0,0,0,1,0,Dragonfly,Redirection,1,,,Dragonfly+Redirection,4230965989
2768,Come to Pass,fallback,Auto Rifle,Arc,0,0,0,1,0,Compulsive Reloader,Jolting Feedback,1,,,Compulsive Reloader+Jolting Feedback,927567426
2769,Chattering Bone,fallback,Pulse Rifle,Kinetic,0,0,0,1,0,Ancillary Ordinance,Harmony,1,,,Ancillary Ordinance+Harmony,501329015
2770,Apex Predator,fallback,Rocket Launcher,Solar,0,0,0,1,0,Chain Reaction,Collective Demolition,1,,,Chain Reaction+Collective Demolition,1851777734
2771,Adverse Possession IX,fallback,Scout Rifle,Arc,0,0,0,0,1,Discord,Heating Up,1,,,Discord+Heating Up,1890332078
2772,Accrued Redemption,fallback,Combat Bow,Kinetic,0,0,0,1,0,Attrition Orbs,Archer's Gambit,1,,,Archer's Gambit+Attrition Orbs,3621336854
2773,Age-Old Bond,fallback,Auto Rifle,Void,0,0,0,1,0,Dragonfly,Golden Tricorn,1,,,Dragonfly+Golden Tricorn,424291879
2774,Zealot's Reward,fallback,Fusion Rifle,Void,0,0,0,1,0,Ambitious Assassin,Dimensional Shift,1,,,Ambitious Assassin+Dimensional Shift,2720651699
2775,Tyranny of Heaven,fallback,Combat Bow,Solar,0,0,0,1,0,Explosive Head,Collective Action,1,,,Collective Action+Explosive Head,3388655311
2776,Transfiguration,fallback,Scout Rifle,Kinetic,0,0,0,1,0,Adhesive Ordnance,Explosive Payload,1,,,Adhesive Ordnance+Explosive Payload,3885259140
2777,The Enigma,fallback,Glaive,Void,0,0,0,1,0,Replenishing Aegis,Frenzy,1,,,Frenzy+Replenishing Aegis,2595497736
2778,Techeun Force,fallback,Fusion Rifle,Arc,0,0,0,1,0,Demolitionist,Backup Plan,1,,,Backup Plan+Demolitionist,3591141932
2779,Succession,fallback,Sniper Rifle,Kinetic,0,0,0,1,0,Moving Target,Recombination,1,,,Moving Target+Recombination,2990047042
2780,Reckless Oracle,fallback,Auto Rifle,Void,0,0,0,1,0,Destabilizing Rounds,Collective Action,1,,,Collective Action+Destabilizing Rounds,1992309064
2781,Prophet of Doom,fallback,Shotgun,Arc,0,0,0,1,0,Envious Arsenal,Gear Shift,1,,,Envious Arsenal+Gear Shift,2145441168
2782,Pro Memoria,fallback,Machine Gun,Strand,0,0,0,1,0,Attrition Orbs,Mega Kill Clip,1,,,Attrition Orbs+Mega Kill Clip,3605603507
2783,Posterity,fallback,Hand Cannon,Arc,0,0,0,1,0,Reconstruction,Pugilist,1,,,Pugilist+Reconstruction,3281285075
2784,Neoptolemus II,fallback,Combat Bow,Kinetic,0,0,0,0,1,Air Trigger,Wellspring,1,,,Air Trigger+Wellspring,2848549302
2785,Heritage,fallback,Shotgun,Kinetic,0,0,0,1,0,Envious Arsenal,Unrelenting,1,,,Envious Arsenal+Unrelenting,4248569242
2786,Commemoration,fallback,Machine Gun,Void,0,0,0,1,0,Dragonfly,Killing Tally,1,,,Dragonfly+Killing Tally,4230965989
2787,Chattering Bone,fallback,Pulse Rifle,Kinetic,0,0,0,1,0,Ancillary Ordinance,Focused Fury,1,,,Ancillary Ordinance+Focused Fury,501329015
2788,Apex Predator,fallback,Rocket Launcher,Solar,0,0,0,1,0,Chain Reaction,Bipod,1,,,Bipod+Chain Reaction,1851777734
2789,Adverse Possession IX,fallback,Scout Rifle,Arc,0,0,0,0,1,Compulsive Reloader,Sympathetic Arsenal,1,,,Compulsive Reloader+Sympathetic Arsenal,1890332078
2790,Accrued Redemption,fallback,Combat Bow,Kinetic,0,0,0,1,0,Archer's Tempo,Rapid Hit,1,,,Archer's Tempo+Rapid Hit,3621336854
2791,Trustee,fallback,Scout Rifle,Solar,0,0,0,1,0,Zen Moment,Redirection,1,,,Redirection+Zen Moment,1392919471
2792,The Supremacy,fallback,Sniper Rifle,Kinetic,0,0,0,1,0,Lucky Shot,Vorpal Weapon,1,,,Lucky Shot+Vorpal Weapon,2884596447
2793,Omniscient Eye,fallback,Sniper Rifle,Solar,0,0,0,1,0,Lucky Shot,Elemental Honing,1,,,Elemental Honing+Lucky Shot,147444292
2794,Nation of Beasts,fallback,Hand Cannon,Arc,0,0,0,1,0,Trickle Charge,Golden Tricorn Enhanced,1,,,Golden Tricorn Enhanced+Trickle Charge,70083888
2795,Come to Pass,fallback,Auto Rifle,Arc,0,0,0,1,0,Trickle Charge,Golden Tricorn,1,,,Golden Tricorn+Trickle Charge,927567426
2796,Age-Old Bond,fallback,Auto Rifle,Void,0,0,0,1,0,Dragonfly,Collective Action,1,,,Collective Action+Dragonfly,424291879
2797,Tyranny of Heaven,fallback,Combat Bow,Solar,0,0,0,1,0,Explosive Head,Archer's Gambit,1,,,Archer's Gambit+Explosive Head,3388655311
2798,Transfiguration,fallback,Scout Rifle,Kinetic,0,0,0,1,0,Adhesive Ordnance,Collective Action,1,,,Adhesive Ordnance+Collective Action,3885259140
2799,The Enigma,fallback,Glaive,Void,0,0,0,1,0,Replenishing Aegis,Empty Traits Socket,1,,,Empty Traits Socket+Replenishing Aegis,2595497736
2800,Techeun Force,fallback,Fusion Rifle,Arc,0,0,0,1,0,Collective Demolition,Rangefinder,1,,,Collective Demolition+Rangefinder,3591141932
2801,Succession,fallback,Sniper Rifle,Kinetic,0,0,0,1,0,Killing Wind,Recombination,1,,,Killing Wind+Recombination,2990047042
2802,Prophet of Doom,fallback,Shotgun,Arc,0,0,0,1,0,Envious Arsenal,Barrel Constrictor,1,,,Barrel Constrictor+Envious Arsenal,2145441168
2803,Posterity,fallback,Hand Cannon,Arc,0,0,0,1,0,Reconstruction,Gutshot Straight,1,,,Gutshot Straight+Reconstruction,3281285075
2804,Neoptolemus II,fallback,Combat Bow,Kinetic,0,0,0,0,1,Air Trigger,Tunnel Vision,1,,,Air Trigger+Tunnel Vision,2848549302
2805,Heritage,fallback,Shotgun,Kinetic,0,0,0,1,0,Envious Arsenal,Recombination,1,,,Envious Arsenal+Recombination,4248569242
2806,Commemoration,fallback,Machine Gun,Void,0,0,0,1,0,Adaptive Munitions,Redirection,1,,,Adaptive Munitions+Redirection,4230965989
2807,Chattering Bone,fallback,Pulse Rifle,Kinetic,0,0,0,1,0,Ancillary Ordinance,Elemental Capacitor,1,,,Ancillary Ordinance+Elemental Capacitor,501329015
2808,Adverse Possession IX,fallback,Scout Rifle,Arc,0,0,0,0,1,Compulsive Reloader,Keep Away,1,,,Compulsive Reloader+Keep Away,1890332078
2809,Accrued Redemption,fallback,Combat Bow,Kinetic,0,0,0,1,0,Archer's Tempo,Lone Wolf,1,,,Archer's Tempo+Lone Wolf,3621336854
2810,Zealot's Reward,fallback,Fusion Rifle,Void,0,0,0,1,0,Repulsor Brace,Dimensional Shift,1,,,Dimensional Shift+Repulsor Brace,2720651699
2811,Trustee,fallback,Scout Rifle,Solar,0,0,0,1,0,Surplus,Redirection,1,,,Redirection+Surplus,1392919471
2812,The Supremacy,fallback,Sniper Rifle,Kinetic,0,0,0,1,0,Lucky Shot,Bait and Switch,1,,,Bait and Switch+Lucky Shot,2884596447
2813,Pro Memoria,fallback,Machine Gun,Strand,0,0,0,1,0,Reconstruction,Dragonfly,1,,,Dragonfly+Reconstruction,3605603507
2814,Omniscient Eye,fallback,Sniper Rifle,Solar,0,0,0,1,0,Envious Arsenal,Snapshot Sights,1,,,Envious Arsenal+Snapshot Sights,147444292
2815,Nation of Beasts,fallback,Hand Cannon,Arc,0,0,0,1,0,Trickle Charge,Explosive Payload,1,,,Explosive Payload+Trickle Charge,70083888
2816,Come to Pass,fallback,Auto Rifle,Arc,0,0,0,1,0,Supercharged Magazine,One for All,1,,,One for All+Supercharged Magazine,927567426
2817,Apex Predator,fallback,Rocket Launcher,Solar,0,0,0,1,0,Empty Traits Socket,Collective Demolition,1,,,Collective Demolition+Empty Traits Socket,1851777734
2818,Tyranny of Heaven,fallback,Combat Bow,Solar,0,0,0,1,0,Explosive Head,Adagio,1,,,Adagio+Explosive Head,3388655311
2819,Transfiguration,fallback,Scout Rifle,Kinetic,0,0,0,1,0,Adhesive Ordnance,Adrenaline Junkie,1,,,Adhesive Ordnance+Adrenaline Junkie,3885259140
2820,The Enigma,fallback,Glaive,Void,0,0,0,1,0,Lead from Gold,Proximity Power,1,,,Lead from Gold+Proximity Power,2595497736
2821,Techeun Force,fallback,Fusion Rifle,Arc,0,0,0,1,0,Collective Demolition,Kickstart,1,,,Collective Demolition+Kickstart,3591141932
2822,Succession,fallback,Sniper Rifle,Kinetic,0,0,0,1,0,Firmly Planted,Redirection,1,,,Firmly Planted+Redirection,2990047042
2823,Prophet of Doom,fallback,Shotgun,Arc,0,0,0,1,0,Air Trigger,Trench Barrel,1,,,Air Trigger+Trench Barrel,2145441168
2824,Posterity,fallback,Hand Cannon,Arc,0,0,0,1,0,Perfect Float,Unrelenting,1,,,Perfect Float+Unrelenting,3281285075
2825,Neoptolemus II,fallback,Combat Bow,Kinetic,0,0,0,0,1,Air Trigger,Sneak Bow,1,,,Air Trigger+Sneak Bow,2848549302
2826,Heritage,fallback,Shotgun,Kinetic,0,0,0,1,0,Envious Arsenal,Offhand Strike,1,,,Envious Arsenal+Offhand Strike,4248569242
2827,Commemoration,fallback,Machine Gun,Void,0,0,0,1,0,Adaptive Munitions,Rampage,1,,,Adaptive Munitions+Rampage,4230965989
2828,Accrued Redemption,fallback,Combat Bow,Kinetic,0,0,0,1,0,Archer's Tempo,Kinetic Tremors,1,,,Archer's Tempo+Kinetic Tremors,3621336854
2829,The Supremacy,fallback,Sniper Rifle,Kinetic,0,0,0,1,0,Keep Away,Bewildering Burst,1,,,Bewildering Burst+Keep Away,2884596447
2830,Nation of Beasts,fallback,Hand Cannon,Arc,0,0,0,1,0,Gear Shift,Empty Traits Socket,1,,,Empty Traits Socket+Gear Shift,70083888
2831,Come to Pass,fallback,Auto Rifle,Arc,0,0,0,1,0,Genesis,Rolling Storm,1,,,Genesis+Rolling Storm,927567426
2832,Chattering Bone,fallback,Pulse Rifle,Kinetic,0,0,0,1,0,Stopping Power,Rampage,1,,,Rampage+Stopping Power,501329015
2833,Tyranny of Heaven,fallback,Combat Bow,Solar,0,0,0,1,0,Dragonfly,Incandescent,1,,,Dragonfly+Incandescent,3388655311
2834,The Enigma,fallback,Glaive,Void,0,0,0,1,0,Lead from Gold,Kill Clip,1,,,Kill Clip+Lead from Gold,2595497736
2835,Techeun Force,fallback,Fusion Rifle,Arc,0,0,0,1,0,Collective Demolition,Golden Tricorn Enhanced,1,,,Collective Demolition+Golden Tricorn Enhanced,3591141932
2836,Succession,fallback,Sniper Rifle,Kinetic,0,0,0,1,0,Firmly Planted,Recombination,1,,,Firmly Planted+Recombination,2990047042
2837,Prophet of Doom,fallback,Shotgun,Arc,0,0,0,1,0,Air Trigger,One-Two Punch,1,,,Air Trigger+One-Two Punch,2145441168
2838,Posterity,fallback,Hand Cannon,Arc,0,0,0,1,0,Perfect Float,Redirection,1,,,Perfect Float+Redirection,3281285075
2839,Neoptolemus II,fallback,Combat Bow,Kinetic,0,0,0,0,1,Air Trigger,Perfect Float,1,,,Air Trigger+Perfect Float,2848549302
2840,Heritage,fallback,Shotgun,Kinetic,0,0,0,1,0,Envious Arsenal,Killing Wind,1,,,Envious Arsenal+Killing Wind,4248569242
2841,Commemoration,fallback,Machine Gun,Void,0,0,0,1,0,Adaptive Munitions,High-Impact Reserves,1,,,Adaptive Munitions+High-Impact Reserves,4230965989
2842,Transfiguration,fallback,Scout Rifle,Kinetic,0,0,0,1,0,Rampage,Ancillary Ordinance,1,,,Ancillary Ordinance+Rampage,3885259140
2843,The Supremacy,fallback,Sniper Rifle,Kinetic,0,0,0,1,0,Empty Traits Socket,Bewildering Burst,1,,,Bewildering Burst+Empty Traits Socket,2884596447
2844,Nation of Beasts,fallback,Hand Cannon,Arc,0,0,0,1,0,Empty Traits Socket,Jolting Feedback,1,,,Empty Traits Socket+Jolting Feedback,70083888
2845,Chattering Bone,fallback,Pulse Rifle,Kinetic,0,0,0,1,0,Discord,Bewildering Burst,1,,,Bewildering Burst+Discord,501329015
2846,Accrued Redemption,fallback,Combat Bow,Kinetic,0,0,0,1,0,Wellspring,Swashbuckler,1,,,Swashbuckler+Wellspring,3621336854
2847,Tyranny of Heaven,fallback,Combat Bow,Solar,0,0,0,1,0,Burning Ambition,One for All,1,,,Burning Ambition+One for All,3388655311
2848,The Enigma,fallback,Glaive,Void,0,0,0,1,0,Impulse Amplifier,Kill Clip,1,,,Impulse Amplifier+Kill Clip,2595497736
2849,Techeun Force,fallback,Fusion Rifle,Arc,0,0,0,1,0,Collective Demolition,Golden Tricorn,1,,,Collective Demolition+Golden Tricorn,3591141932
2850,Succession,fallback,Sniper Rifle,Kinetic,0,0,0,1,0,Firmly Planted,Osmosis,1,,,Firmly Planted+Osmosis,2990047042
2851,Prophet of Doom,fallback,Shotgun,Arc,0,0,0,1,0,Air Trigger,Jolting Feedback,1,,,Air Trigger+Jolting Feedback,2145441168
2852,Posterity,fallback,Hand Cannon,Arc,0,0,0,1,0,Genesis,Redirection,1,,,Genesis+Redirection,3281285075
2853,Neoptolemus II,fallback,Combat Bow,Kinetic,0,0,0,0,1,Air Trigger,Lone Wolf,1,,,Air Trigger+Lone Wolf,2848549302
2854,Heritage,fallback,Shotgun,Kinetic,0,0,0,1,0,Envious Arsenal,Focused Fury,1,,,Envious Arsenal+Focused Fury,4248569242
2855,Commemoration,fallback,Machine Gun,Void,0,0,0,1,0,Adaptive Munitions,Firing Line,1,,,Adaptive Munitions+Firing Line,4230965989
2856,Transfiguration,fallback,Scout Rifle,Kinetic,0,0,0,1,0,Empty Traits Socket,Ancillary Ordinance,1,,,Ancillary Ordinance+Empty Traits Socket,3885259140
2857,Accrued Redemption,fallback,Combat Bow,Kinetic,0,0,0,1,0,Wellspring,Archer's Gambit,1,,,Archer's Gambit+Wellspring,3621336854
2858,Tyranny of Heaven,fallback,Combat Bow,Solar,0,0,0,1,0,Burning Ambition,Golden Tricorn Enhanced,1,,,Burning Ambition+Golden Tricorn Enhanced,3388655311
2859,The Enigma,fallback,Glaive,Void,0,0,0,1,0,Grave Robber,Proximity Power,1,,,Grave Robber+Proximity Power,2595497736
2860,Techeun Force,fallback,Fusion Rifle,Arc,0,0,0,1,0,Collective Demolition,Controlled Burst,1,,,Collective Demolition+Controlled Burst,3591141932
2861,Succession,fallback,Sniper Rifle,Kinetic,0,0,0,1,0,Firmly Planted,Elemental Honing,1,,,Elemental Honing+Firmly Planted,2990047042
2862,Prophet of Doom,fallback,Shotgun,Arc,0,0,0,1,0,Air Trigger,Barrel Constrictor,1,,,Air Trigger+Barrel Constrictor,2145441168
2863,Posterity,fallback,Hand Cannon,Arc,0,0,0,1,0,Genesis,Gutshot Straight,1,,,Genesis+Gutshot Straight,3281285075
2864,Heritage,fallback,Shotgun,Kinetic,0,0,0,1,0,Dual Loader,Moving Target,1,,,Dual Loader+Moving Target,4248569242
2865,Commemoration,fallback,Machine Gun,Void,0,0,0,1,0,Reconstruction,Unrelenting,1,,,Reconstruction+Unrelenting,4230965989
2866,Accrued Redemption,fallback,Combat Bow,Kinetic,0,0,0,1,0,Empty Traits Socket,Archer's Gambit,1,,,Archer's Gambit+Empty Traits Socket,3621336854
2867,Tyranny of Heaven,fallback,Combat Bow,Solar,0,0,0,1,0,Burning Ambition,Golden Tricorn,1,,,Burning Ambition+Golden Tricorn,3388655311
2868,The Enigma,fallback,Glaive,Void,0,0,0,1,0,Feeding Frenzy,Unstoppable Force,1,,,Feeding Frenzy+Unstoppable Force,2595497736
2869,Techeun Force,fallback,Fusion Rifle,Arc,0,0,0,1,0,Collective Demolition,Backup Plan,1,,,Backup Plan+Collective Demolition,3591141932
2870,Succession,fallback,Sniper Rifle,Kinetic,0,0,0,1,0,Discord,Thresh,1,,,Discord+Thresh,2990047042
2871,Heritage,fallback,Shotgun,Kinetic,0,0,0,1,0,Dual Loader,Aggregate Charge,1,,,Aggregate Charge+Dual Loader,4248569242
2872,Posterity,fallback,Hand Cannon,Arc,0,0,0,1,0,Reconstruction,Rampage,1,,,Rampage+Reconstruction,3281285075
2873,Commemoration,fallback,Machine Gun,Void,0,0,0,1,0,Fourth Time's the Charm,Redirection,1,,,Fourth Time's the Charm+Redirection,4230965989
2874,Tyranny of Heaven,fallback,Combat Bow,Solar,0,0,0,1,0,Burning Ambition,Archer's Gambit,1,,,Archer's Gambit+Burning Ambition,3388655311
2875,The Enigma,fallback,Glaive,Void,0,0,0,1,0,Feeding Frenzy,Proximity Power,1,,,Feeding Frenzy+Proximity Power,2595497736
2876,Succession,fallback,Sniper Rifle,Kinetic,0,0,0,1,0,Discord,Recombination,1,,,Discord+Recombination,2990047042
2877,Posterity,fallback,Hand Cannon,Arc,0,0,0,1,0,Feeding Frenzy,Redirection,1,,,Feeding Frenzy+Redirection,3281285075
2878,Heritage,fallback,Shotgun,Kinetic,0,0,0,1,0,Reconstruction,Thresh,1,,,Reconstruction+Thresh,4248569242
2879,Tyranny of Heaven,fallback,Combat Bow,Solar,0,0,0,1,0,Archer's Tempo,Collective Action,1,,,Archer's Tempo+Collective Action,3388655311
2880,The Enigma,fallback,Glaive,Void,0,0,0,1,0,Feeding Frenzy,Close to Melee,1,,,Close to Melee+Feeding Frenzy,2595497736
2881,Succession,fallback,Sniper Rifle,Kinetic,0,0,0,1,0,Discord,Osmosis,1,,,Discord+Osmosis,2990047042
2882,Heritage,fallback,Shotgun,Kinetic,0,0,0,1,0,Reconstruction,Recombination,1,,,Recombination+Reconstruction,4248569242
2883,The Enigma,fallback,Glaive,Void,0,0,0,1,0,Empty Traits Socket,Proximity Power,1,,,Empty Traits Socket+Proximity Power,2595497736
